fov_key,dataset,filename,image_path,density_label,overlap_label,density_ord,overlap_ord,coverage,otsu_threshold,otsu_separability,saturation_score,lbp_entropy,glcm_contrast,edge_density_unmasked,tile_glcm_cv,tile_glcm_patchiness
initial-071626/dpc-235-KIT-62501048.png,initial-071626,dpc-235-KIT-62501048.png,C:\Users\owlem\Projects\fov-filtering-tool\crowding-crenation\data\raw\initial-dataset-071626\dpc-235-KIT-62501048.png,monolayer,no rouleaux,1,0,0.14693890306122448,170.0,0.5543655558552684,0.06548103638892537,3.640659491092495,53.65567745411932,0.12847831632653062,0.09930771850694096,0.2108901119669214
initial-071626/dpc-105-KIT-62500652.png,initial-071626,dpc-105-KIT-62500652.png,C:\Users\owlem\Projects\fov-filtering-tool\crowding-crenation\data\raw\initial-dataset-071626\dpc-105-KIT-62500652.png,slightly dense,some rouleaux,2,2,0.24996428571428572,169.0,0.5473122404273634,0.11315577247317442,4.06404934518075,76.1772077368406,0.1515015306122449,0.147089911663765,0.23143285718946555
initial-071626/dpc-051-LB-D3-2025-08-30-125645-25021889-D-thin-1.png,initial-071626,dpc-051-LB-D3-2025-08-30-125645-25021889-D-thin-1.png,C:\Users\owlem\Projects\fov-filtering-tool\crowding-crenation\data\raw\initial-dataset-071626\dpc-051-LB-D3-2025-08-30-125645-25021889-D-thin-1.png,monolayer,slight rouleaux,1,1,0.7877729591836735,127.0,0.4430121423467099,0.43877997285290704,3.525410023223738,53.58834087456955,0.10057602040816327,0.2074034440368251,0.5324508527796349
initial-071626/dpc-035-LB-D3-2025-10-03-122127-250912792D-thin-3-4.png,initial-071626,dpc-035-LB-D3-2025-10-03-122127-250912792D-thin-3-4.png,C:\Users\owlem\Projects\fov-filtering-tool\crowding-crenation\data\raw\initial-dataset-071626\dpc-035-LB-D3-2025-10-03-122127-250912792D-thin-3-4.png,dense,some rouleaux,3,2,0.39095880102040814,136.0,0.5438832781382075,0.1783228467044454,4.062276055110704,83.12990284680859,0.15678048469387756,0.29415422506966793,0.8798557119915559
initial-071626/dpc-015-LB-D3-2025-10-03-122127-250912792D-thin-3-4.png,initial-071626,dpc-015-LB-D3-2025-10-03-122127-250912792D-thin-3-4.png,C:\Users\owlem\Projects\fov-filtering-tool\crowding-crenation\data\raw\initial-dataset-071626\dpc-015-LB-D3-2025-10-03-122127-250912792D-thin-3-4.png,slightly dense,slight rouleaux,2,1,0.5273408163265306,132.0,0.5359467476164107,0.24471422093094353,3.911241042649494,123.82568642230419,0.1811405612244898,0.322728602700256,0.24201101298170077
initial-071626/dpc-174-LB-D3-2025-08-30-125645-25021889-D-thin-1.png,initial-071626,dpc-174-LB-D3-2025-08-30-125645-25021889-D-thin-1.png,C:\Users\owlem\Projects\fov-filtering-tool\crowding-crenation\data\raw\initial-dataset-071626\dpc-174-LB-D3-2025-08-30-125645-25021889-D-thin-1.png,dense,rouleaux,3,3,0.4961297193877551,133.0,0.5579797753825447,0.21929937000317054,3.8887187601029423,92.44842147081447,0.1816327806122449,0.1275059732529854,0.19757535683225186
initial-071626/dpc-145-LB-D12-2026-03-04-114809-250817119ELWA-Negative-2.png,initial-071626,dpc-145-LB-D12-2026-03-04-114809-250817119ELWA-Negative-2.png,C:\Users\owlem\Projects\fov-filtering-tool\crowding-crenation\data\raw\initial-dataset-071626\dpc-145-LB-D12-2026-03-04-114809-250817119ELWA-Negative-2.png,dense,rouleaux,3,3,0.5248395408163266,132.0,0.5606658293358757,0.23057994439628063,3.9400322864443855,123.20707127085058,0.2060061224489796,0.1803836646234513,0.4512813799237129
initial-071626/dpc-134-LB-D3-2025-08-30-125645-25021889-D-thin-1.png,initial-071626,dpc-134-LB-D3-2025-08-30-125645-25021889-D-thin-1.png,C:\Users\owlem\Projects\fov-filtering-tool\crowding-crenation\data\raw\initial-dataset-071626\dpc-134-LB-D3-2025-08-30-125645-25021889-D-thin-1.png,dense,rouleaux,3,3,0.5397394132653062,132.0,0.5689263298562315,0.23266744979751974,3.95345010206535,98.71865840396111,0.18641989795918368,0.15055147377198938,0.2876954247647539
initial-071626/dpc-198-KIT-62501056.png,initial-071626,dpc-198-KIT-62501056.png,C:\Users\owlem\Projects\fov-filtering-tool\crowding-crenation\data\raw\initial-dataset-071626\dpc-198-KIT-62501056.png,slightly dense,some rouleaux,2,2,0.2450001275510204,167.0,0.537524958329482,0.1133064441984404,3.8670112482120413,65.96151706935072,0.13571479591836735,0.3323669840301642,0.9579535331445997
initial-071626/dpc-168-KIT-62500666.png,initial-071626,dpc-168-KIT-62500666.png,C:\Users\owlem\Projects\fov-filtering-tool\crowding-crenation\data\raw\initial-dataset-071626\dpc-168-KIT-62500666.png,monolayer,slight rouleaux,1,1,0.23979413265306124,170.0,0.5766204054878323,0.10152394264905001,3.836374249326915,113.38899048876775,0.18682984693877552,0.07918498085748836,0.18077375400715437
initial-071626/dpc-146-LB-D3-2025-08-30-125645-25021889-D-thin-1.png,initial-071626,dpc-146-LB-D3-2025-08-30-125645-25021889-D-thin-1.png,C:\Users\owlem\Projects\fov-filtering-tool\crowding-crenation\data\raw\initial-dataset-071626\dpc-146-LB-D3-2025-08-30-125645-25021889-D-thin-1.png,very dense,heavy rouleaux,4,4,0.5293507653061225,132.0,0.5944362588473464,0.21468547675957134,4.032297851938887,132.42389824968637,0.2183985969387755,0.0941609957386043,0.17463332004052595
initial-071626/dpc-008-LB-D3-2025-08-30-130619-2412193030-D-thin-2.png,initial-071626,dpc-008-LB-D3-2025-08-30-130619-2412193030-D-thin-2.png,C:\Users\owlem\Projects\fov-filtering-tool\crowding-crenation\data\raw\initial-dataset-071626\dpc-008-LB-D3-2025-08-30-130619-2412193030-D-thin-2.png,very dense,heavy rouleaux,4,4,0.5188905612244898,132.0,0.6030698497767055,0.20596330841628632,4.091325206826359,137.1072521175914,0.23876619897959184,0.15624763225931712,0.42465093623906025
initial-071626/dpc-020-LB-D3-2025-08-30-132634-250816974-D-thin-4.png,initial-071626,dpc-020-LB-D3-2025-08-30-132634-250816974-D-thin-4.png,C:\Users\owlem\Projects\fov-filtering-tool\crowding-crenation\data\raw\initial-dataset-071626\dpc-020-LB-D3-2025-08-30-132634-250816974-D-thin-4.png,very dense,heavy rouleaux,4,4,0.4947859693877551,133.0,0.5958410546889457,0.19997217554246272,3.9391688076471123,135.46032090185756,0.22958979591836734,0.134356724060775,0.21383527551597784
tanzania-073026/dpc-001-KTR-72502948.png,tanzania-073026,dpc-001-KTR-72502948.png,C:\Users\owlem\Projects\fov-filtering-tool\crowding-crenation\data\raw\new\KTR-72502948\dpc\dpc-001-KTR-72502948.png,monolayer,no rouleaux,1,0,0.2139075255102041,168.0,0.5583393687146831,0.09447453275351676,3.882352026449238,67.01775621667726,0.14617576530612245,0.17481864696107322,0.18638825467668702
tanzania-073026/dpc-002-KTR-72502948.png,tanzania-073026,dpc-002-KTR-72502948.png,C:\Users\owlem\Projects\fov-filtering-tool\crowding-crenation\data\raw\new\KTR-72502948\dpc\dpc-002-KTR-72502948.png,monolayer,no rouleaux,1,0,0.1974952806122449,169.0,0.5608408654740195,0.08673185650663913,3.9028368353132596,63.04927753254715,0.14560829081632654,0.15634943088276373,0.27177720374298164
tanzania-073026/dpc-003-KTR-72502948.png,tanzania-073026,dpc-003-KTR-72502948.png,C:\Users\owlem\Projects\fov-filtering-tool\crowding-crenation\data\raw\new\KTR-72502948\dpc\dpc-003-KTR-72502948.png,monolayer,no rouleaux,1,0,0.2123514030612245,168.0,0.5551853550440193,0.09445701395858291,3.8946816211723467,59.09529760928026,0.13551836734693878,0.17233918696594075,0.2148268150714658
tanzania-073026/dpc-004-KTR-72502948.png,tanzania-073026,dpc-004-KTR-72502948.png,C:\Users\owlem\Projects\fov-filtering-tool\crowding-crenation\data\raw\new\KTR-72502948\dpc\dpc-004-KTR-72502948.png,monolayer,no rouleaux,1,0,0.1847216836734694,169.0,0.560216210950822,0.08123760196546205,3.823101981607349,57.42664794749649,0.13200892857142857,0.1604807644891881,0.2513227488497029
tanzania-073026/dpc-005-KTR-72502948.png,tanzania-073026,dpc-005-KTR-72502948.png,C:\Users\owlem\Projects\fov-filtering-tool\crowding-crenation\data\raw\new\KTR-72502948\dpc\dpc-005-KTR-72502948.png,monolayer,no rouleaux,1,0,0.1789892857142857,169.0,0.5593138935277449,0.0788780914216786,3.8037552623819186,55.23324057471403,0.12905714285714287,0.14994461465510855,0.29054084612260095
tanzania-073026/dpc-006-KTR-72502948.png,tanzania-073026,dpc-006-KTR-72502948.png,C:\Users\owlem\Projects\fov-filtering-tool\crowding-crenation\data\raw\new\KTR-72502948\dpc\dpc-006-KTR-72502948.png,monolayer,no rouleaux,1,0,0.18519757653061225,169.0,0.5722714702949595,0.07921428711437549,3.8396086771882767,61.10793045259088,0.14359298469387755,0.13888238002481848,0.2940664954716257
tanzania-073026/dpc-007-KTR-72502948.png,tanzania-073026,dpc-007-KTR-72502948.png,C:\Users\owlem\Projects\fov-filtering-tool\crowding-crenation\data\raw\new\KTR-72502948\dpc\dpc-007-KTR-72502948.png,monolayer,no rouleaux,1,0,0.18402053571428573,169.0,0.5536973228600149,0.08212885773801995,3.8693784948086263,57.473273759799724,0.13417015306122448,0.19901502488289377,0.3318695948162276
tanzania-073026/dpc-008-KTR-72502948.png,tanzania-073026,dpc-008-KTR-72502948.png,C:\Users\owlem\Projects\fov-filtering-tool\crowding-crenation\data\raw\new\KTR-72502948\dpc\dpc-008-KTR-72502948.png,monolayer,no rouleaux,1,0,0.2021701530612245,168.0,0.5721026287372943,0.08650807704267681,3.849380177690872,62.384976603245505,0.1459311224489796,0.15255595191261737,0.2250466964894098
tanzania-073026/dpc-009-KTR-72502948.png,tanzania-073026,dpc-009-KTR-72502948.png,C:\Users\owlem\Projects\fov-filtering-tool\crowding-crenation\data\raw\new\KTR-72502948\dpc\dpc-009-KTR-72502948.png,monolayer,no rouleaux,1,0,0.20715229591836734,168.0,0.5617512794435741,0.09078422864655063,3.8609668580029832,60.77384642287174,0.14179936224489795,0.19177561102164378,0.2844885553858818
tanzania-073026/dpc-010-KTR-72502948.png,tanzania-073026,dpc-010-KTR-72502948.png,C:\Users\owlem\Projects\fov-filtering-tool\crowding-crenation\data\raw\new\KTR-72502948\dpc\dpc-010-KTR-72502948.png,monolayer,no rouleaux,1,0,0.1783079081632653,169.0,0.576903492177932,0.07544145326093556,3.779087545094469,57.42933166733815,0.13674107142857142,0.1503300076413407,0.2070372098206524
tanzania-073026/dpc-011-KTR-72502948.png,tanzania-073026,dpc-011-KTR-72502948.png,C:\Users\owlem\Projects\fov-filtering-tool\crowding-crenation\data\raw\new\KTR-72502948\dpc\dpc-011-KTR-72502948.png,monolayer,no rouleaux,1,0,0.18061313775510204,169.0,0.5710053137274901,0.07748207636794362,3.815970648937503,59.99901391016167,0.14232436224489797,0.17873754156907032,0.34211378796945763
tanzania-073026/dpc-012-KTR-72502948.png,tanzania-073026,dpc-012-KTR-72502948.png,C:\Users\owlem\Projects\fov-filtering-tool\crowding-crenation\data\raw\new\KTR-72502948\dpc\dpc-012-KTR-72502948.png,monolayer,slight rouleaux,1,1,0.20439732142857142,168.0,0.5795471619872532,0.08593943387684648,3.820190728405966,64.83156191220138,0.15080956632653061,0.16038176812268004,0.425380870619786
tanzania-073026/dpc-013-KTR-72502948.png,tanzania-073026,dpc-013-KTR-72502948.png,C:\Users\owlem\Projects\fov-filtering-tool\crowding-crenation\data\raw\new\KTR-72502948\dpc\dpc-013-KTR-72502948.png,monolayer,no rouleaux,1,0,0.20683979591836735,168.0,0.5938698501037744,0.08400387732083126,3.831879767807546,65.262793410115,0.15328303571428573,0.12154920419822074,0.26747640877507034
tanzania-073026/dpc-014-KTR-72502948.png,tanzania-073026,dpc-014-KTR-72502948.png,C:\Users\owlem\Projects\fov-filtering-tool\crowding-crenation\data\raw\new\KTR-72502948\dpc\dpc-014-KTR-72502948.png,monolayer,slight rouleaux,1,1,0.20913890306122448,168.0,0.5801206434925551,0.08781310803801984,3.8235452640739815,64.28345325173382,0.15083341836734693,0.12380459897715013,0.2480681290757568
tanzania-073026/dpc-015-KTR-72502948.png,tanzania-073026,dpc-015-KTR-72502948.png,C:\Users\owlem\Projects\fov-filtering-tool\crowding-crenation\data\raw\new\KTR-72502948\dpc\dpc-015-KTR-72502948.png,monolayer,slight rouleaux,1,1,0.21054795918367347,168.0,0.5964872271474517,0.08495879082864924,3.831438773728348,66.51330404637098,0.15634630102040817,0.1455873879723683,0.48967075506613733
tanzania-073026/dpc-016-KTR-72502948.png,tanzania-073026,dpc-016-KTR-72502948.png,C:\Users\owlem\Projects\fov-filtering-tool\crowding-crenation\data\raw\new\KTR-72502948\dpc\dpc-016-KTR-72502948.png,monolayer,slight rouleaux,1,1,0.24537130102040816,167.0,0.595805625291462,0.09917769958736433,3.8780723109369037,73.40511711050023,0.16991670918367346,0.13745564132673513,0.23762426555552882
tanzania-073026/dpc-017-KTR-72502948.png,tanzania-073026,dpc-017-KTR-72502948.png,C:\Users\owlem\Projects\fov-filtering-tool\crowding-crenation\data\raw\new\KTR-72502948\dpc\dpc-017-KTR-72502948.png,slightly dense,slight rouleaux,2,1,0.24923201530612246,167.0,0.6012826717751621,0.09937312325094905,3.89595283153954,73.75136192368096,0.17290229591836734,0.13105153425305616,0.24336136404216732
tanzania-073026/dpc-018-KTR-72502948.png,tanzania-073026,dpc-018-KTR-72502948.png,C:\Users\owlem\Projects\fov-filtering-tool\crowding-crenation\data\raw\new\KTR-72502948\dpc\dpc-018-KTR-72502948.png,slightly dense,slight rouleaux,2,1,0.2482466836734694,167.0,0.5929602162654407,0.10104627643527053,3.8910539948964633,72.65446840908027,0.1691514030612245,0.12815106328843717,0.3244243805004976
tanzania-073026/dpc-019-KTR-72502948.png,tanzania-073026,dpc-019-KTR-72502948.png,C:\Users\owlem\Projects\fov-filtering-tool\crowding-crenation\data\raw\new\KTR-72502948\dpc\dpc-019-KTR-72502948.png,monolayer,no rouleaux,1,0,0.2417780612244898,167.0,0.5494548917628332,0.10893192276376008,3.9227227162110756,62.976467708456966,0.13828711734693877,0.20495780797932323,0.30285585378322655
tanzania-073026/dpc-020-KTR-72502948.png,tanzania-073026,dpc-020-KTR-72502948.png,C:\Users\owlem\Projects\fov-filtering-tool\crowding-crenation\data\raw\new\KTR-72502948\dpc\dpc-020-KTR-72502948.png,monolayer,no rouleaux,1,0,0.21980216836734695,168.0,0.5571835505298799,0.09733201578226212,3.916469229402307,61.842113847300695,0.14091492346938775,0.16818507268125987,0.19439883858513407
tanzania-073026/dpc-021-KTR-72502948.png,tanzania-073026,dpc-021-KTR-72502948.png,C:\Users\owlem\Projects\fov-filtering-tool\crowding-crenation\data\raw\new\KTR-72502948\dpc\dpc-021-KTR-72502948.png,monolayer,no rouleaux,1,0,0.2117313775510204,168.0,0.5564565898075343,0.09391205724372806,3.8929695959891037,60.48039077284381,0.13607640306122448,0.16380730230230206,0.23207089262101624
tanzania-073026/dpc-022-KTR-72502948.png,tanzania-073026,dpc-022-KTR-72502948.png,C:\Users\owlem\Projects\fov-filtering-tool\crowding-crenation\data\raw\new\KTR-72502948\dpc\dpc-022-KTR-72502948.png,monolayer,no rouleaux,1,0,0.18914566326530613,169.0,0.5522889593808271,0.08468260172911386,3.8519136588354854,57.89722838900295,0.1315359693877551,0.16164045352410011,0.21579319514756284
tanzania-073026/dpc-023-KTR-72502948.png,tanzania-073026,dpc-023-KTR-72502948.png,C:\Users\owlem\Projects\fov-filtering-tool\crowding-crenation\data\raw\new\KTR-72502948\dpc\dpc-023-KTR-72502948.png,monolayer,no rouleaux,1,0,0.17627461734693878,169.0,0.5594516052774555,0.07765749970252467,3.7973327478455543,54.55128900580756,0.12586785714285714,0.16343043959353723,0.274218839955525
tanzania-073026/dpc-024-KTR-72502948.png,tanzania-073026,dpc-024-KTR-72502948.png,C:\Users\owlem\Projects\fov-filtering-tool\crowding-crenation\data\raw\new\KTR-72502948\dpc\dpc-024-KTR-72502948.png,monolayer,no rouleaux,1,0,0.18310255102040815,169.0,0.5549028029416705,0.08149843223341344,3.8511579776461256,59.528130080534424,0.13633176020408164,0.1803954965971782,0.23912840867259014
tanzania-073026/dpc-025-KTR-72502948.png,tanzania-073026,dpc-025-KTR-72502948.png,C:\Users\owlem\Projects\fov-filtering-tool\crowding-crenation\data\raw\new\KTR-72502948\dpc\dpc-025-KTR-72502948.png,monolayer,no rouleaux,1,0,0.1972545918367347,168.0,0.5452214085811654,0.08970716542640735,3.875070522204528,54.49258448366699,0.1273501275510204,0.19640222256596274,0.2520371838744325
tanzania-073026/dpc-026-KTR-72502948.png,tanzania-073026,dpc-026-KTR-72502948.png,C:\Users\owlem\Projects\fov-filtering-tool\crowding-crenation\data\raw\new\KTR-72502948\dpc\dpc-026-KTR-72502948.png,monolayer,no rouleaux,1,0,0.20145229591836736,168.0,0.5632566982724949,0.08798294085997416,3.852518347609294,58.350436687501386,0.13528010204081634,0.1844776338475958,0.24537166285556547
tanzania-073026/dpc-027-KTR-72502948.png,tanzania-073026,dpc-027-KTR-72502948.png,C:\Users\owlem\Projects\fov-filtering-tool\crowding-crenation\data\raw\new\KTR-72502948\dpc\dpc-027-KTR-72502948.png,monolayer,no rouleaux,1,0,0.20229260204081634,168.0,0.5568965584063055,0.08963654817322936,3.8601052337812027,56.24184392470244,0.13065650510204083,0.22167203433707078,0.4408674323734922
tanzania-073026/dpc-028-KTR-72502948.png,tanzania-073026,dpc-028-KTR-72502948.png,C:\Users\owlem\Projects\fov-filtering-tool\crowding-crenation\data\raw\new\KTR-72502948\dpc\dpc-028-KTR-72502948.png,monolayer,no rouleaux,1,0,0.17154948979591836,169.0,0.5622370644013367,0.07509800825351416,3.770454567318538,54.641372776365984,0.12849489795918367,0.15562482003939535,0.2712011927097016
tanzania-073026/dpc-029-KTR-72502948.png,tanzania-073026,dpc-029-KTR-72502948.png,C:\Users\owlem\Projects\fov-filtering-tool\crowding-crenation\data\raw\new\KTR-72502948\dpc\dpc-029-KTR-72502948.png,monolayer,no rouleaux,1,0,0.19518061224489797,168.0,0.5520409118316988,0.08743292908935527,3.8472064357183675,55.552569417069364,0.12942461734693878,0.18957947551898435,0.23961215584475404
tanzania-073026/dpc-030-KTR-72502948.png,tanzania-073026,dpc-030-KTR-72502948.png,C:\Users\owlem\Projects\fov-filtering-tool\crowding-crenation\data\raw\new\KTR-72502948\dpc\dpc-030-KTR-72502948.png,monolayer,no rouleaux,1,0,0.2042860969387755,168.0,0.5715945335248344,0.08751728065344702,3.8657676114866755,61.40874630796095,0.1465873724489796,0.12944596728447513,0.17745741475750088
tanzania-073026/dpc-031-KTR-72502948.png,tanzania-073026,dpc-031-KTR-72502948.png,C:\Users\owlem\Projects\fov-filtering-tool\crowding-crenation\data\raw\new\KTR-72502948\dpc\dpc-031-KTR-72502948.png,monolayer,no rouleaux,1,0,0.20454757653061226,168.0,0.584188931872731,0.08505314628003818,3.8158358289127925,63.79972373648,0.15103137755102042,0.11916109938861799,0.28303973592982706
tanzania-073026/dpc-032-KTR-72502948.png,tanzania-073026,dpc-032-KTR-72502948.png,C:\Users\owlem\Projects\fov-filtering-tool\crowding-crenation\data\raw\new\KTR-72502948\dpc\dpc-032-KTR-72502948.png,monolayer,slight rouleaux,1,1,0.20793788265306123,168.0,0.5912235925163529,0.08500010065067455,3.8304777026307244,65.21142356318248,0.15297857142857144,0.12212971454537361,0.3110183336951267
tanzania-073026/dpc-033-KTR-72502948.png,tanzania-073026,dpc-033-KTR-72502948.png,C:\Users\owlem\Projects\fov-filtering-tool\crowding-crenation\data\raw\new\KTR-72502948\dpc\dpc-033-KTR-72502948.png,slightly dense,slight rouleaux,2,1,0.21468813775510204,168.0,0.5939969159885301,0.08716404602925071,3.82380792119312,69.25670274767924,0.15949591836734694,0.1402916724212213,0.37767743424047173
tanzania-073026/dpc-034-KTR-72502948.png,tanzania-073026,dpc-034-KTR-72502948.png,C:\Users\owlem\Projects\fov-filtering-tool\crowding-crenation\data\raw\new\KTR-72502948\dpc\dpc-034-KTR-72502948.png,slightly dense,no rouleaux,2,0,0.24732130102040817,167.0,0.5891780518521502,0.10160501870366487,3.8629293821084696,76.62080655185011,0.17137755102040816,0.13862764798557858,0.3092724814987669
tanzania-073026/dpc-035-KTR-72502948.png,tanzania-073026,dpc-035-KTR-72502948.png,C:\Users\owlem\Projects\fov-filtering-tool\crowding-crenation\data\raw\new\KTR-72502948\dpc\dpc-035-KTR-72502948.png,slightly dense,slight rouleaux,2,1,0.2518313775510204,167.0,0.5980057444660369,0.10123476713871483,3.8972488646923207,75.77395428408985,0.17486211734693877,0.12145181949785007,0.24901775740522675
tanzania-073026/dpc-036-KTR-72502948.png,tanzania-073026,dpc-036-KTR-72502948.png,C:\Users\owlem\Projects\fov-filtering-tool\crowding-crenation\data\raw\new\KTR-72502948\dpc\dpc-036-KTR-72502948.png,slightly dense,slight rouleaux,2,1,0.250321556122449,167.0,0.5903292021941997,0.10254943160467309,3.9199817488232536,74.61656327196704,0.1716923469387755,0.1239963484019196,0.2457203241753037
tanzania-073026/dpc-037-KTR-72502948.png,tanzania-073026,dpc-037-KTR-72502948.png,C:\Users\owlem\Projects\fov-filtering-tool\crowding-crenation\data\raw\new\KTR-72502948\dpc\dpc-037-KTR-72502948.png,monolayer,no rouleaux,1,0,0.20829553571428572,168.0,0.5435751323380641,0.09507126232296491,3.8839739063526806,60.30832309583745,0.13259744897959183,0.2699240742996624,0.31736223781704004
tanzania-073026/dpc-038-KTR-72502948.png,tanzania-073026,dpc-038-KTR-72502948.png,C:\Users\owlem\Projects\fov-filtering-tool\crowding-crenation\data\raw\new\KTR-72502948\dpc\dpc-038-KTR-72502948.png,monolayer,no rouleaux,1,0,0.20481211734693877,168.0,0.5496609967805482,0.09223488477328579,3.8752170002606143,58.182612873315435,0.13354936224489797,0.2531644831464654,0.48990076886082934
tanzania-073026/dpc-039-KTR-72502948.png,tanzania-073026,dpc-039-KTR-72502948.png,C:\Users\owlem\Projects\fov-filtering-tool\crowding-crenation\data\raw\new\KTR-72502948\dpc\dpc-039-KTR-72502948.png,monolayer,no rouleaux,1,0,0.1656674744897959,169.0,0.5400161667680919,0.07620435995766567,3.7470108771450863,52.005701430790594,0.11517206632653061,0.25879506266175734,0.3469780160797544
tanzania-073026/dpc-040-KTR-72502948.png,tanzania-073026,dpc-040-KTR-72502948.png,C:\Users\owlem\Projects\fov-filtering-tool\crowding-crenation\data\raw\new\KTR-72502948\dpc\dpc-040-KTR-72502948.png,monolayer,no rouleaux,1,0,0.16703214285714285,169.0,0.550817519677079,0.0750279122222239,3.767676757479341,54.2488489231427,0.12308188775510204,0.2200220141510441,0.35128599033448027
tanzania-073026/dpc-041-KTR-72502948.png,tanzania-073026,dpc-041-KTR-72502948.png,C:\Users\owlem\Projects\fov-filtering-tool\crowding-crenation\data\raw\new\KTR-72502948\dpc\dpc-041-KTR-72502948.png,monolayer,no rouleaux,1,0,0.160075,169.0,0.5420562402018997,0.0733053473496809,3.7468878684789444,50.11793912372323,0.11133954081632653,0.2594962557664671,0.29096179254365784
tanzania-073026/dpc-042-KTR-72502948.png,tanzania-073026,dpc-042-KTR-72502948.png,C:\Users\owlem\Projects\fov-filtering-tool\crowding-crenation\data\raw\new\KTR-72502948\dpc\dpc-042-KTR-72502948.png,monolayer,no rouleaux,1,0,0.17674158163265305,169.0,0.5597705704955019,0.07780684565186552,3.810816108851463,53.97890150115495,0.12888826530612246,0.1977275806716154,0.18768522302315133
tanzania-073026/dpc-043-KTR-72502948.png,tanzania-073026,dpc-043-KTR-72502948.png,C:\Users\owlem\Projects\fov-filtering-tool\crowding-crenation\data\raw\new\KTR-72502948\dpc\dpc-043-KTR-72502948.png,monolayer,no rouleaux,1,0,0.1878065051020408,168.0,0.5415284492093952,0.08610393964269628,3.8066404747811973,48.87702504154362,0.1124484693877551,0.246517671432596,0.35529890652791407
tanzania-073026/dpc-044-KTR-72502948.png,tanzania-073026,dpc-044-KTR-72502948.png,C:\Users\owlem\Projects\fov-filtering-tool\crowding-crenation\data\raw\new\KTR-72502948\dpc\dpc-044-KTR-72502948.png,monolayer,no rouleaux,1,0,0.19322563775510204,168.0,0.5558872241943084,0.08581397434024342,3.843729434308704,55.44679213657848,0.13182257653061225,0.20266093455207748,0.2554568466868452
tanzania-073026/dpc-045-KTR-72502948.png,tanzania-073026,dpc-045-KTR-72502948.png,C:\Users\owlem\Projects\fov-filtering-tool\crowding-crenation\data\raw\new\KTR-72502948\dpc\dpc-045-KTR-72502948.png,monolayer,no rouleaux,1,0,0.19111364795918367,168.0,0.547296588936818,0.08651780033185058,3.813497541529751,53.43654218830558,0.12183125,0.2412692747308898,0.23068411064649758
tanzania-073026/dpc-046-KTR-72502948.png,tanzania-073026,dpc-046-KTR-72502948.png,C:\Users\owlem\Projects\fov-filtering-tool\crowding-crenation\data\raw\new\KTR-72502948\dpc\dpc-046-KTR-72502948.png,monolayer,no rouleaux,1,0,0.18021007653061225,168.0,0.5453827013734822,0.08192661817762498,3.739277744810431,49.89032681204374,0.11457704081632653,0.24182701083064254,0.20889030055558416
tanzania-073026/dpc-047-KTR-72502948.png,tanzania-073026,dpc-047-KTR-72502948.png,C:\Users\owlem\Projects\fov-filtering-tool\crowding-crenation\data\raw\new\KTR-72502948\dpc\dpc-047-KTR-72502948.png,monolayer,no rouleaux,1,0,0.16384260204081633,169.0,0.5459298250140036,0.07439603897883444,3.763141701318585,51.021603929955035,0.11918048469387756,0.2208927240224129,0.366287072459134
tanzania-073026/dpc-048-KTR-72502948.png,tanzania-073026,dpc-048-KTR-72502948.png,C:\Users\owlem\Projects\fov-filtering-tool\crowding-crenation\data\raw\new\KTR-72502948\dpc\dpc-048-KTR-72502948.png,monolayer,no rouleaux,1,0,0.2026940051020408,168.0,0.5570768102077802,0.08977787529155638,3.8616846104074427,60.877194738935046,0.14064005102040816,0.22508447192019213,0.31300666994624815
tanzania-073026/dpc-049-KTR-72502948.png,tanzania-073026,dpc-049-KTR-72502948.png,C:\Users\owlem\Projects\fov-filtering-tool\crowding-crenation\data\raw\new\KTR-72502948\dpc\dpc-049-KTR-72502948.png,monolayer,slight rouleaux,1,1,0.19900535714285714,168.0,0.5711219703028113,0.08534902547061392,3.8252679915630434,63.29736398260394,0.14507755102040817,0.22373379748552047,0.524186505723059
tanzania-073026/dpc-050-KTR-72502948.png,tanzania-073026,dpc-050-KTR-72502948.png,C:\Users\owlem\Projects\fov-filtering-tool\crowding-crenation\data\raw\new\KTR-72502948\dpc\dpc-050-KTR-72502948.png,monolayer,no rouleaux,1,0,0.19519566326530613,168.0,0.5760908882171175,0.08274522023866654,3.789974943781824,62.429845045519016,0.14435063775510204,0.1956942567923136,0.31622303447573014
tanzania-073026/dpc-051-KTR-72502948.png,tanzania-073026,dpc-051-KTR-72502948.png,C:\Users\owlem\Projects\fov-filtering-tool\crowding-crenation\data\raw\new\KTR-72502948\dpc\dpc-051-KTR-72502948.png,monolayer,slight rouleaux,1,1,0.17105408163265307,169.0,0.5861719090033319,0.07078698405922904,3.7071543324337357,57.79599120858532,0.13712359693877552,0.1766275587463558,0.312008950873723
tanzania-073026/dpc-052-KTR-72502948.png,tanzania-073026,dpc-052-KTR-72502948.png,C:\Users\owlem\Projects\fov-filtering-tool\crowding-crenation\data\raw\new\KTR-72502948\dpc\dpc-052-KTR-72502948.png,monolayer,slight rouleaux,1,1,0.23472142857142858,167.0,0.5762463500447028,0.09946406207986444,3.859059212176797,71.5438236797707,0.16244362244897959,0.20612223817912678,0.33658177899570885
tanzania-073026/dpc-053-KTR-72502948.png,tanzania-073026,dpc-053-KTR-72502948.png,C:\Users\owlem\Projects\fov-filtering-tool\crowding-crenation\data\raw\new\KTR-72502948\dpc\dpc-053-KTR-72502948.png,slightly dense,slight rouleaux,2,1,0.2469871173469388,167.0,0.5835399243021521,0.10286027358669937,3.9216636817892043,74.37906051369907,0.17108163265306123,0.17310423291544086,0.28291181694476686
tanzania-073026/dpc-054-KTR-72502948.png,tanzania-073026,dpc-054-KTR-72502948.png,C:\Users\owlem\Projects\fov-filtering-tool\crowding-crenation\data\raw\new\KTR-72502948\dpc\dpc-054-KTR-72502948.png,slightly dense,slight rouleaux,2,1,0.274872193877551,166.0,0.5837423207206671,0.11441766152188824,3.9553297054438517,73.79777887686754,0.17250663265306124,0.16293201671479213,0.26678344539339505
tanzania-073026/dpc-055-KTR-72502948.png,tanzania-073026,dpc-055-KTR-72502948.png,C:\Users\owlem\Projects\fov-filtering-tool\crowding-crenation\data\raw\new\KTR-72502948\dpc\dpc-055-KTR-72502948.png,monolayer,no rouleaux,1,0,0.146303443877551,169.0,0.5283232052128053,0.06900793947449149,3.71186604724472,45.788817437749564,0.10350841836734694,0.3128450032367626,0.5784597196512054
tanzania-073026/dpc-056-KTR-72502948.png,tanzania-073026,dpc-056-KTR-72502948.png,C:\Users\owlem\Projects\fov-filtering-tool\crowding-crenation\data\raw\new\KTR-72502948\dpc\dpc-056-KTR-72502948.png,monolayer,no rouleaux,1,0,0.1438966836734694,169.0,0.5375705561857191,0.06654206339784195,3.699320750312236,43.52569608223003,0.1047155612244898,0.2562333100047239,0.2949437124497823
tanzania-073026/dpc-057-KTR-72502948.png,tanzania-073026,dpc-057-KTR-72502948.png,C:\Users\owlem\Projects\fov-filtering-tool\crowding-crenation\data\raw\new\KTR-72502948\dpc\dpc-057-KTR-72502948.png,monolayer,no rouleaux,1,0,0.14166938775510204,169.0,0.5431357383449057,0.06472368023586396,3.663403779559234,44.937638661366506,0.10771989795918367,0.2447156851975022,0.3665141074453777
tanzania-073026/dpc-058-KTR-72502948.png,tanzania-073026,dpc-058-KTR-72502948.png,C:\Users\owlem\Projects\fov-filtering-tool\crowding-crenation\data\raw\new\KTR-72502948\dpc\dpc-058-KTR-72502948.png,monolayer,no rouleaux,1,0,0.12925344387755103,169.0,0.5397671570997993,0.059486679930406856,3.5900978026491623,38.75305724477439,0.09213048469387755,0.2633041091306878,0.3861176694864069
tanzania-073026/dpc-059-KTR-72502948.png,tanzania-073026,dpc-059-KTR-72502948.png,C:\Users\owlem\Projects\fov-filtering-tool\crowding-crenation\data\raw\new\KTR-72502948\dpc\dpc-059-KTR-72502948.png,monolayer,no rouleaux,1,0,0.12243201530612245,169.0,0.5569058167214122,0.05424891382921789,3.508419096339139,37.12997007316322,0.09154757653061224,0.23438774461811368,0.5656697663837125
tanzania-073026/dpc-060-KTR-72502948.png,tanzania-073026,dpc-060-KTR-72502948.png,C:\Users\owlem\Projects\fov-filtering-tool\crowding-crenation\data\raw\new\KTR-72502948\dpc\dpc-060-KTR-72502948.png,monolayer,no rouleaux,1,0,0.14103125,169.0,0.5496765412408869,0.06350968029312117,3.6521184046714805,44.351039352730176,0.10769948979591837,0.28453719709355674,0.43408358117872936
tanzania-073026/dpc-061-KTR-72502948.png,tanzania-073026,dpc-061-KTR-72502948.png,C:\Users\owlem\Projects\fov-filtering-tool\crowding-crenation\data\raw\new\KTR-72502948\dpc\dpc-061-KTR-72502948.png,monolayer,no rouleaux,1,0,0.1912580357142857,167.0,0.5349383591257081,0.08894677591967963,3.7545558674100667,41.28905935869729,0.0977123724489796,0.3256362028076609,0.5956542924050121
tanzania-073026/dpc-062-KTR-72502948.png,tanzania-073026,dpc-062-KTR-72502948.png,C:\Users\owlem\Projects\fov-filtering-tool\crowding-crenation\data\raw\new\KTR-72502948\dpc\dpc-062-KTR-72502948.png,monolayer,no rouleaux,1,0,0.1635466836734694,168.0,0.5445147522648608,0.07449310172927065,3.71417331558143,43.518726315013765,0.10575408163265305,0.2647546195054457,0.3957353134319673
tanzania-073026/dpc-063-KTR-72502948.png,tanzania-073026,dpc-063-KTR-72502948.png,C:\Users\owlem\Projects\fov-filtering-tool\crowding-crenation\data\raw\new\KTR-72502948\dpc\dpc-063-KTR-72502948.png,monolayer,no rouleaux,1,0,0.15930790816326532,168.0,0.5369250243855217,0.07377150568789763,3.6784795262369965,43.1548219778313,0.10224145408163265,0.29376564955839174,0.3427434904859251
tanzania-073026/dpc-064-KTR-72502948.png,tanzania-073026,dpc-064-KTR-72502948.png,C:\Users\owlem\Projects\fov-filtering-tool\crowding-crenation\data\raw\new\KTR-72502948\dpc\dpc-064-KTR-72502948.png,monolayer,no rouleaux,1,0,0.13316811224489797,169.0,0.5439880091266721,0.060726255985638716,3.6020100962402415,41.0775789184911,0.09989553571428571,0.24772521448981638,0.27190718705888434
tanzania-073026/dpc-065-KTR-72502948.png,tanzania-073026,dpc-065-KTR-72502948.png,C:\Users\owlem\Projects\fov-filtering-tool\crowding-crenation\data\raw\new\KTR-72502948\dpc\dpc-065-KTR-72502948.png,monolayer,no rouleaux,1,0,0.18958826530612244,167.0,0.5324964430621163,0.08863318838429542,3.753737239043151,42.52829949432058,0.09981275510204082,0.32400401131488243,0.630105607806847
tanzania-073026/dpc-066-KTR-72502948.png,tanzania-073026,dpc-066-KTR-72502948.png,C:\Users\owlem\Projects\fov-filtering-tool\crowding-crenation\data\raw\new\KTR-72502948\dpc\dpc-066-KTR-72502948.png,monolayer,no rouleaux,1,0,0.19621301020408163,167.0,0.5507233754982537,0.0881539189078165,3.775862433491212,49.06775904367819,0.11531007653061225,0.29644582320625706,0.36212179741116135
tanzania-073026/dpc-067-KTR-72502948.png,tanzania-073026,dpc-067-KTR-72502948.png,C:\Users\owlem\Projects\fov-filtering-tool\crowding-crenation\data\raw\new\KTR-72502948\dpc\dpc-067-KTR-72502948.png,monolayer,no rouleaux,1,0,0.14818125,169.0,0.566677006496113,0.06421034283114785,3.6551843981878545,49.20493700703546,0.1175936224489796,0.23281453757552958,0.2563737887110129
tanzania-073026/dpc-068-KTR-72502948.png,tanzania-073026,dpc-068-KTR-72502948.png,C:\Users\owlem\Projects\fov-filtering-tool\crowding-crenation\data\raw\new\KTR-72502948\dpc\dpc-068-KTR-72502948.png,monolayer,no rouleaux,1,0,0.16491275510204081,168.0,0.5726252810697651,0.07047954235974536,3.657412953927714,51.53522347071488,0.12212244897959183,0.23877779440354266,0.40498955617696797
tanzania-073026/dpc-069-KTR-72502948.png,tanzania-073026,dpc-069-KTR-72502948.png,C:\Users\owlem\Projects\fov-filtering-tool\crowding-crenation\data\raw\new\KTR-72502948\dpc\dpc-069-KTR-72502948.png,monolayer,no rouleaux,1,0,0.1647952806122449,168.0,0.5748063852267518,0.0700699010610922,3.6529766728135487,50.278915005298735,0.12066109693877551,0.22286716946149823,0.3565489806081135
tanzania-073026/dpc-070-KTR-72502948.png,tanzania-073026,dpc-070-KTR-72502948.png,C:\Users\owlem\Projects\fov-filtering-tool\crowding-crenation\data\raw\new\KTR-72502948\dpc\dpc-070-KTR-72502948.png,monolayer,slight rouleaux,1,1,0.18132551020408164,168.0,0.5753935044042757,0.07699198944986185,3.7071477116023552,57.36054607342789,0.1335751275510204,0.22606274876123594,0.3689101361474915
tanzania-073026/dpc-071-KTR-72502948.png,tanzania-073026,dpc-071-KTR-72502948.png,C:\Users\owlem\Projects\fov-filtering-tool\crowding-crenation\data\raw\new\KTR-72502948\dpc\dpc-071-KTR-72502948.png,monolayer,slight rouleaux,1,1,0.2425642857142857,166.0,0.5481297049007522,0.10960759536625254,3.836013083554418,58.83291667972668,0.13816772959183674,0.2515938690071958,0.2666881769417756
tanzania-073026/dpc-072-KTR-72502948.png,tanzania-073026,dpc-072-KTR-72502948.png,C:\Users\owlem\Projects\fov-filtering-tool\crowding-crenation\data\raw\new\KTR-72502948\dpc\dpc-072-KTR-72502948.png,monolayer,no rouleaux,1,0,0.20403035714285714,167.0,0.5717874864531403,0.08736835207200634,3.76271076966715,54.38972865538756,0.1291639030612245,0.2451673974248741,0.32271718090164203
tanzania-073026/dpc-073-KTR-72502948.png,tanzania-073026,dpc-073-KTR-72502948.png,C:\Users\owlem\Projects\fov-filtering-tool\crowding-crenation\data\raw\new\KTR-72502948\dpc\dpc-073-KTR-72502948.png,monolayer,no rouleaux,1,0,0.12333966836734694,169.0,0.5428512235153339,0.05638457848615713,3.519978714649813,43.52617806246438,0.10017997448979592,0.1991417997275089,0.30551043862958294
tanzania-073026/dpc-074-KTR-72502948.png,tanzania-073026,dpc-074-KTR-72502948.png,C:\Users\owlem\Projects\fov-filtering-tool\crowding-crenation\data\raw\new\KTR-72502948\dpc\dpc-074-KTR-72502948.png,monolayer,no rouleaux,1,0,0.10710573979591836,170.0,0.5513257786525869,0.048055584404772304,3.4599921355776266,38.295969787869154,0.09336096938775511,0.17321878157411572,0.3121966576139536
tanzania-073026/dpc-075-KTR-72502948.png,tanzania-073026,dpc-075-KTR-72502948.png,C:\Users\owlem\Projects\fov-filtering-tool\crowding-crenation\data\raw\new\KTR-72502948\dpc\dpc-075-KTR-72502948.png,monolayer,no rouleaux,1,0,0.09889719387755103,170.0,0.5360638048969988,0.04588198783391485,3.415698410077713,36.053779314108446,0.08526415816326531,0.2108583334648892,0.3913004178094462
tanzania-073026/dpc-076-KTR-72502948.png,tanzania-073026,dpc-076-KTR-72502948.png,C:\Users\owlem\Projects\fov-filtering-tool\crowding-crenation\data\raw\new\KTR-72502948\dpc\dpc-076-KTR-72502948.png,monolayer,no rouleaux,1,0,0.08726122448979592,170.0,0.5413008618351407,0.040026648468679704,3.321537363170619,32.77736148295983,0.07734170918367347,0.1917439584365948,0.2397365220934861
tanzania-073026/dpc-077-KTR-72502948.png,tanzania-073026,dpc-077-KTR-72502948.png,C:\Users\owlem\Projects\fov-filtering-tool\crowding-crenation\data\raw\new\KTR-72502948\dpc\dpc-077-KTR-72502948.png,monolayer,no rouleaux,1,0,0.08585267857142857,170.0,0.538171776334875,0.039649190041535796,3.312451899953973,32.362730208649445,0.07591045918367346,0.19863611341900486,0.4072303878495146
tanzania-073026/dpc-078-KTR-72502948.png,tanzania-073026,dpc-078-KTR-72502948.png,C:\Users\owlem\Projects\fov-filtering-tool\crowding-crenation\data\raw\new\KTR-72502948\dpc\dpc-078-KTR-72502948.png,monolayer,no rouleaux,1,0,0.10127767857142857,170.0,0.5474147190200362,0.04583678661324845,3.432933072353735,35.99471505452109,0.08785038265306122,0.16841088807779603,0.295580495320036
tanzania-073026/dpc-079-KTR-72502948.png,tanzania-073026,dpc-079-KTR-72502948.png,C:\Users\owlem\Projects\fov-filtering-tool\crowding-crenation\data\raw\new\KTR-72502948\dpc\dpc-079-KTR-72502948.png,monolayer,no rouleaux,1,0,0.14882308673469388,167.0,0.5103194700400694,0.07287576798251762,3.543861960383288,31.528367396323354,0.07426288265306122,0.25344399959932434,0.4196788536768381
tanzania-073026/dpc-080-KTR-72502948.png,tanzania-073026,dpc-080-KTR-72502948.png,C:\Users\owlem\Projects\fov-filtering-tool\crowding-crenation\data\raw\new\KTR-72502948\dpc\dpc-080-KTR-72502948.png,monolayer,no rouleaux,1,0,0.1396390306122449,168.0,0.5290137923825374,0.06576805746343999,3.5915792113649614,36.58611050263377,0.08761517857142857,0.23923019718013797,0.5416455333699678
tanzania-073026/dpc-081-KTR-72502948.png,tanzania-073026,dpc-081-KTR-72502948.png,C:\Users\owlem\Projects\fov-filtering-tool\crowding-crenation\data\raw\new\KTR-72502948\dpc\dpc-081-KTR-72502948.png,monolayer,no rouleaux,1,0,0.18747410714285714,166.0,0.5182612184969095,0.09031354793837983,3.630460197250063,31.653046007726836,0.07430676020408163,0.25739881974901707,0.4825049296151347
tanzania-073026/dpc-082-KTR-72502948.png,tanzania-073026,dpc-082-KTR-72502948.png,C:\Users\owlem\Projects\fov-filtering-tool\crowding-crenation\data\raw\new\KTR-72502948\dpc\dpc-082-KTR-72502948.png,monolayer,no rouleaux,1,0,0.12546045918367346,168.0,0.52705436218872,0.0593359768887185,3.5017739393518745,32.28811765664274,0.0767891581632653,0.23333700080563888,0.40777615675013784
tanzania-073026/dpc-083-KTR-72502948.png,tanzania-073026,dpc-083-KTR-72502948.png,C:\Users\owlem\Projects\fov-filtering-tool\crowding-crenation\data\raw\new\KTR-72502948\dpc\dpc-083-KTR-72502948.png,monolayer,no rouleaux,1,0,0.15251989795918366,167.0,0.5334644147513885,0.07115595985644625,3.559283251128257,32.89971312286198,0.08045994897959184,0.2132152002220774,0.4163140321226003
tanzania-073026/dpc-084-KTR-72502948.png,tanzania-073026,dpc-084-KTR-72502948.png,C:\Users\owlem\Projects\fov-filtering-tool\crowding-crenation\data\raw\new\KTR-72502948\dpc\dpc-084-KTR-72502948.png,monolayer,no rouleaux,1,0,0.16679017857142858,167.0,0.547688207623333,0.07544116462046721,3.6233303786379443,39.873840328983896,0.09667551020408163,0.19781215344153524,0.31263252005057995
tanzania-073026/dpc-085-KTR-72502948.png,tanzania-073026,dpc-085-KTR-72502948.png,C:\Users\owlem\Projects\fov-filtering-tool\crowding-crenation\data\raw\new\KTR-72502948\dpc\dpc-085-KTR-72502948.png,monolayer,no rouleaux,1,0,0.15022538265306123,168.0,0.5642525795087124,0.06546032298338805,3.5965998809997117,43.82976664138073,0.10664770408163265,0.1472582585490748,0.25107198633621264
tanzania-073026/dpc-086-KTR-72502948.png,tanzania-073026,dpc-086-KTR-72502948.png,C:\Users\owlem\Projects\fov-filtering-tool\crowding-crenation\data\raw\new\KTR-72502948\dpc\dpc-086-KTR-72502948.png,monolayer,no rouleaux,1,0,0.17160586734693878,167.0,0.5495538725045119,0.077299198401933,3.623656588083899,41.99947512634142,0.10146441326530613,0.16878020212423997,0.16797370740007206
tanzania-073026/dpc-087-KTR-72502948.png,tanzania-073026,dpc-087-KTR-72502948.png,C:\Users\owlem\Projects\fov-filtering-tool\crowding-crenation\data\raw\new\KTR-72502948\dpc\dpc-087-KTR-72502948.png,monolayer,no rouleaux,1,0,0.16782895408163265,167.0,0.5587144936161503,0.07406048498778511,3.5578465433143873,42.36757518864995,0.10172091836734694,0.16734285461884799,0.4699979284589224
tanzania-073026/dpc-088-KTR-72502948.png,tanzania-073026,dpc-088-KTR-72502948.png,C:\Users\owlem\Projects\fov-filtering-tool\crowding-crenation\data\raw\new\KTR-72502948\dpc\dpc-088-KTR-72502948.png,monolayer,no rouleaux,1,0,0.18489132653061224,167.0,0.5695160512125905,0.07959274834144028,3.641450893265409,49.89231077977189,0.11840994897959184,0.1612927454962127,0.38966272238908894
tanzania-073026/dpc-089-KTR-72502948.png,tanzania-073026,dpc-089-KTR-72502948.png,C:\Users\owlem\Projects\fov-filtering-tool\crowding-crenation\data\raw\new\KTR-72502948\dpc\dpc-089-KTR-72502948.png,monolayer,no rouleaux,1,0,0.18801339285714286,167.0,0.5591098257810296,0.08289325753228544,3.6941824689293523,47.15627257508021,0.11303877551020408,0.224110324073237,0.5132737216838872
tanzania-073026/dpc-090-KTR-72502948.png,tanzania-073026,dpc-090-KTR-72502948.png,C:\Users\owlem\Projects\fov-filtering-tool\crowding-crenation\data\raw\new\KTR-72502948\dpc\dpc-090-KTR-72502948.png,monolayer,no rouleaux,1,0,0.17462640306122448,167.0,0.5683557214995347,0.07537648775649368,3.6092591435149104,44.411322029437585,0.10820829081632653,0.14466856241919582,0.34924363910583833
tanzania-073026/dpc-091-KTR-72502948.png,tanzania-073026,dpc-091-KTR-72502948.png,C:\Users\owlem\Projects\fov-filtering-tool\crowding-crenation\data\raw\new\KTR-72502948\dpc\dpc-091-KTR-72502948.png,sparser,no rouleaux,0,0,0.07332895408163265,171.0,0.553340551712145,0.03275307017362749,3.144719242881463,33.190712856030544,0.07142002551020409,0.2271279613404653,0.44266379824886665
tanzania-073026/dpc-092-KTR-72502948.png,tanzania-073026,dpc-092-KTR-72502948.png,C:\Users\owlem\Projects\fov-filtering-tool\crowding-crenation\data\raw\new\KTR-72502948\dpc\dpc-092-KTR-72502948.png,sparser,no rouleaux,0,0,0.0692468112244898,171.0,0.5420426056351612,0.03171208923644122,3.1265427084176176,29.84546369664318,0.06541670918367347,0.22033277799493353,0.41826868639467923
tanzania-073026/dpc-093-KTR-72502948.png,tanzania-073026,dpc-093-KTR-72502948.png,C:\Users\owlem\Projects\fov-filtering-tool\crowding-crenation\data\raw\new\KTR-72502948\dpc\dpc-093-KTR-72502948.png,sparser,no rouleaux,0,0,0.06616147959183674,171.0,0.5306744783046237,0.031051270925576774,3.1462994532330133,28.513114531267007,0.06275012755102041,0.2340487459576054,0.44859510691401383
tanzania-073026/dpc-094-KTR-72502948.png,tanzania-073026,dpc-094-KTR-72502948.png,C:\Users\owlem\Projects\fov-filtering-tool\crowding-crenation\data\raw\new\KTR-72502948\dpc\dpc-094-KTR-72502948.png,sparser,no rouleaux,0,0,0.060554336734693875,171.0,0.547856146136744,0.02737927117935782,3.022897957533039,26.32788803401896,0.058482908163265304,0.20975554093607263,0.40224914190187544
tanzania-073026/dpc-095-KTR-72502948.png,tanzania-073026,dpc-095-KTR-72502948.png,C:\Users\owlem\Projects\fov-filtering-tool\crowding-crenation\data\raw\new\KTR-72502948\dpc\dpc-095-KTR-72502948.png,sparser,no rouleaux,0,0,0.06386122448979592,170.0,0.5350943017557145,0.029689447162163637,3.058666715736042,25.31443223837622,0.05645535714285714,0.22596592869203722,0.6345899501247614
tanzania-073026/dpc-096-KTR-72502948.png,tanzania-073026,dpc-096-KTR-72502948.png,C:\Users\owlem\Projects\fov-filtering-tool\crowding-crenation\data\raw\new\KTR-72502948\dpc\dpc-096-KTR-72502948.png,sparser,no rouleaux,0,0,0.07836454081632653,170.0,0.5498190038332077,0.03527822704884713,3.1792784685936857,28.714677264208525,0.06900433673469387,0.18152574563668145,0.47196591153459455
tanzania-073026/dpc-097-KTR-72502948.png,tanzania-073026,dpc-097-KTR-72502948.png,C:\Users\owlem\Projects\fov-filtering-tool\crowding-crenation\data\raw\new\KTR-72502948\dpc\dpc-097-KTR-72502948.png,sparser,no rouleaux,0,0,0.08778698979591837,169.0,0.5114797606994893,0.042885721262573534,3.266004460145795,27.085572234752526,0.06317244897959183,0.2467341571719396,0.44809739681870975
tanzania-073026/dpc-098-KTR-72502948.png,tanzania-073026,dpc-098-KTR-72502948.png,C:\Users\owlem\Projects\fov-filtering-tool\crowding-crenation\data\raw\new\KTR-72502948\dpc\dpc-098-KTR-72502948.png,sparser,no rouleaux,0,0,0.10653622448979592,168.0,0.5132557724001088,0.05185589230069433,3.3310043071534725,28.881643302370087,0.06755663265306122,0.25102442236449446,0.3662452847743027
tanzania-073026/dpc-099-KTR-72502948.png,tanzania-073026,dpc-099-KTR-72502948.png,C:\Users\owlem\Projects\fov-filtering-tool\crowding-crenation\data\raw\new\KTR-72502948\dpc\dpc-099-KTR-72502948.png,sparser,no rouleaux,0,0,0.14624464285714286,166.0,0.5068049102612623,0.07212713975773823,3.4040836705642663,21.203950059168484,0.04517780612244898,0.26012438204203964,0.6340756930160681
tanzania-073026/dpc-100-KTR-72502948.png,tanzania-073026,dpc-100-KTR-72502948.png,C:\Users\owlem\Projects\fov-filtering-tool\crowding-crenation\data\raw\new\KTR-72502948\dpc\dpc-100-KTR-72502948.png,sparser,no rouleaux,0,0,0.09449094387755103,168.0,0.5116578820681612,0.04614390765854178,3.228526754434803,24.226826671594687,0.05502627551020408,0.25369867631958753,0.4851025622005917
tanzania-073026/dpc-101-KTR-72502948.png,tanzania-073026,dpc-101-KTR-72502948.png,C:\Users\owlem\Projects\fov-filtering-tool\crowding-crenation\data\raw\new\KTR-72502948\dpc\dpc-101-KTR-72502948.png,sparser,no rouleaux,0,0,0.09639005102040817,168.0,0.5135229421753168,0.04689154842397927,3.2838532922763912,26.577301228512987,0.0622922193877551,0.2676078096628206,0.5789079619115195
tanzania-073026/dpc-102-KTR-72502948.png,tanzania-073026,dpc-102-KTR-72502948.png,C:\Users\owlem\Projects\fov-filtering-tool\crowding-crenation\data\raw\new\KTR-72502948\dpc\dpc-102-KTR-72502948.png,sparser,no rouleaux,0,0,0.10903877551020408,168.0,0.5300552757923035,0.05124219728508779,3.3617975192361396,29.796710248800082,0.07217933673469387,0.23891898565808892,0.40207368355566797
tanzania-073026/dpc-103-KTR-72502948.png,tanzania-073026,dpc-103-KTR-72502948.png,C:\Users\owlem\Projects\fov-filtering-tool\crowding-crenation\data\raw\new\KTR-72502948\dpc\dpc-103-KTR-72502948.png,monolayer,no rouleaux,1,0,0.11359834183673469,168.0,0.5422697134789899,0.05199740155724022,3.38136269708604,34.09778843466852,0.08088788265306122,0.2318401320368844,0.33427763757731443
tanzania-073026/dpc-104-KTR-72502948.png,tanzania-073026,dpc-104-KTR-72502948.png,C:\Users\owlem\Projects\fov-filtering-tool\crowding-crenation\data\raw\new\KTR-72502948\dpc\dpc-104-KTR-72502948.png,sparser,no rouleaux,0,0,0.11877831632653062,168.0,0.534984921024163,0.05523370814719859,3.416854892867271,34.507015901133364,0.08197538265306123,0.24923143227365,0.37323610887287567
tanzania-073026/dpc-105-KTR-72502948.png,tanzania-073026,dpc-105-KTR-72502948.png,C:\Users\owlem\Projects\fov-filtering-tool\crowding-crenation\data\raw\new\KTR-72502948\dpc\dpc-105-KTR-72502948.png,monolayer,no rouleaux,1,0,0.12092091836734693,168.0,0.5431501295811938,0.05524270588704549,3.402800913077692,36.01286040095772,0.08457959183673469,0.2907282725973737,0.6928082879461226
tanzania-073026/dpc-106-KTR-72502948.png,tanzania-073026,dpc-106-KTR-72502948.png,C:\Users\owlem\Projects\fov-filtering-tool\crowding-crenation\data\raw\new\KTR-72502948\dpc\dpc-106-KTR-72502948.png,monolayer,slight rouleaux,1,1,0.14298354591836734,168.0,0.5491536921316773,0.06446360376321669,3.5294341887007805,42.50435968258522,0.09985841836734693,0.26295969878955683,0.4337400283450123
tanzania-073026/dpc-107-KTR-72502948.png,tanzania-073026,dpc-107-KTR-72502948.png,C:\Users\owlem\Projects\fov-filtering-tool\crowding-crenation\data\raw\new\KTR-72502948\dpc\dpc-107-KTR-72502948.png,monolayer,no rouleaux,1,0,0.13710561224489795,168.0,0.5542838421482923,0.06111018670970196,3.5039483867529886,39.881598398729714,0.09549094387755103,0.2751542829598708,0.4793363327765008
tanzania-073026/dpc-108-KTR-72502948.png,tanzania-073026,dpc-108-KTR-72502948.png,C:\Users\owlem\Projects\fov-filtering-tool\crowding-crenation\data\raw\new\KTR-72502948\dpc\dpc-108-KTR-72502948.png,monolayer,no rouleaux,1,0,0.12999719387755101,168.0,0.5516693586614774,0.058281725303330714,3.449998130866021,38.340672026671456,0.09040395408163265,0.28333164052985277,0.6379659405260765
tanzania-073026/dpc-109-KTR-72502948.png,tanzania-073026,dpc-109-KTR-72502948.png,C:\Users\owlem\Projects\fov-filtering-tool\crowding-crenation\data\raw\new\KTR-72502948\dpc\dpc-109-KTR-72502948.png,monolayer,no rouleaux,1,0,0.13781313775510204,169.0,0.5615933653535687,0.060418193933279324,3.594792504535844,46.943398738654835,0.10922525510204081,0.15557754568581728,0.4291183164555297
tanzania-073026/dpc-110-KTR-72502948.png,tanzania-073026,dpc-110-KTR-72502948.png,C:\Users\owlem\Projects\fov-filtering-tool\crowding-crenation\data\raw\new\KTR-72502948\dpc\dpc-110-KTR-72502948.png,slightly dense,some rouleaux,2,2,0.15674579081632653,169.0,0.5513940732623616,0.07031709075138218,3.694163776747154,54.63397018030497,0.12483469387755101,0.3497205797211338,1.1970966630706168
tanzania-073026/dpc-111-KTR-72502948.png,tanzania-073026,dpc-111-KTR-72502948.png,C:\Users\owlem\Projects\fov-filtering-tool\crowding-crenation\data\raw\new\KTR-72502948\dpc\dpc-111-KTR-72502948.png,sparser,no rouleaux,0,0,0.09566594387755102,170.0,0.5556009910481086,0.04251385064963094,3.326402067087634,34.317364215585016,0.0788656887755102,0.19784996845438005,0.4435027119416584
tanzania-073026/dpc-112-KTR-72502948.png,tanzania-073026,dpc-112-KTR-72502948.png,C:\Users\owlem\Projects\fov-filtering-tool\crowding-crenation\data\raw\new\KTR-72502948\dpc\dpc-112-KTR-72502948.png,sparser,no rouleaux,0,0,0.08991339285714285,170.0,0.5408960876688339,0.04127959043168341,3.3107416462941632,31.42133322509263,0.07418290816326531,0.22287063547930697,0.42281448640713176
tanzania-073026/dpc-113-KTR-72502948.png,tanzania-073026,dpc-113-KTR-72502948.png,C:\Users\owlem\Projects\fov-filtering-tool\crowding-crenation\data\raw\new\KTR-72502948\dpc\dpc-113-KTR-72502948.png,sparser,no rouleaux,0,0,0.08971479591836734,170.0,0.5612321599552492,0.03936396722515766,3.291898644300105,31.93382728654027,0.07432869897959184,0.24005023712690068,0.5406404382720152
tanzania-073026/dpc-114-KTR-72502948.png,tanzania-073026,dpc-114-KTR-72502948.png,C:\Users\owlem\Projects\fov-filtering-tool\crowding-crenation\data\raw\new\KTR-72502948\dpc\dpc-114-KTR-72502948.png,sparser,no rouleaux,0,0,0.11787538265306123,169.0,0.5468016367866484,0.05342093048151485,3.504311222446544,36.49698423573051,0.0875766581632653,0.20666063927623293,0.4792912376327288
tanzania-073026/dpc-115-KTR-72502948.png,tanzania-073026,dpc-115-KTR-72502948.png,C:\Users\owlem\Projects\fov-filtering-tool\crowding-crenation\data\raw\new\KTR-72502948\dpc\dpc-115-KTR-72502948.png,sparser,no rouleaux,0,0,0.12204553571428571,169.0,0.5336876095745869,0.05691134549967869,3.5581897716534083,37.23230024792467,0.08782704081632653,0.23165434283247838,0.4666073023797982
tanzania-073026/dpc-116-KTR-72502948.png,tanzania-073026,dpc-116-KTR-72502948.png,C:\Users\owlem\Projects\fov-filtering-tool\crowding-crenation\data\raw\new\KTR-72502948\dpc\dpc-116-KTR-72502948.png,monolayer,no rouleaux,1,0,0.16826160714285715,167.0,0.5232267451863096,0.0802226340976825,3.671648141417086,36.16851935105303,0.08440535714285714,0.25311942914940005,0.5172069004280829
tanzania-073026/dpc-117-KTR-72502948.png,tanzania-073026,dpc-117-KTR-72502948.png,C:\Users\owlem\Projects\fov-filtering-tool\crowding-crenation\data\raw\new\KTR-72502948\dpc\dpc-117-KTR-72502948.png,monolayer,no rouleaux,1,0,0.24455114795918367,165.0,0.5340198627949876,0.1139559774796637,3.766914903831758,32.52366526061502,0.06958507653061224,0.3668024236574317,1.221518036631964
tanzania-073026/dpc-118-KTR-72502948.png,tanzania-073026,dpc-118-KTR-72502948.png,C:\Users\owlem\Projects\fov-filtering-tool\crowding-crenation\data\raw\new\KTR-72502948\dpc\dpc-118-KTR-72502948.png,sparser,no rouleaux,0,0,0.13017729591836735,167.0,0.5155909590621774,0.06305905906769545,3.4089750517135338,26.653852328077747,0.05721696428571429,0.2628074838239803,0.6839128922640607
tanzania-073026/dpc-119-KTR-72502948.png,tanzania-073026,dpc-119-KTR-72502948.png,C:\Users\owlem\Projects\fov-filtering-tool\crowding-crenation\data\raw\new\KTR-72502948\dpc\dpc-119-KTR-72502948.png,sparser,no rouleaux,0,0,0.13111492346938775,167.0,0.5261391378471725,0.062130230676306075,3.4296664050794092,26.90833662325327,0.05967079081632653,0.23315488078097626,0.4884828815720604
tanzania-073026/dpc-120-KTR-72502948.png,tanzania-073026,dpc-120-KTR-72502948.png,C:\Users\owlem\Projects\fov-filtering-tool\crowding-crenation\data\raw\new\KTR-72502948\dpc\dpc-120-KTR-72502948.png,sparser,no rouleaux,0,0,0.1277140306122449,168.0,0.5398368273739554,0.05876929351539039,3.4771249841554948,31.701390864299547,0.07465714285714285,0.22984030493371607,0.5325451390890305
tanzania-073026/dpc-121-KTR-72502948.png,tanzania-073026,dpc-121-KTR-72502948.png,C:\Users\owlem\Projects\fov-filtering-tool\crowding-crenation\data\raw\new\KTR-72502948\dpc\dpc-121-KTR-72502948.png,sparser,no rouleaux,0,0,0.11526530612244898,168.0,0.5453996010428623,0.05239965414918191,3.3812915554610377,30.46368666699451,0.07255165816326531,0.2406509272250399,0.5415715924572269
tanzania-073026/dpc-122-KTR-72502948.png,tanzania-073026,dpc-122-KTR-72502948.png,C:\Users\owlem\Projects\fov-filtering-tool\crowding-crenation\data\raw\new\KTR-72502948\dpc\dpc-122-KTR-72502948.png,sparser,no rouleaux,0,0,0.11199017857142857,168.0,0.5360484060628702,0.05195802185351808,3.3732996961858785,30.206301273714196,0.07058686224489796,0.17031062330600885,0.41645711706686106
tanzania-073026/dpc-123-KTR-72502948.png,tanzania-073026,dpc-123-KTR-72502948.png,C:\Users\owlem\Projects\fov-filtering-tool\crowding-crenation\data\raw\new\KTR-72502948\dpc\dpc-123-KTR-72502948.png,sparser,no rouleaux,0,0,0.11553329081632653,168.0,0.5399905080987102,0.053146410406102323,3.394607114355519,30.49068400329126,0.07164119897959184,0.17162958214957535,0.6719226722802647
tanzania-073026/dpc-124-KTR-72502948.png,tanzania-073026,dpc-124-KTR-72502948.png,C:\Users\owlem\Projects\fov-filtering-tool\crowding-crenation\data\raw\new\KTR-72502948\dpc\dpc-124-KTR-72502948.png,monolayer,no rouleaux,1,0,0.16202729591836734,167.0,0.5494897808224634,0.07299495259692726,3.563899665634397,39.28675924350893,0.09477716836734694,0.17188351916019073,0.5426766502486853
tanzania-073026/dpc-125-KTR-72502948.png,tanzania-073026,dpc-125-KTR-72502948.png,C:\Users\owlem\Projects\fov-filtering-tool\crowding-crenation\data\raw\new\KTR-72502948\dpc\dpc-125-KTR-72502948.png,monolayer,no rouleaux,1,0,0.15168890306122448,168.0,0.5611452004383088,0.06656940314866647,3.597608148720741,41.55675589978521,0.10256862244897959,0.1535663658026846,0.5046881729173771
tanzania-073026/dpc-126-KTR-72502948.png,tanzania-073026,dpc-126-KTR-72502948.png,C:\Users\owlem\Projects\fov-filtering-tool\crowding-crenation\data\raw\new\KTR-72502948\dpc\dpc-126-KTR-72502948.png,monolayer,no rouleaux,1,0,0.14416441326530613,168.0,0.5651550576328799,0.06268916597774173,3.560654517985249,40.83057865345566,0.1001452806122449,0.14646612556878033,0.4573583895124633
tanzania-073026/dpc-127-KTR-72502948.png,tanzania-073026,dpc-127-KTR-72502948.png,C:\Users\owlem\Projects\fov-filtering-tool\crowding-crenation\data\raw\new\KTR-72502948\dpc\dpc-127-KTR-72502948.png,monolayer,no rouleaux,1,0,0.10914158163265306,170.0,0.5353313973435738,0.050714666228957164,3.4365434020156918,42.59336713502169,0.09668584183673469,0.1382942723183914,0.3053349185880416
tanzania-073026/dpc-128-KTR-72502948.png,tanzania-073026,dpc-128-KTR-72502948.png,C:\Users\owlem\Projects\fov-filtering-tool\crowding-crenation\data\raw\new\KTR-72502948\dpc\dpc-128-KTR-72502948.png,monolayer,no rouleaux,1,0,0.12576658163265306,169.0,0.5369548611209708,0.0582356042584326,3.5122921255623862,41.73499750147242,0.09793954081632653,0.14543112127119298,0.3266738517609979
tanzania-073026/dpc-129-KTR-72502948.png,tanzania-073026,dpc-129-KTR-72502948.png,C:\Users\owlem\Projects\fov-filtering-tool\crowding-crenation\data\raw\new\KTR-72502948\dpc\dpc-129-KTR-72502948.png,monolayer,no rouleaux,1,0,0.11518852040816327,170.0,0.5524682914698706,0.05155051534132298,3.4783188426271816,43.88566164097437,0.10252397959183673,0.15254840179789853,0.39864381646121483
tanzania-073026/dpc-130-KTR-72502948.png,tanzania-073026,dpc-130-KTR-72502948.png,C:\Users\owlem\Projects\fov-filtering-tool\crowding-crenation\data\raw\new\KTR-72502948\dpc\dpc-130-KTR-72502948.png,monolayer,no rouleaux,1,0,0.09669477040816327,170.0,0.5457531881626124,0.04392329117925633,3.355157697160558,37.32319925026333,0.08731811224489795,0.18242654547365678,0.2202847637259199
tanzania-073026/dpc-131-KTR-72502948.png,tanzania-073026,dpc-131-KTR-72502948.png,C:\Users\owlem\Projects\fov-filtering-tool\crowding-crenation\data\raw\new\KTR-72502948\dpc\dpc-131-KTR-72502948.png,monolayer,no rouleaux,1,0,0.09115318877551021,170.0,0.568636259588369,0.039320180460651576,3.2562560233897013,35.594830427470136,0.08357295918367347,0.20359745459185138,0.4578927079425758
tanzania-073026/dpc-132-KTR-72502948.png,tanzania-073026,dpc-132-KTR-72502948.png,C:\Users\owlem\Projects\fov-filtering-tool\crowding-crenation\data\raw\new\KTR-72502948\dpc\dpc-132-KTR-72502948.png,monolayer,no rouleaux,1,0,0.09580714285714285,170.0,0.5305360323935525,0.044978001410752,3.3776123102560236,37.65072635718803,0.08842551020408164,0.2588145204494992,0.5849244825300994
tanzania-073026/dpc-133-KTR-72502948.png,tanzania-073026,dpc-133-KTR-72502948.png,C:\Users\owlem\Projects\fov-filtering-tool\crowding-crenation\data\raw\new\KTR-72502948\dpc\dpc-133-KTR-72502948.png,sparser,some rouleaux,0,2,0.10466275510204082,169.0,0.5226717200021412,0.04995849287269426,3.2806384100327692,40.49539106499614,0.08318239795918367,0.4724436491874103,1.8577015397647196
tanzania-073026/dpc-134-KTR-72502948.png,tanzania-073026,dpc-134-KTR-72502948.png,C:\Users\owlem\Projects\fov-filtering-tool\crowding-crenation\data\raw\new\KTR-72502948\dpc\dpc-134-KTR-72502948.png,sparser,no rouleaux,0,0,0.09823545918367346,167.0,0.4967012309145618,0.04944178568768567,3.155040070280749,21.81415431249941,0.046360841836734695,0.1796025065603223,0.3471084730588835
tanzania-073026/dpc-135-KTR-72502948.png,tanzania-073026,dpc-135-KTR-72502948.png,C:\Users\owlem\Projects\fov-filtering-tool\crowding-crenation\data\raw\new\KTR-72502948\dpc\dpc-135-KTR-72502948.png,sparser,no rouleaux,0,0,0.09676160714285714,167.0,0.4961344146333827,0.04875484382405037,3.154360608327399,18.995834844434277,0.037095918367346936,0.2463212223463077,0.7893788191743621
tanzania-073026/dpc-136-KTR-72502948.png,tanzania-073026,dpc-136-KTR-72502948.png,C:\Users\owlem\Projects\fov-filtering-tool\crowding-crenation\data\raw\new\KTR-72502948\dpc\dpc-136-KTR-72502948.png,sparser,no rouleaux,0,0,0.06699948979591837,168.0,0.5035522587328811,0.033261745375233055,2.9485151274016923,18.624499332141948,0.0390358418367347,0.23677491062735584,0.7375648772504089
tanzania-073026/dpc-137-KTR-72502948.png,tanzania-073026,dpc-137-KTR-72502948.png,C:\Users\owlem\Projects\fov-filtering-tool\crowding-crenation\data\raw\new\KTR-72502948\dpc\dpc-137-KTR-72502948.png,sparser,no rouleaux,0,0,0.07958456632653062,168.0,0.5146725115231765,0.038624577696772286,3.0759842096155054,22.9233953022882,0.051410586734693876,0.23504185466153077,0.6940166640700339
tanzania-073026/dpc-138-KTR-72502948.png,tanzania-073026,dpc-138-KTR-72502948.png,C:\Users\owlem\Projects\fov-filtering-tool\crowding-crenation\data\raw\new\KTR-72502948\dpc\dpc-138-KTR-72502948.png,sparser,no rouleaux,0,0,0.07402614795918368,169.0,0.530564422122532,0.03475050754526234,3.0697672581388593,26.41256559663667,0.05893686224489796,0.25068604152370894,0.46260326979166927
tanzania-073026/dpc-139-KTR-72502948.png,tanzania-073026,dpc-139-KTR-72502948.png,C:\Users\owlem\Projects\fov-filtering-tool\crowding-crenation\data\raw\new\KTR-72502948\dpc\dpc-139-KTR-72502948.png,sparser,no rouleaux,0,0,0.07493163265306123,170.0,0.5464684784845502,0.03398385736677962,3.1298779665636287,30.04144497887301,0.06811619897959184,0.2025023044990777,0.3815608909312466
tanzania-073026/dpc-140-KTR-72502948.png,tanzania-073026,dpc-140-KTR-72502948.png,C:\Users\owlem\Projects\fov-filtering-tool\crowding-crenation\data\raw\new\KTR-72502948\dpc\dpc-140-KTR-72502948.png,sparser,no rouleaux,0,0,0.08575561224489796,169.0,0.5365256566503817,0.03974552607374857,3.1659977888747513,31.337962461443055,0.07176377551020408,0.22465321129796692,0.4422021631463894
tanzania-073026/dpc-141-KTR-72502948.png,tanzania-073026,dpc-141-KTR-72502948.png,C:\Users\owlem\Projects\fov-filtering-tool\crowding-crenation\data\raw\new\KTR-72502948\dpc\dpc-141-KTR-72502948.png,sparser,no rouleaux,0,0,0.06680114795918367,170.0,0.5429074412872763,0.030534307645610503,3.0238840270488008,26.86549782564272,0.060211989795918366,0.24419687998861866,0.4657397223348697
tanzania-073026/dpc-142-KTR-72502948.png,tanzania-073026,dpc-142-KTR-72502948.png,C:\Users\owlem\Projects\fov-filtering-tool\crowding-crenation\data\raw\new\KTR-72502948\dpc\dpc-142-KTR-72502948.png,sparser,no rouleaux,0,0,0.08415178571428572,169.0,0.5387581620126287,0.03881432431277656,3.145134355231446,31.057036298729493,0.06989948979591837,0.2924746809444345,0.7485365844568281
tanzania-073026/dpc-143-KTR-72502948.png,tanzania-073026,dpc-143-KTR-72502948.png,C:\Users\owlem\Projects\fov-filtering-tool\crowding-crenation\data\raw\new\KTR-72502948\dpc\dpc-143-KTR-72502948.png,sparser,no rouleaux,0,0,0.09639221938775511,169.0,0.5504179497800049,0.0433362116176025,3.2452409751404323,34.03381161543162,0.07866186224489796,0.29352924832902716,0.8251816248622655
tanzania-073026/dpc-144-KTR-72502948.png,tanzania-073026,dpc-144-KTR-72502948.png,C:\Users\owlem\Projects\fov-filtering-tool\crowding-crenation\data\raw\new\KTR-72502948\dpc\dpc-144-KTR-72502948.png,sparser,no rouleaux,0,0,0.10274591836734694,169.0,0.562954959913536,0.0449045940115777,3.262085083418226,36.56621523942241,0.0845594387755102,0.22307798022096006,0.3973684940775646
tanzania-073026/dpc-145-KTR-72502948.png,tanzania-073026,dpc-145-KTR-72502948.png,C:\Users\owlem\Projects\fov-filtering-tool\crowding-crenation\data\raw\new\KTR-72502948\dpc\dpc-145-KTR-72502948.png,monolayer,no rouleaux,1,0,0.1107125,170.0,0.5208239110692078,0.053050782745750334,3.4774281684700963,40.388096539600696,0.09130688775510204,0.16497547042715252,0.4165399931338773
tanzania-073026/dpc-146-KTR-72502948.png,tanzania-073026,dpc-146-KTR-72502948.png,C:\Users\owlem\Projects\fov-filtering-tool\crowding-crenation\data\raw\new\KTR-72502948\dpc\dpc-146-KTR-72502948.png,monolayer,no rouleaux,1,0,0.10617729591836735,170.0,0.526889340802384,0.05023361046375911,3.447477753193535,38.20887421970265,0.08867130102040817,0.16726175717603176,0.4644102540184978
tanzania-073026/dpc-147-KTR-72502948.png,tanzania-073026,dpc-147-KTR-72502948.png,C:\Users\owlem\Projects\fov-filtering-tool\crowding-crenation\data\raw\new\KTR-72502948\dpc\dpc-147-KTR-72502948.png,monolayer,no rouleaux,1,0,0.1044829081632653,170.0,0.528750518489073,0.04923751629869258,3.4440425091215543,37.56597560022679,0.08815178571428571,0.16746813855898243,0.46885807141052976
tanzania-073026/dpc-148-KTR-72502948.png,tanzania-073026,dpc-148-KTR-72502948.png,C:\Users\owlem\Projects\fov-filtering-tool\crowding-crenation\data\raw\new\KTR-72502948\dpc\dpc-148-KTR-72502948.png,monolayer,no rouleaux,1,0,0.09574566326530612,170.0,0.5335617504242447,0.04465943957793908,3.3633470801671628,35.794285263674354,0.08460918367346938,0.15420753538027854,0.2569842133905167
tanzania-073026/dpc-149-KTR-72502948.png,tanzania-073026,dpc-149-KTR-72502948.png,C:\Users\owlem\Projects\fov-filtering-tool\crowding-crenation\data\raw\new\KTR-72502948\dpc\dpc-149-KTR-72502948.png,monolayer,no rouleaux,1,0,0.0855001275510204,170.0,0.5433374104331727,0.03904470965574301,3.223724517835394,32.342606976372835,0.07659910714285714,0.19964420012062004,0.6435071847769278
tanzania-073026/dpc-150-KTR-72502948.png,tanzania-073026,dpc-150-KTR-72502948.png,C:\Users\owlem\Projects\fov-filtering-tool\crowding-crenation\data\raw\new\KTR-72502948\dpc\dpc-150-KTR-72502948.png,monolayer,no rouleaux,1,0,0.09282793367346939,170.0,0.5300973066677371,0.04362009604963193,3.349962558516895,32.94812411782135,0.08078584183673469,0.15669005917577924,0.284492716870874
tanzania-073026/dpc-151-KTR-72502948.png,tanzania-073026,dpc-151-KTR-72502948.png,C:\Users\owlem\Projects\fov-filtering-tool\crowding-crenation\data\raw\new\KTR-72502948\dpc\dpc-151-KTR-72502948.png,monolayer,no rouleaux,1,0,0.09518188775510204,170.0,0.5320322935401502,0.04454204970927396,3.3848818055139267,35.57105319724517,0.0840423469387755,0.1795952792843555,0.2648962669820895
tanzania-073026/dpc-152-KTR-72502948.png,tanzania-073026,dpc-152-KTR-72502948.png,C:\Users\owlem\Projects\fov-filtering-tool\crowding-crenation\data\raw\new\KTR-72502948\dpc\dpc-152-KTR-72502948.png,monolayer,no rouleaux,1,0,0.09035357142857142,170.0,0.5298021384160919,0.042484056072183175,3.321066452427028,34.01071611841639,0.07944400510204082,0.2142535636297881,0.387594814253497
tanzania-073026/dpc-153-KTR-72502948.png,tanzania-073026,dpc-153-KTR-72502948.png,C:\Users\owlem\Projects\fov-filtering-tool\crowding-crenation\data\raw\new\KTR-72502948\dpc\dpc-153-KTR-72502948.png,monolayer,no rouleaux,1,0,0.08996147959183673,169.0,0.5161864970388799,0.043524578572891846,3.276402903666827,28.955924052913556,0.06790446428571428,0.2166373518927685,0.3649590125690627
tanzania-073026/dpc-154-KTR-72502948.png,tanzania-073026,dpc-154-KTR-72502948.png,C:\Users\owlem\Projects\fov-filtering-tool\crowding-crenation\data\raw\new\KTR-72502948\dpc\dpc-154-KTR-72502948.png,monolayer,no rouleaux,1,0,0.06646313775510204,170.0,0.5260607473656617,0.031499489835386134,3.096863164365657,26.041509610751476,0.059157270408163265,0.20826611035851308,0.3368225860554483
tanzania-073026/dpc-155-KTR-72502948.png,tanzania-073026,dpc-155-KTR-72502948.png,C:\Users\owlem\Projects\fov-filtering-tool\crowding-crenation\data\raw\new\KTR-72502948\dpc\dpc-155-KTR-72502948.png,monolayer,no rouleaux,1,0,0.07768673469387755,170.0,0.5309861741787412,0.036436152654336626,3.1844537037287064,30.325509680751807,0.07049591836734694,0.25248362562716514,0.7946931932478873
tanzania-073026/dpc-156-KTR-72502948.png,tanzania-073026,dpc-156-KTR-72502948.png,C:\Users\owlem\Projects\fov-filtering-tool\crowding-crenation\data\raw\new\KTR-72502948\dpc\dpc-156-KTR-72502948.png,slightly dense,slight rouleaux,2,1,0.0810170918367347,170.0,0.5249445919287393,0.0384876076232468,3.2162826918730216,34.2546606987609,0.07596619897959184,0.35451888850771457,0.9469923111263219
tanzania-073026/dpc-157-KTR-72502948.png,tanzania-073026,dpc-157-KTR-72502948.png,C:\Users\owlem\Projects\fov-filtering-tool\crowding-crenation\data\raw\new\KTR-72502948\dpc\dpc-157-KTR-72502948.png,sparser,no rouleaux,0,0,0.07224298469387755,170.0,0.5348642357087627,0.03360279590026689,3.058319856713569,31.300771844210136,0.06786377551020409,0.24001232798086103,0.6868817157384209
tanzania-073026/dpc-158-KTR-72502948.png,tanzania-073026,dpc-158-KTR-72502948.png,C:\Users\owlem\Projects\fov-filtering-tool\crowding-crenation\data\raw\new\KTR-72502948\dpc\dpc-158-KTR-72502948.png,sparser,no rouleaux,0,0,0.057332908163265306,170.0,0.5237146981436883,0.027306821470841014,2.9764808477094045,24.2358510581021,0.052842091836734696,0.1749225988664209,0.42193584286190866
tanzania-073026/dpc-159-KTR-72502948.png,tanzania-073026,dpc-159-KTR-72502948.png,C:\Users\owlem\Projects\fov-filtering-tool\crowding-crenation\data\raw\new\KTR-72502948\dpc\dpc-159-KTR-72502948.png,sparser,no rouleaux,0,0,0.06626543367346939,170.0,0.5367940205613603,0.030694545107645608,3.031498380939347,28.09555067943048,0.0604109693877551,0.2320827410883554,0.8010973427208753
tanzania-073026/dpc-160-KTR-72502948.png,tanzania-073026,dpc-160-KTR-72502948.png,C:\Users\owlem\Projects\fov-filtering-tool\crowding-crenation\data\raw\new\KTR-72502948\dpc\dpc-160-KTR-72502948.png,sparser,no rouleaux,0,0,0.06704464285714286,169.0,0.5122008951534529,0.03270431677047073,3.04406374141975,24.85210082736603,0.05483367346938776,0.22549962661266426,0.6003569329630549
tanzania-073026/dpc-161-KTR-72502948.png,tanzania-073026,dpc-161-KTR-72502948.png,C:\Users\owlem\Projects\fov-filtering-tool\crowding-crenation\data\raw\new\KTR-72502948\dpc\dpc-161-KTR-72502948.png,sparser,no rouleaux,0,0,0.07006607142857142,170.0,0.5259786920947472,0.03321281081835429,3.1056967207291697,28.614056151436934,0.06356007653061224,0.2477904404144005,0.8960252863969091
tanzania-073026/dpc-162-KTR-72502948.png,tanzania-073026,dpc-162-KTR-72502948.png,C:\Users\owlem\Projects\fov-filtering-tool\crowding-crenation\data\raw\new\KTR-72502948\dpc\dpc-162-KTR-72502948.png,sparser,no rouleaux,0,0,0.05201836734693877,170.0,0.5289906376809386,0.024501138032960317,2.8991961276390166,21.748505748328988,0.047610841836734696,0.23020493926226093,0.5637932202830181
tanzania-073026/dpc-163-KTR-72502948.png,tanzania-073026,dpc-163-KTR-72502948.png,C:\Users\owlem\Projects\fov-filtering-tool\crowding-crenation\data\raw\new\KTR-72502948\dpc\dpc-163-KTR-72502948.png,monolayer,slight rouleaux,1,1,0.15520905612244898,169.0,0.5478453113637047,0.0701785024445792,3.656665200343933,56.866088879467576,0.12748520408163266,0.14810177750955963,0.21363104732820873
tanzania-073026/dpc-164-KTR-72502948.png,tanzania-073026,dpc-164-KTR-72502948.png,C:\Users\owlem\Projects\fov-filtering-tool\crowding-crenation\data\raw\new\KTR-72502948\dpc\dpc-164-KTR-72502948.png,monolayer,no rouleaux,1,0,0.16040867346938775,169.0,0.5570969988624913,0.0710454828880785,3.6668970594045147,58.1370530901373,0.1319860969387755,0.15153262135302759,0.2917927806953828
tanzania-073026/dpc-165-KTR-72502948.png,tanzania-073026,dpc-165-KTR-72502948.png,C:\Users\owlem\Projects\fov-filtering-tool\crowding-crenation\data\raw\new\KTR-72502948\dpc\dpc-165-KTR-72502948.png,monolayer,slight rouleaux,1,1,0.14916045918367346,169.0,0.5591702692578887,0.06575436505930846,3.57870090194547,53.944356828346415,0.12336160714285714,0.13181013627915691,0.20718756033542085
tanzania-073026/dpc-166-KTR-72502948.png,tanzania-073026,dpc-166-KTR-72502948.png,C:\Users\owlem\Projects\fov-filtering-tool\crowding-crenation\data\raw\new\KTR-72502948\dpc\dpc-166-KTR-72502948.png,sparser,slight rouleaux,0,1,0.11998660714285714,170.0,0.5544431951285721,0.05346084930593468,3.470783416821499,46.37401680981583,0.10679642857142857,0.14246395172510892,0.3890455754900724
tanzania-073026/dpc-167-KTR-72502948.png,tanzania-073026,dpc-167-KTR-72502948.png,C:\Users\owlem\Projects\fov-filtering-tool\crowding-crenation\data\raw\new\KTR-72502948\dpc\dpc-167-KTR-72502948.png,monolayer,no rouleaux,1,0,0.11026683673469388,170.0,0.5503412158273878,0.04958245174068238,3.420578366969866,42.20341128980134,0.09874744897959184,0.16628215657808962,0.4119060854890261
tanzania-073026/dpc-168-KTR-72502948.png,tanzania-073026,dpc-168-KTR-72502948.png,C:\Users\owlem\Projects\fov-filtering-tool\crowding-crenation\data\raw\new\KTR-72502948\dpc\dpc-168-KTR-72502948.png,monolayer,slight rouleaux,1,1,0.15270051020408162,169.0,0.5690023002468683,0.0658135686490888,3.589382271858117,55.78518656052927,0.1258441326530612,0.17530320861060403,0.30882483546933887
tanzania-073026/dpc-169-KTR-72502948.png,tanzania-073026,dpc-169-KTR-72502948.png,C:\Users\owlem\Projects\fov-filtering-tool\crowding-crenation\data\raw\new\KTR-72502948\dpc\dpc-169-KTR-72502948.png,monolayer,slight rouleaux,1,1,0.15551352040816327,169.0,0.550568315619273,0.06989270342101739,3.6184811719055903,59.15520657150623,0.1297265306122449,0.1705153323837036,0.46679377648624815
tanzania-073026/dpc-170-KTR-72502948.png,tanzania-073026,dpc-170-KTR-72502948.png,C:\Users\owlem\Projects\fov-filtering-tool\crowding-crenation\data\raw\new\KTR-72502948\dpc\dpc-170-KTR-72502948.png,monolayer,slight rouleaux,1,1,0.14462142857142857,169.0,0.5699012959596254,0.06220148900503904,3.5424146028939933,54.113209428872054,0.12230586734693878,0.20393699515713468,0.5576278029593936
tanzania-073026/dpc-171-KTR-72502948.png,tanzania-073026,dpc-171-KTR-72502948.png,C:\Users\owlem\Projects\fov-filtering-tool\crowding-crenation\data\raw\new\KTR-72502948\dpc\dpc-171-KTR-72502948.png,monolayer,no rouleaux,1,0,0.13738239795918367,169.0,0.5627998756607339,0.06006360146978164,3.505413146425021,49.72651772616131,0.11377780612244898,0.18287812553200805,0.5254084462499723
tanzania-073026/dpc-172-KTR-72502948.png,tanzania-073026,dpc-172-KTR-72502948.png,C:\Users\owlem\Projects\fov-filtering-tool\crowding-crenation\data\raw\new\KTR-72502948\dpc\dpc-172-KTR-72502948.png,monolayer,no rouleaux,1,0,0.11136670918367347,170.0,0.5662369192866982,0.04830676686441257,3.3649303266018245,45.1224612934215,0.10235867346938776,0.14244871985539218,0.3784485430256471
tanzania-073026/dpc-173-KTR-72502948.png,tanzania-073026,dpc-173-KTR-72502948.png,C:\Users\owlem\Projects\fov-filtering-tool\crowding-crenation\data\raw\new\KTR-72502948\dpc\dpc-173-KTR-72502948.png,monolayer,no rouleaux,1,0,0.11156760204081632,170.0,0.5674691606612887,0.0482564285537216,3.405765875152997,42.646323458209366,0.10032410714285714,0.1489346262609652,0.2713181944301755
tanzania-073026/dpc-174-KTR-72502948.png,tanzania-073026,dpc-174-KTR-72502948.png,C:\Users\owlem\Projects\fov-filtering-tool\crowding-crenation\data\raw\new\KTR-72502948\dpc\dpc-174-KTR-72502948.png,monolayer,no rouleaux,1,0,0.11847946428571429,170.0,0.5714687289693617,0.05077215542138626,3.4236963152454383,45.989251773797584,0.10334438775510205,0.22091622066682182,0.8077326147438547
tanzania-073026/dpc-175-KTR-72502948.png,tanzania-073026,dpc-175-KTR-72502948.png,C:\Users\owlem\Projects\fov-filtering-tool\crowding-crenation\data\raw\new\KTR-72502948\dpc\dpc-175-KTR-72502948.png,sparser,no rouleaux,0,0,0.09725676020408164,170.0,0.5817948402426039,0.040673278938634726,3.242536850272253,38.35253327190486,0.08640969387755101,0.20119007943131076,0.7760280899862583
tanzania-073026/dpc-176-KTR-72502948.png,tanzania-073026,dpc-176-KTR-72502948.png,C:\Users\owlem\Projects\fov-filtering-tool\crowding-crenation\data\raw\new\KTR-72502948\dpc\dpc-176-KTR-72502948.png,monolayer,no rouleaux,1,0,0.10671505102040817,170.0,0.572006195015877,0.04567338073529931,3.307704409617651,42.50272132216687,0.09603762755102041,0.14836382104012152,0.3508452507536298
tanzania-073026/dpc-177-KTR-72502948.png,tanzania-073026,dpc-177-KTR-72502948.png,C:\Users\owlem\Projects\fov-filtering-tool\crowding-crenation\data\raw\new\KTR-72502948\dpc\dpc-177-KTR-72502948.png,monolayer,no rouleaux,1,0,0.10750714285714286,170.0,0.5838055537637968,0.044743875787864956,3.3043748081849347,42.750144330867315,0.09450905612244898,0.19186204291931955,0.37023128298198454
tanzania-073026/dpc-178-KTR-72502948.png,tanzania-073026,dpc-178-KTR-72502948.png,C:\Users\owlem\Projects\fov-filtering-tool\crowding-crenation\data\raw\new\KTR-72502948\dpc\dpc-178-KTR-72502948.png,monolayer,no rouleaux,1,0,0.12877793367346937,169.0,0.5676229603818044,0.055680621729883036,3.417549349138028,48.40221438049085,0.10488392857142857,0.1440410014069658,0.32734913621560063
tanzania-073026/dpc-179-KTR-72502948.png,tanzania-073026,dpc-179-KTR-72502948.png,C:\Users\owlem\Projects\fov-filtering-tool\crowding-crenation\data\raw\new\KTR-72502948\dpc\dpc-179-KTR-72502948.png,monolayer,slight rouleaux,1,1,0.13690510204081632,169.0,0.5801291935528079,0.05748245560061267,3.4330949529707415,51.671998348863895,0.1098033163265306,0.16173808455266586,0.23963148834810988
tanzania-073026/dpc-180-KTR-72502948.png,tanzania-073026,dpc-180-KTR-72502948.png,C:\Users\owlem\Projects\fov-filtering-tool\crowding-crenation\data\raw\new\KTR-72502948\dpc\dpc-180-KTR-72502948.png,monolayer,no rouleaux,1,0,0.11560803571428571,170.0,0.5792161666475562,0.048645992434203374,3.37762673126264,46.182055063326125,0.10096900510204082,0.17649291339729073,0.28095616473436563
tanzania-073026/dpc-181-KTR-72502948.png,tanzania-073026,dpc-181-KTR-72502948.png,C:\Users\owlem\Projects\fov-filtering-tool\crowding-crenation\data\raw\new\KTR-72502948\dpc\dpc-181-KTR-72502948.png,dense,rouleaux,3,3,0.23285140306122448,167.0,0.5494789804333553,0.10490445151466658,3.8514219308390545,73.81171957575036,0.1538672193877551,0.3257264968467589,1.0104502220776714
tanzania-073026/dpc-182-KTR-72502948.png,tanzania-073026,dpc-182-KTR-72502948.png,C:\Users\owlem\Projects\fov-filtering-tool\crowding-crenation\data\raw\new\KTR-72502948\dpc\dpc-182-KTR-72502948.png,slightly dense,some rouleaux,2,2,0.18737869897959183,168.0,0.5538477867203281,0.0835994212712103,3.7693757587491534,58.25848173598605,0.13527397959183673,0.16598360610575677,0.5077956966616074
tanzania-073026/dpc-183-KTR-72502948.png,tanzania-073026,dpc-183-KTR-72502948.png,C:\Users\owlem\Projects\fov-filtering-tool\crowding-crenation\data\raw\new\KTR-72502948\dpc\dpc-183-KTR-72502948.png,slightly dense,some rouleaux,2,2,0.1725858418367347,169.0,0.5642355139108632,0.07520678067424573,3.7392877975499386,57.44259645565984,0.13714923469387755,0.19644220012610603,0.4941923409433923
tanzania-073026/dpc-184-KTR-72502948.png,tanzania-073026,dpc-184-KTR-72502948.png,C:\Users\owlem\Projects\fov-filtering-tool\crowding-crenation\data\raw\new\KTR-72502948\dpc\dpc-184-KTR-72502948.png,slightly dense,some rouleaux,2,2,0.15790446428571428,169.0,0.5549796676291049,0.07027069717927671,3.6572251029927108,51.48288289379994,0.1219016581632653,0.20853100021717066,0.4384695272083373
tanzania-073026/dpc-185-KTR-72502948.png,tanzania-073026,dpc-185-KTR-72502948.png,C:\Users\owlem\Projects\fov-filtering-tool\crowding-crenation\data\raw\new\KTR-72502948\dpc\dpc-185-KTR-72502948.png,slightly dense,some rouleaux,2,2,0.15870382653061224,169.0,0.5627491860561912,0.06939337732650724,3.617654019812316,55.07490437296506,0.12710803571428572,0.2247288703514883,0.5143710871054155
tanzania-073026/dpc-186-KTR-72502948.png,tanzania-073026,dpc-186-KTR-72502948.png,C:\Users\owlem\Projects\fov-filtering-tool\crowding-crenation\data\raw\new\KTR-72502948\dpc\dpc-186-KTR-72502948.png,slightly dense,some rouleaux,2,2,0.16664885204081634,169.0,0.5626901418875944,0.07287718584056467,3.668069612183579,58.88963625610439,0.13481823979591837,0.20996850280204502,0.5328359717292164
tanzania-073026/dpc-187-KTR-72502948.png,tanzania-073026,dpc-187-KTR-72502948.png,C:\Users\owlem\Projects\fov-filtering-tool\crowding-crenation\data\raw\new\KTR-72502948\dpc\dpc-187-KTR-72502948.png,slightly dense,some rouleaux,2,2,0.16491887755102042,169.0,0.5680632594074695,0.0712345224315664,3.681437874938587,59.868706363253494,0.13650395408163266,0.16830354318380814,0.40604109221067874
tanzania-073026/dpc-188-KTR-72502948.png,tanzania-073026,dpc-188-KTR-72502948.png,C:\Users\owlem\Projects\fov-filtering-tool\crowding-crenation\data\raw\new\KTR-72502948\dpc\dpc-188-KTR-72502948.png,slightly dense,slight rouleaux,2,1,0.19182614795918368,168.0,0.5761627910953153,0.08130305914595749,3.705067474184604,63.0538422105432,0.1465422193877551,0.1327715297335055,0.25935986628908436
tanzania-073026/dpc-189-KTR-72502948.png,tanzania-073026,dpc-189-KTR-72502948.png,C:\Users\owlem\Projects\fov-filtering-tool\crowding-crenation\data\raw\new\KTR-72502948\dpc\dpc-189-KTR-72502948.png,slightly dense,slight rouleaux,2,1,0.1840391581632653,168.0,0.5752638579534575,0.07816808202375876,3.6906447746335633,61.12905260758856,0.14233826530612245,0.12908717210758325,0.36029390988841115
tanzania-073026/dpc-190-KTR-72502948.png,tanzania-073026,dpc-190-KTR-72502948.png,C:\Users\owlem\Projects\fov-filtering-tool\crowding-crenation\data\raw\new\KTR-72502948\dpc\dpc-190-KTR-72502948.png,slightly dense,slight rouleaux,2,1,0.1581066326530612,169.0,0.5926576776916159,0.06440352291725654,3.5791765502973227,55.26511479825097,0.13117104591836734,0.19090212481025165,0.43802606252580856
tanzania-073026/dpc-191-KTR-72502948.png,tanzania-073026,dpc-191-KTR-72502948.png,C:\Users\owlem\Projects\fov-filtering-tool\crowding-crenation\data\raw\new\KTR-72502948\dpc\dpc-191-KTR-72502948.png,slightly dense,slight rouleaux,2,1,0.1575544642857143,169.0,0.5706330422171213,0.06764868101546835,3.5948040964918104,57.225649252845315,0.12940395408163266,0.18893921620097942,0.5368066820619946
tanzania-073026/dpc-192-KTR-72502948.png,tanzania-073026,dpc-192-KTR-72502948.png,C:\Users\owlem\Projects\fov-filtering-tool\crowding-crenation\data\raw\new\KTR-72502948\dpc\dpc-192-KTR-72502948.png,slightly dense,some rouleaux,2,2,0.1683669642857143,169.0,0.5683514077135124,0.0726753631214779,3.610814141569403,68.35068427187551,0.14072244897959182,0.3003665515614056,0.9325091500589213
tanzania-073026/dpc-193-KTR-72502948.png,tanzania-073026,dpc-193-KTR-72502948.png,C:\Users\owlem\Projects\fov-filtering-tool\crowding-crenation\data\raw\new\KTR-72502948\dpc\dpc-193-KTR-72502948.png,monolayer,slight rouleaux,1,1,0.11519834183673469,170.0,0.5574261124195549,0.05098377798950471,3.3712129931679646,46.545964332898336,0.10229145408163265,0.2677540293109972,1.04255600027434
tanzania-073026/dpc-194-KTR-72502948.png,tanzania-073026,dpc-194-KTR-72502948.png,C:\Users\owlem\Projects\fov-filtering-tool\crowding-crenation\data\raw\new\KTR-72502948\dpc\dpc-194-KTR-72502948.png,monolayer,slight rouleaux,1,1,0.09533673469387755,170.0,0.5522266881047913,0.042689245439152396,3.2423488284931716,38.30630161483779,0.08798622448979591,0.2382447799255703,0.7076742888937504
tanzania-073026/dpc-195-KTR-72502948.png,tanzania-073026,dpc-195-KTR-72502948.png,C:\Users\owlem\Projects\fov-filtering-tool\crowding-crenation\data\raw\new\KTR-72502948\dpc\dpc-195-KTR-72502948.png,monolayer,some rouleaux,1,2,0.13528966836734693,169.0,0.5679311646231857,0.05845444944999502,3.4327627775037475,51.125671206433616,0.11100420918367347,0.3246195585517968,1.2259330250411564
tanzania-073026/dpc-196-KTR-72502948.png,tanzania-073026,dpc-196-KTR-72502948.png,C:\Users\owlem\Projects\fov-filtering-tool\crowding-crenation\data\raw\new\KTR-72502948\dpc\dpc-196-KTR-72502948.png,slightly dense,slight rouleaux,2,1,0.14800280612244898,169.0,0.5624288150320779,0.06476176325357764,3.487917042480915,55.887380053073116,0.11969732142857142,0.20475667336366637,0.5696969723786577
tanzania-073026/dpc-197-KTR-72502948.png,tanzania-073026,dpc-197-KTR-72502948.png,C:\Users\owlem\Projects\fov-filtering-tool\crowding-crenation\data\raw\new\KTR-72502948\dpc\dpc-197-KTR-72502948.png,monolayer,slight rouleaux,1,1,0.11735867346938776,170.0,0.5681324921121839,0.050683397840244455,3.3897622313096205,45.95815741347715,0.10230637755102041,0.25306868884454337,0.5410954821825994
tanzania-073026/dpc-198-KTR-72502948.png,tanzania-073026,dpc-198-KTR-72502948.png,C:\Users\owlem\Projects\fov-filtering-tool\crowding-crenation\data\raw\new\KTR-72502948\dpc\dpc-198-KTR-72502948.png,monolayer,slight rouleaux,1,1,0.13113316326530614,169.0,0.5580942449821586,0.05794849952063297,3.4407166787074157,47.1767589526557,0.10386058673469388,0.20578648205923294,0.48349491486722024
tanzania-073026/dpc-199-KTR-72502948.png,tanzania-073026,dpc-199-KTR-72502948.png,C:\Users\owlem\Projects\fov-filtering-tool\crowding-crenation\data\raw\new\KTR-72502948\dpc\dpc-199-KTR-72502948.png,dense,rouleaux,3,3,0.3282122448979592,164.0,0.548758371976311,0.1481030277250648,4.073220333622666,58.32626389690481,0.1368266581632653,0.21551288219311218,0.5281063752282004
tanzania-073026/dpc-200-KTR-72502948.png,tanzania-073026,dpc-200-KTR-72502948.png,C:\Users\owlem\Projects\fov-filtering-tool\crowding-crenation\data\raw\new\KTR-72502948\dpc\dpc-200-KTR-72502948.png,dense,rouleaux,3,3,0.3690604591836735,163.0,0.5561230378631805,0.16381743546726865,4.105924341183115,62.00219869868016,0.14436632653061224,0.2360543168884404,0.3598291800063638
tanzania-073026/dpc-201-KTR-72502948.png,tanzania-073026,dpc-201-KTR-72502948.png,C:\Users\owlem\Projects\fov-filtering-tool\crowding-crenation\data\raw\new\KTR-72502948\dpc\dpc-201-KTR-72502948.png,dense,rouleaux,3,3,0.2990285714285714,165.0,0.5556777044803475,0.13286506128310524,4.045774816023466,64.34615587630478,0.1534264030612245,0.2367634045204079,0.6629973999825155
tanzania-073026/dpc-202-KTR-72502948.png,tanzania-073026,dpc-202-KTR-72502948.png,C:\Users\owlem\Projects\fov-filtering-tool\crowding-crenation\data\raw\new\KTR-72502948\dpc\dpc-202-KTR-72502948.png,dense,rouleaux,3,3,0.3356151785714286,164.0,0.5583930507261026,0.1482099951389429,4.053462906186457,64.91563851213215,0.15424375,0.2506029928619143,0.48637918093553767
tanzania-073026/dpc-203-KTR-72502948.png,tanzania-073026,dpc-203-KTR-72502948.png,C:\Users\owlem\Projects\fov-filtering-tool\crowding-crenation\data\raw\new\KTR-72502948\dpc\dpc-203-KTR-72502948.png,very dense,no rouleaux,4,0,0.30614591836734695,165.0,0.5575965550636119,0.13544000893892852,4.039608552397442,64.13126249875569,0.15251135204081634,0.2629837605838544,0.579236900363956
tanzania-073026/dpc-204-KTR-72502948.png,tanzania-073026,dpc-204-KTR-72502948.png,C:\Users\owlem\Projects\fov-filtering-tool\crowding-crenation\data\raw\new\KTR-72502948\dpc\dpc-204-KTR-72502948.png,very dense,heavy rouleaux,4,4,0.2556577806122449,166.0,0.5456651531762906,0.1161542385937538,3.9633215983645282,58.581554299325674,0.1394982142857143,0.2983217905827885,0.9344926793812591
tanzania-073026/dpc-205-KTR-72502948.png,tanzania-073026,dpc-205-KTR-72502948.png,C:\Users\owlem\Projects\fov-filtering-tool\crowding-crenation\data\raw\new\KTR-72502948\dpc\dpc-205-KTR-72502948.png,very dense,heavy rouleaux,4,4,0.2974088010204082,165.0,0.5592318381922469,0.13108833053121313,4.023508228657389,66.33164421029291,0.1531139030612245,0.2766747572673283,0.7571760636261663
tanzania-073026/dpc-206-KTR-72502948.png,tanzania-073026,dpc-206-KTR-72502948.png,C:\Users\owlem\Projects\fov-filtering-tool\crowding-crenation\data\raw\new\KTR-72502948\dpc\dpc-206-KTR-72502948.png,very dense,heavy rouleaux,4,4,0.31398839285714286,165.0,0.573401293769416,0.1339470421642775,4.0292923337935544,77.33677364864614,0.1758126275510204,0.2429306445198811,0.582163044764636
tanzania-073026/dpc-207-KTR-72502948.png,tanzania-073026,dpc-207-KTR-72502948.png,C:\Users\owlem\Projects\fov-filtering-tool\crowding-crenation\data\raw\new\KTR-72502948\dpc\dpc-207-KTR-72502948.png,very dense,heavy rouleaux,4,4,0.3090862244897959,165.0,0.5727486725270134,0.13205749971687883,3.9872990046849175,76.9320020779638,0.1769730867346939,0.22624199105805295,0.5815943906279035
tanzania-073026/dpc-208-KTR-72502948.png,tanzania-073026,dpc-208-KTR-72502948.png,C:\Users\owlem\Projects\fov-filtering-tool\crowding-crenation\data\raw\new\KTR-72502948\dpc\dpc-208-KTR-72502948.png,dense,rouleaux,3,3,0.25917959183673467,166.0,0.5586098040695205,0.114399330821998,3.908010637664963,68.4215246174482,0.1571377551020408,0.2798765378668018,0.9191738139047368
tanzania-073026/dpc-209-KTR-72502948.png,tanzania-073026,dpc-209-KTR-72502948.png,C:\Users\owlem\Projects\fov-filtering-tool\crowding-crenation\data\raw\new\KTR-72502948\dpc\dpc-209-KTR-72502948.png,dense,rouleaux,3,3,0.2617089285714286,166.0,0.561236771626177,0.11482825439425424,3.913528734794095,71.62193414156646,0.16161670918367346,0.23495866361687795,0.6214095439309789
tanzania-073026/dpc-210-KTR-72502948.png,tanzania-073026,dpc-210-KTR-72502948.png,C:\Users\owlem\Projects\fov-filtering-tool\crowding-crenation\data\raw\new\KTR-72502948\dpc\dpc-210-KTR-72502948.png,very dense,heavy rouleaux,4,4,0.26643558673469386,166.0,0.5573401030383459,0.11794034937089744,3.9286402522438095,73.54019715371278,0.16194744897959185,0.27782361101211506,0.7088316394814491
tanzania-073026/dpc-211-KTR-72502948.png,tanzania-073026,dpc-211-KTR-72502948.png,C:\Users\owlem\Projects\fov-filtering-tool\crowding-crenation\data\raw\new\KTR-72502948\dpc\dpc-211-KTR-72502948.png,very dense,heavy rouleaux,4,4,0.2705093112244898,166.0,0.5516222441054272,0.12129035791542332,3.913234139118003,78.09850356133953,0.16232295918367348,0.3378561135354763,0.827974887090441
tanzania-073026/dpc-212-KTR-72502948.png,tanzania-073026,dpc-212-KTR-72502948.png,C:\Users\owlem\Projects\fov-filtering-tool\crowding-crenation\data\raw\new\KTR-72502948\dpc\dpc-212-KTR-72502948.png,dense,rouleaux,3,3,0.2123764030612245,167.0,0.5482661601195447,0.09593760805484623,3.8281434866244424,58.167878830584705,0.1299987244897959,0.27871077527522287,0.7507930392349843
tanzania-073026/dpc-213-KTR-72502948.png,tanzania-073026,dpc-213-KTR-72502948.png,C:\Users\owlem\Projects\fov-filtering-tool\crowding-crenation\data\raw\new\KTR-72502948\dpc\dpc-213-KTR-72502948.png,very dense,heavy rouleaux,4,4,0.25983635204081634,166.0,0.5544941923964539,0.11575860386070319,3.916839723196062,68.54479125878106,0.14847869897959184,0.23842418158173184,0.5683563830839108
tanzania-073026/dpc-214-KTR-72502948.png,tanzania-073026,dpc-214-KTR-72502948.png,C:\Users\owlem\Projects\fov-filtering-tool\crowding-crenation\data\raw\new\KTR-72502948\dpc\dpc-214-KTR-72502948.png,very dense,heavy rouleaux,4,4,0.28334566326530614,166.0,0.5689101849719838,0.1221474295660314,3.93237737799288,78.97572254445856,0.16923239795918368,0.16142091048526458,0.28717644208890286
tanzania-073026/dpc-215-KTR-72502948.png,tanzania-073026,dpc-215-KTR-72502948.png,C:\Users\owlem\Projects\fov-filtering-tool\crowding-crenation\data\raw\new\KTR-72502948\dpc\dpc-215-KTR-72502948.png,very dense,heavy rouleaux,4,4,0.29356186224489794,166.0,0.5666275349692012,0.12722162788010322,3.9652629301171918,78.75330978004573,0.16810956632653062,0.18501642506694221,0.38647801373592716
tanzania-073026/dpc-216-KTR-72502948.png,tanzania-073026,dpc-216-KTR-72502948.png,C:\Users\owlem\Projects\fov-filtering-tool\crowding-crenation\data\raw\new\KTR-72502948\dpc\dpc-216-KTR-72502948.png,very dense,heavy rouleaux,4,4,0.2843514030612245,166.0,0.5624713625337625,0.12441188194299045,3.942411110130653,78.82527502560679,0.16089196428571428,0.2781727037677214,0.5978180070726103
tanzania-073026/dpc-217-KTR-72502948.png,tanzania-073026,dpc-217-KTR-72502948.png,C:\Users\owlem\Projects\fov-filtering-tool\crowding-crenation\data\raw\new\KTR-72502948\dpc\dpc-217-KTR-72502948.png,monolayer,no rouleaux,1,0,0.24339528061224489,167.0,0.556228919885802,0.10801178657199421,3.9767701448651147,66.06511579526197,0.14425573979591838,0.24835787854482053,0.420574647651737
tanzania-073026/dpc-218-KTR-72502948.png,tanzania-073026,dpc-218-KTR-72502948.png,C:\Users\owlem\Projects\fov-filtering-tool\crowding-crenation\data\raw\new\KTR-72502948\dpc\dpc-218-KTR-72502948.png,monolayer,no rouleaux,1,0,0.20839757653061225,168.0,0.5587630708516121,0.0919527067103335,3.9013155487781015,59.19601310514506,0.1374283163265306,0.21581463885768276,0.6251713783281131
tanzania-073026/dpc-219-KTR-72502948.png,tanzania-073026,dpc-219-KTR-72502948.png,C:\Users\owlem\Projects\fov-filtering-tool\crowding-crenation\data\raw\new\KTR-72502948\dpc\dpc-219-KTR-72502948.png,monolayer,no rouleaux,1,0,0.19260752551020408,168.0,0.5545977156166467,0.08578783185166988,3.8354093520882127,56.02232035458752,0.13422780612244897,0.17174147699261247,0.5341053853940443
tanzania-073026/dpc-220-KTR-72502948.png,tanzania-073026,dpc-220-KTR-72502948.png,C:\Users\owlem\Projects\fov-filtering-tool\crowding-crenation\data\raw\new\KTR-72502948\dpc\dpc-220-KTR-72502948.png,monolayer,no rouleaux,1,0,0.19113520408163265,168.0,0.5507838038877018,0.08586102932069883,3.8169788519408927,54.16457695118997,0.12615382653061225,0.22949504303536358,0.39353323299745624
tanzania-073026/dpc-221-KTR-72502948.png,tanzania-073026,dpc-221-KTR-72502948.png,C:\Users\owlem\Projects\fov-filtering-tool\crowding-crenation\data\raw\new\KTR-72502948\dpc\dpc-221-KTR-72502948.png,monolayer,no rouleaux,1,0,0.19168227040816327,168.0,0.5482155755319716,0.08659906421707703,3.854538233092406,53.400637936215205,0.12495255102040817,0.248201302109131,0.4858733066744904
tanzania-073026/dpc-222-KTR-72502948.png,tanzania-073026,dpc-222-KTR-72502948.png,C:\Users\owlem\Projects\fov-filtering-tool\crowding-crenation\data\raw\new\KTR-72502948\dpc\dpc-222-KTR-72502948.png,monolayer,no rouleaux,1,0,0.19912040816326532,168.0,0.5594840240458843,0.08771572093442269,3.8828628956343842,57.851686696584295,0.1367515306122449,0.18990930256603272,0.2993169538585923
tanzania-073026/dpc-223-KTR-72502948.png,tanzania-073026,dpc-223-KTR-72502948.png,C:\Users\owlem\Projects\fov-filtering-tool\crowding-crenation\data\raw\new\KTR-72502948\dpc\dpc-223-KTR-72502948.png,monolayer,no rouleaux,1,0,0.2031954081632653,168.0,0.5649938203590236,0.08839125822569092,3.862508474366205,62.958315546190434,0.14609770408163264,0.1875078110292602,0.28249747914088164
tanzania-073026/dpc-224-KTR-72502948.png,tanzania-073026,dpc-224-KTR-72502948.png,C:\Users\owlem\Projects\fov-filtering-tool\crowding-crenation\data\raw\new\KTR-72502948\dpc\dpc-224-KTR-72502948.png,monolayer,no rouleaux,1,0,0.20953864795918367,168.0,0.5711395234103196,0.08986284442773278,3.9046442851324463,63.41673248578805,0.15136926020408165,0.1719671553919186,0.3492336765946876
tanzania-073026/dpc-225-KTR-72502948.png,tanzania-073026,dpc-225-KTR-72502948.png,C:\Users\owlem\Projects\fov-filtering-tool\crowding-crenation\data\raw\new\KTR-72502948\dpc\dpc-225-KTR-72502948.png,monolayer,no rouleaux,1,0,0.20705969387755102,168.0,0.572181234048703,0.0885840227129472,3.870446994390878,62.49794949687241,0.14635663265306123,0.24003716947465148,0.4911086856386223
tanzania-073026/dpc-226-KTR-72502948.png,tanzania-073026,dpc-226-KTR-72502948.png,C:\Users\owlem\Projects\fov-filtering-tool\crowding-crenation\data\raw\new\KTR-72502948\dpc\dpc-226-KTR-72502948.png,monolayer,slight rouleaux,1,1,0.17696288265306123,169.0,0.5767640736015905,0.0748970495778014,3.756256312084341,60.359266870151366,0.14344285714285715,0.1736711524550614,0.366692417740984
tanzania-073026/dpc-227-KTR-72502948.png,tanzania-073026,dpc-227-KTR-72502948.png,C:\Users\owlem\Projects\fov-filtering-tool\crowding-crenation\data\raw\new\KTR-72502948\dpc\dpc-227-KTR-72502948.png,monolayer,no rouleaux,1,0,0.20294107142857143,168.0,0.5623418027844053,0.08881882346242981,3.882633959376219,61.53915618512367,0.145790943877551,0.22793599802428682,0.4091452648820353
tanzania-073026/dpc-228-KTR-72502948.png,tanzania-073026,dpc-228-KTR-72502948.png,C:\Users\owlem\Projects\fov-filtering-tool\crowding-crenation\data\raw\new\KTR-72502948\dpc\dpc-228-KTR-72502948.png,slightly dense,slight rouleaux,2,1,0.20471938775510204,168.0,0.5720128448481432,0.08761726836973599,3.843609458045382,67.05900323649443,0.15616352040816325,0.18093480595490785,0.4203624497943134
tanzania-073026/dpc-229-KTR-72502948.png,tanzania-073026,dpc-229-KTR-72502948.png,C:\Users\owlem\Projects\fov-filtering-tool\crowding-crenation\data\raw\new\KTR-72502948\dpc\dpc-229-KTR-72502948.png,slightly dense,slight rouleaux,2,1,0.23937704081632652,167.0,0.5641110414792098,0.10434180901521727,3.924410144289122,70.7570757391475,0.1639141581632653,0.22312393678220713,0.4346246964105382
tanzania-073026/dpc-230-KTR-72502948.png,tanzania-073026,dpc-230-KTR-72502948.png,C:\Users\owlem\Projects\fov-filtering-tool\crowding-crenation\data\raw\new\KTR-72502948\dpc\dpc-230-KTR-72502948.png,slightly dense,slight rouleaux,2,1,0.24012831632653062,167.0,0.5726871298457527,0.10260992005479681,3.8842401010372756,74.99572177674801,0.1686608418367347,0.1988305934827496,0.4232274563665226
tanzania-073026/dpc-231-KTR-72502948.png,tanzania-073026,dpc-231-KTR-72502948.png,C:\Users\owlem\Projects\fov-filtering-tool\crowding-crenation\data\raw\new\KTR-72502948\dpc\dpc-231-KTR-72502948.png,slightly dense,slight rouleaux,2,1,0.26983125,166.0,0.5678513558225213,0.1166072088442143,3.923641669776136,75.9683807015039,0.16821033163265306,0.22506654805094872,0.46539269417751317
tanzania-073026/dpc-232-KTR-72502948.png,tanzania-073026,dpc-232-KTR-72502948.png,C:\Users\owlem\Projects\fov-filtering-tool\crowding-crenation\data\raw\new\KTR-72502948\dpc\dpc-232-KTR-72502948.png,slightly dense,slight rouleaux,2,1,0.2830252551020408,166.0,0.5747316425250265,0.12036168536118025,3.9393554299275366,82.38038409193763,0.17854017857142856,0.19036578222445705,0.38467177287797405
tanzania-073026/dpc-233-KTR-72502948.png,tanzania-073026,dpc-233-KTR-72502948.png,C:\Users\owlem\Projects\fov-filtering-tool\crowding-crenation\data\raw\new\KTR-72502948\dpc\dpc-233-KTR-72502948.png,dense,some rouleaux,3,2,0.31705357142857143,165.0,0.5611344221758577,0.13914389882620795,3.9877767148944883,78.71334185235399,0.1702030612244898,0.3203600013411273,1.1192957400560144
tanzania-073026/dpc-234-KTR-72502948.png,tanzania-073026,dpc-234-KTR-72502948.png,C:\Users\owlem\Projects\fov-filtering-tool\crowding-crenation\data\raw\new\KTR-72502948\dpc\dpc-234-KTR-72502948.png,slightly dense,some rouleaux,2,2,0.20077283163265305,168.0,0.556542730154519,0.08903417177496274,3.8013015265835115,64.09622806397336,0.14294757653061224,0.3242616330846404,1.1997018252243508
tanzania-073026/dpc-235-KTR-72502948.png,tanzania-073026,dpc-235-KTR-72502948.png,C:\Users\owlem\Projects\fov-filtering-tool\crowding-crenation\data\raw\new\KTR-72502948\dpc\dpc-235-KTR-72502948.png,monolayer,no rouleaux,1,0,0.20281377551020408,168.0,0.5521605592682092,0.09082800779719277,3.844774058389259,61.10038876707172,0.13240025510204081,0.1957956731302874,0.33921410581389
tanzania-073026/dpc-236-KTR-72502948.png,tanzania-073026,dpc-236-KTR-72502948.png,C:\Users\owlem\Projects\fov-filtering-tool\crowding-crenation\data\raw\new\KTR-72502948\dpc\dpc-236-KTR-72502948.png,monolayer,no rouleaux,1,0,0.1822594387755102,169.0,0.5494292858908187,0.08212076548222023,3.842068463263599,57.781565412560354,0.13221211734693877,0.15667996607303267,0.20109245013374072
tanzania-073026/dpc-237-KTR-72502948.png,tanzania-073026,dpc-237-KTR-72502948.png,C:\Users\owlem\Projects\fov-filtering-tool\crowding-crenation\data\raw\new\KTR-72502948\dpc\dpc-237-KTR-72502948.png,monolayer,no rouleaux,1,0,0.19637142857142856,168.0,0.5561520165236107,0.08715906258380639,3.8619739870217025,54.27531478701122,0.12939323979591838,0.15776117281161584,0.16517347215580636
tanzania-073026/dpc-238-KTR-72502948.png,tanzania-073026,dpc-238-KTR-72502948.png,C:\Users\owlem\Projects\fov-filtering-tool\crowding-crenation\data\raw\new\KTR-72502948\dpc\dpc-238-KTR-72502948.png,monolayer,no rouleaux,1,0,0.1905766581632653,168.0,0.543895894602128,0.08692279618127219,3.833548417637312,49.04532318484081,0.11699783163265307,0.175698822403018,0.2867797126400766
tanzania-073026/dpc-239-KTR-72502948.png,tanzania-073026,dpc-239-KTR-72502948.png,C:\Users\owlem\Projects\fov-filtering-tool\crowding-crenation\data\raw\new\KTR-72502948\dpc\dpc-239-KTR-72502948.png,monolayer,no rouleaux,1,0,0.17127602040816325,169.0,0.5560611686187766,0.07603607634362655,3.8303781288401506,51.3210746310675,0.1224469387755102,0.16372941457939097,0.38848251369230674
tanzania-073026/dpc-240-KTR-72502948.png,tanzania-073026,dpc-240-KTR-72502948.png,C:\Users\owlem\Projects\fov-filtering-tool\crowding-crenation\data\raw\new\KTR-72502948\dpc\dpc-240-KTR-72502948.png,monolayer,no rouleaux,1,0,0.19572563775510204,168.0,0.5525269349029334,0.08758195104435366,3.8808972766386187,55.58504852044919,0.12912372448979592,0.19618119432744707,0.22139114197443824
tanzania-073026/dpc-241-KTR-72502948.png,tanzania-073026,dpc-241-KTR-72502948.png,C:\Users\owlem\Projects\fov-filtering-tool\crowding-crenation\data\raw\new\KTR-72502948\dpc\dpc-241-KTR-72502948.png,monolayer,no rouleaux,1,0,0.17974821428571428,169.0,0.5616179868334761,0.07879838404165916,3.838433199504984,59.43209626178702,0.1374404336734694,0.16419450576714578,0.2576797146750986
tanzania-073026/dpc-242-KTR-72502948.png,tanzania-073026,dpc-242-KTR-72502948.png,C:\Users\owlem\Projects\fov-filtering-tool\crowding-crenation\data\raw\new\KTR-72502948\dpc\dpc-242-KTR-72502948.png,monolayer,no rouleaux,1,0,0.2007515306122449,168.0,0.5627445737037359,0.08777969609748466,3.870959993393594,59.879920943004805,0.13909081632653061,0.18332842250699746,0.24752525319451685
tanzania-073026/dpc-243-KTR-72502948.png,tanzania-073026,dpc-243-KTR-72502948.png,C:\Users\owlem\Projects\fov-filtering-tool\crowding-crenation\data\raw\new\KTR-72502948\dpc\dpc-243-KTR-72502948.png,monolayer,no rouleaux,1,0,0.19909795918367346,168.0,0.5563780477276711,0.08832422534649768,3.8766018638095003,57.24992841868827,0.13504693877551022,0.19059355295817473,0.304881343061774
tanzania-073026/dpc-244-KTR-72502948.png,tanzania-073026,dpc-244-KTR-72502948.png,C:\Users\owlem\Projects\fov-filtering-tool\crowding-crenation\data\raw\new\KTR-72502948\dpc\dpc-244-KTR-72502948.png,monolayer,no rouleaux,1,0,0.16525650510204082,169.0,0.5670821380981205,0.07154249285415255,3.747238051848676,54.773445697140204,0.12900420918367347,0.14247178998011298,0.32708311563095144
tanzania-073026/dpc-245-KTR-72502948.png,tanzania-073026,dpc-245-KTR-72502948.png,C:\Users\owlem\Projects\fov-filtering-tool\crowding-crenation\data\raw\new\KTR-72502948\dpc\dpc-245-KTR-72502948.png,monolayer,no rouleaux,1,0,0.1770497448979592,169.0,0.5662217929428067,0.07680032090177019,3.814416388685991,58.95406093335694,0.13933188775510205,0.14408904926518756,0.3237289994928504
tanzania-073026/dpc-246-KTR-72502948.png,tanzania-073026,dpc-246-KTR-72502948.png,C:\Users\owlem\Projects\fov-filtering-tool\crowding-crenation\data\raw\new\KTR-72502948\dpc\dpc-246-KTR-72502948.png,monolayer,no rouleaux,1,0,0.23090752551020408,167.0,0.5582546747989869,0.10200231994786632,3.92532457650595,62.52749130506007,0.14510229591836735,0.19899844778153705,0.19798707229336127
tanzania-073026/dpc-247-KTR-72502948.png,tanzania-073026,dpc-247-KTR-72502948.png,C:\Users\owlem\Projects\fov-filtering-tool\crowding-crenation\data\raw\new\KTR-72502948\dpc\dpc-247-KTR-72502948.png,monolayer,no rouleaux,1,0,0.23620586734693877,167.0,0.5732173746583182,0.10080856018743554,3.907972746709294,69.81051058954114,0.15994630102040816,0.17206342075365233,0.34055357581038903
tanzania-073026/dpc-248-KTR-72502948.png,tanzania-073026,dpc-248-KTR-72502948.png,C:\Users\owlem\Projects\fov-filtering-tool\crowding-crenation\data\raw\new\KTR-72502948\dpc\dpc-248-KTR-72502948.png,monolayer,no rouleaux,1,0,0.24400892857142858,167.0,0.5625824452020646,0.10673378888457838,3.964097038078892,68.67959139141774,0.15663558673469388,0.2098910013159742,0.22364072089632264
tanzania-073026/dpc-249-KTR-72502948.png,tanzania-073026,dpc-249-KTR-72502948.png,C:\Users\owlem\Projects\fov-filtering-tool\crowding-crenation\data\raw\new\KTR-72502948\dpc\dpc-249-KTR-72502948.png,monolayer,slight rouleaux,1,1,0.27588392857142857,166.0,0.5737086399125619,0.1176069351369799,3.976565505419271,70.80477140662728,0.16239961734693878,0.20800726134672923,0.228479550117879
tanzania-073026/dpc-250-KTR-72502948.png,tanzania-073026,dpc-250-KTR-72502948.png,C:\Users\owlem\Projects\fov-filtering-tool\crowding-crenation\data\raw\new\KTR-72502948\dpc\dpc-250-KTR-72502948.png,slightly dense,slight rouleaux,2,1,0.3214924744897959,165.0,0.5729464339067759,0.13729450770300222,4.034260598498935,74.24177295576595,0.16814821428571428,0.21854560713295038,0.2731540310244465
tanzania-073026/dpc-251-KTR-72502948.png,tanzania-073026,dpc-251-KTR-72502948.png,C:\Users\owlem\Projects\fov-filtering-tool\crowding-crenation\data\raw\new\KTR-72502948\dpc\dpc-251-KTR-72502948.png,slightly dense,slight rouleaux,2,1,0.3204918367346939,165.0,0.5806532671137208,0.1343972046514167,3.9965127043141795,76.53148722649539,0.17210420918367347,0.22031291647990472,0.2881835109059117
tanzania-073026/dpc-252-KTR-72502948.png,tanzania-073026,dpc-252-KTR-72502948.png,C:\Users\owlem\Projects\fov-filtering-tool\crowding-crenation\data\raw\new\KTR-72502948\dpc\dpc-252-KTR-72502948.png,slightly dense,slight rouleaux,2,1,0.32304311224489796,165.0,0.5797595146230645,0.13575579428747175,4.010624763427439,74.41370597053708,0.1697857142857143,0.22326786206538965,0.2856391678478017
tanzania-073026/dpc-253-KTR-72502948.png,tanzania-073026,dpc-253-KTR-72502948.png,C:\Users\owlem\Projects\fov-filtering-tool\crowding-crenation\data\raw\new\KTR-72502948\dpc\dpc-253-KTR-72502948.png,monolayer,no rouleaux,1,0,0.17873482142857142,169.0,0.5629903087940177,0.07810884912025638,3.8011020996250977,60.56194371821716,0.13419349489795918,0.13233683663287027,0.22760256580269264
tanzania-073026/dpc-254-KTR-72502948.png,tanzania-073026,dpc-254-KTR-72502948.png,C:\Users\owlem\Projects\fov-filtering-tool\crowding-crenation\data\raw\new\KTR-72502948\dpc\dpc-254-KTR-72502948.png,monolayer,no rouleaux,1,0,0.17551619897959184,169.0,0.551951666005916,0.07863974054178026,3.8081172694434895,56.17143272926933,0.12681173469387755,0.156469667160634,0.22718268530944608
tanzania-073026/dpc-255-KTR-72502948.png,tanzania-073026,dpc-255-KTR-72502948.png,C:\Users\owlem\Projects\fov-filtering-tool\crowding-crenation\data\raw\new\KTR-72502948\dpc\dpc-255-KTR-72502948.png,monolayer,no rouleaux,1,0,0.1924905612244898,168.0,0.5521169764552719,0.08621325456504608,3.8286681437647236,53.400684317644036,0.12433329081632653,0.1541739083982129,0.18277976572367496
tanzania-073026/dpc-256-KTR-72502948.png,tanzania-073026,dpc-256-KTR-72502948.png,C:\Users\owlem\Projects\fov-filtering-tool\crowding-crenation\data\raw\new\KTR-72502948\dpc\dpc-256-KTR-72502948.png,monolayer,no rouleaux,1,0,0.16985535714285716,169.0,0.5555602404904048,0.07549047407998785,3.766007026035926,51.83385641869033,0.12187155612244897,0.12685823926171153,0.24360093313723136
tanzania-073026/dpc-257-KTR-72502948.png,tanzania-073026,dpc-257-KTR-72502948.png,C:\Users\owlem\Projects\fov-filtering-tool\crowding-crenation\data\raw\new\KTR-72502948\dpc\dpc-257-KTR-72502948.png,monolayer,no rouleaux,1,0,0.16521964285714286,169.0,0.5595632074401209,0.07276880956788874,3.7616703446534974,50.2872183131004,0.1206186224489796,0.14807342535972598,0.31840172826867047
tanzania-073026/dpc-258-KTR-72502948.png,tanzania-073026,dpc-258-KTR-72502948.png,C:\Users\owlem\Projects\fov-filtering-tool\crowding-crenation\data\raw\new\KTR-72502948\dpc\dpc-258-KTR-72502948.png,monolayer,no rouleaux,1,0,0.14912283163265305,169.0,0.554181715311556,0.06648168500635301,3.682396020957049,43.87773712588655,0.10622130102040817,0.23952620430702845,0.1808008661221671
tanzania-073026/dpc-259-KTR-72502948.png,tanzania-073026,dpc-259-KTR-72502948.png,C:\Users\owlem\Projects\fov-filtering-tool\crowding-crenation\data\raw\new\KTR-72502948\dpc\dpc-259-KTR-72502948.png,monolayer,no rouleaux,1,0,0.15223520408163266,169.0,0.5524890129501324,0.06812692644230946,3.7307509400138423,47.8279866854664,0.11433520408163265,0.22325818312201673,0.3139261199633983
tanzania-073026/dpc-260-KTR-72502948.png,tanzania-073026,dpc-260-KTR-72502948.png,C:\Users\owlem\Projects\fov-filtering-tool\crowding-crenation\data\raw\new\KTR-72502948\dpc\dpc-260-KTR-72502948.png,monolayer,no rouleaux,1,0,0.17401632653061225,169.0,0.5680533730096069,0.07516576528615682,3.7926508489240898,53.302567400345715,0.12823545918367346,0.12205595205453804,0.19837008068637874
tanzania-073026/dpc-261-KTR-72502948.png,tanzania-073026,dpc-261-KTR-72502948.png,C:\Users\owlem\Projects\fov-filtering-tool\crowding-crenation\data\raw\new\KTR-72502948\dpc\dpc-261-KTR-72502948.png,monolayer,no rouleaux,1,0,0.17820510204081633,169.0,0.5613276359871316,0.07817365339139933,3.8365051289263494,58.083975187114575,0.13566492346938774,0.12399846618041556,0.1724133554266532
tanzania-073026/dpc-262-KTR-72502948.png,tanzania-073026,dpc-262-KTR-72502948.png,C:\Users\owlem\Projects\fov-filtering-tool\crowding-crenation\data\raw\new\KTR-72502948\dpc\dpc-262-KTR-72502948.png,monolayer,no rouleaux,1,0,0.15071122448979593,170.0,0.5679871254481806,0.06510918931906129,3.743385391922528,53.89582972360081,0.12688584183673468,0.114735935141039,0.20460847409365096
tanzania-073026/dpc-263-KTR-72502948.png,tanzania-073026,dpc-263-KTR-72502948.png,C:\Users\owlem\Projects\fov-filtering-tool\crowding-crenation\data\raw\new\KTR-72502948\dpc\dpc-263-KTR-72502948.png,monolayer,no rouleaux,1,0,0.19426211734693877,168.0,0.5545424419685054,0.08653552841139499,3.8537959070730907,56.79192643204718,0.13340420918367346,0.16826074806475283,0.37301295821210817
tanzania-073026/dpc-264-KTR-72502948.png,tanzania-073026,dpc-264-KTR-72502948.png,C:\Users\owlem\Projects\fov-filtering-tool\crowding-crenation\data\raw\new\KTR-72502948\dpc\dpc-264-KTR-72502948.png,monolayer,no rouleaux,1,0,0.20843482142857142,168.0,0.5661672151558768,0.09042585903884467,3.9089560609235847,63.22941319840248,0.14699885204081634,0.14263954872361018,0.3264654799106791
tanzania-073026/dpc-265-KTR-72502948.png,tanzania-073026,dpc-265-KTR-72502948.png,C:\Users\owlem\Projects\fov-filtering-tool\crowding-crenation\data\raw\new\KTR-72502948\dpc\dpc-265-KTR-72502948.png,monolayer,no rouleaux,1,0,0.26518673469387755,166.0,0.5577086723397593,0.11728979296563911,3.950724798347647,62.08753321380428,0.14285089285714286,0.2129770640645371,0.33700216130761035
tanzania-073026/dpc-266-KTR-72502948.png,tanzania-073026,dpc-266-KTR-72502948.png,C:\Users\owlem\Projects\fov-filtering-tool\crowding-crenation\data\raw\new\KTR-72502948\dpc\dpc-266-KTR-72502948.png,monolayer,no rouleaux,1,0,0.2386830357142857,167.0,0.5603980708330671,0.10492552295941993,3.9192127799348926,65.32159485024255,0.14800956632653062,0.19653180767928674,0.3130990535728982
tanzania-073026/dpc-267-KTR-72502948.png,tanzania-073026,dpc-267-KTR-72502948.png,C:\Users\owlem\Projects\fov-filtering-tool\crowding-crenation\data\raw\new\KTR-72502948\dpc\dpc-267-KTR-72502948.png,monolayer,no rouleaux,1,0,0.3039625,165.0,0.5588871707145197,0.13408175837168784,3.9691875064785043,61.24473450061302,0.13998813775510205,0.23905453276986324,0.3203126523818309
tanzania-073026/dpc-268-KTR-72502948.png,tanzania-073026,dpc-268-KTR-72502948.png,C:\Users\owlem\Projects\fov-filtering-tool\crowding-crenation\data\raw\new\KTR-72502948\dpc\dpc-268-KTR-72502948.png,monolayer,slight rouleaux,1,1,0.3106275510204082,165.0,0.5708419585644664,0.13330831141183466,3.988395758677699,67.44201659652077,0.15373686224489796,0.23588076374924585,0.2873236410523277
tanzania-073026/dpc-269-KTR-72502948.png,tanzania-073026,dpc-269-KTR-72502948.png,C:\Users\owlem\Projects\fov-filtering-tool\crowding-crenation\data\raw\new\KTR-72502948\dpc\dpc-269-KTR-72502948.png,monolayer,slight rouleaux,1,1,0.3171145408163265,165.0,0.5742549086879646,0.1350099591362211,4.0079700817953885,64.86623671806757,0.14941607142857144,0.23603412844068153,0.23399654766765615
tanzania-073026/dpc-270-KTR-72502948.png,tanzania-073026,dpc-270-KTR-72502948.png,C:\Users\owlem\Projects\fov-filtering-tool\crowding-crenation\data\raw\new\KTR-72502948\dpc\dpc-270-KTR-72502948.png,monolayer,slight rouleaux,1,1,0.3108224489795918,165.0,0.5745590632770603,0.13223659384839567,3.996721233491022,68.80499653856003,0.158034693877551,0.21728408794147758,0.3189285159899533
tanzania-073026/dpc-271-KTR-72502948.png,tanzania-073026,dpc-271-KTR-72502948.png,C:\Users\owlem\Projects\fov-filtering-tool\crowding-crenation\data\raw\new\KTR-72502948\dpc\dpc-271-KTR-72502948.png,monolayer,no rouleaux,1,0,0.18467563775510204,169.0,0.5679251946746992,0.0797936902313615,3.8338657481145852,63.62820252169774,0.13917755102040816,0.154619306841991,0.3573000569057611
tanzania-073026/dpc-272-KTR-72502948.png,tanzania-073026,dpc-272-KTR-72502948.png,C:\Users\owlem\Projects\fov-filtering-tool\crowding-crenation\data\raw\new\KTR-72502948\dpc\dpc-272-KTR-72502948.png,monolayer,no rouleaux,1,0,0.19820994897959185,168.0,0.5639406671772014,0.08643129811088178,3.835525909543162,61.02697125820207,0.13372397959183674,0.2102192010013642,0.35483715372692776
tanzania-073026/dpc-273-KTR-72502948.png,tanzania-073026,dpc-273-KTR-72502948.png,C:\Users\owlem\Projects\fov-filtering-tool\crowding-crenation\data\raw\new\KTR-72502948\dpc\dpc-273-KTR-72502948.png,monolayer,no rouleaux,1,0,0.18190204081632652,169.0,0.5663449648506289,0.07888273590394641,3.841657587233809,58.062719883764444,0.1339733418367347,0.1518088870397699,0.2711689781256796
tanzania-073026/dpc-274-KTR-72502948.png,tanzania-073026,dpc-274-KTR-72502948.png,C:\Users\owlem\Projects\fov-filtering-tool\crowding-crenation\data\raw\new\KTR-72502948\dpc\dpc-274-KTR-72502948.png,monolayer,no rouleaux,1,0,0.17265714285714287,169.0,0.5547249007786824,0.07687992641698349,3.8041522749396317,53.949733231542005,0.12366530612244898,0.17296085642896866,0.3013887188784948
tanzania-073026/dpc-275-KTR-72502948.png,tanzania-073026,dpc-275-KTR-72502948.png,C:\Users\owlem\Projects\fov-filtering-tool\crowding-crenation\data\raw\new\KTR-72502948\dpc\dpc-275-KTR-72502948.png,monolayer,no rouleaux,1,0,0.17141607142857143,169.0,0.566714088818292,0.07427216870011731,3.7891489709791464,53.866594164827006,0.12676964285714284,0.14129356463519138,0.36439988224780695
tanzania-073026/dpc-276-KTR-72502948.png,tanzania-073026,dpc-276-KTR-72502948.png,C:\Users\owlem\Projects\fov-filtering-tool\crowding-crenation\data\raw\new\KTR-72502948\dpc\dpc-276-KTR-72502948.png,monolayer,no rouleaux,1,0,0.17980433673469387,169.0,0.5754859221857688,0.07632947219592807,3.832380663359869,56.80927891896897,0.13502091836734695,0.11920108956615831,0.23478368495278273
tanzania-073026/dpc-277-KTR-72502948.png,tanzania-073026,dpc-277-KTR-72502948.png,C:\Users\owlem\Projects\fov-filtering-tool\crowding-crenation\data\raw\new\KTR-72502948\dpc\dpc-277-KTR-72502948.png,monolayer,no rouleaux,1,0,0.1820230867346939,169.0,0.5793268891774742,0.0765722181382021,3.8305177088120845,59.358321418095294,0.13965306122448978,0.12729016700707096,0.2117876553724432
tanzania-073026/dpc-278-KTR-72502948.png,tanzania-073026,dpc-278-KTR-72502948.png,C:\Users\owlem\Projects\fov-filtering-tool\crowding-crenation\data\raw\new\KTR-72502948\dpc\dpc-278-KTR-72502948.png,monolayer,no rouleaux,1,0,0.1870405612244898,169.0,0.5741680372714976,0.07964784929606512,3.8651710577588347,60.71835783268726,0.141503443877551,0.13518442758718227,0.2274297179516679
tanzania-073026/dpc-279-KTR-72502948.png,tanzania-073026,dpc-279-KTR-72502948.png,C:\Users\owlem\Projects\fov-filtering-tool\crowding-crenation\data\raw\new\KTR-72502948\dpc\dpc-279-KTR-72502948.png,monolayer,no rouleaux,1,0,0.1842673469387755,169.0,0.5757564031390565,0.07817424204932948,3.8466953341411876,62.901365862501706,0.14528048469387755,0.1293101314973961,0.285781278444377
tanzania-073026/dpc-280-KTR-72502948.png,tanzania-073026,dpc-280-KTR-72502948.png,C:\Users\owlem\Projects\fov-filtering-tool\crowding-crenation\data\raw\new\KTR-72502948\dpc\dpc-280-KTR-72502948.png,monolayer,no rouleaux,1,0,0.16956147959183673,169.0,0.571735724370133,0.07261712423212643,3.78788724958384,54.674586466332826,0.12748545918367346,0.14192514379965637,0.2986078400949123
tanzania-073026/dpc-281-KTR-72502948.png,tanzania-073026,dpc-281-KTR-72502948.png,C:\Users\owlem\Projects\fov-filtering-tool\crowding-crenation\data\raw\new\KTR-72502948\dpc\dpc-281-KTR-72502948.png,monolayer,no rouleaux,1,0,0.18036989795918368,169.0,0.5663730925801531,0.07821324104367416,3.843697450695329,60.91980946582079,0.14124017857142857,0.15066389430060892,0.32640363666279304
tanzania-073026/dpc-282-KTR-72502948.png,tanzania-073026,dpc-282-KTR-72502948.png,C:\Users\owlem\Projects\fov-filtering-tool\crowding-crenation\data\raw\new\KTR-72502948\dpc\dpc-282-KTR-72502948.png,monolayer,no rouleaux,1,0,0.21085612244897958,168.0,0.5677432652439636,0.09114397899311491,3.9369096805722865,62.76512870170962,0.14557895408163266,0.17161759210910896,0.2770946712708449
tanzania-073026/dpc-283-KTR-72502948.png,tanzania-073026,dpc-283-KTR-72502948.png,C:\Users\owlem\Projects\fov-filtering-tool\crowding-crenation\data\raw\new\KTR-72502948\dpc\dpc-283-KTR-72502948.png,monolayer,no rouleaux,1,0,0.2396705357142857,167.0,0.561059038692592,0.10520121534349003,3.954842470158081,64.05410435062711,0.14449617346938776,0.20151773754116317,0.24297526637833472
tanzania-073026/dpc-284-KTR-72502948.png,tanzania-073026,dpc-284-KTR-72502948.png,C:\Users\owlem\Projects\fov-filtering-tool\crowding-crenation\data\raw\new\KTR-72502948\dpc\dpc-284-KTR-72502948.png,monolayer,no rouleaux,1,0,0.23750625,167.0,0.5640259010678519,0.1035465733345035,3.937230363089066,65.39602872304266,0.14842882653061223,0.18690204203240499,0.17225340627850777
tanzania-073026/dpc-285-KTR-72502948.png,tanzania-073026,dpc-285-KTR-72502948.png,C:\Users\owlem\Projects\fov-filtering-tool\crowding-crenation\data\raw\new\KTR-72502948\dpc\dpc-285-KTR-72502948.png,monolayer,no rouleaux,1,0,0.30803354591836735,165.0,0.5622694865627184,0.1348356822107534,4.003834346084897,62.59300375913453,0.1421156887755102,0.23409467125416342,0.27104401641246956
tanzania-073026/dpc-286-KTR-72502948.png,tanzania-073026,dpc-286-KTR-72502948.png,C:\Users\owlem\Projects\fov-filtering-tool\crowding-crenation\data\raw\new\KTR-72502948\dpc\dpc-286-KTR-72502948.png,monolayer,no rouleaux,1,0,0.3049427295918367,165.0,0.5700927563993369,0.1310970883348889,3.948680228152088,67.66819448897029,0.1509294642857143,0.22240187631532862,0.38156411833792364
tanzania-073026/dpc-287-KTR-72502948.png,tanzania-073026,dpc-287-KTR-72502948.png,C:\Users\owlem\Projects\fov-filtering-tool\crowding-crenation\data\raw\new\KTR-72502948\dpc\dpc-287-KTR-72502948.png,monolayer,no rouleaux,1,0,0.3180158163265306,165.0,0.5789027305138061,0.13391559190852498,4.029878523292044,70.68841552145808,0.1608843112244898,0.21798089164581536,0.23655642009045758
tanzania-073026/dpc-288-KTR-72502948.png,tanzania-073026,dpc-288-KTR-72502948.png,C:\Users\owlem\Projects\fov-filtering-tool\crowding-crenation\data\raw\new\KTR-72502948\dpc\dpc-288-KTR-72502948.png,monolayer,no rouleaux,1,0,0.3182584183673469,165.0,0.5773778900908132,0.13450304426676885,4.014484798483712,65.90032771609224,0.1508845663265306,0.24678071867931567,0.4776260214095237
tanzania-073026/dpc-289-KTR-72502948.png,tanzania-073026,dpc-289-KTR-72502948.png,C:\Users\owlem\Projects\fov-filtering-tool\crowding-crenation\data\raw\new\KTR-72502948\dpc\dpc-289-KTR-72502948.png,monolayer,no rouleaux,1,0,0.18414795918367347,169.0,0.5627439919005126,0.0805198015323204,3.8313809154181984,61.88280464264929,0.1361855867346939,0.14592733907999275,0.22959616658964213
tanzania-073026/dpc-290-KTR-72502948.png,tanzania-073026,dpc-290-KTR-72502948.png,C:\Users\owlem\Projects\fov-filtering-tool\crowding-crenation\data\raw\new\KTR-72502948\dpc\dpc-290-KTR-72502948.png,monolayer,no rouleaux,1,0,0.18591186224489795,169.0,0.5679872774071161,0.08031628977073155,3.841413988648055,62.16352517221999,0.14180382653061224,0.12427905435735906,0.21218110106138682
tanzania-073026/dpc-291-KTR-72502948.png,tanzania-073026,dpc-291-KTR-72502948.png,C:\Users\owlem\Projects\fov-filtering-tool\crowding-crenation\data\raw\new\KTR-72502948\dpc\dpc-291-KTR-72502948.png,monolayer,no rouleaux,1,0,0.18308163265306124,169.0,0.5689225958680111,0.07892235494832801,3.841093924096132,59.3561892398386,0.13666913265306121,0.12390202404015395,0.19876381153480951
tanzania-073026/dpc-292-KTR-72502948.png,tanzania-073026,dpc-292-KTR-72502948.png,C:\Users\owlem\Projects\fov-filtering-tool\crowding-crenation\data\raw\new\KTR-72502948\dpc\dpc-292-KTR-72502948.png,monolayer,no rouleaux,1,0,0.17904323979591838,169.0,0.5561550277510193,0.07946744179858699,3.828030058680885,54.25357098231345,0.12510484693877552,0.15964771018814697,0.18866750161883955
tanzania-073026/dpc-293-KTR-72502948.png,tanzania-073026,dpc-293-KTR-72502948.png,C:\Users\owlem\Projects\fov-filtering-tool\crowding-crenation\data\raw\new\KTR-72502948\dpc\dpc-293-KTR-72502948.png,monolayer,no rouleaux,1,0,0.17722142857142859,169.0,0.5736104830463831,0.07556535932240135,3.7976470729313787,54.967698248301765,0.13073482142857143,0.12334795470889005,0.2975204771647202
tanzania-073026/dpc-294-KTR-72502948.png,tanzania-073026,dpc-294-KTR-72502948.png,C:\Users\owlem\Projects\fov-filtering-tool\crowding-crenation\data\raw\new\KTR-72502948\dpc\dpc-294-KTR-72502948.png,monolayer,no rouleaux,1,0,0.1796264030612245,169.0,0.5808253813759631,0.07529482899799632,3.825991510365113,57.58648654314299,0.13651658163265307,0.11162329185475972,0.2482835950725353
tanzania-073026/dpc-295-KTR-72502948.png,tanzania-073026,dpc-295-KTR-72502948.png,C:\Users\owlem\Projects\fov-filtering-tool\crowding-crenation\data\raw\new\KTR-72502948\dpc\dpc-295-KTR-72502948.png,monolayer,no rouleaux,1,0,0.18140178571428572,169.0,0.585094695119311,0.07526456320768714,3.808210046522679,60.304379286634244,0.14165357142857143,0.1120244254005188,0.22760336949132942
tanzania-073026/dpc-296-KTR-72502948.png,tanzania-073026,dpc-296-KTR-72502948.png,C:\Users\owlem\Projects\fov-filtering-tool\crowding-crenation\data\raw\new\KTR-72502948\dpc\dpc-296-KTR-72502948.png,monolayer,no rouleaux,1,0,0.18705522959183674,169.0,0.5790053668201892,0.07874924776638059,3.8603719847270113,61.21256586259949,0.14346989795918366,0.13172400117021726,0.2692023878078675
tanzania-073026/dpc-297-KTR-72502948.png,tanzania-073026,dpc-297-KTR-72502948.png,C:\Users\owlem\Projects\fov-filtering-tool\crowding-crenation\data\raw\new\KTR-72502948\dpc\dpc-297-KTR-72502948.png,monolayer,no rouleaux,1,0,0.18349145408163264,169.0,0.5805719595343017,0.07696146102766083,3.8708724281868374,60.637241438192824,0.14229642857142857,0.10832664202681552,0.23595774945665085
tanzania-073026/dpc-298-KTR-72502948.png,tanzania-073026,dpc-298-KTR-72502948.png,C:\Users\owlem\Projects\fov-filtering-tool\crowding-crenation\data\raw\new\KTR-72502948\dpc\dpc-298-KTR-72502948.png,monolayer,no rouleaux,1,0,0.1689158163265306,169.0,0.5843394830389436,0.07021163553718457,3.7526014151693476,54.4024373530366,0.13089566326530613,0.12110408140423637,0.22653619578063763
tanzania-073026/dpc-299-KTR-72502948.png,tanzania-073026,dpc-299-KTR-72502948.png,C:\Users\owlem\Projects\fov-filtering-tool\crowding-crenation\data\raw\new\KTR-72502948\dpc\dpc-299-KTR-72502948.png,monolayer,no rouleaux,1,0,0.1817483418367347,169.0,0.57271746176492,0.07765789282001698,3.8504717788859377,60.94888952941299,0.14160140306122448,0.1496345803842501,0.2683030845589785
tanzania-073026/dpc-300-KTR-72502948.png,tanzania-073026,dpc-300-KTR-72502948.png,C:\Users\owlem\Projects\fov-filtering-tool\crowding-crenation\data\raw\new\KTR-72502948\dpc\dpc-300-KTR-72502948.png,monolayer,no rouleaux,1,0,0.21227704081632653,168.0,0.5714431202268134,0.09097278625973027,3.8996575052108646,67.18499215009683,0.1513484693877551,0.1446182731856524,0.21289864403275943
tanzania-073026/dpc-301-KTR-72502948.png,tanzania-073026,dpc-301-KTR-72502948.png,C:\Users\owlem\Projects\fov-filtering-tool\crowding-crenation\data\raw\new\KTR-72502948\dpc\dpc-301-KTR-72502948.png,monolayer,no rouleaux,1,0,0.2407404336734694,167.0,0.5677814954352925,0.10405247023060608,3.944840189880221,66.31765984480505,0.15040497448979592,0.17328116986194025,0.28333458457995536
tanzania-073026/dpc-302-KTR-72502948.png,tanzania-073026,dpc-302-KTR-72502948.png,C:\Users\owlem\Projects\fov-filtering-tool\crowding-crenation\data\raw\new\KTR-72502948\dpc\dpc-302-KTR-72502948.png,monolayer,no rouleaux,1,0,0.23875267857142857,167.0,0.570789080598988,0.10247525667909714,3.946905484042106,67.5394546673744,0.15390267857142856,0.16925728394489692,0.29785343350421806
tanzania-073026/dpc-303-KTR-72502948.png,tanzania-073026,dpc-303-KTR-72502948.png,C:\Users\owlem\Projects\fov-filtering-tool\crowding-crenation\data\raw\new\KTR-72502948\dpc\dpc-303-KTR-72502948.png,monolayer,no rouleaux,1,0,0.27506964285714286,166.0,0.5649451709568992,0.11967037644816107,3.9878282330916672,65.88084254904092,0.14965676020408164,0.19411602071679498,0.27997855355995815
tanzania-073026/dpc-304-KTR-72502948.png,tanzania-073026,dpc-304-KTR-72502948.png,C:\Users\owlem\Projects\fov-filtering-tool\crowding-crenation\data\raw\new\KTR-72502948\dpc\dpc-304-KTR-72502948.png,monolayer,slight rouleaux,1,1,0.2776920918367347,166.0,0.5729252880204023,0.11859527014018546,3.973510720034371,73.73058478698132,0.16289030612244898,0.22198790979785687,0.2766518018179864
tanzania-073026/dpc-305-KTR-72502948.png,tanzania-073026,dpc-305-KTR-72502948.png,C:\Users\owlem\Projects\fov-filtering-tool\crowding-crenation\data\raw\new\KTR-72502948\dpc\dpc-305-KTR-72502948.png,monolayer,slight rouleaux,1,1,0.2624394132653061,166.0,0.5724148904664054,0.11221518526697823,3.9409277958086975,69.27198618062069,0.15524094387755102,0.18184466449614511,0.23337595505326728
tanzania-073026/dpc-306-KTR-72502948.png,tanzania-073026,dpc-306-KTR-72502948.png,C:\Users\owlem\Projects\fov-filtering-tool\crowding-crenation\data\raw\new\KTR-72502948\dpc\dpc-306-KTR-72502948.png,monolayer,slight rouleaux,1,1,0.28218227040816324,166.0,0.5756002525048901,0.1197580843088213,3.99753208201376,72.0864574024223,0.16505433673469389,0.1954091835626347,0.40529458968219584
tanzania-073026/dpc-307-KTR-72502948.png,tanzania-073026,dpc-307-KTR-72502948.png,C:\Users\owlem\Projects\fov-filtering-tool\crowding-crenation\data\raw\new\KTR-72502948\dpc\dpc-307-KTR-72502948.png,monolayer,no rouleaux,1,0,0.21015727040816326,168.0,0.5623995095052053,0.09196492461165943,3.867736575953427,64.92008308971162,0.14089948979591838,0.17028769426030096,0.2899401609522067
tanzania-073026/dpc-308-KTR-72502948.png,tanzania-073026,dpc-308-KTR-72502948.png,C:\Users\owlem\Projects\fov-filtering-tool\crowding-crenation\data\raw\new\KTR-72502948\dpc\dpc-308-KTR-72502948.png,monolayer,no rouleaux,1,0,0.20873329081632652,168.0,0.5581963424291282,0.09221913133945753,3.902444770058013,63.14411710087232,0.1391516581632653,0.15441357187665497,0.29705155731324295
tanzania-073026/dpc-309-KTR-72502948.png,tanzania-073026,dpc-309-KTR-72502948.png,C:\Users\owlem\Projects\fov-filtering-tool\crowding-crenation\data\raw\new\KTR-72502948\dpc\dpc-309-KTR-72502948.png,monolayer,no rouleaux,1,0,0.19047755102040817,169.0,0.5549712322112372,0.08476798982203344,3.907723205504044,60.5490845732009,0.13488864795918368,0.18551530871247088,0.21783867023157036
tanzania-073026/dpc-310-KTR-72502948.png,tanzania-073026,dpc-310-KTR-72502948.png,C:\Users\owlem\Projects\fov-filtering-tool\crowding-crenation\data\raw\new\KTR-72502948\dpc\dpc-310-KTR-72502948.png,monolayer,no rouleaux,1,0,0.17927002551020407,169.0,0.5621325583961645,0.07849650742640739,3.8193951177996963,56.84653781734748,0.12941058673469388,0.1603523459366466,0.2007889971881238
tanzania-073026/dpc-311-KTR-72502948.png,tanzania-073026,dpc-311-KTR-72502948.png,C:\Users\owlem\Projects\fov-filtering-tool\crowding-crenation\data\raw\new\KTR-72502948\dpc\dpc-311-KTR-72502948.png,monolayer,no rouleaux,1,0,0.17703061224489797,169.0,0.5660695571360974,0.0768189719718964,3.834454758836922,55.58437586467246,0.12998864795918366,0.15623159593588254,0.3175235464427425
tanzania-073026/dpc-312-KTR-72502948.png,tanzania-073026,dpc-312-KTR-72502948.png,C:\Users\owlem\Projects\fov-filtering-tool\crowding-crenation\data\raw\new\KTR-72502948\dpc\dpc-312-KTR-72502948.png,monolayer,no rouleaux,1,0,0.18308469387755102,169.0,0.58043168436452,0.07681653662884157,3.86502232676401,58.05488258290669,0.13823265306122448,0.1212261137349291,0.18511587565114537
tanzania-073026/dpc-313-KTR-72502948.png,tanzania-073026,dpc-313-KTR-72502948.png,C:\Users\owlem\Projects\fov-filtering-tool\crowding-crenation\data\raw\new\KTR-72502948\dpc\dpc-313-KTR-72502948.png,monolayer,no rouleaux,1,0,0.2046419642857143,168.0,0.5715723489647888,0.08767427606216016,3.881754650222975,58.860684650870255,0.13714387755102042,0.17161296096377213,0.3704704061632131
tanzania-073026/dpc-314-KTR-72502948.png,tanzania-073026,dpc-314-KTR-72502948.png,C:\Users\owlem\Projects\fov-filtering-tool\crowding-crenation\data\raw\new\KTR-72502948\dpc\dpc-314-KTR-72502948.png,monolayer,no rouleaux,1,0,0.18631607142857143,169.0,0.5853113365704132,0.0772631626361657,3.866748256240485,59.726621985807064,0.14206454081632652,0.12596186801598014,0.24803283289957415
tanzania-073026/dpc-315-KTR-72502948.png,tanzania-073026,dpc-315-KTR-72502948.png,C:\Users\owlem\Projects\fov-filtering-tool\crowding-crenation\data\raw\new\KTR-72502948\dpc\dpc-315-KTR-72502948.png,monolayer,no rouleaux,1,0,0.18422117346938777,169.0,0.584200860921003,0.076599005328694,3.8477469102090565,58.93690897261446,0.14183558673469387,0.12547778451768662,0.26248532320313855
tanzania-073026/dpc-316-KTR-72502948.png,tanzania-073026,dpc-316-KTR-72502948.png,C:\Users\owlem\Projects\fov-filtering-tool\crowding-crenation\data\raw\new\KTR-72502948\dpc\dpc-316-KTR-72502948.png,monolayer,no rouleaux,1,0,0.17175331632653063,169.0,0.5795759002769065,0.07220923339103733,3.787239208686123,53.50739015094829,0.1287591836734694,0.13329167802966105,0.28900154521397886
tanzania-073026/dpc-317-KTR-72502948.png,tanzania-073026,dpc-317-KTR-72502948.png,C:\Users\owlem\Projects\fov-filtering-tool\crowding-crenation\data\raw\new\KTR-72502948\dpc\dpc-317-KTR-72502948.png,monolayer,no rouleaux,1,0,0.1977063775510204,168.0,0.5726924414719201,0.08448142949675731,3.8658187168250855,58.13199630674856,0.13653520408163267,0.16066799582180102,0.27904809482028886
tanzania-073026/dpc-318-KTR-72502948.png,tanzania-073026,dpc-318-KTR-72502948.png,C:\Users\owlem\Projects\fov-filtering-tool\crowding-crenation\data\raw\new\KTR-72502948\dpc\dpc-318-KTR-72502948.png,monolayer,no rouleaux,1,0,0.23496160714285713,167.0,0.5668142891695197,0.10178201080805062,3.931092811669708,63.84745972655625,0.14633635204081633,0.17728793927964365,0.3231001025331619
tanzania-073026/dpc-319-KTR-72502948.png,tanzania-073026,dpc-319-KTR-72502948.png,C:\Users\owlem\Projects\fov-filtering-tool\crowding-crenation\data\raw\new\KTR-72502948\dpc\dpc-319-KTR-72502948.png,monolayer,no rouleaux,1,0,0.20953520408163265,168.0,0.5740738682350304,0.08924651894307327,3.8939342058178728,63.3742443244972,0.14603239795918369,0.14830192739257642,0.3005052633101232
tanzania-073026/dpc-320-KTR-72502948.png,tanzania-073026,dpc-320-KTR-72502948.png,C:\Users\owlem\Projects\fov-filtering-tool\crowding-crenation\data\raw\new\KTR-72502948\dpc\dpc-320-KTR-72502948.png,monolayer,no rouleaux,1,0,0.23666122448979593,167.0,0.5606668219701326,0.10397312787154192,3.9390784440930386,60.413797402417785,0.13882704081632652,0.20100629159412123,0.2160520236405262
tanzania-073026/dpc-321-KTR-72502948.png,tanzania-073026,dpc-321-KTR-72502948.png,C:\Users\owlem\Projects\fov-filtering-tool\crowding-crenation\data\raw\new\KTR-72502948\dpc\dpc-321-KTR-72502948.png,monolayer,no rouleaux,1,0,0.24046479591836734,167.0,0.5731249401227521,0.10264842415602327,3.9252864343854497,65.7341529232394,0.15037755102040817,0.17308753224451662,0.4177317340168001
tanzania-073026/dpc-322-KTR-72502948.png,tanzania-073026,dpc-322-KTR-72502948.png,C:\Users\owlem\Projects\fov-filtering-tool\crowding-crenation\data\raw\new\KTR-72502948\dpc\dpc-322-KTR-72502948.png,monolayer,slight rouleaux,1,1,0.2747357142857143,166.0,0.5710507997361308,0.11784766492678,3.980440900201489,68.49176156435117,0.15304336734693877,0.22606885907086177,0.3420034037454473
tanzania-073026/dpc-323-KTR-72502948.png,tanzania-073026,dpc-323-KTR-72502948.png,C:\Users\owlem\Projects\fov-filtering-tool\crowding-crenation\data\raw\new\KTR-72502948\dpc\dpc-323-KTR-72502948.png,monolayer,slight rouleaux,1,1,0.28310420918367346,166.0,0.5753114093319946,0.12023112761039446,4.014407109469131,70.74663003741874,0.15770676020408164,0.19719569216466715,0.2439971589674066
tanzania-073026/dpc-324-KTR-72502948.png,tanzania-073026,dpc-324-KTR-72502948.png,C:\Users\owlem\Projects\fov-filtering-tool\crowding-crenation\data\raw\new\KTR-72502948\dpc\dpc-324-KTR-72502948.png,monolayer,no rouleaux,1,0,0.27051301020408164,166.0,0.5822894114313993,0.11299614870781081,3.9445552668159114,68.87101645667524,0.15911186224489796,0.1676314164154191,0.2606662828044326
tanzania-080526/dpc-001-KTR-72502946.png,tanzania-080526,dpc-001-KTR-72502946.png,gs://tanzania_02032026/TZ2025-Box5/KTR-72502946/dpc-001-KTR-72502946.png,monolayer,no rouleaux,1,0,0.2512269132653061,168.0,0.5697817279652915,0.10808240851361359,3.9631053624815675,80.68459669297884,0.1629938775510204,0.07263899801838303,0.15941058084617388
tanzania-080526/dpc-002-KTR-72502946.png,tanzania-080526,dpc-002-KTR-72502946.png,gs://tanzania_02032026/TZ2025-Box5/KTR-72502946/dpc-002-KTR-72502946.png,monolayer,no rouleaux,1,0,0.2256030612244898,169.0,0.5796702358558251,0.09482768151469365,3.970774825784867,71.57618069958559,0.16073278061224489,0.05939755680599973,0.14696872721142087
tanzania-080526/dpc-003-KTR-72502946.png,tanzania-080526,dpc-003-KTR-72502946.png,gs://tanzania_02032026/TZ2025-Box5/KTR-72502946/dpc-003-KTR-72502946.png,monolayer,no rouleaux,1,0,0.22175051020408162,169.0,0.5786291155702583,0.09343920860744033,3.946284416603374,70.69388071986904,0.1581769132653061,0.05611550357076853,0.12196706521272112
tanzania-080526/dpc-004-KTR-72502946.png,tanzania-080526,dpc-004-KTR-72502946.png,gs://tanzania_02032026/TZ2025-Box5/KTR-72502946/dpc-004-KTR-72502946.png,monolayer,no rouleaux,1,0,0.20437716836734693,170.0,0.5759770506117825,0.08666060971873475,3.956534301945152,69.34360267691456,0.15702576530612244,0.06142683849065936,0.16678026451652944
tanzania-080526/dpc-005-KTR-72502946.png,tanzania-080526,dpc-005-KTR-72502946.png,gs://tanzania_02032026/TZ2025-Box5/KTR-72502946/dpc-005-KTR-72502946.png,monolayer,no rouleaux,1,0,0.21651454081632654,169.0,0.5732668085877715,0.09239394098970424,3.934196416408046,68.35844032876136,0.15662270408163265,0.07435769087246437,0.1500778894981964
tanzania-080526/dpc-006-KTR-72502946.png,tanzania-080526,dpc-006-KTR-72502946.png,gs://tanzania_02032026/TZ2025-Box5/KTR-72502946/dpc-006-KTR-72502946.png,monolayer,no rouleaux,1,0,0.22430051020408162,169.0,0.5754053574262161,0.0952367949592194,3.959259721006787,68.26236878278172,0.15941352040816326,0.07247766399408619,0.1376788564871392
tanzania-080526/dpc-007-KTR-72502946.png,tanzania-080526,dpc-007-KTR-72502946.png,gs://tanzania_02032026/TZ2025-Box5/KTR-72502946/dpc-007-KTR-72502946.png,monolayer,no rouleaux,1,0,0.21779923469387755,169.0,0.5712563442900938,0.09338004009347291,3.967765273155415,73.48164555330541,0.1634702806122449,0.08217644752811358,0.1629846671721021
tanzania-080526/dpc-008-KTR-72502946.png,tanzania-080526,dpc-008-KTR-72502946.png,gs://tanzania_02032026/TZ2025-Box5/KTR-72502946/dpc-008-KTR-72502946.png,monolayer,no rouleaux,1,0,0.25042283163265305,168.0,0.5742429716560394,0.10661928062539833,3.975363193891039,70.13815395675604,0.16163061224489797,0.06596687401210055,0.1203474779630707
tanzania-080526/dpc-009-KTR-72502946.png,tanzania-080526,dpc-009-KTR-72502946.png,gs://tanzania_02032026/TZ2025-Box5/KTR-72502946/dpc-009-KTR-72502946.png,monolayer,no rouleaux,1,0,0.25054247448979594,168.0,0.5724064026864877,0.10713035794692073,3.9948865873306474,69.67851331015927,0.16231352040816327,0.06882166264014686,0.1312155375536136
tanzania-080526/dpc-010-KTR-72502946.png,tanzania-080526,dpc-010-KTR-72502946.png,gs://tanzania_02032026/TZ2025-Box5/KTR-72502946/dpc-010-KTR-72502946.png,monolayer,no rouleaux,1,0,0.24552895408163267,168.0,0.5613974688692036,0.10768962072610117,3.995834056167138,70.19191246613562,0.1603639030612245,0.09015001002639995,0.18010254491174363
tanzania-080526/dpc-011-KTR-72502946.png,tanzania-080526,dpc-011-KTR-72502946.png,gs://tanzania_02032026/TZ2025-Box5/KTR-72502946/dpc-011-KTR-72502946.png,monolayer,no rouleaux,1,0,0.21967780612244897,169.0,0.5689252448300997,0.09469755649049552,3.975035828767139,69.01662324732209,0.16121301020408163,0.05229470115354898,0.11726813232359697
tanzania-080526/dpc-012-KTR-72502946.png,tanzania-080526,dpc-012-KTR-72502946.png,gs://tanzania_02032026/TZ2025-Box5/KTR-72502946/dpc-012-KTR-72502946.png,monolayer,no rouleaux,1,0,0.24226084183673469,168.0,0.5676183222244258,0.10474914925269037,3.994368753008354,69.38116894531407,0.16389821428571427,0.056761671474265626,0.13248610030649488
tanzania-080526/dpc-013-KTR-72502946.png,tanzania-080526,dpc-013-KTR-72502946.png,gs://tanzania_02032026/TZ2025-Box5/KTR-72502946/dpc-013-KTR-72502946.png,monolayer,no rouleaux,1,0,0.23617385204081634,168.0,0.5692961919982885,0.10172097742441237,3.9784774777264285,74.50562766980659,0.16696505102040815,0.08287173805612928,0.1638374548273108
tanzania-080526/dpc-014-KTR-72502946.png,tanzania-080526,dpc-014-KTR-72502946.png,gs://tanzania_02032026/TZ2025-Box5/KTR-72502946/dpc-014-KTR-72502946.png,monolayer,no rouleaux,1,0,0.21210892857142857,169.0,0.5631907175892105,0.09265114888220713,3.9498485669532526,73.38478044722652,0.1632672193877551,0.07433243881861883,0.17316952247688425
tanzania-080526/dpc-015-KTR-72502946.png,tanzania-080526,dpc-015-KTR-72502946.png,gs://tanzania_02032026/TZ2025-Box5/KTR-72502946/dpc-015-KTR-72502946.png,monolayer,no rouleaux,1,0,0.2148529336734694,169.0,0.5626197846685078,0.09397242239470485,3.9846080743827974,70.28242310819277,0.16115676020408162,0.07918985067378671,0.10964682848110553
tanzania-080526/dpc-016-KTR-72502946.png,tanzania-080526,dpc-016-KTR-72502946.png,gs://tanzania_02032026/TZ2025-Box5/KTR-72502946/dpc-016-KTR-72502946.png,slightly dense,no rouleaux,2,0,0.23687869897959182,168.0,0.5703241659461641,0.10178105255364364,3.9846797347869187,74.23646685397223,0.1669452806122449,0.09031383157112408,0.12897376202025987
tanzania-080526/dpc-017-KTR-72502946.png,tanzania-080526,dpc-017-KTR-72502946.png,gs://tanzania_02032026/TZ2025-Box5/KTR-72502946/dpc-017-KTR-72502946.png,slightly dense,no rouleaux,2,0,0.24215012755102042,168.0,0.5751991121196324,0.10286558918401774,4.0012190316411855,69.72362600303208,0.1657029336734694,0.09107390351326924,0.21278088839984752
tanzania-080526/dpc-018-KTR-72502946.png,tanzania-080526,dpc-018-KTR-72502946.png,gs://tanzania_02032026/TZ2025-Box5/KTR-72502946/dpc-018-KTR-72502946.png,slightly dense,no rouleaux,2,0,0.2283843112244898,168.0,0.5734557238509547,0.09741602071504829,3.935392507455587,69.88336854598029,0.16213354591836734,0.12359587151888082,0.19927685365923523
tanzania-080526/dpc-019-KTR-72502946.png,tanzania-080526,dpc-019-KTR-72502946.png,gs://tanzania_02032026/TZ2025-Box5/KTR-72502946/dpc-019-KTR-72502946.png,monolayer,no rouleaux,1,0,0.2855955357142857,167.0,0.5668655233786889,0.1237012728869901,4.0268454414867225,65.85571023786136,0.14827334183673468,0.0678935500180989,0.10094116555292064
tanzania-080526/dpc-020-KTR-72502946.png,tanzania-080526,dpc-020-KTR-72502946.png,gs://tanzania_02032026/TZ2025-Box5/KTR-72502946/dpc-020-KTR-72502946.png,monolayer,no rouleaux,1,0,0.2469325255102041,168.0,0.5709421349915593,0.10594834219655049,4.006066846936457,65.37316359214478,0.15236135204081633,0.05468691777601406,0.13108085160452118
tanzania-080526/dpc-021-KTR-72502946.png,tanzania-080526,dpc-021-KTR-72502946.png,gs://tanzania_02032026/TZ2025-Box5/KTR-72502946/dpc-021-KTR-72502946.png,monolayer,no rouleaux,1,0,0.22134821428571427,169.0,0.572512490157926,0.09462359693298977,3.9977531898750502,64.3753460990051,0.15354897959183675,0.05409786003818678,0.13337791605870541
tanzania-080526/dpc-022-KTR-72502946.png,tanzania-080526,dpc-022-KTR-72502946.png,gs://tanzania_02032026/TZ2025-Box5/KTR-72502946/dpc-022-KTR-72502946.png,monolayer,no rouleaux,1,0,0.2166420918367347,169.0,0.572130402436483,0.09269456464950215,3.97203483947142,64.29096970601888,0.15341938775510205,0.06758953149516887,0.19490722439656943
tanzania-080526/dpc-023-KTR-72502946.png,tanzania-080526,dpc-023-KTR-72502946.png,gs://tanzania_02032026/TZ2025-Box5/KTR-72502946/dpc-023-KTR-72502946.png,monolayer,no rouleaux,1,0,0.21856607142857143,169.0,0.5719484345623403,0.09355754902655934,3.9684367440260795,62.244952961019735,0.15159158163265307,0.0733085954296133,0.14706539058164905
tanzania-080526/dpc-024-KTR-72502946.png,tanzania-080526,dpc-024-KTR-72502946.png,gs://tanzania_02032026/TZ2025-Box5/KTR-72502946/dpc-024-KTR-72502946.png,monolayer,no rouleaux,1,0,0.24863431122448978,168.0,0.5728882640250519,0.10619463229002736,4.029020972784108,67.93585773172511,0.16190535714285714,0.0652656056331815,0.13048632323348033
tanzania-080526/dpc-025-KTR-72502946.png,tanzania-080526,dpc-025-KTR-72502946.png,gs://tanzania_02032026/TZ2025-Box5/KTR-72502946/dpc-025-KTR-72502946.png,monolayer,slight rouleaux,1,1,0.27184438775510206,167.0,0.5703063716335246,0.11680980132555285,4.0145454055909875,70.84973419079583,0.16412321428571428,0.07490009624057863,0.22744838277903426
tanzania-080526/dpc-026-KTR-72502946.png,tanzania-080526,dpc-026-KTR-72502946.png,gs://tanzania_02032026/TZ2025-Box5/KTR-72502946/dpc-026-KTR-72502946.png,monolayer,slight rouleaux,1,1,0.24697091836734694,168.0,0.5712866974254757,0.10587971805312855,4.012476879691279,72.9874133584158,0.1676454081632653,0.07666751809343732,0.13019517696942562
tanzania-080526/dpc-027-KTR-72502946.png,tanzania-080526,dpc-027-KTR-72502946.png,gs://tanzania_02032026/TZ2025-Box5/KTR-72502946/dpc-027-KTR-72502946.png,slightly dense,slight rouleaux,2,1,0.27641045918367346,167.0,0.5712263511886484,0.11851752115380484,4.044084947945879,74.22411281292763,0.1687219387755102,0.09047234686952955,0.25056961787323334
tanzania-080526/dpc-028-KTR-72502946.png,tanzania-080526,dpc-028-KTR-72502946.png,gs://tanzania_02032026/TZ2025-Box5/KTR-72502946/dpc-028-KTR-72502946.png,slightly dense,slight rouleaux,2,1,0.2702863520408163,167.0,0.5664495219653897,0.11718277713352689,4.023203626266031,75.1367555562567,0.16894464285714286,0.07400967001341639,0.18610588170856998
tanzania-080526/dpc-029-KTR-72502946.png,tanzania-080526,dpc-029-KTR-72502946.png,gs://tanzania_02032026/TZ2025-Box5/KTR-72502946/dpc-029-KTR-72502946.png,slightly dense,slight rouleaux,2,1,0.23911543367346938,168.0,0.5689136636465602,0.10307939626785986,3.9987840767759195,68.7091330809668,0.16337538265306123,0.07758501025500593,0.17146399685817268
tanzania-080526/dpc-030-KTR-72502946.png,tanzania-080526,dpc-030-KTR-72502946.png,gs://tanzania_02032026/TZ2025-Box5/KTR-72502946/dpc-030-KTR-72502946.png,slightly dense,slight rouleaux,2,1,0.24073367346938776,168.0,0.5702213289052408,0.10346219827143316,4.013143404564175,69.81043090289452,0.16800982142857143,0.08488835764994289,0.26571708560073465
tanzania-080526/dpc-031-KTR-72502946.png,tanzania-080526,dpc-031-KTR-72502946.png,gs://tanzania_02032026/TZ2025-Box5/KTR-72502946/dpc-031-KTR-72502946.png,slightly dense,slight rouleaux,2,1,0.2932702806122449,166.0,0.5707391870524745,0.1258894390689612,4.022441604357841,77.41897632569473,0.17589183673469388,0.07362771539536184,0.12076873560043545
tanzania-080526/dpc-032-KTR-72502946.png,tanzania-080526,dpc-032-KTR-72502946.png,gs://tanzania_02032026/TZ2025-Box5/KTR-72502946/dpc-032-KTR-72502946.png,slightly dense,slight rouleaux,2,1,0.2651396683673469,167.0,0.5703932377090244,0.11390579448219891,4.019843058871466,73.23662931988702,0.17075484693877552,0.0643781677471223,0.1615483603904605
tanzania-080526/dpc-033-KTR-72502946.png,tanzania-080526,dpc-033-KTR-72502946.png,gs://tanzania_02032026/TZ2025-Box5/KTR-72502946/dpc-033-KTR-72502946.png,slightly dense,some rouleaux,2,2,0.2622929846938776,167.0,0.5671999187556908,0.11352042508532258,3.9928175415893463,74.63338586164457,0.17272704081632653,0.07864039636828062,0.21427812865226176
tanzania-080526/dpc-034-KTR-72502946.png,tanzania-080526,dpc-034-KTR-72502946.png,gs://tanzania_02032026/TZ2025-Box5/KTR-72502946/dpc-034-KTR-72502946.png,slightly dense,some rouleaux,2,2,0.2917423469387755,166.0,0.5804723559778543,0.12239397947271594,4.024541536798307,77.63806636583317,0.18091364795918366,0.08450534668601033,0.16853792559996517
tanzania-080526/dpc-035-KTR-72502946.png,tanzania-080526,dpc-035-KTR-72502946.png,gs://tanzania_02032026/TZ2025-Box5/KTR-72502946/dpc-035-KTR-72502946.png,slightly dense,some rouleaux,2,2,0.3262503826530612,165.0,0.5809198353386805,0.1367250640830634,4.018034979719274,79.47709156473726,0.18118609693877552,0.08222209565755335,0.23234590106130054
tanzania-080526/dpc-036-KTR-72502946.png,tanzania-080526,dpc-036-KTR-72502946.png,gs://tanzania_02032026/TZ2025-Box5/KTR-72502946/dpc-036-KTR-72502946.png,slightly dense,some rouleaux,2,2,0.28494323979591835,166.0,0.5758811106462474,0.1208498103911049,3.9763299667496983,75.43449897412779,0.1754202806122449,0.08468004415335899,0.17650162018407786
tanzania-080526/dpc-037-KTR-72502946.png,tanzania-080526,dpc-037-KTR-72502946.png,gs://tanzania_02032026/TZ2025-Box5/KTR-72502946/dpc-037-KTR-72502946.png,monolayer,no rouleaux,1,0,0.2802678571428571,167.0,0.5668880248287644,0.12138736518415254,3.972514083002399,70.18148205360306,0.15247410714285714,0.07960721790640614,0.16119101717265374
tanzania-080526/dpc-038-KTR-72502946.png,tanzania-080526,dpc-038-KTR-72502946.png,gs://tanzania_02032026/TZ2025-Box5/KTR-72502946/dpc-038-KTR-72502946.png,monolayer,no rouleaux,1,0,0.2485891581632653,168.0,0.5740992875593933,0.10587429956674535,3.952216707452623,65.88287525985183,0.1532735969387755,0.06159934278015475,0.12738595490071142
tanzania-080526/dpc-039-KTR-72502946.png,tanzania-080526,dpc-039-KTR-72502946.png,gs://tanzania_02032026/TZ2025-Box5/KTR-72502946/dpc-039-KTR-72502946.png,monolayer,no rouleaux,1,0,0.22253673469387755,169.0,0.5769721505766753,0.09413923629524,3.935267409187963,65.8559083891898,0.15316211734693877,0.0732526517541908,0.17160872154639945
tanzania-080526/dpc-040-KTR-72502946.png,tanzania-080526,dpc-040-KTR-72502946.png,gs://tanzania_02032026/TZ2025-Box5/KTR-72502946/dpc-040-KTR-72502946.png,monolayer,no rouleaux,1,0,0.22153252551020408,169.0,0.5712326129088697,0.09498592211870936,3.931102747050601,65.91901230259955,0.15355676020408163,0.0606818382189233,0.15478208961926926
tanzania-080526/dpc-041-KTR-72502946.png,tanzania-080526,dpc-041-KTR-72502946.png,gs://tanzania_02032026/TZ2025-Box5/KTR-72502946/dpc-041-KTR-72502946.png,monolayer,no rouleaux,1,0,0.21781288265306123,169.0,0.5720679615802555,0.09320911086780509,3.940320124548311,66.76315877982982,0.15544132653061224,0.07469517056149581,0.17922270700390808
tanzania-080526/dpc-042-KTR-72502946.png,tanzania-080526,dpc-042-KTR-72502946.png,gs://tanzania_02032026/TZ2025-Box5/KTR-72502946/dpc-042-KTR-72502946.png,monolayer,no rouleaux,1,0,0.24470739795918367,168.0,0.5714999863373568,0.10485712336886008,3.9805997848610084,69.85153758973382,0.16186505102040816,0.07123910396039387,0.18533242620743368
tanzania-080526/dpc-043-KTR-72502946.png,tanzania-080526,dpc-043-KTR-72502946.png,gs://tanzania_02032026/TZ2025-Box5/KTR-72502946/dpc-043-KTR-72502946.png,monolayer,no rouleaux,1,0,0.23964783163265307,168.0,0.5649996164692893,0.10424689867250726,3.9687618400889266,72.28809546072802,0.15652525510204082,0.09334170320178047,0.20042523647991486
tanzania-080526/dpc-044-KTR-72502946.png,tanzania-080526,dpc-044-KTR-72502946.png,gs://tanzania_02032026/TZ2025-Box5/KTR-72502946/dpc-044-KTR-72502946.png,monolayer,no rouleaux,1,0,0.24611173469387754,168.0,0.5688685721729979,0.10610650358355175,3.9856422406108236,72.38199565539723,0.15945522959183672,0.08549350262509077,0.1640373910031963
tanzania-080526/dpc-045-KTR-72502946.png,tanzania-080526,dpc-045-KTR-72502946.png,gs://tanzania_02032026/TZ2025-Box5/KTR-72502946/dpc-045-KTR-72502946.png,slightly dense,no rouleaux,2,0,0.28353494897959186,167.0,0.5708274370308832,0.1216854207448892,4.06267536139867,71.64208759785828,0.1584170918367347,0.07769481371953992,0.14003117853061114
tanzania-080526/dpc-046-KTR-72502946.png,tanzania-080526,dpc-046-KTR-72502946.png,gs://tanzania_02032026/TZ2025-Box5/KTR-72502946/dpc-046-KTR-72502946.png,slightly dense,no rouleaux,2,0,0.2705797193877551,167.0,0.5654287063853994,0.11758617868021234,4.015718475505417,72.0669218862304,0.1594110969387755,0.07119433319630793,0.12471362201775664
tanzania-080526/dpc-047-KTR-72502946.png,tanzania-080526,dpc-047-KTR-72502946.png,gs://tanzania_02032026/TZ2025-Box5/KTR-72502946/dpc-047-KTR-72502946.png,slightly dense,slight rouleaux,2,1,0.27009948979591836,167.0,0.5650469163642355,0.11748060597518138,4.014177964849813,72.86618242226497,0.16279783163265307,0.06969011620920719,0.2154922020050134
tanzania-080526/dpc-048-KTR-72502946.png,tanzania-080526,dpc-048-KTR-72502946.png,gs://tanzania_02032026/TZ2025-Box5/KTR-72502946/dpc-048-KTR-72502946.png,slightly dense,slight rouleaux,2,1,0.26808329081632654,167.0,0.5632571807044552,0.11708345223714989,4.013476991106169,75.07291481990077,0.16554502551020409,0.07248353066521455,0.17956368963445715
tanzania-080526/dpc-049-KTR-72502946.png,tanzania-080526,dpc-049-KTR-72502946.png,gs://tanzania_02032026/TZ2025-Box5/KTR-72502946/dpc-049-KTR-72502946.png,slightly dense,some rouleaux,2,2,0.296475,166.0,0.5718407923427857,0.1269385010901726,4.054898940112974,77.90974722086229,0.17291938775510204,0.08250991077309568,0.28340507124149217
tanzania-080526/dpc-050-KTR-72502946.png,tanzania-080526,dpc-050-KTR-72502946.png,gs://tanzania_02032026/TZ2025-Box5/KTR-72502946/dpc-050-KTR-72502946.png,slightly dense,some rouleaux,2,2,0.26111913265306125,167.0,0.5696583867994692,0.11237042878344176,4.022762015877117,75.76189489391007,0.16844234693877552,0.09090357010682551,0.2806224380552614
tanzania-080526/dpc-051-KTR-72502946.png,tanzania-080526,dpc-051-KTR-72502946.png,gs://tanzania_02032026/TZ2025-Box5/KTR-72502946/dpc-051-KTR-72502946.png,slightly dense,some rouleaux,2,2,0.26005535714285716,167.0,0.5675029654218149,0.11247317079045657,4.015438188053607,74.84126815663205,0.16526428571428572,0.11896736649030862,0.21920648052283676
tanzania-080526/dpc-052-KTR-72502946.png,tanzania-080526,dpc-052-KTR-72502946.png,gs://tanzania_02032026/TZ2025-Box5/KTR-72502946/dpc-052-KTR-72502946.png,slightly dense,some rouleaux,2,2,0.29811352040816325,166.0,0.5766967535808895,0.12619242099020528,4.049828801176617,81.13768118285017,0.17494260204081633,0.10154061206905221,0.23619275276727905
tanzania-080526/dpc-053-KTR-72502946.png,tanzania-080526,dpc-053-KTR-72502946.png,gs://tanzania_02032026/TZ2025-Box5/KTR-72502946/dpc-053-KTR-72502946.png,dense,some rouleaux,3,2,0.3191887755102041,165.0,0.5751413874367208,0.13561010030903728,4.030730314446345,82.44353437332884,0.1797358418367347,0.13619262295178694,0.3542027363591368
tanzania-080526/dpc-054-KTR-72502946.png,tanzania-080526,dpc-054-KTR-72502946.png,gs://tanzania_02032026/TZ2025-Box5/KTR-72502946/dpc-054-KTR-72502946.png,slightly dense,some rouleaux,2,2,0.3203852040816327,165.0,0.578681235945005,0.13498429820518082,4.026481034555936,81.71462701917568,0.1817484693877551,0.11474609354343011,0.2208922456231614
tanzania-080526/dpc-055-KTR-72502946.png,tanzania-080526,dpc-055-KTR-72502946.png,gs://tanzania_02032026/TZ2025-Box5/KTR-72502946/dpc-055-KTR-72502946.png,monolayer,no rouleaux,1,0,0.25943341836734696,167.0,0.5615549207420284,0.11374730567823794,3.958426872116881,65.62163933790646,0.14646211734693879,0.08624225364640062,0.15865243139458696
tanzania-080526/dpc-056-KTR-72502946.png,tanzania-080526,dpc-056-KTR-72502946.png,gs://tanzania_02032026/TZ2025-Box5/KTR-72502946/dpc-056-KTR-72502946.png,slightly dense,no rouleaux,2,0,0.23143941326530612,168.0,0.563099997925034,0.10111588013584116,3.9686605666032246,60.53631277900331,0.14332563775510204,0.07515504289139079,0.16581853094794877
tanzania-080526/dpc-057-KTR-72502946.png,tanzania-080526,dpc-057-KTR-72502946.png,gs://tanzania_02032026/TZ2025-Box5/KTR-72502946/dpc-057-KTR-72502946.png,slightly dense,no rouleaux,2,0,0.22529272959183674,168.0,0.5614005853177653,0.09881325933114259,3.978296095506338,56.739576714391,0.13836811224489795,0.08208385748844221,0.26711730388101157
tanzania-080526/dpc-058-KTR-72502946.png,tanzania-080526,dpc-058-KTR-72502946.png,gs://tanzania_02032026/TZ2025-Box5/KTR-72502946/dpc-058-KTR-72502946.png,slightly dense,no rouleaux,2,0,0.21973635204081632,168.0,0.5499778017182037,0.09888623618783085,3.945427003946535,59.72791747398033,0.13896364795918367,0.10096359573701265,0.13347966657015203
tanzania-080526/dpc-059-KTR-72502946.png,tanzania-080526,dpc-059-KTR-72502946.png,gs://tanzania_02032026/TZ2025-Box5/KTR-72502946/dpc-059-KTR-72502946.png,dense,rouleaux,3,3,0.2580918367346939,167.0,0.5525407406591898,0.11548558210721543,4.0206259882088355,63.663842420742355,0.14886211734693877,0.10313825495063883,0.26682555681443176
tanzania-080526/dpc-060-KTR-72502946.png,tanzania-080526,dpc-060-KTR-72502946.png,gs://tanzania_02032026/TZ2025-Box5/KTR-72502946/dpc-060-KTR-72502946.png,very dense,heavy rouleaux,4,4,0.3623911989795918,164.0,0.5704577942361574,0.15566231495909746,4.119137474898722,75.37587299038998,0.16700242346938776,0.13620333909304025,0.38189511395053577
tanzania-080526/dpc-061-KTR-72502946.png,tanzania-080526,dpc-061-KTR-72502946.png,gs://tanzania_02032026/TZ2025-Box5/KTR-72502946/dpc-061-KTR-72502946.png,very dense,heavy rouleaux,4,4,0.3656535714285714,164.0,0.5682620953507423,0.1578665067560891,4.130509892009936,78.02243152413129,0.1677420918367347,0.18152851641788345,0.4354591086601574
tanzania-080526/dpc-062-KTR-72502946.png,tanzania-080526,dpc-062-KTR-72502946.png,gs://tanzania_02032026/TZ2025-Box5/KTR-72502946/dpc-062-KTR-72502946.png,very dense,heavy rouleaux,4,4,0.37105063775510205,164.0,0.5705868554974501,0.15933402112809492,4.140742080910827,78.06876491487367,0.1620091836734694,0.2549870221819781,0.8211395224999518
tanzania-080526/dpc-063-KTR-72502946.png,tanzania-080526,dpc-063-KTR-72502946.png,gs://tanzania_02032026/TZ2025-Box5/KTR-72502946/dpc-063-KTR-72502946.png,very dense,heavy rouleaux,4,4,0.40255025510204084,163.0,0.5786109705252899,0.16963026131224598,4.153787494991266,77.27110181758636,0.16486211734693879,0.20878833096861724,0.6344512912381206
tanzania-080526/dpc-064-KTR-72502946.png,tanzania-080526,dpc-064-KTR-72502946.png,gs://tanzania_02032026/TZ2025-Box5/KTR-72502946/dpc-064-KTR-72502946.png,very dense,heavy rouleaux,4,4,0.3935642857142857,163.0,0.5642270245175547,0.17150467982933754,4.1259977312054295,83.45412706538423,0.1709859693877551,0.2362401169104743,0.8400770203053916
tanzania-080526/dpc-065-KTR-72502946.png,tanzania-080526,dpc-065-KTR-72502946.png,gs://tanzania_02032026/TZ2025-Box5/KTR-72502946/dpc-065-KTR-72502946.png,dense,rouleaux,3,3,0.2740815051020408,166.0,0.5400313880859553,0.12606888945309788,3.9773629162185067,60.59506696758183,0.13944566326530614,0.2833300913583511,1.1023794240626468
tanzania-080526/dpc-066-KTR-72502946.png,tanzania-080526,dpc-066-KTR-72502946.png,gs://tanzania_02032026/TZ2025-Box5/KTR-72502946/dpc-066-KTR-72502946.png,dense,rouleaux,3,3,0.2579684948979592,166.0,0.5376664231523248,0.11926749696018472,3.941587389920537,49.19131665597546,0.12311989795918367,0.17988878705630507,0.3028693168896879
tanzania-080526/dpc-067-KTR-72502946.png,tanzania-080526,dpc-067-KTR-72502946.png,gs://tanzania_02032026/TZ2025-Box5/KTR-72502946/dpc-067-KTR-72502946.png,slightly dense,some rouleaux,2,2,0.2581341836734694,166.0,0.5368078822789198,0.11956571919191657,3.922341578141462,55.231291194688694,0.1344420918367347,0.2149245293947374,0.35213245623914197
tanzania-080526/dpc-068-KTR-72502946.png,tanzania-080526,dpc-068-KTR-72502946.png,gs://tanzania_02032026/TZ2025-Box5/KTR-72502946/dpc-068-KTR-72502946.png,slightly dense,some rouleaux,2,2,0.22358864795918368,167.0,0.5348802389853052,0.10399549850437423,3.901652680353214,55.47731072091946,0.13345165816326532,0.21604407912130782,0.3803706923185536
tanzania-080526/dpc-069-KTR-72502946.png,tanzania-080526,dpc-069-KTR-72502946.png,gs://tanzania_02032026/TZ2025-Box5/KTR-72502946/dpc-069-KTR-72502946.png,slightly dense,some rouleaux,2,2,0.22139247448979593,167.0,0.5338773655755591,0.1031960434509295,3.8632085635117184,57.13783272318729,0.1366033163265306,0.24411186129394474,0.2121757325709118
tanzania-080526/dpc-070-KTR-72502946.png,tanzania-080526,dpc-070-KTR-72502946.png,gs://tanzania_02032026/TZ2025-Box5/KTR-72502946/dpc-070-KTR-72502946.png,slightly dense,some rouleaux,2,2,0.22389961734693878,167.0,0.5419522681648286,0.10255671188452811,3.9076032048143863,60.49327968572469,0.14280867346938775,0.2201814882849582,0.33998405596025894
tanzania-080526/dpc-071-KTR-72502946.png,tanzania-080526,dpc-071-KTR-72502946.png,gs://tanzania_02032026/TZ2025-Box5/KTR-72502946/dpc-071-KTR-72502946.png,slightly dense,some rouleaux,2,2,0.23189987244897958,167.0,0.5379277973268812,0.10715448486211529,3.913508189326332,59.9709303204863,0.14260829081632653,0.25762353399849464,0.3676537807525031
tanzania-080526/dpc-072-KTR-72502946.png,tanzania-080526,dpc-072-KTR-72502946.png,gs://tanzania_02032026/TZ2025-Box5/KTR-72502946/dpc-072-KTR-72502946.png,slightly dense,some rouleaux,2,2,0.22544553571428572,167.0,0.5386001087738667,0.10402054565598878,3.885795329496911,60.81441003205609,0.14361875,0.23604298915329305,0.39290279176189785
tanzania-080526/dpc-073-KTR-72502946.png,tanzania-080526,dpc-073-KTR-72502946.png,gs://tanzania_02032026/TZ2025-Box5/KTR-72502946/dpc-073-KTR-72502946.png,monolayer,no rouleaux,1,0,0.2807061224489796,167.0,0.5681776934258501,0.12121516526540412,3.999372612673848,67.68766226266722,0.15082691326530612,0.0742407562055427,0.17409045915197674
tanzania-080526/dpc-074-KTR-72502946.png,tanzania-080526,dpc-074-KTR-72502946.png,gs://tanzania_02032026/TZ2025-Box5/KTR-72502946/dpc-074-KTR-72502946.png,monolayer,no rouleaux,1,0,0.24610994897959185,168.0,0.5758818532478248,0.10437969545849689,3.9885896865287127,64.82700242099106,0.15310382653061225,0.07871334285301229,0.21526563354656245
tanzania-080526/dpc-075-KTR-72502946.png,tanzania-080526,dpc-075-KTR-72502946.png,gs://tanzania_02032026/TZ2025-Box5/KTR-72502946/dpc-075-KTR-72502946.png,monolayer,no rouleaux,1,0,0.21467512755102042,169.0,0.5724753460124498,0.09177890962598322,3.9335730253458108,63.09943446336139,0.1472298469387755,0.08285640542420257,0.16535327760865187
tanzania-080526/dpc-076-KTR-72502946.png,tanzania-080526,dpc-076-KTR-72502946.png,gs://tanzania_02032026/TZ2025-Box5/KTR-72502946/dpc-076-KTR-72502946.png,monolayer,no rouleaux,1,0,0.21255408163265307,169.0,0.5719883020544421,0.09097563338485057,3.9467323005884936,62.88104083841655,0.1466565051020408,0.07315084806445477,0.20183332020178893
tanzania-080526/dpc-077-KTR-72502946.png,tanzania-080526,dpc-077-KTR-72502946.png,gs://tanzania_02032026/TZ2025-Box5/KTR-72502946/dpc-077-KTR-72502946.png,monolayer,no rouleaux,1,0,0.20216811224489795,169.0,0.5578453875345633,0.08938956332251177,3.902864422821449,63.01351325119276,0.14190918367346939,0.1106904835133177,0.38633535390094836
tanzania-080526/dpc-078-KTR-72502946.png,tanzania-080526,dpc-078-KTR-72502946.png,gs://tanzania_02032026/TZ2025-Box5/KTR-72502946/dpc-078-KTR-72502946.png,dense,rouleaux,3,3,0.2710336734693878,167.0,0.5581841992727626,0.11974695946792215,4.056636777136285,76.21932582075644,0.1642545918367347,0.1469780723077766,0.4998239676731545
tanzania-080526/dpc-079-KTR-72502946.png,tanzania-080526,dpc-079-KTR-72502946.png,gs://tanzania_02032026/TZ2025-Box5/KTR-72502946/dpc-079-KTR-72502946.png,very dense,heavy rouleaux,4,4,0.35805880102040816,164.0,0.5587228604555173,0.1580031635030128,4.108341317234651,79.13408968195347,0.1668237244897959,0.18404632569701018,0.35630663767942927
tanzania-080526/dpc-080-KTR-72502946.png,tanzania-080526,dpc-080-KTR-72502946.png,gs://tanzania_02032026/TZ2025-Box5/KTR-72502946/dpc-080-KTR-72502946.png,very dense,heavy rouleaux,4,4,0.37136556122448977,164.0,0.5665545553774128,0.16096671080246558,4.133359199518912,84.6613479463156,0.17216964285714287,0.18562784977853403,0.3333259941500095
tanzania-080526/dpc-081-KTR-72502946.png,tanzania-080526,dpc-081-KTR-72502946.png,gs://tanzania_02032026/TZ2025-Box5/KTR-72502946/dpc-081-KTR-72502946.png,very dense,heavy rouleaux,4,4,0.40540535714285714,163.0,0.5811784323127833,0.16979250722736738,4.1816703303612295,78.663242524152,0.1646872448979592,0.2290900684972278,0.37334942008816174
tanzania-080526/dpc-082-KTR-72502946.png,tanzania-080526,dpc-082-KTR-72502946.png,gs://tanzania_02032026/TZ2025-Box5/KTR-72502946/dpc-082-KTR-72502946.png,very dense,heavy rouleaux,4,4,0.4014716836734694,163.0,0.5840621277507879,0.16698727787545162,4.18136418110899,89.91177492246982,0.17888558673469387,0.21075598189561448,0.318743168454464
tanzania-080526/dpc-083-KTR-72502946.png,tanzania-080526,dpc-083-KTR-72502946.png,gs://tanzania_02032026/TZ2025-Box5/KTR-72502946/dpc-083-KTR-72502946.png,dense,rouleaux,3,3,0.3092983418367347,165.0,0.5444045295891288,0.1409149235464096,4.017304133107906,65.09261303458942,0.1514108418367347,0.3045224808612706,0.9568137334078542
tanzania-080526/dpc-084-KTR-72502946.png,tanzania-080526,dpc-084-KTR-72502946.png,gs://tanzania_02032026/TZ2025-Box5/KTR-72502946/dpc-084-KTR-72502946.png,monolayer,slight rouleaux,1,1,0.28758724489795917,165.0,0.5450199117974495,0.13084647004960195,3.90785107696773,55.84470768218239,0.14021173469387754,0.17762195837488565,0.39049765446150375
tanzania-080526/dpc-085-KTR-72502946.png,tanzania-080526,dpc-085-KTR-72502946.png,gs://tanzania_02032026/TZ2025-Box5/KTR-72502946/dpc-085-KTR-72502946.png,slightly dense,slight rouleaux,2,1,0.2585670918367347,166.0,0.5555073712040995,0.11493116637062123,3.8696861914085607,58.948867980564245,0.1469891581632653,0.14591968482789344,0.3079360159960043
tanzania-080526/dpc-086-KTR-72502946.png,tanzania-080526,dpc-086-KTR-72502946.png,gs://tanzania_02032026/TZ2025-Box5/KTR-72502946/dpc-086-KTR-72502946.png,monolayer,slight rouleaux,1,1,0.2221482142857143,167.0,0.5599602657402653,0.09775404118056033,3.805353631591366,56.94207949313805,0.14100255102040815,0.129009055301427,0.4495770831266796
tanzania-080526/dpc-087-KTR-72502946.png,tanzania-080526,dpc-087-KTR-72502946.png,gs://tanzania_02032026/TZ2025-Box5/KTR-72502946/dpc-087-KTR-72502946.png,monolayer,slight rouleaux,1,1,0.21379413265306121,167.0,0.5586462160632263,0.09435884942990912,3.7888131887791174,56.65377533545612,0.13788660714285714,0.10738559406589598,0.26208897263609676
tanzania-080526/dpc-088-KTR-72502946.png,tanzania-080526,dpc-088-KTR-72502946.png,gs://tanzania_02032026/TZ2025-Box5/KTR-72502946/dpc-088-KTR-72502946.png,monolayer,slight rouleaux,1,1,0.22784119897959185,167.0,0.562304843194787,0.09972498931406018,3.8270520665471346,63.50949786968164,0.15024030612244899,0.10661386507113545,0.22627424273036523
tanzania-080526/dpc-089-KTR-72502946.png,tanzania-080526,dpc-089-KTR-72502946.png,gs://tanzania_02032026/TZ2025-Box5/KTR-72502946/dpc-089-KTR-72502946.png,monolayer,slight rouleaux,1,1,0.23969642857142856,166.0,0.5652767729334133,0.10420160494490703,3.788443477101154,54.49807984227158,0.13842589285714285,0.11130213372114499,0.28921014199299444
tanzania-080526/dpc-090-KTR-72502946.png,tanzania-080526,dpc-090-KTR-72502946.png,gs://tanzania_02032026/TZ2025-Box5/KTR-72502946/dpc-090-KTR-72502946.png,monolayer,no rouleaux,1,0,0.21264247448979592,167.0,0.565993133584834,0.09228829402008319,3.751132890751929,51.86391817386742,0.1319281887755102,0.11575321786764099,0.3349248857386493
tanzania-080526/dpc-091-KTR-72502946.png,tanzania-080526,dpc-091-KTR-72502946.png,gs://tanzania_02032026/TZ2025-Box5/KTR-72502946/dpc-091-KTR-72502946.png,monolayer,no rouleaux,1,0,0.2746360969387755,167.0,0.5642899195118726,0.11966171590213903,3.9753794874244246,68.05391037886213,0.15192257653061225,0.07453059009171237,0.094367858116089
tanzania-080526/dpc-092-KTR-72502946.png,tanzania-080526,dpc-092-KTR-72502946.png,gs://tanzania_02032026/TZ2025-Box5/KTR-72502946/dpc-092-KTR-72502946.png,monolayer,no rouleaux,1,0,0.2373485969387755,168.0,0.5706370546996675,0.10190869264453413,3.933904755420884,68.32652114424752,0.15734375,0.07339508173683947,0.26657434225617116
tanzania-080526/dpc-093-KTR-72502946.png,tanzania-080526,dpc-093-KTR-72502946.png,gs://tanzania_02032026/TZ2025-Box5/KTR-72502946/dpc-093-KTR-72502946.png,monolayer,no rouleaux,1,0,0.2192014030612245,169.0,0.5754440169531265,0.0930632671619121,3.945864261764949,64.480799227765,0.15403405612244897,0.06990570976800801,0.17375002393842817
tanzania-080526/dpc-094-KTR-72502946.png,tanzania-080526,dpc-094-KTR-72502946.png,gs://tanzania_02032026/TZ2025-Box5/KTR-72502946/dpc-094-KTR-72502946.png,monolayer,no rouleaux,1,0,0.21951364795918368,169.0,0.5848062806228479,0.09114068795022026,3.9663223266762984,62.05168124477055,0.1518483418367347,0.06623952008751902,0.15906468241446362
tanzania-080526/dpc-095-KTR-72502946.png,tanzania-080526,dpc-095-KTR-72502946.png,gs://tanzania_02032026/TZ2025-Box5/KTR-72502946/dpc-095-KTR-72502946.png,monolayer,no rouleaux,1,0,0.21971619897959183,169.0,0.5932303371188689,0.0893738841884521,3.9661406538642865,59.756448013041236,0.14932436224489795,0.08678682742331185,0.260992994894275
tanzania-080526/dpc-096-KTR-72502946.png,tanzania-080526,dpc-096-KTR-72502946.png,gs://tanzania_02032026/TZ2025-Box5/KTR-72502946/dpc-096-KTR-72502946.png,slightly dense,slight rouleaux,2,1,0.27546301020408165,167.0,0.5780174116808757,0.11624059403209572,4.058588126991845,68.57886716796204,0.16313788265306123,0.0832873106855085,0.2490330403764864
tanzania-080526/dpc-097-KTR-72502946.png,tanzania-080526,dpc-097-KTR-72502946.png,gs://tanzania_02032026/TZ2025-Box5/KTR-72502946/dpc-097-KTR-72502946.png,slightly dense,slight rouleaux,2,1,0.30243022959183674,166.0,0.5716969353589039,0.129531794174294,4.062360162933464,72.01591134496066,0.1648095663265306,0.10894499736587927,0.18829547694139248
tanzania-080526/dpc-098-KTR-72502946.png,tanzania-080526,dpc-098-KTR-72502946.png,gs://tanzania_02032026/TZ2025-Box5/KTR-72502946/dpc-098-KTR-72502946.png,very dense,heavy rouleaux,4,4,0.3713530612244898,164.0,0.562189640751626,0.1625822171426773,4.146631883194468,80.98182226656006,0.16935089285714286,0.26117621732344,0.24034246030898082
tanzania-080526/dpc-099-KTR-72502946.png,tanzania-080526,dpc-099-KTR-72502946.png,gs://tanzania_02032026/TZ2025-Box5/KTR-72502946/dpc-099-KTR-72502946.png,very dense,heavy rouleaux,4,4,0.44592410714285713,162.0,0.5925837327914263,0.18167673519045893,4.210338189424752,87.60279874618428,0.17746109693877551,0.23833555985423377,0.3351923760883002
tanzania-080526/dpc-100-KTR-72502946.png,tanzania-080526,dpc-100-KTR-72502946.png,gs://tanzania_02032026/TZ2025-Box5/KTR-72502946/dpc-100-KTR-72502946.png,very dense,heavy rouleaux,4,4,0.4924894132653061,160.0,0.6175345056353514,0.18836020691387104,4.258197359732604,86.37347536617423,0.17223392857142858,0.19296358048292342,0.44920091541563867
tanzania-080526/dpc-101-KTR-72502946.png,tanzania-080526,dpc-101-KTR-72502946.png,gs://tanzania_02032026/TZ2025-Box5/KTR-72502946/dpc-101-KTR-72502946.png,dense,rouleaux,3,3,0.40173035714285715,163.0,0.5720145361497048,0.17193475324453047,4.183958270077649,65.81946049352167,0.14858163265306124,0.28730712374901035,0.8865913356099181
tanzania-080526/dpc-102-KTR-72502946.png,tanzania-080526,dpc-102-KTR-72502946.png,gs://tanzania_02032026/TZ2025-Box5/KTR-72502946/dpc-102-KTR-72502946.png,slightly dense,slight rouleaux,2,1,0.34848380102040816,164.0,0.5563788245724112,0.15459479342614746,4.069602093290095,55.78273760552489,0.14308354591836736,0.14644100841396696,0.2903611291582874
tanzania-080526/dpc-103-KTR-72502946.png,tanzania-080526,dpc-103-KTR-72502946.png,gs://tanzania_02032026/TZ2025-Box5/KTR-72502946/dpc-103-KTR-72502946.png,slightly dense,slight rouleaux,2,1,0.30223227040816325,165.0,0.5580396186329554,0.13357468949101958,3.996559092109332,63.68194939609412,0.15776747448979592,0.16645454679233646,0.38462189357755006
tanzania-080526/dpc-104-KTR-72502946.png,tanzania-080526,dpc-104-KTR-72502946.png,gs://tanzania_02032026/TZ2025-Box5/KTR-72502946/dpc-104-KTR-72502946.png,slightly dense,slight rouleaux,2,1,0.27095548469387754,166.0,0.5640717381653569,0.11811715347716527,3.94884201434867,60.21316754711455,0.15235816326530613,0.148816197824675,0.4341528146903512
tanzania-080526/dpc-105-KTR-72502946.png,tanzania-080526,dpc-105-KTR-72502946.png,gs://tanzania_02032026/TZ2025-Box5/KTR-72502946/dpc-105-KTR-72502946.png,slightly dense,slight rouleaux,2,1,0.27003010204081634,166.0,0.5706464616080701,0.11593837978355839,3.9100658230661023,58.10224999684075,0.1508297193877551,0.12830224007837052,0.254824333583235
tanzania-080526/dpc-106-KTR-72502946.png,tanzania-080526,dpc-106-KTR-72502946.png,gs://tanzania_02032026/TZ2025-Box5/KTR-72502946/dpc-106-KTR-72502946.png,slightly dense,slight rouleaux,2,1,0.2664498724489796,166.0,0.5677421388198315,0.11517505197652464,3.915779671287851,68.90540328535555,0.16377461734693877,0.13234183899082216,0.19418303798253508
tanzania-080526/dpc-107-KTR-72502946.png,tanzania-080526,dpc-107-KTR-72502946.png,gs://tanzania_02032026/TZ2025-Box5/KTR-72502946/dpc-107-KTR-72502946.png,slightly dense,no rouleaux,2,0,0.30089323979591837,165.0,0.568028879698744,0.1299771898857173,3.939810681365673,69.49847907792847,0.16639260204081632,0.12551300937932888,0.37415080587614535
tanzania-080526/dpc-108-KTR-72502946.png,tanzania-080526,dpc-108-KTR-72502946.png,gs://tanzania_02032026/TZ2025-Box5/KTR-72502946/dpc-108-KTR-72502946.png,slightly dense,slight rouleaux,2,1,0.2733030612244898,166.0,0.5722859225211436,0.11689556670378004,3.8980885667903893,66.79377032913597,0.16193954081632653,0.10956892757067893,0.31175244122235923
tanzania-080526/dpc-109-KTR-72502946.png,tanzania-080526,dpc-109-KTR-72502946.png,gs://tanzania_02032026/TZ2025-Box5/KTR-72502946/dpc-109-KTR-72502946.png,monolayer,no rouleaux,1,0,0.22667283163265306,169.0,0.5796558065640195,0.09528060858647736,3.9335616632603108,81.55697546567569,0.17129323979591837,0.06706621472301114,0.12655088200473788
tanzania-080526/dpc-110-KTR-72502946.png,tanzania-080526,dpc-110-KTR-72502946.png,gs://tanzania_02032026/TZ2025-Box5/KTR-72502946/dpc-110-KTR-72502946.png,monolayer,no rouleaux,1,0,0.2215658163265306,169.0,0.5927546880321694,0.09023163999130503,3.9452138840565545,74.40061378532391,0.16722015306122448,0.08062536011087305,0.19046789536659423
tanzania-080526/dpc-111-KTR-72502946.png,tanzania-080526,dpc-111-KTR-72502946.png,gs://tanzania_02032026/TZ2025-Box5/KTR-72502946/dpc-111-KTR-72502946.png,monolayer,no rouleaux,1,0,0.1995919642857143,170.0,0.5948247615265706,0.08086972172684449,3.9169882674100283,70.99612820349252,0.16196581632653062,0.10643921910206942,0.23273536672678719
tanzania-080526/dpc-112-KTR-72502946.png,tanzania-080526,dpc-112-KTR-72502946.png,gs://tanzania_02032026/TZ2025-Box5/KTR-72502946/dpc-112-KTR-72502946.png,monolayer,no rouleaux,1,0,0.21083239795918368,169.0,0.602828357003346,0.08373664989437338,3.928060274578103,66.58894910173736,0.15938214285714286,0.09367961766446664,0.1854716414010721
tanzania-080526/dpc-113-KTR-72502946.png,tanzania-080526,dpc-113-KTR-72502946.png,gs://tanzania_02032026/TZ2025-Box5/KTR-72502946/dpc-113-KTR-72502946.png,monolayer,no rouleaux,1,0,0.2132639030612245,169.0,0.6077283382604013,0.08365738564289922,3.9494607879161663,63.742948796834874,0.15711938775510204,0.12247401968670728,0.36351257470952025
tanzania-080526/dpc-114-KTR-72502946.png,tanzania-080526,dpc-114-KTR-72502946.png,gs://tanzania_02032026/TZ2025-Box5/KTR-72502946/dpc-114-KTR-72502946.png,slightly dense,some rouleaux,2,2,0.26364375,167.0,0.586376070645553,0.1090493638247415,4.067844383299941,72.22001419415147,0.17119885204081634,0.09735113726727769,0.21220062420906238
tanzania-080526/dpc-115-KTR-72502946.png,tanzania-080526,dpc-115-KTR-72502946.png,gs://tanzania_02032026/TZ2025-Box5/KTR-72502946/dpc-115-KTR-72502946.png,slightly dense,slight rouleaux,2,1,0.3028545918367347,166.0,0.5774756592257124,0.12796343676628227,4.098714802471161,73.85612494706666,0.16802410714285715,0.10339967874811373,0.20524656888914547
tanzania-080526/dpc-116-KTR-72502946.png,tanzania-080526,dpc-116-KTR-72502946.png,gs://tanzania_02032026/TZ2025-Box5/KTR-72502946/dpc-116-KTR-72502946.png,dense,rouleaux,3,3,0.32990739795918367,165.0,0.5519645343368941,0.14781021467034647,4.103992123636989,69.8459688595342,0.1543719387755102,0.20051370073317423,0.4939206533290804
tanzania-080526/dpc-117-KTR-72502946.png,tanzania-080526,dpc-117-KTR-72502946.png,gs://tanzania_02032026/TZ2025-Box5/KTR-72502946/dpc-117-KTR-72502946.png,very dense,heavy rouleaux,4,4,0.3736825255102041,164.0,0.5714185809288641,0.1601533870652492,4.189810103688143,77.98256513062833,0.16245548469387755,0.22061406979099216,0.3377863563193938
tanzania-080526/dpc-118-KTR-72502946.png,tanzania-080526,dpc-118-KTR-72502946.png,gs://tanzania_02032026/TZ2025-Box5/KTR-72502946/dpc-118-KTR-72502946.png,very dense,heavy rouleaux,4,4,0.454540306122449,161.0,0.5982694129944067,0.1826027439962735,4.236372761969899,86.93625300596095,0.17452895408163266,0.18816874067309078,0.24134228480699754
tanzania-080526/dpc-119-KTR-72502946.png,tanzania-080526,dpc-119-KTR-72502946.png,gs://tanzania_02032026/TZ2025-Box5/KTR-72502946/dpc-119-KTR-72502946.png,dense,heavy rouleaux,3,4,0.43086492346938776,162.0,0.5939769985093875,0.17494106946406388,4.215057006985878,78.39031126071376,0.1713232142857143,0.1877592927777754,0.4789772295709535
tanzania-080526/dpc-120-KTR-72502946.png,tanzania-080526,dpc-120-KTR-72502946.png,gs://tanzania_02032026/TZ2025-Box5/KTR-72502946/dpc-120-KTR-72502946.png,dense,some rouleaux,3,2,0.39219005102040816,163.0,0.57514297103014,0.1666246998680684,4.1354545405169825,68.35760209698854,0.1661202806122449,0.09115052755300693,0.25304719663087166
tanzania-080526/dpc-121-KTR-72502946.png,tanzania-080526,dpc-121-KTR-72502946.png,gs://tanzania_02032026/TZ2025-Box5/KTR-72502946/dpc-121-KTR-72502946.png,slightly dense,slight rouleaux,2,1,0.3076829081632653,165.0,0.5672065961860466,0.13316313311935563,4.008308451763501,74.52387861773893,0.17480676020408165,0.10919780121315752,0.29945552934811304
tanzania-080526/dpc-122-KTR-72502946.png,tanzania-080526,dpc-122-KTR-72502946.png,gs://tanzania_02032026/TZ2025-Box5/KTR-72502946/dpc-122-KTR-72502946.png,slightly dense,some rouleaux,2,2,0.2773404336734694,166.0,0.5736808423850296,0.11823554005624404,3.9262351930183392,76.57378710795034,0.17450637755102041,0.09309623829675448,0.2222301799840733
tanzania-080526/dpc-123-KTR-72502946.png,tanzania-080526,dpc-123-KTR-72502946.png,gs://tanzania_02032026/TZ2025-Box5/KTR-72502946/dpc-123-KTR-72502946.png,slightly dense,some rouleaux,2,2,0.2376043367346939,167.0,0.5809387166252076,0.09957077828745715,3.8471010403606956,71.25618252378587,0.16654808673469387,0.11030431564289792,0.24646038588759572
tanzania-080526/dpc-124-KTR-72502946.png,tanzania-080526,dpc-124-KTR-72502946.png,gs://tanzania_02032026/TZ2025-Box5/KTR-72502946/dpc-124-KTR-72502946.png,slightly dense,slight rouleaux,2,1,0.2702452806122449,166.0,0.5795607212213792,0.11362173087393823,3.8917638300792095,80.44634783641723,0.17842461734693876,0.09931513312315396,0.20706263909553763
tanzania-080526/dpc-125-KTR-72502946.png,tanzania-080526,dpc-125-KTR-72502946.png,gs://tanzania_02032026/TZ2025-Box5/KTR-72502946/dpc-125-KTR-72502946.png,slightly dense,slight rouleaux,2,1,0.30196798469387753,165.0,0.5759338696080809,0.1280543947713789,3.873232829366003,77.99671961143288,0.17880076530612246,0.10112701292887889,0.19300422407504025
tanzania-080526/dpc-126-KTR-72502946.png,tanzania-080526,dpc-126-KTR-72502946.png,gs://tanzania_02032026/TZ2025-Box5/KTR-72502946/dpc-126-KTR-72502946.png,slightly dense,some rouleaux,2,2,0.2706752551020408,166.0,0.5780491663523275,0.11421164953810255,3.8565201356852565,75.75232706024657,0.17372538265306123,0.12480738142907914,0.2852217348631729
tanzania-080526/dpc-127-KTR-72502946.png,tanzania-080526,dpc-127-KTR-72502946.png,gs://tanzania_02032026/TZ2025-Box5/KTR-72502946/dpc-127-KTR-72502946.png,monolayer,no rouleaux,1,0,0.2192343112244898,169.0,0.5741786779403059,0.09335464424645869,3.9216034983076478,77.27343770242064,0.16250446428571427,0.07127549956703476,0.12425218373404558
tanzania-080526/dpc-128-KTR-72502946.png,tanzania-080526,dpc-128-KTR-72502946.png,gs://tanzania_02032026/TZ2025-Box5/KTR-72502946/dpc-128-KTR-72502946.png,monolayer,no rouleaux,1,0,0.1997359693877551,170.0,0.5863742983694695,0.08261593047886436,3.932237112498036,72.18624115138773,0.16011403061224488,0.057051445747164954,0.14792005184000953
tanzania-080526/dpc-129-KTR-72502946.png,tanzania-080526,dpc-129-KTR-72502946.png,gs://tanzania_02032026/TZ2025-Box5/KTR-72502946/dpc-129-KTR-72502946.png,monolayer,no rouleaux,1,0,0.19084579081632652,170.0,0.5941150774184444,0.07746142903050045,3.8698439679497882,63.89062356897128,0.148665306122449,0.09240847339782604,0.20543816523752984
tanzania-080526/dpc-130-KTR-72502946.png,tanzania-080526,dpc-130-KTR-72502946.png,gs://tanzania_02032026/TZ2025-Box5/KTR-72502946/dpc-130-KTR-72502946.png,monolayer,no rouleaux,1,0,0.1854984693877551,170.0,0.5959328235193723,0.07495384276698837,3.8608899350428936,64.79522636587907,0.1510983418367347,0.0880024750321911,0.2699215364311699
tanzania-080526/dpc-131-KTR-72502946.png,tanzania-080526,dpc-131-KTR-72502946.png,gs://tanzania_02032026/TZ2025-Box5/KTR-72502946/dpc-131-KTR-72502946.png,monolayer,no rouleaux,1,0,0.18658966836734694,170.0,0.5980532348821417,0.07499911360466908,3.898928009657184,61.90101022540071,0.1492625,0.09525063255909647,0.22015986708637095
tanzania-080526/dpc-132-KTR-72502946.png,tanzania-080526,dpc-132-KTR-72502946.png,gs://tanzania_02032026/TZ2025-Box5/KTR-72502946/dpc-132-KTR-72502946.png,monolayer,no rouleaux,1,0,0.21073520408163265,169.0,0.5793190051008843,0.08865229531332941,4.019240570895162,65.18351316820261,0.15529936224489796,0.09836123095744954,0.2324026055934013
tanzania-080526/dpc-133-KTR-72502946.png,tanzania-080526,dpc-133-KTR-72502946.png,gs://tanzania_02032026/TZ2025-Box5/KTR-72502946/dpc-133-KTR-72502946.png,slightly dense,rouleaux,2,3,0.30063520408163263,166.0,0.5712675830388346,0.12889205766953157,4.102311520578418,71.70749724137835,0.16097512755102042,0.08731353918490957,0.23986096531710058
tanzania-080526/dpc-134-KTR-72502946.png,tanzania-080526,dpc-134-KTR-72502946.png,gs://tanzania_02032026/TZ2025-Box5/KTR-72502946/dpc-134-KTR-72502946.png,slightly dense,rouleaux,2,3,0.36472423469387755,164.0,0.571950229664604,0.15612012489646737,4.143967384055364,74.31575957673671,0.16121377551020408,0.1159059893655008,0.37898168713442565
tanzania-080526/dpc-135-KTR-72502946.png,tanzania-080526,dpc-135-KTR-72502946.png,gs://tanzania_02032026/TZ2025-Box5/KTR-72502946/dpc-135-KTR-72502946.png,dense,heavy rouleaux,3,4,0.4390880102040816,162.0,0.5816179283220213,0.18370655135814512,4.218936158078085,71.4497860663203,0.15815216836734694,0.11378062970990178,0.3579838496755087
tanzania-080526/dpc-136-KTR-72502946.png,tanzania-080526,dpc-136-KTR-72502946.png,gs://tanzania_02032026/TZ2025-Box5/KTR-72502946/dpc-136-KTR-72502946.png,very dense,heavy rouleaux,4,4,0.508116581632653,159.0,0.631520954183171,0.1872303131637089,4.2671885614017215,100.98750462156895,0.18722959183673468,0.1702434248970974,0.2943580741233056
tanzania-080526/dpc-137-KTR-72502946.png,tanzania-080526,dpc-137-KTR-72502946.png,gs://tanzania_02032026/TZ2025-Box5/KTR-72502946/dpc-137-KTR-72502946.png,very dense,heavy rouleaux,4,4,0.43667104591836736,162.0,0.6146219324615099,0.1682834438260317,4.223868785793387,97.48683078081704,0.1952547193877551,0.17261688772813435,0.3652527562201897
tanzania-080526/dpc-138-KTR-72502946.png,tanzania-080526,dpc-138-KTR-72502946.png,gs://tanzania_02032026/TZ2025-Box5/KTR-72502946/dpc-138-KTR-72502946.png,dense,heavy rouleaux,3,4,0.3922834183673469,163.0,0.5825735912417651,0.16374945854448583,4.125960127066441,85.87059514724052,0.18545727040816326,0.09803883111196234,0.2783146907627731
tanzania-080526/dpc-139-KTR-72502946.png,tanzania-080526,dpc-139-KTR-72502946.png,gs://tanzania_02032026/TZ2025-Box5/KTR-72502946/dpc-139-KTR-72502946.png,dense,rouleaux,3,3,0.31428329081632655,165.0,0.5665282079694517,0.13623294127541105,4.023434557638435,75.52848709253504,0.17334260204081633,0.17078018160296884,0.3199642437456263
tanzania-080526/dpc-140-KTR-72502946.png,tanzania-080526,dpc-140-KTR-72502946.png,gs://tanzania_02032026/TZ2025-Box5/KTR-72502946/dpc-140-KTR-72502946.png,dense,rouleaux,3,3,0.2706045918367347,166.0,0.5623897442815705,0.1184193446322547,3.933146195382122,72.14929326208633,0.16675420918367348,0.19047486304149644,0.44409082227441055
tanzania-080526/dpc-141-KTR-72502946.png,tanzania-080526,dpc-141-KTR-72502946.png,gs://tanzania_02032026/TZ2025-Box5/KTR-72502946/dpc-141-KTR-72502946.png,dense,some rouleaux,3,2,0.23927869897959184,167.0,0.5678220979841101,0.10341096612209165,3.9166392693424954,69.46321178719789,0.16274413265306123,0.17905303142669354,0.38069423568110133
tanzania-080526/dpc-142-KTR-72502946.png,tanzania-080526,dpc-142-KTR-72502946.png,gs://tanzania_02032026/TZ2025-Box5/KTR-72502946/dpc-142-KTR-72502946.png,dense,some rouleaux,3,2,0.24103392857142858,167.0,0.5689411452596186,0.1038998092035749,3.9075256989070617,72.93923453655309,0.1660280612244898,0.2073059822968072,0.3534269091074963
tanzania-080526/dpc-143-KTR-72502946.png,tanzania-080526,dpc-143-KTR-72502946.png,gs://tanzania_02032026/TZ2025-Box5/KTR-72502946/dpc-143-KTR-72502946.png,dense,some rouleaux,3,2,0.26005127551020407,166.0,0.5677435007216627,0.11240885398490723,3.8597206055386404,69.76026121320751,0.16302436224489797,0.22678150933880215,0.4227927294370461
tanzania-080526/dpc-144-KTR-72502946.png,tanzania-080526,dpc-144-KTR-72502946.png,gs://tanzania_02032026/TZ2025-Box5/KTR-72502946/dpc-144-KTR-72502946.png,slightly dense,no rouleaux,2,0,0.23539285714285715,167.0,0.5761357335232669,0.09977462072671958,3.847137120231491,66.42901917745252,0.16017984693877552,0.17338296377826717,0.3166432223653561
tanzania-080526/dpc-145-KTR-72502946.png,tanzania-080526,dpc-145-KTR-72502946.png,gs://tanzania_02032026/TZ2025-Box5/KTR-72502946/dpc-145-KTR-72502946.png,monolayer,no rouleaux,1,0,0.24551441326530613,168.0,0.5653574695971143,0.10671100583201246,3.9513971513883774,72.27896669565035,0.15690433673469387,0.07579631984213664,0.14075426068475644
tanzania-080526/dpc-146-KTR-72502946.png,tanzania-080526,dpc-146-KTR-72502946.png,gs://tanzania_02032026/TZ2025-Box5/KTR-72502946/dpc-146-KTR-72502946.png,monolayer,no rouleaux,1,0,0.21610752551020407,169.0,0.5718204228998282,0.09253282888112378,3.946334825679042,68.72319536533696,0.1550844387755102,0.09873528379740137,0.16731621963424587
tanzania-080526/dpc-147-KTR-72502946.png,tanzania-080526,dpc-147-KTR-72502946.png,gs://tanzania_02032026/TZ2025-Box5/KTR-72502946/dpc-147-KTR-72502946.png,monolayer,no rouleaux,1,0,0.21203265306122449,169.0,0.5742480538006061,0.09027331469863721,3.9312294556561227,63.59404631714238,0.1475389030612245,0.09418961196318447,0.1848977876753992
tanzania-080526/dpc-148-KTR-72502946.png,tanzania-080526,dpc-148-KTR-72502946.png,gs://tanzania_02032026/TZ2025-Box5/KTR-72502946/dpc-148-KTR-72502946.png,monolayer,no rouleaux,1,0,0.19164885204081633,170.0,0.5816945499529382,0.08016775930393642,3.9154073070337367,60.11962120449356,0.145375,0.09366490709902121,0.18959393528593022
tanzania-080526/dpc-149-KTR-72502946.png,tanzania-080526,dpc-149-KTR-72502946.png,gs://tanzania_02032026/TZ2025-Box5/KTR-72502946/dpc-149-KTR-72502946.png,monolayer,no rouleaux,1,0,0.2026047193877551,169.0,0.5738679077348545,0.08633637297549676,3.9546378680338603,58.667503108565114,0.14459438775510203,0.10030558247177888,0.2468692635491211
tanzania-080526/dpc-150-KTR-72502946.png,tanzania-080526,dpc-150-KTR-72502946.png,gs://tanzania_02032026/TZ2025-Box5/KTR-72502946/dpc-150-KTR-72502946.png,slightly dense,no rouleaux,2,0,0.23593482142857142,168.0,0.5636400177395604,0.10295251449319141,4.0633928501392855,63.356993407003074,0.15099375,0.09516289426636736,0.16838529435472155
tanzania-080526/dpc-151-KTR-72502946.png,tanzania-080526,dpc-151-KTR-72502946.png,gs://tanzania_02032026/TZ2025-Box5/KTR-72502946/dpc-151-KTR-72502946.png,slightly dense,slight rouleaux,2,1,0.26429323979591834,167.0,0.5706644817601334,0.11347047507507393,4.061132937460122,63.0357748455106,0.15323035714285715,0.12184689063989296,0.43703386925443394
tanzania-080526/dpc-152-KTR-72502946.png,tanzania-080526,dpc-152-KTR-72502946.png,gs://tanzania_02032026/TZ2025-Box5/KTR-72502946/dpc-152-KTR-72502946.png,slightly dense,rouleaux,2,3,0.30621862244897957,166.0,0.565721676884596,0.13298410986385187,4.102585627739291,65.86460952814001,0.15611313775510205,0.16322442115608843,0.43260578700829055
tanzania-080526/dpc-153-KTR-72502946.png,tanzania-080526,dpc-153-KTR-72502946.png,gs://tanzania_02032026/TZ2025-Box5/KTR-72502946/dpc-153-KTR-72502946.png,very dense,heavy rouleaux,4,4,0.39919783163265304,163.0,0.5751601653825879,0.16959514077044585,4.203658688487861,67.19355394142151,0.15192551020408163,0.14146061533668544,0.3590546677793922
tanzania-080526/dpc-154-KTR-72502946.png,tanzania-080526,dpc-154-KTR-72502946.png,gs://tanzania_02032026/TZ2025-Box5/KTR-72502946/dpc-154-KTR-72502946.png,very dense,heavy rouleaux,4,4,0.4358188775510204,162.0,0.5934030908196272,0.17720260857470427,4.225469330133054,82.88464931841213,0.1737952806122449,0.18025699852209398,0.4892144930123972
tanzania-080526/dpc-155-KTR-72502946.png,tanzania-080526,dpc-155-KTR-72502946.png,gs://tanzania_02032026/TZ2025-Box5/KTR-72502946/dpc-155-KTR-72502946.png,very dense,heavy rouleaux,4,4,0.43256645408163263,162.0,0.60024400249544,0.17292103433841352,4.232495238998649,79.21080732953256,0.17011071428571428,0.18833968627276176,0.6284961777639289
tanzania-080526/dpc-156-KTR-72502946.png,tanzania-080526,dpc-156-KTR-72502946.png,gs://tanzania_02032026/TZ2025-Box5/KTR-72502946/dpc-156-KTR-72502946.png,very dense,heavy rouleaux,4,4,0.4240109693877551,162.0,0.5845221947198787,0.17616714697592123,4.189300329514375,70.75695711547161,0.1636110969387755,0.07774761584990665,0.23538069828448255
tanzania-080526/dpc-157-KTR-72502946.png,tanzania-080526,dpc-157-KTR-72502946.png,gs://tanzania_02032026/TZ2025-Box5/KTR-72502946/dpc-157-KTR-72502946.png,dense,heavy rouleaux,3,4,0.3901966836734694,163.0,0.5734801489261173,0.16642663140993108,4.147828455245173,73.62047249539421,0.16967372448979592,0.099216809492363,0.24267319545967414
tanzania-080526/dpc-158-KTR-72502946.png,tanzania-080526,dpc-158-KTR-72502946.png,gs://tanzania_02032026/TZ2025-Box5/KTR-72502946/dpc-158-KTR-72502946.png,dense,rouleaux,3,3,0.34993788265306125,164.0,0.5634514656885424,0.15276486977224873,4.0638321077225426,72.86829442186594,0.1685455357142857,0.11001091164312193,0.23025564746265212
tanzania-080526/dpc-159-KTR-72502946.png,tanzania-080526,dpc-159-KTR-72502946.png,gs://tanzania_02032026/TZ2025-Box5/KTR-72502946/dpc-159-KTR-72502946.png,dense,rouleaux,3,3,0.305709056122449,165.0,0.556513304228676,0.13557789916711516,3.9887588227052344,70.43889868295251,0.1646892857142857,0.1091107637083325,0.28859688734971006
tanzania-080526/dpc-160-KTR-72502946.png,tanzania-080526,dpc-160-KTR-72502946.png,gs://tanzania_02032026/TZ2025-Box5/KTR-72502946/dpc-160-KTR-72502946.png,dense,rouleaux,3,3,0.31170561224489796,165.0,0.5646327940065761,0.13570640149553082,4.0109200984682545,76.13946196579462,0.1722279336734694,0.08928316603950218,0.2110056588964216
tanzania-080526/dpc-161-KTR-72502946.png,tanzania-080526,dpc-161-KTR-72502946.png,gs://tanzania_02032026/TZ2025-Box5/KTR-72502946/dpc-161-KTR-72502946.png,dense,some rouleaux,3,2,0.3072255102040816,165.0,0.5656640275447314,0.13343909073755583,3.9791499094395393,70.92442886523776,0.1691371173469388,0.11054993362069637,0.2873856774888783
tanzania-080526/dpc-162-KTR-72502946.png,tanzania-080526,dpc-162-KTR-72502946.png,gs://tanzania_02032026/TZ2025-Box5/KTR-72502946/dpc-162-KTR-72502946.png,slightly dense,some rouleaux,2,2,0.3014849489795918,165.0,0.5636765596878869,0.1315449501410974,3.9687712608385834,67.94358212407386,0.16400114795918366,0.11717247531497806,0.2688983194062319
tanzania-080526/dpc-163-KTR-72502946.png,tanzania-080526,dpc-163-KTR-72502946.png,gs://tanzania_02032026/TZ2025-Box5/KTR-72502946/dpc-163-KTR-72502946.png,monolayer,no rouleaux,1,0,0.21481160714285713,169.0,0.5703481784109905,0.09229419830739125,3.8762454433928255,73.3898695922611,0.1566970663265306,0.07010804138932983,0.18320556340376182
tanzania-080526/dpc-164-KTR-72502946.png,tanzania-080526,dpc-164-KTR-72502946.png,gs://tanzania_02032026/TZ2025-Box5/KTR-72502946/dpc-164-KTR-72502946.png,monolayer,no rouleaux,1,0,0.19311275510204082,170.0,0.5879011261367303,0.07958154890618441,3.8832357719942103,62.84199165245903,0.1490857142857143,0.06756115211372911,0.18435021029052673
tanzania-080526/dpc-165-KTR-72502946.png,tanzania-080526,dpc-165-KTR-72502946.png,gs://tanzania_02032026/TZ2025-Box5/KTR-72502946/dpc-165-KTR-72502946.png,monolayer,no rouleaux,1,0,0.18607869897959184,170.0,0.5804659557892153,0.07806634912438937,3.86790093262409,62.93336466660398,0.1460858418367347,0.0708641574844399,0.21855247607567294
tanzania-080526/dpc-166-KTR-72502946.png,tanzania-080526,dpc-166-KTR-72502946.png,gs://tanzania_02032026/TZ2025-Box5/KTR-72502946/dpc-166-KTR-72502946.png,monolayer,no rouleaux,1,0,0.18182257653061223,170.0,0.5817760157843614,0.0760425623769855,3.8477456326168076,59.94164834555796,0.14231517857142856,0.0696575026398006,0.1302224484053175
tanzania-080526/dpc-167-KTR-72502946.png,tanzania-080526,dpc-167-KTR-72502946.png,gs://tanzania_02032026/TZ2025-Box5/KTR-72502946/dpc-167-KTR-72502946.png,monolayer,no rouleaux,1,0,0.17901033163265306,170.0,0.5755179017455176,0.07598668118065931,3.8621168613620664,58.148731498368655,0.1401030612244898,0.10702004911943311,0.29085308364577994
tanzania-080526/dpc-168-KTR-72502946.png,tanzania-080526,dpc-168-KTR-72502946.png,gs://tanzania_02032026/TZ2025-Box5/KTR-72502946/dpc-168-KTR-72502946.png,monolayer,no rouleaux,1,0,0.18604170918367346,170.0,0.5775753942340586,0.07858859565793519,3.897412780764301,58.89633494877488,0.14399770408163265,0.09899899424343926,0.3181090856971741
tanzania-080526/dpc-169-KTR-72502946.png,tanzania-080526,dpc-169-KTR-72502946.png,gs://tanzania_02032026/TZ2025-Box5/KTR-72502946/dpc-169-KTR-72502946.png,monolayer,no rouleaux,1,0,0.2000144132653061,169.0,0.5776866975845902,0.08446874739675196,3.928923881875894,58.99687387260013,0.14590663265306122,0.10766183014397583,0.3543791596851592
tanzania-080526/dpc-170-KTR-72502946.png,tanzania-080526,dpc-170-KTR-72502946.png,gs://tanzania_02032026/TZ2025-Box5/KTR-72502946/dpc-170-KTR-72502946.png,slightly dense,no rouleaux,2,0,0.20650408163265307,169.0,0.5793886041872885,0.08685797001653232,3.9771826928259193,58.503505376205915,0.14673533163265307,0.12317052326585536,0.2707761595083931
tanzania-080526/dpc-171-KTR-72502946.png,tanzania-080526,dpc-171-KTR-72502946.png,gs://tanzania_02032026/TZ2025-Box5/KTR-72502946/dpc-171-KTR-72502946.png,slightly dense,slight rouleaux,2,1,0.23970905612244897,168.0,0.5794843714661171,0.10080140440059544,4.055861212747292,67.06921292870453,0.15690165816326532,0.10846347478598141,0.2135893354797727
tanzania-080526/dpc-172-KTR-72502946.png,tanzania-080526,dpc-172-KTR-72502946.png,gs://tanzania_02032026/TZ2025-Box5/KTR-72502946/dpc-172-KTR-72502946.png,very dense,heavy rouleaux,4,4,0.3014895408163265,166.0,0.5702822568003072,0.1295554050779035,4.108099795231679,77.03404513258883,0.16923954081632653,0.1684444741518482,0.4082192161506384
tanzania-080526/dpc-173-KTR-72502946.png,tanzania-080526,dpc-173-KTR-72502946.png,gs://tanzania_02032026/TZ2025-Box5/KTR-72502946/dpc-173-KTR-72502946.png,very dense,heavy rouleaux,4,4,0.3902801020408163,163.0,0.5919749674367895,0.1592440513439772,4.202759468272524,76.73495941222595,0.16537257653061224,0.16790349838150276,0.4344474151405979
tanzania-080526/dpc-174-KTR-72502946.png,tanzania-080526,dpc-174-KTR-72502946.png,gs://tanzania_02032026/TZ2025-Box5/KTR-72502946/dpc-174-KTR-72502946.png,very dense,heavy rouleaux,4,4,0.4207845663265306,162.0,0.6052977447995467,0.16608461728262636,4.219595373022185,77.84437847880733,0.16885216836734693,0.14281280582854172,0.3509372124156111
tanzania-080526/dpc-175-KTR-72502946.png,tanzania-080526,dpc-175-KTR-72502946.png,gs://tanzania_02032026/TZ2025-Box5/KTR-72502946/dpc-175-KTR-72502946.png,very dense,heavy rouleaux,4,4,0.42153380102040816,162.0,0.6066779912781866,0.16579852136148815,4.208871373057251,79.0983962607323,0.17047448979591837,0.11766556598381733,0.18645755385934668
tanzania-080526/dpc-176-KTR-72502946.png,tanzania-080526,dpc-176-KTR-72502946.png,gs://tanzania_02032026/TZ2025-Box5/KTR-72502946/dpc-176-KTR-72502946.png,dense,heavy rouleaux,3,4,0.38816313775510203,163.0,0.5923602591025937,0.158230720900414,4.186713657684,75.75402636355899,0.16628405612244898,0.13559378789419324,0.30333581998975745
tanzania-080526/dpc-177-KTR-72502946.png,tanzania-080526,dpc-177-KTR-72502946.png,gs://tanzania_02032026/TZ2025-Box5/KTR-72502946/dpc-177-KTR-72502946.png,dense,heavy rouleaux,3,4,0.380990943877551,163.0,0.5796357008445683,0.16015499110765313,4.138916853167399,77.87714827821932,0.16848125,0.09907179586425605,0.23590753122016703
tanzania-080526/dpc-178-KTR-72502946.png,tanzania-080526,dpc-178-KTR-72502946.png,gs://tanzania_02032026/TZ2025-Box5/KTR-72502946/dpc-178-KTR-72502946.png,dense,rouleaux,3,3,0.3773,163.0,0.5763547465569813,0.15984135412405098,4.108469068463334,82.3982072599921,0.17432551020408163,0.08952527601761577,0.1780704432422054
tanzania-080526/dpc-179-KTR-72502946.png,tanzania-080526,dpc-179-KTR-72502946.png,gs://tanzania_02032026/TZ2025-Box5/KTR-72502946/dpc-179-KTR-72502946.png,dense,heavy rouleaux,3,4,0.3543186224489796,164.0,0.568262997698092,0.152972459915864,4.094282822687052,78.74445475129897,0.1741673469387755,0.11459304395113662,0.26177663306395976
tanzania-080526/dpc-180-KTR-72502946.png,tanzania-080526,dpc-180-KTR-72502946.png,gs://tanzania_02032026/TZ2025-Box5/KTR-72502946/dpc-180-KTR-72502946.png,dense,heavy rouleaux,3,4,0.3467701530612245,164.0,0.5651238132063369,0.1508020818571202,4.066785112052322,74.17782471335568,0.16782729591836734,0.11109312338535747,0.2541119108709538
tanzania-080526/dpc-181-KTR-72502946.png,tanzania-080526,dpc-181-KTR-72502946.png,gs://tanzania_02032026/TZ2025-Box5/KTR-72502946/dpc-181-KTR-72502946.png,monolayer,no rouleaux,1,0,0.21540076530612245,169.0,0.5600896690890236,0.0947570219442939,3.939409799637332,74.82414310518514,0.1525033163265306,0.06404586693407252,0.1475193723373373
tanzania-080526/dpc-182-KTR-72502946.png,tanzania-080526,dpc-182-KTR-72502946.png,gs://tanzania_02032026/TZ2025-Box5/KTR-72502946/dpc-182-KTR-72502946.png,monolayer,no rouleaux,1,0,0.19203813775510203,170.0,0.5800027518575738,0.08065548939553902,3.9100631635457224,68.03913052207122,0.152071556122449,0.0724832039096177,0.17104230079268853
tanzania-080526/dpc-183-KTR-72502946.png,tanzania-080526,dpc-183-KTR-72502946.png,gs://tanzania_02032026/TZ2025-Box5/KTR-72502946/dpc-183-KTR-72502946.png,monolayer,no rouleaux,1,0,0.19501262755102042,170.0,0.5731353145817927,0.08324400391214436,3.9310993150203144,65.94701774824094,0.14681747448979593,0.05226847808191331,0.11708008868178885
tanzania-080526/dpc-184-KTR-72502946.png,tanzania-080526,dpc-184-KTR-72502946.png,gs://tanzania_02032026/TZ2025-Box5/KTR-72502946/dpc-184-KTR-72502946.png,monolayer,no rouleaux,1,0,0.1875059948979592,170.0,0.571388862386207,0.08036715778262035,3.915067631568471,63.92480229536207,0.14286441326530613,0.05249625540621221,0.12476731434896345
tanzania-080526/dpc-185-KTR-72502946.png,tanzania-080526,dpc-185-KTR-72502946.png,gs://tanzania_02032026/TZ2025-Box5/KTR-72502946/dpc-185-KTR-72502946.png,monolayer,no rouleaux,1,0,0.18708418367346938,170.0,0.5768609058106455,0.07916263201674666,3.9268468988497274,58.33754583939404,0.13973635204081633,0.07252661910929956,0.14433029349350693
tanzania-080526/dpc-186-KTR-72502946.png,tanzania-080526,dpc-186-KTR-72502946.png,gs://tanzania_02032026/TZ2025-Box5/KTR-72502946/dpc-186-KTR-72502946.png,monolayer,no rouleaux,1,0,0.19013545918367347,170.0,0.5727439143059003,0.08123653204246659,3.924617838895556,65.23890707491285,0.1488389030612245,0.061653887857458435,0.17084817607703529
tanzania-080526/dpc-187-KTR-72502946.png,tanzania-080526,dpc-187-KTR-72502946.png,gs://tanzania_02032026/TZ2025-Box5/KTR-72502946/dpc-187-KTR-72502946.png,monolayer,no rouleaux,1,0,0.18553239795918366,170.0,0.5794375016705113,0.0780279688067752,3.92514860120252,59.18843543065204,0.14350522959183673,0.06422757303104826,0.15602629210197294
tanzania-080526/dpc-188-KTR-72502946.png,tanzania-080526,dpc-188-KTR-72502946.png,gs://tanzania_02032026/TZ2025-Box5/KTR-72502946/dpc-188-KTR-72502946.png,monolayer,no rouleaux,1,0,0.18650497448979592,170.0,0.6096046231681704,0.07281067979695463,3.9222240533635633,60.443892270369126,0.14637270408163267,0.11378889016128414,0.2931781365376834
tanzania-080526/dpc-189-KTR-72502946.png,tanzania-080526,dpc-189-KTR-72502946.png,gs://tanzania_02032026/TZ2025-Box5/KTR-72502946/dpc-189-KTR-72502946.png,slightly dense,no rouleaux,2,0,0.20609272959183675,169.0,0.6053040601638687,0.08134396359964367,3.9680567214318985,58.14554524446049,0.1451702806122449,0.115649354737595,0.3195369021511145
tanzania-080526/dpc-190-KTR-72502946.png,tanzania-080526,dpc-190-KTR-72502946.png,gs://tanzania_02032026/TZ2025-Box5/KTR-72502946/dpc-190-KTR-72502946.png,dense,heavy rouleaux,3,4,0.26499298469387755,167.0,0.5728991207005372,0.1131787367709442,4.055114592218102,69.28942562259054,0.15900140306122448,0.1666346429009283,0.39301660198123267
tanzania-080526/dpc-191-KTR-72502946.png,tanzania-080526,dpc-191-KTR-72502946.png,gs://tanzania_02032026/TZ2025-Box5/KTR-72502946/dpc-191-KTR-72502946.png,very dense,heavy rouleaux,4,4,0.4235906887755102,162.0,0.6127503226361478,0.16403535756264825,4.202283549492388,81.31082316392082,0.17399005102040815,0.1405147649454131,0.3876504988682726
tanzania-080526/dpc-192-KTR-72502946.png,tanzania-080526,dpc-192-KTR-72502946.png,gs://tanzania_02032026/TZ2025-Box5/KTR-72502946/dpc-192-KTR-72502946.png,very dense,heavy rouleaux,4,4,0.4469043367346939,161.0,0.6207023716903923,0.16950975500474766,4.227734325419254,83.44488566262714,0.1776095663265306,0.13747186450927168,0.392539140571744
tanzania-080526/dpc-193-KTR-72502946.png,tanzania-080526,dpc-193-KTR-72502946.png,gs://tanzania_02032026/TZ2025-Box5/KTR-72502946/dpc-193-KTR-72502946.png,very dense,heavy rouleaux,4,4,0.39020459183673467,163.0,0.6077056008120474,0.1530750759149721,4.1813024729376265,81.49829843821769,0.1792265306122449,0.16387341100298203,0.36149165323119675
tanzania-080526/dpc-194-KTR-72502946.png,tanzania-080526,dpc-194-KTR-72502946.png,gs://tanzania_02032026/TZ2025-Box5/KTR-72502946/dpc-194-KTR-72502946.png,dense,heavy rouleaux,3,4,0.38862436224489794,163.0,0.5907512307129692,0.15904404196368171,4.15233413993935,81.03093581872972,0.17667359693877552,0.14822571723433792,0.2708623533297167
tanzania-080526/dpc-195-KTR-72502946.png,tanzania-080526,dpc-195-KTR-72502946.png,gs://tanzania_02032026/TZ2025-Box5/KTR-72502946/dpc-195-KTR-72502946.png,dense,heavy rouleaux,3,4,0.34374732142857145,164.0,0.5735494879121744,0.14659122125203267,4.119921677054793,78.45778101506818,0.17256645408163265,0.15760741979189435,0.2314492348912854
tanzania-080526/dpc-196-KTR-72502946.png,tanzania-080526,dpc-196-KTR-72502946.png,gs://tanzania_02032026/TZ2025-Box5/KTR-72502946/dpc-196-KTR-72502946.png,dense,rouleaux,3,3,0.32101007653061225,165.0,0.5737533623800929,0.13682946576328253,4.080612127120034,83.47766177673743,0.17770076530612244,0.15705580321000562,0.20042287903560077
tanzania-080526/dpc-197-KTR-72502946.png,tanzania-080526,dpc-197-KTR-72502946.png,gs://tanzania_02032026/TZ2025-Box5/KTR-72502946/dpc-197-KTR-72502946.png,dense,rouleaux,3,3,0.3076455357142857,165.0,0.5639595237846833,0.13414590589837336,3.9967951197526315,78.42026261797801,0.17703979591836735,0.16426210211795078,0.36056997772623417
tanzania-080526/dpc-198-KTR-72502946.png,tanzania-080526,dpc-198-KTR-72502946.png,gs://tanzania_02032026/TZ2025-Box5/KTR-72502946/dpc-198-KTR-72502946.png,dense,some rouleaux,3,2,0.2832547193877551,166.0,0.5684319674843501,0.12224368194694597,3.994716628559533,74.39630147650549,0.17271989795918366,0.1571810008383355,0.2652212452959125
tanzania-080526/dpc-199-KTR-72502946.png,tanzania-080526,dpc-199-KTR-72502946.png,gs://tanzania_02032026/TZ2025-Box5/KTR-72502946/dpc-199-KTR-72502946.png,monolayer,no rouleaux,1,0,0.26618214285714287,167.0,0.5597724815861959,0.1171807041960687,3.9798799979637964,67.4533006581778,0.14466811224489795,0.08284975106529002,0.3065640480555716
tanzania-080526/dpc-200-KTR-72502946.png,tanzania-080526,dpc-200-KTR-72502946.png,gs://tanzania_02032026/TZ2025-Box5/KTR-72502946/dpc-200-KTR-72502946.png,monolayer,no rouleaux,1,0,0.21581517857142857,169.0,0.5719202525244658,0.09238610714424447,3.931800393369728,63.567608421031295,0.14529630102040816,0.1000835954046638,0.19100036470610368
tanzania-080526/dpc-201-KTR-72502946.png,tanzania-080526,dpc-201-KTR-72502946.png,gs://tanzania_02032026/TZ2025-Box5/KTR-72502946/dpc-201-KTR-72502946.png,monolayer,no rouleaux,1,0,0.1927608418367347,170.0,0.5716260418620519,0.08257372479160502,3.8869372639140423,60.82727193884972,0.13736339285714286,0.13148485621864095,0.15809226729061276
tanzania-080526/dpc-202-KTR-72502946.png,tanzania-080526,dpc-202-KTR-72502946.png,gs://tanzania_02032026/TZ2025-Box5/KTR-72502946/dpc-202-KTR-72502946.png,monolayer,no rouleaux,1,0,0.18381301020408164,170.0,0.5667488501966516,0.07963719801973299,3.856339678768805,57.16061240937542,0.1318376275510204,0.132143987198367,0.15754738775330318
tanzania-080526/dpc-203-KTR-72502946.png,tanzania-080526,dpc-203-KTR-72502946.png,gs://tanzania_02032026/TZ2025-Box5/KTR-72502946/dpc-203-KTR-72502946.png,monolayer,no rouleaux,1,0,0.17730650510204082,170.0,0.5675766637767274,0.0766714704703132,3.853011412058719,57.18750902033547,0.1348298469387755,0.13658381157708657,0.17698127781121528
tanzania-080526/dpc-204-KTR-72502946.png,tanzania-080526,dpc-204-KTR-72502946.png,gs://tanzania_02032026/TZ2025-Box5/KTR-72502946/dpc-204-KTR-72502946.png,monolayer,no rouleaux,1,0,0.2006672193877551,169.0,0.5703807820087022,0.08621049386985553,3.9271476381457946,57.03482762548484,0.1386375,0.09756452275487157,0.1845383690780336
tanzania-080526/dpc-205-KTR-72502946.png,tanzania-080526,dpc-205-KTR-72502946.png,gs://tanzania_02032026/TZ2025-Box5/KTR-72502946/dpc-205-KTR-72502946.png,monolayer,no rouleaux,1,0,0.18197933673469388,170.0,0.5683281259774794,0.07855536132164063,3.8902777762625647,61.05462447171175,0.1429701530612245,0.09082269486035938,0.19697912594279804
tanzania-080526/dpc-206-KTR-72502946.png,tanzania-080526,dpc-206-KTR-72502946.png,gs://tanzania_02032026/TZ2025-Box5/KTR-72502946/dpc-206-KTR-72502946.png,slightly dense,slight rouleaux,2,1,0.1834309948979592,170.0,0.5958521189225034,0.0741332479119473,3.884654616166105,61.36633776436726,0.14698022959183674,0.1238384617584928,0.27940779282121453
tanzania-080526/dpc-207-KTR-72502946.png,tanzania-080526,dpc-207-KTR-72502946.png,gs://tanzania_02032026/TZ2025-Box5/KTR-72502946/dpc-207-KTR-72502946.png,dense,some rouleaux,3,2,0.22816849489795918,168.0,0.578191557049174,0.09624339756334165,3.9969700391538288,60.63511849668307,0.14819604591836735,0.15405040026262523,0.4581572723924388
tanzania-080526/dpc-208-KTR-72502946.png,tanzania-080526,dpc-208-KTR-72502946.png,gs://tanzania_02032026/TZ2025-Box5/KTR-72502946/dpc-208-KTR-72502946.png,very dense,heavy rouleaux,4,4,0.39844119897959185,163.0,0.5984368644372408,0.15999929719963016,4.159775273530207,87.69856179178011,0.1835155612244898,0.19741914936148414,0.42453734628297374
tanzania-080526/dpc-209-KTR-72502946.png,tanzania-080526,dpc-209-KTR-72502946.png,gs://tanzania_02032026/TZ2025-Box5/KTR-72502946/dpc-209-KTR-72502946.png,very dense,heavy rouleaux,4,4,0.4221733418367347,162.0,0.6056663083603844,0.16647717239831297,4.168820473168837,87.14811965816278,0.1790875,0.21168029649356324,0.2927213665723548
tanzania-080526/dpc-210-KTR-72502946.png,tanzania-080526,dpc-210-KTR-72502946.png,gs://tanzania_02032026/TZ2025-Box5/KTR-72502946/dpc-210-KTR-72502946.png,very dense,heavy rouleaux,4,4,0.42359655612244895,162.0,0.5985881940024839,0.17003665860744044,4.160312317755,86.26460809739623,0.17987244897959184,0.17118448803669978,0.31394231943884077
tanzania-080526/dpc-211-KTR-72502946.png,tanzania-080526,dpc-211-KTR-72502946.png,gs://tanzania_02032026/TZ2025-Box5/KTR-72502946/dpc-211-KTR-72502946.png,very dense,heavy rouleaux,4,4,0.42391977040816325,162.0,0.590358735126089,0.1736550309550579,4.181779582865945,81.10915216768848,0.17164056122448978,0.16080918892464238,0.4273111651663492
tanzania-080526/dpc-212-KTR-72502946.png,tanzania-080526,dpc-212-KTR-72502946.png,gs://tanzania_02032026/TZ2025-Box5/KTR-72502946/dpc-212-KTR-72502946.png,very dense,heavy rouleaux,4,4,0.39079311224489793,163.0,0.578331494619173,0.16478514755342788,4.152595354142206,75.96152427438672,0.1634405612244898,0.1890578323423906,0.5457882354308139
tanzania-080526/dpc-213-KTR-72502946.png,tanzania-080526,dpc-213-KTR-72502946.png,gs://tanzania_02032026/TZ2025-Box5/KTR-72502946/dpc-213-KTR-72502946.png,very dense,heavy rouleaux,4,4,0.3815936224489796,163.0,0.5683472214164305,0.1647159474198716,4.13606124672004,73.0029818972548,0.15774426020408164,0.19951226396620247,0.3985994932176265
tanzania-080526/dpc-214-KTR-72502946.png,tanzania-080526,dpc-214-KTR-72502946.png,gs://tanzania_02032026/TZ2025-Box5/KTR-72502946/dpc-214-KTR-72502946.png,very dense,heavy rouleaux,4,4,0.39203801020408163,163.0,0.5759556841966337,0.16624148980590295,4.139708901962166,77.25491043717645,0.16476135204081632,0.21357082994215557,0.47924231413911594
tanzania-080526/dpc-215-KTR-72502946.png,tanzania-080526,dpc-215-KTR-72502946.png,gs://tanzania_02032026/TZ2025-Box5/KTR-72502946/dpc-215-KTR-72502946.png,very dense,heavy rouleaux,4,4,0.3954752551020408,163.0,0.5719751578491401,0.16927323363962207,4.146599901873745,73.17997220094632,0.1645233418367347,0.2014673762145939,0.5092219406938262
tanzania-080526/dpc-216-KTR-72502946.png,tanzania-080526,dpc-216-KTR-72502946.png,gs://tanzania_02032026/TZ2025-Box5/KTR-72502946/dpc-216-KTR-72502946.png,very dense,heavy rouleaux,4,4,0.3907253826530612,163.0,0.5697799354684753,0.16809789933910468,4.130499370754883,71.82591826307554,0.16274923469387756,0.1539796469585847,0.29819281494452765
tanzania-080526/dpc-217-KTR-72502946.png,tanzania-080526,dpc-217-KTR-72502946.png,gs://tanzania_02032026/TZ2025-Box5/KTR-72502946/dpc-217-KTR-72502946.png,monolayer,no rouleaux,1,0,0.22901173469387756,168.0,0.5573356103013828,0.10137533977208696,3.9315350954876593,67.10935422683936,0.14160905612244898,0.08351036501966264,0.17635300306680837
tanzania-080526/dpc-218-KTR-72502946.png,tanzania-080526,dpc-218-KTR-72502946.png,gs://tanzania_02032026/TZ2025-Box5/KTR-72502946/dpc-218-KTR-72502946.png,monolayer,no rouleaux,1,0,0.19432640306122448,170.0,0.5742600661676941,0.08273250998115572,3.8883041902934736,63.37705954323596,0.14465216836734693,0.06511699801429068,0.1482117857005504
tanzania-080526/dpc-219-KTR-72502946.png,tanzania-080526,dpc-219-KTR-72502946.png,gs://tanzania_02032026/TZ2025-Box5/KTR-72502946/dpc-219-KTR-72502946.png,monolayer,no rouleaux,1,0,0.18497525510204083,170.0,0.5693963795052474,0.07965101454887924,3.8641388530801692,62.065930754868525,0.1389045918367347,0.08941668021983888,0.28942494591137596
tanzania-080526/dpc-220-KTR-72502946.png,tanzania-080526,dpc-220-KTR-72502946.png,gs://tanzania_02032026/TZ2025-Box5/KTR-72502946/dpc-220-KTR-72502946.png,monolayer,no rouleaux,1,0,0.18068048469387754,170.0,0.5739851230607839,0.07697257445218017,3.882921928283723,56.866843335428825,0.13485420918367347,0.06443489582943424,0.1262396365529958
tanzania-080526/dpc-221-KTR-72502946.png,tanzania-080526,dpc-221-KTR-72502946.png,gs://tanzania_02032026/TZ2025-Box5/KTR-72502946/dpc-221-KTR-72502946.png,monolayer,no rouleaux,1,0,0.1801438775510204,170.0,0.58354492332116,0.07502183233873376,3.852475252680741,55.80888877943531,0.13781377551020407,0.07300442019883228,0.20110806264314232
tanzania-080526/dpc-222-KTR-72502946.png,tanzania-080526,dpc-222-KTR-72502946.png,gs://tanzania_02032026/TZ2025-Box5/KTR-72502946/dpc-222-KTR-72502946.png,monolayer,no rouleaux,1,0,0.18351977040816325,170.0,0.5777021964256291,0.07749999595584016,3.9134883657404225,58.823654990126286,0.14309757653061225,0.08109304954903354,0.2025626059828274
tanzania-080526/dpc-223-KTR-72502946.png,tanzania-080526,dpc-223-KTR-72502946.png,gs://tanzania_02032026/TZ2025-Box5/KTR-72502946/dpc-223-KTR-72502946.png,monolayer,no rouleaux,1,0,0.18559311224489797,170.0,0.5744835225138554,0.07897292736813964,3.8751779114398097,60.70368955044246,0.14268035714285715,0.06417515441416127,0.21136705101716521
tanzania-080526/dpc-224-KTR-72502946.png,tanzania-080526,dpc-224-KTR-72502946.png,gs://tanzania_02032026/TZ2025-Box5/KTR-72502946/dpc-224-KTR-72502946.png,monolayer,slight rouleaux,1,1,0.2016184948979592,169.0,0.5742994720618069,0.08582909972016513,3.932643254590345,64.23616609365067,0.15171875,0.08716013219119827,0.22244204285018207
tanzania-080526/dpc-225-KTR-72502946.png,tanzania-080526,dpc-225-KTR-72502946.png,gs://tanzania_02032026/TZ2025-Box5/KTR-72502946/dpc-225-KTR-72502946.png,monolayer,no rouleaux,1,0,0.18845880102040816,170.0,0.5805723336616178,0.07904483511291932,3.919543120357165,61.79503195874018,0.14525599489795918,0.0900704322596044,0.2883696546296959
tanzania-080526/dpc-226-KTR-72502946.png,tanzania-080526,dpc-226-KTR-72502946.png,gs://tanzania_02032026/TZ2025-Box5/KTR-72502946/dpc-226-KTR-72502946.png,slightly dense,rouleaux,2,3,0.23563609693877552,168.0,0.5628812859872099,0.1030009476688707,3.9524290380550484,69.9771617706588,0.1537466836734694,0.2612771658841793,1.1700872505759383
tanzania-080526/dpc-227-KTR-72502946.png,tanzania-080526,dpc-227-KTR-72502946.png,gs://tanzania_02032026/TZ2025-Box5/KTR-72502946/dpc-227-KTR-72502946.png,dense,heavy rouleaux,3,4,0.2746628826530612,167.0,0.5695475785920306,0.11822930290890314,3.996644866003173,76.62210412752003,0.16591007653061224,0.2362940378981754,0.7455967030812756
tanzania-080526/dpc-228-KTR-72502946.png,tanzania-080526,dpc-228-KTR-72502946.png,gs://tanzania_02032026/TZ2025-Box5/KTR-72502946/dpc-228-KTR-72502946.png,dense,heavy rouleaux,3,4,0.2931563775510204,166.0,0.5586329482528669,0.12938956606056332,4.025543639679803,76.72897530171925,0.16415599489795918,0.24107020048400377,0.7524423877852704
tanzania-080526/dpc-229-KTR-72502946.png,tanzania-080526,dpc-229-KTR-72502946.png,gs://tanzania_02032026/TZ2025-Box5/KTR-72502946/dpc-229-KTR-72502946.png,dense,heavy rouleaux,3,4,0.2905502551020408,166.0,0.5651267627106934,0.12635253003145835,4.065505406509704,75.88919694969276,0.16723380102040816,0.16906619221542096,0.5896251081177829
tanzania-080526/dpc-230-KTR-72502946.png,tanzania-080526,dpc-230-KTR-72502946.png,gs://tanzania_02032026/TZ2025-Box5/KTR-72502946/dpc-230-KTR-72502946.png,dense,rouleaux,3,3,0.32354936224489794,165.0,0.5625539802344639,0.14153538071170824,4.086211012461959,74.68617808537121,0.16511147959183672,0.17196021863124936,0.5763138691305599
tanzania-080526/dpc-231-KTR-72502946.png,tanzania-080526,dpc-231-KTR-72502946.png,gs://tanzania_02032026/TZ2025-Box5/KTR-72502946/dpc-231-KTR-72502946.png,dense,heavy rouleaux,3,4,0.32178545918367346,165.0,0.5622463622803053,0.1408627553229554,4.06418264082093,76.41238589856039,0.16732461734693876,0.16526297478415017,0.4129452536350208
tanzania-080526/dpc-232-KTR-72502946.png,tanzania-080526,dpc-232-KTR-72502946.png,gs://tanzania_02032026/TZ2025-Box5/KTR-72502946/dpc-232-KTR-72502946.png,dense,rouleaux,3,3,0.35239923469387757,164.0,0.5658535253860336,0.1529928853990067,4.081157611921157,79.4518533847199,0.17129285714285714,0.1619090989729825,0.3889629944517107
tanzania-080526/dpc-233-KTR-72502946.png,tanzania-080526,dpc-233-KTR-72502946.png,gs://tanzania_02032026/TZ2025-Box5/KTR-72502946/dpc-233-KTR-72502946.png,dense,rouleaux,3,3,0.3261677295918367,165.0,0.5631934322707168,0.14247220646706313,4.067270664049351,70.89812873777294,0.16557308673469387,0.16904183745009735,0.44633722268376624
tanzania-080526/dpc-234-KTR-72502946.png,tanzania-080526,dpc-234-KTR-72502946.png,gs://tanzania_02032026/TZ2025-Box5/KTR-72502946/dpc-234-KTR-72502946.png,dense,rouleaux,3,3,0.32024260204081634,165.0,0.5619051449449879,0.14029663632351136,4.044217538688654,67.4281538379571,0.1637405612244898,0.12456087709585437,0.32603679349412973
tanzania-080526/dpc-235-KTR-72502946.png,tanzania-080526,dpc-235-KTR-72502946.png,gs://tanzania_02032026/TZ2025-Box5/KTR-72502946/dpc-235-KTR-72502946.png,monolayer,no rouleaux,1,0,0.22026352040816327,169.0,0.570680965587124,0.09456332189801346,3.9066016735898197,82.21260520179304,0.15815089285714284,0.08083013685395472,0.1759342078525397
tanzania-080526/dpc-236-KTR-72502946.png,tanzania-080526,dpc-236-KTR-72502946.png,gs://tanzania_02032026/TZ2025-Box5/KTR-72502946/dpc-236-KTR-72502946.png,monolayer,no rouleaux,1,0,0.2024298469387755,170.0,0.5921722330180066,0.08255651244754753,3.9051503647215386,74.13569471977479,0.15793380102040816,0.06951035710861135,0.1820632414785909
tanzania-080526/dpc-237-KTR-72502946.png,tanzania-080526,dpc-237-KTR-72502946.png,gs://tanzania_02032026/TZ2025-Box5/KTR-72502946/dpc-237-KTR-72502946.png,monolayer,no rouleaux,1,0,0.19692589285714285,170.0,0.5966193907884306,0.07943608663024652,3.8510462426830014,68.65213285227496,0.15188099489795917,0.07771604411037174,0.16155244497972726
tanzania-080526/dpc-238-KTR-72502946.png,tanzania-080526,dpc-238-KTR-72502946.png,gs://tanzania_02032026/TZ2025-Box5/KTR-72502946/dpc-238-KTR-72502946.png,monolayer,no rouleaux,1,0,0.193,170.0,0.5935063848646775,0.07845326772111723,3.8590574079031605,67.56341521039903,0.1502077806122449,0.07740290706847423,0.2522164840348296
tanzania-080526/dpc-239-KTR-72502946.png,tanzania-080526,dpc-239-KTR-72502946.png,gs://tanzania_02032026/TZ2025-Box5/KTR-72502946/dpc-239-KTR-72502946.png,monolayer,no rouleaux,1,0,0.1918968112244898,170.0,0.597506380197907,0.0772372421782238,3.874852258592717,64.53833365129853,0.14962232142857143,0.08643592175615515,0.21440364347996127
tanzania-080526/dpc-240-KTR-72502946.png,tanzania-080526,dpc-240-KTR-72502946.png,gs://tanzania_02032026/TZ2025-Box5/KTR-72502946/dpc-240-KTR-72502946.png,monolayer,no rouleaux,1,0,0.19931058673469387,170.0,0.586142045077991,0.08248627182032611,3.9573441638401543,67.97738156769577,0.15469247448979592,0.08101724674978578,0.1921867048569678
tanzania-080526/dpc-241-KTR-72502946.png,tanzania-080526,dpc-241-KTR-72502946.png,gs://tanzania_02032026/TZ2025-Box5/KTR-72502946/dpc-241-KTR-72502946.png,monolayer,no rouleaux,1,0,0.1976579081632653,170.0,0.5897133002052194,0.08109641082864595,3.91547109614293,68.25347499458702,0.15484515306122448,0.09265310475580782,0.15042608980352068
tanzania-080526/dpc-242-KTR-72502946.png,tanzania-080526,dpc-242-KTR-72502946.png,gs://tanzania_02032026/TZ2025-Box5/KTR-72502946/dpc-242-KTR-72502946.png,monolayer,no rouleaux,1,0,0.2155219387755102,169.0,0.5939199918812148,0.08751915064773551,3.977225047008086,64.4565494181753,0.15394272959183675,0.09906161307686019,0.22942898990683036
tanzania-080526/dpc-243-KTR-72502946.png,tanzania-080526,dpc-243-KTR-72502946.png,gs://tanzania_02032026/TZ2025-Box5/KTR-72502946/dpc-243-KTR-72502946.png,monolayer,no rouleaux,1,0,0.21734451530612245,169.0,0.5890686623520022,0.08931367240520063,4.018709876444122,62.20249105980472,0.1480262755102041,0.08319054049341684,0.17039030353559742
tanzania-080526/dpc-244-KTR-72502946.png,tanzania-080526,dpc-244-KTR-72502946.png,gs://tanzania_02032026/TZ2025-Box5/KTR-72502946/dpc-244-KTR-72502946.png,slightly dense,slight rouleaux,2,1,0.2193139030612245,169.0,0.5821250235904748,0.09164579206799009,4.0257027781919,66.55994396682763,0.15199936224489796,0.08950123299043501,0.15841970286527718
tanzania-080526/dpc-245-KTR-72502946.png,tanzania-080526,dpc-245-KTR-72502946.png,gs://tanzania_02032026/TZ2025-Box5/KTR-72502946/dpc-245-KTR-72502946.png,slightly dense,slight rouleaux,2,1,0.2152219387755102,169.0,0.5805689064616946,0.09027077313404647,3.973562022542419,66.94758025997577,0.1541376275510204,0.08372835909752879,0.19266494620600447
tanzania-080526/dpc-246-KTR-72502946.png,tanzania-080526,dpc-246-KTR-72502946.png,gs://tanzania_02032026/TZ2025-Box5/KTR-72502946/dpc-246-KTR-72502946.png,slightly dense,slight rouleaux,2,1,0.23315216836734695,168.0,0.5829011961668848,0.09724749053711748,4.012506291926164,67.91181624235074,0.15900459183673468,0.07373141674520096,0.21031103451055058
tanzania-080526/dpc-247-KTR-72502946.png,tanzania-080526,dpc-247-KTR-72502946.png,gs://tanzania_02032026/TZ2025-Box5/KTR-72502946/dpc-247-KTR-72502946.png,slightly dense,slight rouleaux,2,1,0.25534107142857143,167.0,0.5770168471210159,0.10800497145235503,4.028530208176845,75.06893872376766,0.1695377551020408,0.06801025931435345,0.15891992448749634
tanzania-080526/dpc-248-KTR-72502946.png,tanzania-080526,dpc-248-KTR-72502946.png,gs://tanzania_02032026/TZ2025-Box5/KTR-72502946/dpc-248-KTR-72502946.png,slightly dense,slight rouleaux,2,1,0.24982844387755102,167.0,0.5721989119702948,0.10687688011158446,3.9759395006126192,77.38160489629746,0.17035344387755103,0.09410583733236641,0.2583735621698196
tanzania-080526/dpc-249-KTR-72502946.png,tanzania-080526,dpc-249-KTR-72502946.png,gs://tanzania_02032026/TZ2025-Box5/KTR-72502946/dpc-249-KTR-72502946.png,slightly dense,some rouleaux,2,2,0.22767895408163266,168.0,0.5745475797454148,0.09686656205506318,3.9551155541506264,74.92338134777239,0.1669125,0.1103130579240981,0.1999700913012666
tanzania-080526/dpc-250-KTR-72502946.png,tanzania-080526,dpc-250-KTR-72502946.png,gs://tanzania_02032026/TZ2025-Box5/KTR-72502946/dpc-250-KTR-72502946.png,slightly dense,some rouleaux,2,2,0.2803042091836735,166.0,0.5779258373864739,0.11830916436824565,4.001861525290459,83.95244913083071,0.18114336734693878,0.10604295315854415,0.2199967728426142
tanzania-080526/dpc-251-KTR-72502946.png,tanzania-080526,dpc-251-KTR-72502946.png,gs://tanzania_02032026/TZ2025-Box5/KTR-72502946/dpc-251-KTR-72502946.png,slightly dense,slight rouleaux,2,1,0.2551580357142857,167.0,0.580112745963062,0.1071376069615304,3.9821479868423646,78.54845183841589,0.17691198979591838,0.12433208686785947,0.23120759626801737
tanzania-080526/dpc-252-KTR-72502946.png,tanzania-080526,dpc-252-KTR-72502946.png,gs://tanzania_02032026/TZ2025-Box5/KTR-72502946/dpc-252-KTR-72502946.png,slightly dense,some rouleaux,2,2,0.253884693877551,167.0,0.5762696775845958,0.1075786431930709,3.942390650593696,75.8929250942864,0.17445,0.13594574883256594,0.20943202330580885
tanzania-080526/dpc-253-KTR-72502946.png,tanzania-080526,dpc-253-KTR-72502946.png,gs://tanzania_02032026/TZ2025-Box5/KTR-72502946/dpc-253-KTR-72502946.png,monolayer,no rouleaux,1,0,0.20122104591836734,170.0,0.5859610781260919,0.08331334491038098,3.8207758891953496,83.7515374980712,0.16062920918367346,0.10202643708387613,0.15755060380732286
tanzania-080526/dpc-254-KTR-72502946.png,tanzania-080526,dpc-254-KTR-72502946.png,gs://tanzania_02032026/TZ2025-Box5/KTR-72502946/dpc-254-KTR-72502946.png,monolayer,no rouleaux,1,0,0.20856033163265306,170.0,0.599112055199488,0.0836093227151275,3.8839718647756656,78.30693942049346,0.1642797193877551,0.08930793700082906,0.23984377213271613
tanzania-080526/dpc-255-KTR-72502946.png,tanzania-080526,dpc-255-KTR-72502946.png,gs://tanzania_02032026/TZ2025-Box5/KTR-72502946/dpc-255-KTR-72502946.png,monolayer,no rouleaux,1,0,0.20111441326530613,170.0,0.60733016062558,0.07897156435276849,3.838761548342016,74.72381882817146,0.15976186224489797,0.10368543653664886,0.28015066492312946
tanzania-080526/dpc-256-KTR-72502946.png,tanzania-080526,dpc-256-KTR-72502946.png,gs://tanzania_02032026/TZ2025-Box5/KTR-72502946/dpc-256-KTR-72502946.png,monolayer,no rouleaux,1,0,0.1975127551020408,170.0,0.6051673942581625,0.07798447576418818,3.8306237649668153,70.93611152762318,0.1543954081632653,0.08455111856918554,0.20400914897422698
tanzania-080526/dpc-257-KTR-72502946.png,tanzania-080526,dpc-257-KTR-72502946.png,gs://tanzania_02032026/TZ2025-Box5/KTR-72502946/dpc-257-KTR-72502946.png,monolayer,no rouleaux,1,0,0.1993326530612245,170.0,0.6187352804265838,0.07599850807121282,3.852668034032729,66.08778966431831,0.15441543367346938,0.09564612469402228,0.2725771790180958
tanzania-080526/dpc-258-KTR-72502946.png,tanzania-080526,dpc-258-KTR-72502946.png,gs://tanzania_02032026/TZ2025-Box5/KTR-72502946/dpc-258-KTR-72502946.png,monolayer,no rouleaux,1,0,0.20848227040816328,170.0,0.6034426047264633,0.08267518611377438,3.932289656034661,69.76442633056031,0.16159477040816325,0.09242285736848636,0.236934109603183
tanzania-080526/dpc-259-KTR-72502946.png,tanzania-080526,dpc-259-KTR-72502946.png,gs://tanzania_02032026/TZ2025-Box5/KTR-72502946/dpc-259-KTR-72502946.png,monolayer,no rouleaux,1,0,0.2078780612244898,170.0,0.5923901830510839,0.08473313848340985,3.9318208197969517,76.72502798082847,0.16352397959183673,0.07316206784901622,0.15089864366580494
tanzania-080526/dpc-260-KTR-72502946.png,tanzania-080526,dpc-260-KTR-72502946.png,gs://tanzania_02032026/TZ2025-Box5/KTR-72502946/dpc-260-KTR-72502946.png,monolayer,no rouleaux,1,0,0.2080983418367347,170.0,0.5896760804143774,0.08538772728171774,3.9492417267756816,73.14257348202847,0.16022436224489797,0.08961158989718243,0.140604230756845
tanzania-080526/dpc-261-KTR-72502946.png,tanzania-080526,dpc-261-KTR-72502946.png,gs://tanzania_02032026/TZ2025-Box5/KTR-72502946/dpc-261-KTR-72502946.png,monolayer,no rouleaux,1,0,0.23384285714285713,169.0,0.5769531218996078,0.0989264906803617,4.020260978666281,70.77545953476721,0.1556247448979592,0.07540846897641437,0.1658561290502586
tanzania-080526/dpc-262-KTR-72502946.png,tanzania-080526,dpc-262-KTR-72502946.png,gs://tanzania_02032026/TZ2025-Box5/KTR-72502946/dpc-262-KTR-72502946.png,monolayer,no rouleaux,1,0,0.23071058673469388,169.0,0.5744782766773407,0.09817236645612878,4.027245065145602,68.15195788319365,0.15402474489795917,0.08233086983528634,0.2264218705976739
tanzania-080526/dpc-263-KTR-72502946.png,tanzania-080526,dpc-263-KTR-72502946.png,gs://tanzania_02032026/TZ2025-Box5/KTR-72502946/dpc-263-KTR-72502946.png,monolayer,no rouleaux,1,0,0.2503252551020408,168.0,0.5721548877794287,0.10710043686077578,4.02182398926054,68.78279125102495,0.1532063775510204,0.060406476455984355,0.13553642823483839
tanzania-080526/dpc-264-KTR-72502946.png,tanzania-080526,dpc-264-KTR-72502946.png,gs://tanzania_02032026/TZ2025-Box5/KTR-72502946/dpc-264-KTR-72502946.png,monolayer,no rouleaux,1,0,0.2238001275510204,169.0,0.5743295414929672,0.09526510290857527,3.994126322149265,69.85104802141173,0.1570876275510204,0.06279941084932973,0.09055213442629334
tanzania-080526/dpc-265-KTR-72502946.png,tanzania-080526,dpc-265-KTR-72502946.png,gs://tanzania_02032026/TZ2025-Box5/KTR-72502946/dpc-265-KTR-72502946.png,monolayer,no rouleaux,1,0,0.21827729591836734,169.0,0.5784722879212464,0.09200992914720645,3.9858412666893623,72.19416810449823,0.16018073979591838,0.07781550871845089,0.2569604642623403
tanzania-080526/dpc-266-KTR-72502946.png,tanzania-080526,dpc-266-KTR-72502946.png,gs://tanzania_02032026/TZ2025-Box5/KTR-72502946/dpc-266-KTR-72502946.png,monolayer,no rouleaux,1,0,0.20998329081632652,169.0,0.5783502999340648,0.08853939159156211,3.926258121863127,72.05732796997042,0.15962257653061224,0.08395992594412112,0.19297203276530336
tanzania-080526/dpc-267-KTR-72502946.png,tanzania-080526,dpc-267-KTR-72502946.png,gs://tanzania_02032026/TZ2025-Box5/KTR-72502946/dpc-267-KTR-72502946.png,monolayer,no rouleaux,1,0,0.19782716836734693,170.0,0.580863088506903,0.08291666835891467,3.9364095357636617,71.45365174861911,0.15806517857142857,0.08016164077866396,0.19805259073725395
tanzania-080526/dpc-268-KTR-72502946.png,tanzania-080526,dpc-268-KTR-72502946.png,gs://tanzania_02032026/TZ2025-Box5/KTR-72502946/dpc-268-KTR-72502946.png,monolayer,slight rouleaux,1,1,0.23412066326530612,168.0,0.5747774494915282,0.09955338556040855,3.9816611628555547,76.30045511075784,0.16430573979591837,0.07617528123772649,0.14854434170802078
tanzania-080526/dpc-269-KTR-72502946.png,tanzania-080526,dpc-269-KTR-72502946.png,gs://tanzania_02032026/TZ2025-Box5/KTR-72502946/dpc-269-KTR-72502946.png,monolayer,slight rouleaux,1,1,0.23571045918367348,168.0,0.5722510815098343,0.10082489399263668,3.962209628420951,75.1996020135606,0.16321186224489795,0.09314744461194867,0.24478960207771766
tanzania-080526/dpc-270-KTR-72502946.png,tanzania-080526,dpc-270-KTR-72502946.png,gs://tanzania_02032026/TZ2025-Box5/KTR-72502946/dpc-270-KTR-72502946.png,monolayer,slight rouleaux,1,1,0.20588941326530613,169.0,0.5781236076136753,0.08685988289890445,3.905086536539457,70.49426474897776,0.1588125,0.07981962011338083,0.11919023174612474
tanzania-080526/dpc-271-KTR-72502946.png,tanzania-080526,dpc-271-KTR-72502946.png,gs://tanzania_02032026/TZ2025-Box5/KTR-72502946/dpc-271-KTR-72502946.png,sparser,no rouleaux,0,0,0.1639952806122449,171.0,0.573786397570716,0.0698970193311462,3.680441404511563,74.54984009173778,0.1336235969387755,0.12775196721683796,0.29295596453277334
tanzania-080526/dpc-272-KTR-72502946.png,tanzania-080526,dpc-272-KTR-72502946.png,gs://tanzania_02032026/TZ2025-Box5/KTR-72502946/dpc-272-KTR-72502946.png,monolayer,no rouleaux,1,0,0.18141926020408164,171.0,0.6011472109560667,0.07235957791868501,3.769462456010834,73.85051715241215,0.14517117346938777,0.10179997695647588,0.23351005020001936
tanzania-080526/dpc-273-KTR-72502946.png,tanzania-080526,dpc-273-KTR-72502946.png,gs://tanzania_02032026/TZ2025-Box5/KTR-72502946/dpc-273-KTR-72502946.png,monolayer,no rouleaux,1,0,0.18296147959183673,171.0,0.5984299406564851,0.07347185221727116,3.7821795376848355,75.78220234964519,0.14819757653061225,0.1089762169828799,0.17846501881778337
tanzania-080526/dpc-274-KTR-72502946.png,tanzania-080526,dpc-274-KTR-72502946.png,gs://tanzania_02032026/TZ2025-Box5/KTR-72502946/dpc-274-KTR-72502946.png,monolayer,no rouleaux,1,0,0.18197538265306124,171.0,0.6051204735160715,0.07185835293377253,3.785518960757166,73.21717615425676,0.14758533163265306,0.08090836404029421,0.20958439988639882
tanzania-080526/dpc-275-KTR-72502946.png,tanzania-080526,dpc-275-KTR-72502946.png,gs://tanzania_02032026/TZ2025-Box5/KTR-72502946/dpc-275-KTR-72502946.png,monolayer,no rouleaux,1,0,0.2009516581632653,170.0,0.6202728256539332,0.07630680533449347,3.812191589793904,66.51122431589792,0.14778265306122448,0.09904245153862802,0.23535652742030724
tanzania-080526/dpc-276-KTR-72502946.png,tanzania-080526,dpc-276-KTR-72502946.png,gs://tanzania_02032026/TZ2025-Box5/KTR-72502946/dpc-276-KTR-72502946.png,monolayer,no rouleaux,1,0,0.21065420918367347,170.0,0.6044454891177652,0.08332522267893194,3.8792929531806237,75.20798622244438,0.16014196428571428,0.09193020067297877,0.21513011494212017
tanzania-080526/dpc-277-KTR-72502946.png,tanzania-080526,dpc-277-KTR-72502946.png,gs://tanzania_02032026/TZ2025-Box5/KTR-72502946/dpc-277-KTR-72502946.png,monolayer,no rouleaux,1,0,0.20599757653061224,170.0,0.5943949836655134,0.08355365039356363,3.866253121575351,80.76071644335643,0.16340841836734693,0.07149917386643047,0.19618254342449457
tanzania-080526/dpc-278-KTR-72502946.png,tanzania-080526,dpc-278-KTR-72502946.png,gs://tanzania_02032026/TZ2025-Box5/KTR-72502946/dpc-278-KTR-72502946.png,monolayer,no rouleaux,1,0,0.21148571428571428,170.0,0.585006068548505,0.08776528801725617,3.9317089129626472,67.97383090312161,0.15096938775510205,0.09455342150924155,0.21511019714012955
tanzania-080526/dpc-279-KTR-72502946.png,tanzania-080526,dpc-279-KTR-72502946.png,gs://tanzania_02032026/TZ2025-Box5/KTR-72502946/dpc-279-KTR-72502946.png,monolayer,no rouleaux,1,0,0.2431405612244898,169.0,0.5771512911155692,0.10281167239121142,4.001135294289055,69.2481273670441,0.15174719387755103,0.06227206998485217,0.1160290416463704
tanzania-080526/dpc-280-KTR-72502946.png,tanzania-080526,dpc-280-KTR-72502946.png,gs://tanzania_02032026/TZ2025-Box5/KTR-72502946/dpc-280-KTR-72502946.png,monolayer,no rouleaux,1,0,0.23258762755102041,169.0,0.5756357582994428,0.0987018721946204,3.9861120903810243,68.41426467533326,0.15234668367346937,0.11845549330095871,0.2990289951041432
tanzania-080526/dpc-281-KTR-72502946.png,tanzania-080526,dpc-281-KTR-72502946.png,gs://tanzania_02032026/TZ2025-Box5/KTR-72502946/dpc-281-KTR-72502946.png,monolayer,no rouleaux,1,0,0.23154400510204082,169.0,0.5700751491890516,0.09954652184966438,3.9725334749210934,72.57903659451225,0.15443698979591836,0.06566451957101743,0.16220846627318597
tanzania-080526/dpc-282-KTR-72502946.png,tanzania-080526,dpc-282-KTR-72502946.png,gs://tanzania_02032026/TZ2025-Box5/KTR-72502946/dpc-282-KTR-72502946.png,monolayer,no rouleaux,1,0,0.20830255102040815,170.0,0.579392082660302,0.08761370216124006,3.9681074778230077,70.38399926122727,0.15678788265306123,0.08399813432768317,0.16937288085229055
tanzania-080526/dpc-283-KTR-72502946.png,tanzania-080526,dpc-283-KTR-72502946.png,gs://tanzania_02032026/TZ2025-Box5/KTR-72502946/dpc-283-KTR-72502946.png,monolayer,no rouleaux,1,0,0.1999610969387755,170.0,0.5824630517944425,0.08349114617565198,3.912637556030934,69.71473643887101,0.15565204081632653,0.09255385634584959,0.13903354943372634
tanzania-080526/dpc-284-KTR-72502946.png,tanzania-080526,dpc-284-KTR-72502946.png,gs://tanzania_02032026/TZ2025-Box5/KTR-72502946/dpc-284-KTR-72502946.png,monolayer,no rouleaux,1,0,0.19659948979591838,170.0,0.5816962594456008,0.0822383019727191,3.8899489811571937,69.46693578837805,0.1540108418367347,0.09934046881961256,0.166156732863081
tanzania-080526/dpc-285-KTR-72502946.png,tanzania-080526,dpc-285-KTR-72502946.png,gs://tanzania_02032026/TZ2025-Box5/KTR-72502946/dpc-285-KTR-72502946.png,monolayer,no rouleaux,1,0,0.1874688775510204,170.0,0.588892094472326,0.07706993760162398,3.8618822601355345,65.61879229295839,0.1529330357142857,0.10555784844227838,0.1979639574386153
tanzania-080526/dpc-286-KTR-72502946.png,tanzania-080526,dpc-286-KTR-72502946.png,gs://tanzania_02032026/TZ2025-Box5/KTR-72502946/dpc-286-KTR-72502946.png,monolayer,no rouleaux,1,0,0.1914793367346939,170.0,0.5870172002900969,0.07907767257128918,3.916895688470418,69.69409250714268,0.1591547193877551,0.09070519957614927,0.18427721582704315
tanzania-080526/dpc-287-KTR-72502946.png,tanzania-080526,dpc-287-KTR-72502946.png,gs://tanzania_02032026/TZ2025-Box5/KTR-72502946/dpc-287-KTR-72502946.png,monolayer,no rouleaux,1,0,0.20352933673469387,169.0,0.586641229141568,0.08413063646628496,3.8671404693428286,63.8148203084653,0.15416479591836735,0.085762178258363,0.19474925195850015
tanzania-080526/dpc-288-KTR-72502946.png,tanzania-080526,dpc-288-KTR-72502946.png,gs://tanzania_02032026/TZ2025-Box5/KTR-72502946/dpc-288-KTR-72502946.png,monolayer,no rouleaux,1,0,0.1862545918367347,170.0,0.586336685107468,0.07704669187313921,3.8945705310443293,63.20661912053667,0.1514452806122449,0.08771375199206896,0.15367640773248828
tanzania-080526/dpc-289-KTR-72502946.png,tanzania-080526,dpc-289-KTR-72502946.png,gs://tanzania_02032026/TZ2025-Box5/KTR-72502946/dpc-289-KTR-72502946.png,sparser,no rouleaux,0,0,0.13511938775510204,171.0,0.5626225177125396,0.05909817762454964,3.4852949201489984,66.85384973549381,0.11016607142857143,0.19202025587736585,0.4905205499010858
tanzania-080526/dpc-290-KTR-72502946.png,tanzania-080526,dpc-290-KTR-72502946.png,gs://tanzania_02032026/TZ2025-Box5/KTR-72502946/dpc-290-KTR-72502946.png,monolayer,no rouleaux,1,0,0.16248022959183672,171.0,0.5984036069125632,0.06525147415210024,3.634860727532272,68.1309175315831,0.1295309948979592,0.12741900428177913,0.29283496123625785
tanzania-080526/dpc-291-KTR-72502946.png,tanzania-080526,dpc-291-KTR-72502946.png,gs://tanzania_02032026/TZ2025-Box5/KTR-72502946/dpc-291-KTR-72502946.png,monolayer,no rouleaux,1,0,0.17069323979591836,171.0,0.6108263294478307,0.06642931466981918,3.6929329236646575,64.56848450216302,0.13104426020408164,0.12815610853740642,0.3698702699102287
tanzania-080526/dpc-292-KTR-72502946.png,tanzania-080526,dpc-292-KTR-72502946.png,gs://tanzania_02032026/TZ2025-Box5/KTR-72502946/dpc-292-KTR-72502946.png,monolayer,no rouleaux,1,0,0.16744897959183674,171.0,0.6097411714364411,0.06534844261967349,3.6732858848613277,65.61035896974681,0.13221288265306122,0.14285736514438852,0.3565393987760662
tanzania-080526/dpc-293-KTR-72502946.png,tanzania-080526,dpc-293-KTR-72502946.png,gs://tanzania_02032026/TZ2025-Box5/KTR-72502946/dpc-293-KTR-72502946.png,monolayer,no rouleaux,1,0,0.18951760204081633,170.0,0.6224961684814163,0.07154362091062232,3.758300478445543,64.25019272816522,0.14031747448979592,0.13938557067263546,0.28183369090376775
tanzania-080526/dpc-294-KTR-72502946.png,tanzania-080526,dpc-294-KTR-72502946.png,gs://tanzania_02032026/TZ2025-Box5/KTR-72502946/dpc-294-KTR-72502946.png,monolayer,no rouleaux,1,0,0.1903766581632653,171.0,0.6058051569147253,0.07504549689176736,3.8379903474670534,73.43118350732624,0.15511632653061225,0.11473151041995433,0.20248565763941603
tanzania-080526/dpc-295-KTR-72502946.png,tanzania-080526,dpc-295-KTR-72502946.png,gs://tanzania_02032026/TZ2025-Box5/KTR-72502946/dpc-295-KTR-72502946.png,monolayer,no rouleaux,1,0,0.19343864795918367,171.0,0.6022556409317689,0.0769391310515507,3.8581241229692522,75.30063536002011,0.15744783163265305,0.09548579865611267,0.14450903746350965
tanzania-080526/dpc-296-KTR-72502946.png,tanzania-080526,dpc-296-KTR-72502946.png,gs://tanzania_02032026/TZ2025-Box5/KTR-72502946/dpc-296-KTR-72502946.png,monolayer,no rouleaux,1,0,0.19248035714285713,171.0,0.590422352974856,0.0788356517771308,3.896956096366115,65.89883726603891,0.147672193877551,0.09370369840633125,0.3035878637699004
tanzania-080526/dpc-297-KTR-72502946.png,tanzania-080526,dpc-297-KTR-72502946.png,gs://tanzania_02032026/TZ2025-Box5/KTR-72502946/dpc-297-KTR-72502946.png,monolayer,no rouleaux,1,0,0.2129871173469388,170.0,0.5863953617391601,0.08809245962449969,3.9880180294075727,67.92643790799795,0.154115943877551,0.07680061767397968,0.21023567058111223
tanzania-080526/dpc-298-KTR-72502946.png,tanzania-080526,dpc-298-KTR-72502946.png,gs://tanzania_02032026/TZ2025-Box5/KTR-72502946/dpc-298-KTR-72502946.png,monolayer,no rouleaux,1,0,0.20874272959183673,170.0,0.5782646226672162,0.08803419382988852,3.9484110414506945,71.16583440019375,0.15210854591836734,0.11635492176175559,0.30906791776473835
tanzania-080526/dpc-299-KTR-72502946.png,tanzania-080526,dpc-299-KTR-72502946.png,gs://tanzania_02032026/TZ2025-Box5/KTR-72502946/dpc-299-KTR-72502946.png,monolayer,no rouleaux,1,0,0.2021311224489796,170.0,0.5774043041438311,0.08541974234551501,3.9542302676962677,67.28761210018025,0.15229349489795918,0.08135269100848151,0.1946815122677343
tanzania-080526/dpc-300-KTR-72502946.png,tanzania-080526,dpc-300-KTR-72502946.png,gs://tanzania_02032026/TZ2025-Box5/KTR-72502946/dpc-300-KTR-72502946.png,monolayer,no rouleaux,1,0,0.20237308673469387,170.0,0.5823850703216771,0.08451402238549433,3.942253918169638,65.726287806621,0.15221926020408164,0.06798560402379722,0.12337195740833308
tanzania-080526/dpc-301-KTR-72502946.png,tanzania-080526,dpc-301-KTR-72502946.png,gs://tanzania_02032026/TZ2025-Box5/KTR-72502946/dpc-301-KTR-72502946.png,monolayer,no rouleaux,1,0,0.19191926020408162,170.0,0.5872946621035087,0.07920610313137015,3.904246920180115,65.13844855568686,0.1511595663265306,0.09314569561582049,0.21098226257805963
tanzania-080526/dpc-302-KTR-72502946.png,tanzania-080526,dpc-302-KTR-72502946.png,gs://tanzania_02032026/TZ2025-Box5/KTR-72502946/dpc-302-KTR-72502946.png,monolayer,no rouleaux,1,0,0.17859119897959183,171.0,0.593201459083109,0.07265063916549612,3.875861869096399,65.95805595632855,0.1523170918367347,0.10143102426082909,0.21032145354230966
tanzania-080526/dpc-303-KTR-72502946.png,tanzania-080526,dpc-303-KTR-72502946.png,gs://tanzania_02032026/TZ2025-Box5/KTR-72502946/dpc-303-KTR-72502946.png,monolayer,no rouleaux,1,0,0.17964170918367348,171.0,0.5953831014808036,0.0726860712145854,3.880295589662444,62.785288225175904,0.14912512755102042,0.07193630113337753,0.16898942214018742
tanzania-080526/dpc-304-KTR-72502946.png,tanzania-080526,dpc-304-KTR-72502946.png,gs://tanzania_02032026/TZ2025-Box5/KTR-72502946/dpc-304-KTR-72502946.png,monolayer,no rouleaux,1,0,0.17645854591836735,171.0,0.6026016853715642,0.07012432874974363,3.8629333780746107,64.28248004435358,0.15271288265306124,0.09284870057968561,0.19825185119688113
tanzania-080526/dpc-305-KTR-72502946.png,tanzania-080526,dpc-305-KTR-72502946.png,gs://tanzania_02032026/TZ2025-Box5/KTR-72502946/dpc-305-KTR-72502946.png,monolayer,no rouleaux,1,0,0.16349311224489796,171.0,0.601871982972598,0.06509118857569968,3.788889977552341,59.57429660946824,0.14540369897959185,0.10741794711415303,0.2032543002044964
tanzania-080526/dpc-306-KTR-72502946.png,tanzania-080526,dpc-306-KTR-72502946.png,gs://tanzania_02032026/TZ2025-Box5/KTR-72502946/dpc-306-KTR-72502946.png,monolayer,no rouleaux,1,0,0.18163201530612244,170.0,0.601180361673938,0.07243841465282151,3.834638326713174,60.56213263059952,0.14852155612244897,0.08530207585621868,0.18543251945020978
tanzania-080526/dpc-307-KTR-72502946.png,tanzania-080526,dpc-307-KTR-72502946.png,gs://tanzania_02032026/TZ2025-Box5/KTR-72502946/dpc-307-KTR-72502946.png,sparser,no rouleaux,0,0,0.08397219387755102,171.0,0.5223616217842287,0.040108342498893786,3.1417253471527866,45.32201486916899,0.06809094387755102,0.3007930849794792,0.6044184844845303
tanzania-080526/dpc-308-KTR-72502946.png,tanzania-080526,dpc-308-KTR-72502946.png,gs://tanzania_02032026/TZ2025-Box5/KTR-72502946/dpc-308-KTR-72502946.png,sparser,no rouleaux,0,0,0.14211428571428572,171.0,0.5884535259216283,0.058486633201880606,3.531031279183952,58.30525909414253,0.10873507653061225,0.16563959207228426,0.301855113488445
tanzania-080526/dpc-309-KTR-72502946.png,tanzania-080526,dpc-309-KTR-72502946.png,gs://tanzania_02032026/TZ2025-Box5/KTR-72502946/dpc-309-KTR-72502946.png,sparser,no rouleaux,0,0,0.13785191326530613,171.0,0.6004990723090817,0.0550719672334578,3.4865360670508116,55.52576343833445,0.10520038265306123,0.15204612127073638,0.3392843053138845
tanzania-080526/dpc-310-KTR-72502946.png,tanzania-080526,dpc-310-KTR-72502946.png,gs://tanzania_02032026/TZ2025-Box5/KTR-72502946/dpc-310-KTR-72502946.png,sparser,no rouleaux,0,0,0.145890306122449,171.0,0.6089004261468683,0.05705763655379272,3.539189476227714,56.00829384558433,0.11104375,0.17492033159975418,0.43179290474105386
tanzania-080526/dpc-311-KTR-72502946.png,tanzania-080526,dpc-311-KTR-72502946.png,gs://tanzania_02032026/TZ2025-Box5/KTR-72502946/dpc-311-KTR-72502946.png,monolayer,no rouleaux,1,0,0.16532997448979592,171.0,0.6314125195998895,0.060938558731808416,3.6262880428257533,54.70175122858287,0.12110242346938775,0.15342008522066197,0.3938567896103613
tanzania-080526/dpc-312-KTR-72502946.png,tanzania-080526,dpc-312-KTR-72502946.png,gs://tanzania_02032026/TZ2025-Box5/KTR-72502946/dpc-312-KTR-72502946.png,monolayer,no rouleaux,1,0,0.1804125,171.0,0.6228669191887205,0.06803952194186497,3.739984684360685,65.66380634000322,0.14148533163265306,0.12787314135976022,0.3272966737227303
tanzania-080526/dpc-313-KTR-72502946.png,tanzania-080526,dpc-313-KTR-72502946.png,gs://tanzania_02032026/TZ2025-Box5/KTR-72502946/dpc-313-KTR-72502946.png,monolayer,no rouleaux,1,0,0.18762066326530613,170.0,0.6237927849461448,0.07058424721359798,3.7531516811818935,64.54025292557203,0.14278392857142858,0.12780019133414208,0.28322860152273277
tanzania-080526/dpc-314-KTR-72502946.png,tanzania-080526,dpc-314-KTR-72502946.png,gs://tanzania_02032026/TZ2025-Box5/KTR-72502946/dpc-314-KTR-72502946.png,monolayer,no rouleaux,1,0,0.17873966836734695,171.0,0.6149199832911798,0.06882907448142694,3.774276883703268,63.91891586801138,0.14340829081632653,0.1329685920330104,0.4015334408574012
tanzania-080526/dpc-315-KTR-72502946.png,tanzania-080526,dpc-315-KTR-72502946.png,gs://tanzania_02032026/TZ2025-Box5/KTR-72502946/dpc-315-KTR-72502946.png,monolayer,no rouleaux,1,0,0.20113201530612246,170.0,0.6136372631585917,0.0777099159001015,3.858242203514731,63.590956811412,0.1501502551020408,0.10879705759885995,0.2720839591630845
tanzania-080526/dpc-316-KTR-72502946.png,tanzania-080526,dpc-316-KTR-72502946.png,gs://tanzania_02032026/TZ2025-Box5/KTR-72502946/dpc-316-KTR-72502946.png,monolayer,no rouleaux,1,0,0.18360280612244897,171.0,0.5971168016204612,0.0739704857620706,3.8529263764242776,68.7730318352398,0.15312142857142857,0.12452035590755636,0.376854609288078
tanzania-080526/dpc-317-KTR-72502946.png,tanzania-080526,dpc-317-KTR-72502946.png,gs://tanzania_02032026/TZ2025-Box5/KTR-72502946/dpc-317-KTR-72502946.png,monolayer,no rouleaux,1,0,0.20199744897959185,170.0,0.5877195501618429,0.08327959913146632,3.9046929336880605,70.47914089320369,0.15476122448979593,0.07446227345549199,0.14204322934975178
tanzania-080526/dpc-318-KTR-72502946.png,tanzania-080526,dpc-318-KTR-72502946.png,gs://tanzania_02032026/TZ2025-Box5/KTR-72502946/dpc-318-KTR-72502946.png,monolayer,no rouleaux,1,0,0.18269910714285714,171.0,0.5887674167092901,0.07513182579526333,3.8768274792640525,69.23581009548191,0.1542609693877551,0.06850408763642608,0.19823676963403206
tanzania-080526/dpc-319-KTR-72502946.png,tanzania-080526,dpc-319-KTR-72502946.png,gs://tanzania_02032026/TZ2025-Box5/KTR-72502946/dpc-319-KTR-72502946.png,monolayer,no rouleaux,1,0,0.17808354591836734,171.0,0.5968463748106464,0.0717950271235645,3.820052725571208,69.30022197163721,0.15466198979591836,0.10581326533295697,0.19241022654979967
tanzania-080526/dpc-320-KTR-72502946.png,tanzania-080526,dpc-320-KTR-72502946.png,gs://tanzania_02032026/TZ2025-Box5/KTR-72502946/dpc-320-KTR-72502946.png,monolayer,no rouleaux,1,0,0.17885076530612246,171.0,0.6021279689147315,0.0711597172535016,3.8425002843742475,67.43490031912928,0.15352142857142856,0.07363461855180586,0.13321236260304145
tanzania-080526/dpc-321-KTR-72502946.png,tanzania-080526,dpc-321-KTR-72502946.png,gs://tanzania_02032026/TZ2025-Box5/KTR-72502946/dpc-321-KTR-72502946.png,monolayer,no rouleaux,1,0,0.1757766581632653,171.0,0.6034527387243239,0.06970375239083357,3.851042169628023,65.17310357841686,0.15052385204081634,0.09816531655874111,0.20531922747119488
tanzania-080526/dpc-322-KTR-72502946.png,tanzania-080526,dpc-322-KTR-72502946.png,gs://tanzania_02032026/TZ2025-Box5/KTR-72502946/dpc-322-KTR-72502946.png,monolayer,no rouleaux,1,0,0.16960905612244898,171.0,0.6161433256699604,0.0651055682194203,3.794386371054337,63.94702819028279,0.1503188775510204,0.11220062289543885,0.23399266833493124
tanzania-080526/dpc-323-KTR-72502946.png,tanzania-080526,dpc-323-KTR-72502946.png,gs://tanzania_02032026/TZ2025-Box5/KTR-72502946/dpc-323-KTR-72502946.png,monolayer,no rouleaux,1,0,0.17862920918367348,170.0,0.6004951182891582,0.07136324108502468,3.8306188267218646,62.56284555420052,0.15120204081632654,0.09067245169859908,0.23981398051245414
tanzania-080526/dpc-324-KTR-72502946.png,tanzania-080526,dpc-324-KTR-72502946.png,gs://tanzania_02032026/TZ2025-Box5/KTR-72502946/dpc-324-KTR-72502946.png,monolayer,no rouleaux,1,0,0.16471122448979592,171.0,0.6056438913429841,0.0649548775419281,3.7933274925247384,61.57872820499553,0.1482205357142857,0.10163754036120334,0.21516874716831413
