fov_key,dataset,filename,tile_glcm_cv_ds1,tile_glcm_patchiness_ds1,tile_glcm_cv_ds2,tile_glcm_patchiness_ds2,tile_glcm_cv_ds4,tile_glcm_patchiness_ds4,tile_glcm_cv_ds8,tile_glcm_patchiness_ds8,tile_glcm_cv_ds16,tile_glcm_patchiness_ds16
initial-071626/dpc-235-KIT-62501048.png,initial-071626,dpc-235-KIT-62501048.png,0.09923159533494155,0.2101324563887927,0.09779732548391631,0.20276143153111714,0.09930771850694096,0.2108901119669214,0.09939116385626012,0.2107103836189803,0.09947458097836401,0.21171707784630064
initial-071626/dpc-105-KIT-62500652.png,initial-071626,dpc-105-KIT-62500652.png,0.14703773476893922,0.23077144357047621,0.14681751938315063,0.23054873074255508,0.147089911663765,0.23143285718946555,0.14708159671877383,0.23071352850371205,0.14712743368076212,0.23062691547983175
initial-071626/dpc-051-LB-D3-2025-08-30-125645-25021889-D-thin-1.png,initial-071626,dpc-051-LB-D3-2025-08-30-125645-25021889-D-thin-1.png,0.2073896373270119,0.5327604415580409,0.20789301924605919,0.5334078455550803,0.2074034440368251,0.5324508527796349,0.2072582857256238,0.5331166617367594,0.20724444412338291,0.533343768208523
initial-071626/dpc-035-LB-D3-2025-10-03-122127-250912792D-thin-3-4.png,initial-071626,dpc-035-LB-D3-2025-10-03-122127-250912792D-thin-3-4.png,0.2941433225008386,0.8794498693971335,0.29440692201730423,0.8812026463415424,0.29415422506966793,0.8798557119915559,0.29417613373588464,0.8789585130181868,0.29431576153851513,0.8800244693555378
initial-071626/dpc-015-LB-D3-2025-10-03-122127-250912792D-thin-3-4.png,initial-071626,dpc-015-LB-D3-2025-10-03-122127-250912792D-thin-3-4.png,0.322767991846169,0.24223154211164116,0.322810129398379,0.24231016192352411,0.322728602700256,0.24201101298170077,0.3227739087187162,0.2419770480167269,0.32281329505297796,0.24245926114384134
initial-071626/dpc-174-LB-D3-2025-08-30-125645-25021889-D-thin-1.png,initial-071626,dpc-174-LB-D3-2025-08-30-125645-25021889-D-thin-1.png,0.12753287630621998,0.19838134640158692,0.12750115113543878,0.1971863661722713,0.1275059732529854,0.19757535683225186,0.12745922645998103,0.19847918961462852,0.12743176550998508,0.19811474004772908
initial-071626/dpc-145-LB-D12-2026-03-04-114809-250817119ELWA-Negative-2.png,initial-071626,dpc-145-LB-D12-2026-03-04-114809-250817119ELWA-Negative-2.png,0.180371495339127,0.4512694660551497,0.18040718509676978,0.45042560861404696,0.1803836646234513,0.4512813799237129,0.18033200622174575,0.4516885196441411,0.1803473872882426,0.4508818088369045
initial-071626/dpc-134-LB-D3-2025-08-30-125645-25021889-D-thin-1.png,initial-071626,dpc-134-LB-D3-2025-08-30-125645-25021889-D-thin-1.png,0.1505176496215963,0.2882389161550034,0.15076489494007494,0.287206273390437,0.15055147377198938,0.2876954247647539,0.15051203619513354,0.2878866982575058,0.15042939356571675,0.28788720133080503
initial-071626/dpc-198-KIT-62501056.png,initial-071626,dpc-198-KIT-62501056.png,0.33230041853118364,0.9577342658319581,0.3326702936986205,0.9587811395381335,0.3323669840301642,0.9579535331445997,0.3324439187673287,0.9573516633334486,0.33245213695282266,0.957734800834319
initial-071626/dpc-168-KIT-62500666.png,initial-071626,dpc-168-KIT-62500666.png,0.07917519092313931,0.1808875927238455,0.07925346751243038,0.18115603710454706,0.07918498085748836,0.18077375400715437,0.07921280662908314,0.18159564469004233,0.07924829540933413,0.18133375008786656
initial-071626/dpc-146-LB-D3-2025-08-30-125645-25021889-D-thin-1.png,initial-071626,dpc-146-LB-D3-2025-08-30-125645-25021889-D-thin-1.png,0.09416136770073154,0.1759480145415654,0.09394232359307757,0.17389428717607638,0.0941609957386043,0.17463332004052595,0.09414703507042502,0.175404939749589,0.0941602041452436,0.17493489780740992
initial-071626/dpc-008-LB-D3-2025-08-30-130619-2412193030-D-thin-2.png,initial-071626,dpc-008-LB-D3-2025-08-30-130619-2412193030-D-thin-2.png,0.1562567519258872,0.42482921981202126,0.1561426651320853,0.4249203725060454,0.15624763225931712,0.42465093623906025,0.15635775078858358,0.425329229375211,0.15637229201705544,0.42477506802664133
initial-071626/dpc-020-LB-D3-2025-08-30-132634-250816974-D-thin-4.png,initial-071626,dpc-020-LB-D3-2025-08-30-132634-250816974-D-thin-4.png,0.1343838038622312,0.2140571840355093,0.13435036466499028,0.2141750989816008,0.134356724060775,0.21383527551597784,0.13443298864172162,0.21437743460752356,0.1343984617896132,0.2143349570641391
tanzania-073026/dpc-001-KTR-72502948.png,tanzania-073026,dpc-001-KTR-72502948.png,0.17484954823561444,0.18681194023920863,0.174741100642447,0.1866110005746209,0.17481864696107322,0.18638825467668702,0.17478049390063538,0.18583637655034593,0.17470338603441746,0.1860243650951638
tanzania-073026/dpc-002-KTR-72502948.png,tanzania-073026,dpc-002-KTR-72502948.png,0.15644356959880257,0.27208554344113833,0.15620797801941835,0.2714996129503805,0.15634943088276373,0.27177720374298164,0.1563736692149916,0.27190419070107646,0.1563250002072581,0.2721267444336357
tanzania-073026/dpc-003-KTR-72502948.png,tanzania-073026,dpc-003-KTR-72502948.png,0.17230466701074176,0.21491344219878902,0.17220869046984208,0.21443872491496965,0.17233918696594075,0.2148268150714658,0.17236223744254933,0.2149605232426913,0.17237937507460782,0.2150060377191755
tanzania-073026/dpc-004-KTR-72502948.png,tanzania-073026,dpc-004-KTR-72502948.png,0.16048113941133357,0.2516294637599057,0.16034265123481803,0.25083395509192447,0.1604807644891881,0.2513227488497029,0.1605305201561528,0.25271593827728545,0.16055679747753734,0.2509680577972222
tanzania-073026/dpc-005-KTR-72502948.png,tanzania-073026,dpc-005-KTR-72502948.png,0.14991216438527055,0.2904026256893837,0.14987841289071777,0.2923409949115559,0.14994461465510855,0.29054084612260095,0.1498656348106592,0.29111779429420215,0.14991478198485772,0.2907063851205848
tanzania-073026/dpc-006-KTR-72502948.png,tanzania-073026,dpc-006-KTR-72502948.png,0.13885372275869232,0.2942454808928056,0.13888710976728932,0.2953923526609013,0.13888238002481848,0.2940664954716257,0.13885592048363982,0.2937321097509795,0.13884850667590093,0.2952031898165037
tanzania-073026/dpc-007-KTR-72502948.png,tanzania-073026,dpc-007-KTR-72502948.png,0.1990045758578333,0.33191144217774227,0.1989932950488047,0.32970270820571473,0.19901502488289377,0.3318695948162276,0.1990146385114415,0.33172070142814075,0.19907740158590534,0.33173184472153433
tanzania-073026/dpc-008-KTR-72502948.png,tanzania-073026,dpc-008-KTR-72502948.png,0.15250327873404884,0.2250190159685267,0.15262950937123596,0.2274995128801974,0.15255595191261737,0.2250466964894098,0.15256124637201623,0.2253759948603321,0.15258562915639054,0.22592555219045898
tanzania-073026/dpc-009-KTR-72502948.png,tanzania-073026,dpc-009-KTR-72502948.png,0.19179471827440228,0.28383488978245813,0.1917585373575237,0.2840684071654825,0.19177561102164378,0.2844885553858818,0.19174293854860427,0.28438706154192633,0.19178050299208857,0.28406076470802727
tanzania-073026/dpc-010-KTR-72502948.png,tanzania-073026,dpc-010-KTR-72502948.png,0.15028891914585238,0.20757947593228981,0.1501967361923997,0.2085338435008553,0.1503300076413407,0.2070372098206524,0.15028419668604348,0.20686403525418331,0.15024724489550056,0.20653091208011315
tanzania-073026/dpc-011-KTR-72502948.png,tanzania-073026,dpc-011-KTR-72502948.png,0.17875259987240286,0.3423630893021912,0.17893260978357642,0.3419500300881417,0.17873754156907032,0.34211378796945763,0.1787022354453306,0.34168116622464817,0.17874722439324395,0.34207744031177484
tanzania-073026/dpc-012-KTR-72502948.png,tanzania-073026,dpc-012-KTR-72502948.png,0.1604573780723918,0.426184767759177,0.16051981554243216,0.42769097303566816,0.16038176812268004,0.425380870619786,0.16041733855584475,0.4260450645894101,0.16049805080958474,0.42684836331174153
tanzania-073026/dpc-013-KTR-72502948.png,tanzania-073026,dpc-013-KTR-72502948.png,0.1214839663124755,0.2673403778390192,0.12189737680983664,0.2682449101285008,0.12154920419822074,0.26747640877507034,0.12149897064315276,0.2673965682042272,0.12155206528169162,0.26684780714379813
tanzania-073026/dpc-014-KTR-72502948.png,tanzania-073026,dpc-014-KTR-72502948.png,0.12384189949897745,0.2484920991819324,0.1241812909662324,0.24846030731020657,0.12380459897715013,0.2480681290757568,0.12386526006555205,0.2475968801616492,0.12389283466106545,0.24796325110952147
tanzania-073026/dpc-015-KTR-72502948.png,tanzania-073026,dpc-015-KTR-72502948.png,0.14555644929780132,0.48961195802365653,0.14618493952145994,0.49379665743420037,0.1455873879723683,0.48967075506613733,0.14555522832646783,0.4897901098162731,0.1456359795451235,0.4902891386926368
tanzania-073026/dpc-016-KTR-72502948.png,tanzania-073026,dpc-016-KTR-72502948.png,0.13747874940112298,0.23803061984546664,0.13790861280145364,0.2379002342279095,0.13745564132673513,0.23762426555552882,0.13746591546876838,0.2375978583861937,0.13759631066673697,0.23769254946678814
tanzania-073026/dpc-017-KTR-72502948.png,tanzania-073026,dpc-017-KTR-72502948.png,0.1310084840333365,0.24320102085124698,0.13134443707452748,0.24287940315176687,0.13105153425305616,0.24336136404216732,0.13105130007403729,0.24345258882148174,0.1310634250347058,0.2433353726742895
tanzania-073026/dpc-018-KTR-72502948.png,tanzania-073026,dpc-018-KTR-72502948.png,0.12816584754644456,0.3245693824005479,0.12825182071229355,0.32487622938497585,0.12815106328843717,0.3244243805004976,0.12813030654018162,0.3240432271584815,0.12816080664608034,0.3241758401998891
tanzania-073026/dpc-019-KTR-72502948.png,tanzania-073026,dpc-019-KTR-72502948.png,0.20489872460282454,0.3021250620474856,0.20476628378327538,0.3007676895320786,0.20495780797932323,0.30285585378322655,0.20487082434348997,0.30247499730849153,0.20488196427998445,0.302114451242259
tanzania-073026/dpc-020-KTR-72502948.png,tanzania-073026,dpc-020-KTR-72502948.png,0.1681844879636031,0.19391823257758584,0.16813080678278394,0.19315025455405926,0.16818507268125987,0.19439883858513407,0.1683092145845668,0.19468450600539064,0.16821372474979795,0.19380833607528103
tanzania-073026/dpc-021-KTR-72502948.png,tanzania-073026,dpc-021-KTR-72502948.png,0.16383310077357013,0.23193272358792694,0.16373967231520606,0.2322998823098753,0.16380730230230206,0.23207089262101624,0.1638084405469913,0.23233929301313547,0.16380224251931166,0.23247970685423522
tanzania-073026/dpc-022-KTR-72502948.png,tanzania-073026,dpc-022-KTR-72502948.png,0.16162227300338003,0.21545904236895316,0.16147144831706275,0.2164286825335387,0.16164045352410011,0.21579319514756284,0.1616348418913613,0.21640369108406945,0.161639077162448,0.21608872487942793
tanzania-073026/dpc-023-KTR-72502948.png,tanzania-073026,dpc-023-KTR-72502948.png,0.16342584201801652,0.27497511116238843,0.1630593500707716,0.27459142812702403,0.16343043959353723,0.274218839955525,0.16343383322343003,0.2738940363491554,0.16355657361361692,0.2747426004822233
tanzania-073026/dpc-024-KTR-72502948.png,tanzania-073026,dpc-024-KTR-72502948.png,0.18035441485565826,0.2384829723281772,0.1803144817605837,0.2411346396400629,0.1803954965971782,0.23912840867259014,0.18044170572748486,0.2401520148410492,0.18041487070128287,0.2387236367163949
tanzania-073026/dpc-025-KTR-72502948.png,tanzania-073026,dpc-025-KTR-72502948.png,0.1964089899257656,0.2515834778989762,0.1964479693149968,0.2532669104996491,0.19640222256596274,0.2520371838744325,0.19650160640919162,0.25290764177064723,0.1965398102718003,0.25234634016975704
tanzania-073026/dpc-026-KTR-72502948.png,tanzania-073026,dpc-026-KTR-72502948.png,0.18447832990666937,0.24496113824335225,0.18445867740118163,0.2508412582304674,0.1844776338475958,0.24537166285556547,0.18448524018421023,0.24672869869721983,0.18450907848715767,0.24637650251146667
tanzania-073026/dpc-027-KTR-72502948.png,tanzania-073026,dpc-027-KTR-72502948.png,0.22165230009008732,0.4407271131003479,0.22186151026160653,0.44390146852109036,0.22167203433707078,0.4408674323734922,0.22167666438456504,0.44070806467420093,0.22173690101336022,0.44092948815432703
tanzania-073026/dpc-028-KTR-72502948.png,tanzania-073026,dpc-028-KTR-72502948.png,0.15566519104056747,0.2708640472168632,0.15536600226079839,0.266952479386888,0.15562482003939535,0.2712011927097016,0.15562367973672583,0.27103252209568385,0.15575422812246395,0.27016861708582246
tanzania-073026/dpc-029-KTR-72502948.png,tanzania-073026,dpc-029-KTR-72502948.png,0.18957474850818934,0.2396571165011857,0.18954330896746655,0.2407213063450521,0.18957947551898435,0.23961215584475404,0.1895527258146009,0.23872085022817505,0.18954046344755965,0.2392801111808917
tanzania-073026/dpc-030-KTR-72502948.png,tanzania-073026,dpc-030-KTR-72502948.png,0.12945469869338136,0.17686253339043528,0.12951961477666118,0.1788386633305983,0.12944596728447513,0.17745741475750088,0.129412984584653,0.17753857094461592,0.12952248894201532,0.1784393509051695
tanzania-073026/dpc-031-KTR-72502948.png,tanzania-073026,dpc-031-KTR-72502948.png,0.11923488715284272,0.282935939602209,0.1192900796631505,0.2835439432149239,0.11916109938861799,0.28303973592982706,0.1191654516361848,0.2836181994603174,0.11927851717581588,0.28369952343265004
tanzania-073026/dpc-032-KTR-72502948.png,tanzania-073026,dpc-032-KTR-72502948.png,0.12216333746691736,0.3108228446995731,0.12252294395283804,0.31127980176234293,0.12212971454537361,0.3110183336951267,0.12215658287244355,0.3117664829084335,0.12221809913990145,0.31117085864699995
tanzania-073026/dpc-033-KTR-72502948.png,tanzania-073026,dpc-033-KTR-72502948.png,0.14028264416037148,0.3773765771163923,0.14076580485631826,0.37819928018804927,0.1402916724212213,0.37767743424047173,0.14024963481526395,0.37984077735553856,0.14022820083218782,0.379170983331376
tanzania-073026/dpc-034-KTR-72502948.png,tanzania-073026,dpc-034-KTR-72502948.png,0.13861172161871677,0.30907575023201633,0.13914235216900853,0.3092735100479008,0.13862764798557858,0.3092724814987669,0.13864113049394328,0.30911090258359986,0.138722658830114,0.3090347694353424
tanzania-073026/dpc-035-KTR-72502948.png,tanzania-073026,dpc-035-KTR-72502948.png,0.12149272414453918,0.24960957759966773,0.12157740484553382,0.2493444015794773,0.12145181949785007,0.24901775740522675,0.12147874835941055,0.24967096078306208,0.12143584010501708,0.24945546734309712
tanzania-073026/dpc-036-KTR-72502948.png,tanzania-073026,dpc-036-KTR-72502948.png,0.12402539479863693,0.24562579228067002,0.12401560866727743,0.24666223672622895,0.1239963484019196,0.2457203241753037,0.12398428627890494,0.2458128426626562,0.12405672563466347,0.24591946633696055
tanzania-073026/dpc-037-KTR-72502948.png,tanzania-073026,dpc-037-KTR-72502948.png,0.2698693875814019,0.3176056320918199,0.26975711063532715,0.31695007194172437,0.2699240742996624,0.31736223781704004,0.2699096369203529,0.3170043096276396,0.2698069381225088,0.31746770112335093
tanzania-073026/dpc-038-KTR-72502948.png,tanzania-073026,dpc-038-KTR-72502948.png,0.253166213322835,0.48976706542344933,0.2531439359261321,0.4893871899906589,0.2531644831464654,0.48990076886082934,0.25316385506504147,0.4898934991230914,0.25313135177028356,0.49017978986418176
tanzania-073026/dpc-039-KTR-72502948.png,tanzania-073026,dpc-039-KTR-72502948.png,0.25873139058288963,0.3464207789258881,0.2580050196199807,0.34650129969155696,0.25879506266175734,0.3469780160797544,0.2588077254198927,0.34706808027891906,0.2588420722067732,0.34776172315011744
tanzania-073026/dpc-040-KTR-72502948.png,tanzania-073026,dpc-040-KTR-72502948.png,0.22003939972613484,0.3514768067493622,0.2197510913509439,0.35145206716920274,0.2200220141510441,0.35128599033448027,0.22002855838991575,0.3513044803239047,0.21995414089166823,0.3515431902402061
tanzania-073026/dpc-041-KTR-72502948.png,tanzania-073026,dpc-041-KTR-72502948.png,0.25949454952459533,0.2913608244452793,0.25907155779810415,0.29257537169489156,0.2594962557664671,0.29096179254365784,0.2595826457322742,0.2932116300729452,0.25957806269500294,0.2924010721621113
tanzania-073026/dpc-042-KTR-72502948.png,tanzania-073026,dpc-042-KTR-72502948.png,0.1976518709214086,0.1880643696412795,0.19768376357205675,0.18706857053232678,0.1977275806716154,0.18768522302315133,0.19766410951759772,0.18782589749234915,0.19758105958809558,0.1881439655864023
tanzania-073026/dpc-043-KTR-72502948.png,tanzania-073026,dpc-043-KTR-72502948.png,0.24657766247888283,0.3549434848510965,0.24617451002503699,0.35458843905010906,0.246517671432596,0.35529890652791407,0.2465377073179907,0.35649851881183686,0.24649012812379123,0.35712329876477034
tanzania-073026/dpc-044-KTR-72502948.png,tanzania-073026,dpc-044-KTR-72502948.png,0.20262555556551706,0.25516521280760723,0.202541327393123,0.25426892290604775,0.20266093455207748,0.2554568466868452,0.20259744487137132,0.2541364861094151,0.20252114040800814,0.25656630941329844
tanzania-073026/dpc-045-KTR-72502948.png,tanzania-073026,dpc-045-KTR-72502948.png,0.24124111970224882,0.23130956182516588,0.2406642466901518,0.23106941135570636,0.2412692747308898,0.23068411064649758,0.24121586532087544,0.2312337058921641,0.24096855901366346,0.2305969436400342
tanzania-073026/dpc-046-KTR-72502948.png,tanzania-073026,dpc-046-KTR-72502948.png,0.24190885176619784,0.2090244574659758,0.24142499557069547,0.21128092196402157,0.24182701083064254,0.20889030055558416,0.24177799657617247,0.20847385506963803,0.24185605905457644,0.2097718124093888
tanzania-073026/dpc-047-KTR-72502948.png,tanzania-073026,dpc-047-KTR-72502948.png,0.22081607253583851,0.3657693718634033,0.22087138868368447,0.366910461397599,0.2208927240224129,0.366287072459134,0.22082162968912905,0.3647174085120479,0.22087978856688512,0.36496213569453045
tanzania-073026/dpc-048-KTR-72502948.png,tanzania-073026,dpc-048-KTR-72502948.png,0.22509857531695657,0.31277801689322565,0.22490528068348373,0.3142497780893958,0.22508447192019213,0.31300666994624815,0.2250344849425022,0.31374532530188476,0.22500105496492706,0.3132436747192092
tanzania-073026/dpc-049-KTR-72502948.png,tanzania-073026,dpc-049-KTR-72502948.png,0.2238348267595959,0.5253202155545703,0.22373111803602894,0.5243466139194374,0.22373379748552047,0.524186505723059,0.2238195617082866,0.5252071974431504,0.22372216484827548,0.5245697852853446
tanzania-073026/dpc-050-KTR-72502948.png,tanzania-073026,dpc-050-KTR-72502948.png,0.19566007191769652,0.3157069255291879,0.19537702063056148,0.3171076106689065,0.1956942567923136,0.31622303447573014,0.1957154493313154,0.3166835261146391,0.19547494646280544,0.31638231636722836
tanzania-073026/dpc-051-KTR-72502948.png,tanzania-073026,dpc-051-KTR-72502948.png,0.176694779900868,0.3119393657279454,0.1746224757761289,0.3114996633706227,0.1766275587463558,0.312008950873723,0.17657804478546751,0.31282547196543337,0.17630277751428253,0.31250106485313417
tanzania-073026/dpc-052-KTR-72502948.png,tanzania-073026,dpc-052-KTR-72502948.png,0.2060796478691386,0.335957341525341,0.20593675908604353,0.3351028549928336,0.20612223817912678,0.33658177899570885,0.20619239950680787,0.33696319507491923,0.20607289216551936,0.3368629420876094
tanzania-073026/dpc-053-KTR-72502948.png,tanzania-073026,dpc-053-KTR-72502948.png,0.1730944394995061,0.28306842722169245,0.17317071592440414,0.28377081844905505,0.17310423291544086,0.28291181694476686,0.1731640534683233,0.28345870925130157,0.17322316821866093,0.28366286385402734
tanzania-073026/dpc-054-KTR-72502948.png,tanzania-073026,dpc-054-KTR-72502948.png,0.1629426659980084,0.2673008534124216,0.16304190315200906,0.267320966895399,0.16293201671479213,0.26678344539339505,0.16299566747266656,0.2678963562453061,0.16290645374718152,0.2678757889267682
tanzania-073026/dpc-055-KTR-72502948.png,tanzania-073026,dpc-055-KTR-72502948.png,0.31279539977151083,0.5787758421910124,0.31485996434800695,0.5874809262913473,0.3128450032367626,0.5784597196512054,0.3128045221931761,0.5787515587094968,0.31305662920802296,0.5790292012894134
tanzania-073026/dpc-056-KTR-72502948.png,tanzania-073026,dpc-056-KTR-72502948.png,0.2561546149616255,0.2949506578750136,0.25699598835858317,0.2677934431104881,0.2562333100047239,0.2949437124497823,0.2562107487107919,0.2955917940127983,0.2565149665144482,0.29267372046777135
tanzania-073026/dpc-057-KTR-72502948.png,tanzania-073026,dpc-057-KTR-72502948.png,0.24464558500393033,0.3659273336895447,0.24561980285503143,0.3566830513233613,0.2447156851975022,0.3665141074453777,0.24478386307325695,0.3676338879237839,0.2448782557151935,0.36622411000271565
tanzania-073026/dpc-058-KTR-72502948.png,tanzania-073026,dpc-058-KTR-72502948.png,0.2632128053747409,0.3855978599536523,0.2606024804093437,0.38194410599497525,0.2633041091306878,0.3861176694864069,0.2632702332082515,0.38552708407080416,0.2632037230844473,0.38645003696291796
tanzania-073026/dpc-059-KTR-72502948.png,tanzania-073026,dpc-059-KTR-72502948.png,0.23443313359335372,0.5661459865107049,0.24358268848553252,0.5186848312068005,0.23438774461811368,0.5656697663837125,0.23437562648296423,0.5664950148642333,0.23439754293753218,0.5672493023679583
tanzania-073026/dpc-060-KTR-72502948.png,tanzania-073026,dpc-060-KTR-72502948.png,0.2844761132506697,0.4345448339415899,0.2829053331617072,0.44048818882218505,0.28453719709355674,0.43408358117872936,0.2844791632353794,0.4340555887662688,0.28419993019947315,0.4342483731260629
tanzania-073026/dpc-061-KTR-72502948.png,tanzania-073026,dpc-061-KTR-72502948.png,0.32585848565045006,0.5961975630417854,0.32421982199055177,0.6004715779718556,0.3256362028076609,0.5956542924050121,0.3255453276084333,0.5947897029912926,0.3251883525814219,0.5954878379835951
tanzania-073026/dpc-062-KTR-72502948.png,tanzania-073026,dpc-062-KTR-72502948.png,0.26480732530515494,0.3950323910224971,0.26264337738721927,0.39404146907232285,0.2647546195054457,0.3957353134319673,0.2648126707855823,0.3953490185016406,0.2644340945158647,0.3958529706084912
tanzania-073026/dpc-063-KTR-72502948.png,tanzania-073026,dpc-063-KTR-72502948.png,0.2937672985111433,0.34138833454186185,0.29195248359889986,0.3431475147937528,0.29376564955839174,0.3427434904859251,0.29375157879333946,0.3418909247792311,0.2933392651828541,0.34154014324178744
tanzania-073026/dpc-064-KTR-72502948.png,tanzania-073026,dpc-064-KTR-72502948.png,0.2479277659292183,0.2720424094121614,0.24547360023075837,0.27377668247499937,0.24772521448981638,0.27190718705888434,0.24775463630801414,0.27208171479815346,0.24763244182350538,0.27231301666009855
tanzania-073026/dpc-065-KTR-72502948.png,tanzania-073026,dpc-065-KTR-72502948.png,0.32388627445311163,0.6303597561658955,0.3224916319894979,0.6367829796799439,0.32400401131488243,0.630105607806847,0.32384739301060655,0.6298208666861087,0.3236208581340682,0.6322856389164035
tanzania-073026/dpc-066-KTR-72502948.png,tanzania-073026,dpc-066-KTR-72502948.png,0.2964053261179561,0.36149120153447173,0.295075269291357,0.36084551059606357,0.29644582320625706,0.36212179741116135,0.29623448394805124,0.3636484190124985,0.29605532256870704,0.3617463890953324
tanzania-073026/dpc-067-KTR-72502948.png,tanzania-073026,dpc-067-KTR-72502948.png,0.23291436789236036,0.2575018282184124,0.23175286908044634,0.2501004671039189,0.23281453757552958,0.2563737887110129,0.23268469348104012,0.25614351690111636,0.23221283649171268,0.25538136876306655
tanzania-073026/dpc-068-KTR-72502948.png,tanzania-073026,dpc-068-KTR-72502948.png,0.2388229023153262,0.40435037740013824,0.2379356390661264,0.40428005631368946,0.23877779440354266,0.40498955617696797,0.2387923250967334,0.403959104816652,0.23856248920983297,0.4033350944482574
tanzania-073026/dpc-069-KTR-72502948.png,tanzania-073026,dpc-069-KTR-72502948.png,0.22284857756578014,0.3559778754624576,0.22168923917213249,0.3564373881280129,0.22286716946149823,0.3565489806081135,0.2227223588953854,0.35673593075708476,0.22248040112188547,0.3566915878569882
tanzania-073026/dpc-070-KTR-72502948.png,tanzania-073026,dpc-070-KTR-72502948.png,0.22598604707039743,0.369013884251893,0.22588562923409342,0.3697068320350559,0.22606274876123594,0.3689101361474915,0.22602386835941912,0.3692276040284851,0.22576828795611553,0.3692744924925946
tanzania-073026/dpc-071-KTR-72502948.png,tanzania-073026,dpc-071-KTR-72502948.png,0.2516244303738478,0.2663316147805725,0.25139273362159703,0.2669545538414012,0.2515938690071958,0.2666881769417756,0.2515861537112667,0.26662151520289173,0.2515358883950174,0.2664856093674639
tanzania-073026/dpc-072-KTR-72502948.png,tanzania-073026,dpc-072-KTR-72502948.png,0.2452135241767739,0.32285605699069253,0.24447969685800267,0.32347598828075763,0.2451673974248741,0.32271718090164203,0.2450940983860128,0.32158413794598734,0.24489506014179688,0.3225180865658198
tanzania-073026/dpc-073-KTR-72502948.png,tanzania-073026,dpc-073-KTR-72502948.png,0.19913155681352995,0.30403009700137545,0.19984284471488004,0.30687534742953404,0.1991417997275089,0.30551043862958294,0.19922075406268638,0.3053962210992461,0.19952388577643432,0.3043659173898759
tanzania-073026/dpc-074-KTR-72502948.png,tanzania-073026,dpc-074-KTR-72502948.png,0.17314707464494064,0.3130211488423669,0.1735140147051178,0.31690679278805606,0.17321878157411572,0.3121966576139536,0.1730966399279094,0.3135861339614238,0.173201897646613,0.3160916174525667
tanzania-073026/dpc-075-KTR-72502948.png,tanzania-073026,dpc-075-KTR-72502948.png,0.21079230783136838,0.3906171746987003,0.21149874088241002,0.3985247708771887,0.2108583334648892,0.3913004178094462,0.21085959198326104,0.39037716280984786,0.21080670023546058,0.38917871286963757
tanzania-073026/dpc-076-KTR-72502948.png,tanzania-073026,dpc-076-KTR-72502948.png,0.19182706073004852,0.23964914325274278,0.19088654431119056,0.2417207592029548,0.1917439584365948,0.2397365220934861,0.19165777801994846,0.238652325226397,0.19184517791534578,0.24061418674417903
tanzania-073026/dpc-077-KTR-72502948.png,tanzania-073026,dpc-077-KTR-72502948.png,0.19863375886335985,0.40757921913304124,0.1998002171905125,0.4261979428882704,0.19863611341900486,0.4072303878495146,0.19868249508252184,0.406474924179755,0.1986749708587721,0.4097113826343286
tanzania-073026/dpc-078-KTR-72502948.png,tanzania-073026,dpc-078-KTR-72502948.png,0.16823371578655272,0.2946508863965902,0.1696859066307773,0.3051479313336241,0.16841088807779603,0.295580495320036,0.16838631266562845,0.2960488415028861,0.1685059025734915,0.296038049610653
tanzania-073026/dpc-079-KTR-72502948.png,tanzania-073026,dpc-079-KTR-72502948.png,0.2532797615731582,0.4185364536136133,0.2544976742470232,0.4214545481529946,0.25344399959932434,0.4196788536768381,0.25338232588548537,0.41919558020560244,0.25364693630176754,0.4188191999974566
tanzania-073026/dpc-080-KTR-72502948.png,tanzania-073026,dpc-080-KTR-72502948.png,0.23893948956436634,0.541602712848695,0.23773884627905306,0.5227621042982025,0.23923019718013797,0.5416455333699678,0.23919308969381564,0.5412773952461716,0.23970768983875346,0.5396300534729693
tanzania-073026/dpc-081-KTR-72502948.png,tanzania-073026,dpc-081-KTR-72502948.png,0.2573585880868729,0.4820258594487785,0.25619550883100056,0.48083932585471506,0.25739881974901707,0.4825049296151347,0.2574673404149707,0.48267159760766976,0.2577015348310134,0.4861035163991163
tanzania-073026/dpc-082-KTR-72502948.png,tanzania-073026,dpc-082-KTR-72502948.png,0.2332435635427671,0.40723295298040124,0.2344911002091574,0.4170756512175193,0.23333700080563888,0.40777615675013784,0.23323744571837723,0.40848290838481766,0.23373576835606089,0.4079517061188397
tanzania-073026/dpc-083-KTR-72502948.png,tanzania-073026,dpc-083-KTR-72502948.png,0.2131715804916,0.417308599841781,0.21040490703587025,0.3676283813313931,0.2132152002220774,0.4163140321226003,0.21328859500036149,0.41681889600969546,0.21355472470602574,0.41816579453646674
tanzania-073026/dpc-084-KTR-72502948.png,tanzania-073026,dpc-084-KTR-72502948.png,0.1977504354357708,0.31287128267031405,0.19725156968672075,0.3212495219074993,0.19781215344153524,0.31263252005057995,0.19781763439369693,0.31336523621293366,0.19793144678449626,0.3150794716056746
tanzania-073026/dpc-085-KTR-72502948.png,tanzania-073026,dpc-085-KTR-72502948.png,0.14719632533587357,0.2513994833152889,0.1469113238352032,0.24950377775249183,0.1472582585490748,0.25107198633621264,0.14727047770511895,0.2514654213301183,0.14733511854931433,0.2505904467150305
tanzania-073026/dpc-086-KTR-72502948.png,tanzania-073026,dpc-086-KTR-72502948.png,0.16873052490073678,0.1679492047992783,0.16849000372384026,0.17148433025502074,0.16878020212423997,0.16797370740007206,0.1686772579299489,0.16797099979178334,0.16877099480063132,0.16756103196301741
tanzania-073026/dpc-087-KTR-72502948.png,tanzania-073026,dpc-087-KTR-72502948.png,0.1673171019685763,0.46889548820195504,0.1677940885866778,0.46707662914559395,0.16734285461884799,0.4699979284589224,0.16736134994226493,0.4705728490039541,0.1674414054989764,0.46899926610866366
tanzania-073026/dpc-088-KTR-72502948.png,tanzania-073026,dpc-088-KTR-72502948.png,0.16130520521112765,0.38947613860084707,0.16194545307899144,0.3982562113346084,0.1612927454962127,0.38966272238908894,0.16141176627313006,0.39046200341696635,0.1613621265616226,0.3931206148323654
tanzania-073026/dpc-089-KTR-72502948.png,tanzania-073026,dpc-089-KTR-72502948.png,0.22402483484994384,0.5123289396230148,0.2237755135843357,0.5035173337233231,0.224110324073237,0.5132737216838872,0.2242161797610127,0.5132970892676235,0.2239568912594039,0.51243269001836
tanzania-073026/dpc-090-KTR-72502948.png,tanzania-073026,dpc-090-KTR-72502948.png,0.14471179683511168,0.349376855373801,0.14467943781732112,0.35079879530182795,0.14466856241919582,0.34924363910583833,0.1447214842610016,0.34937772780503673,0.1447446383456544,0.34939519569961
tanzania-073026/dpc-091-KTR-72502948.png,tanzania-073026,dpc-091-KTR-72502948.png,0.2272369772298922,0.443558591384385,0.22381732606673527,0.44637448970813415,0.2271279613404653,0.44266379824886665,0.22717157786029865,0.4417485380811636,0.22723814983365004,0.44322003708054974
tanzania-073026/dpc-092-KTR-72502948.png,tanzania-073026,dpc-092-KTR-72502948.png,0.2203249406094312,0.41638892626333646,0.2177697275906063,0.4084595153732898,0.22033277799493353,0.41826868639467923,0.22061220113849211,0.42051828026038907,0.22101353547739616,0.4187153434043243
tanzania-073026/dpc-093-KTR-72502948.png,tanzania-073026,dpc-093-KTR-72502948.png,0.23404792984058478,0.44869726572411367,0.23271428192988164,0.45352378949158867,0.2340487459576054,0.44859510691401383,0.2338576598003667,0.4484047228325931,0.23414790495495658,0.44755337310471827
tanzania-073026/dpc-094-KTR-72502948.png,tanzania-073026,dpc-094-KTR-72502948.png,0.2097565922531058,0.40233355614312205,0.20662080125631793,0.40148307258484295,0.20975554093607263,0.40224914190187544,0.20989095994374776,0.4037521381486206,0.21012465389194157,0.4054497809258787
tanzania-073026/dpc-095-KTR-72502948.png,tanzania-073026,dpc-095-KTR-72502948.png,0.2260575884103867,0.6362103227355297,0.22490511120116796,0.6425803101742764,0.22596592869203722,0.6345899501247614,0.2261009261383841,0.6348071832885018,0.22660790416206916,0.6371471066172913
tanzania-073026/dpc-096-KTR-72502948.png,tanzania-073026,dpc-096-KTR-72502948.png,0.18152693797008157,0.47124157145043466,0.18129852359002513,0.47639404106529704,0.18152574563668145,0.47196591153459455,0.18134010648162263,0.4711303684054735,0.18170567579566285,0.4715968067571667
tanzania-073026/dpc-097-KTR-72502948.png,tanzania-073026,dpc-097-KTR-72502948.png,0.2466042943673801,0.44815881476132147,0.2463835754515517,0.4518515976427509,0.2467341571719396,0.44809739681870975,0.2465208570450639,0.44923479125978727,0.24694196973273372,0.45082571653769243
tanzania-073026/dpc-098-KTR-72502948.png,tanzania-073026,dpc-098-KTR-72502948.png,0.2509351859041007,0.36427733489022796,0.25098683479119016,0.36846322093415484,0.25102442236449446,0.3662452847743027,0.25093325997540344,0.36622033954218713,0.2509591454282431,0.3661209579180267
tanzania-073026/dpc-099-KTR-72502948.png,tanzania-073026,dpc-099-KTR-72502948.png,0.26012356761873,0.6359856112158472,0.26026167323549454,0.6294554410098181,0.26012438204203964,0.6340756930160681,0.260007308736973,0.6348812261159916,0.260439889451459,0.6348009459806154
tanzania-073026/dpc-100-KTR-72502948.png,tanzania-073026,dpc-100-KTR-72502948.png,0.25374513812039534,0.48473941541601817,0.2524983105505768,0.4915268805846844,0.25369867631958753,0.4851025622005917,0.2537690663581827,0.48598661964641465,0.25389522514048896,0.4866583443308213
tanzania-073026/dpc-101-KTR-72502948.png,tanzania-073026,dpc-101-KTR-72502948.png,0.2675146045567064,0.5796275157780627,0.26641045398323454,0.5868260276638638,0.2676078096628206,0.5789079619115195,0.26761443254886924,0.5803990220804262,0.2676417222114616,0.579287606110835
tanzania-073026/dpc-102-KTR-72502948.png,tanzania-073026,dpc-102-KTR-72502948.png,0.23887303644245625,0.4017557697092442,0.2396458368128271,0.4019740553264803,0.23891898565808892,0.40207368355566797,0.23879384031453416,0.4018400879364482,0.2390401026292804,0.4020471976423162
tanzania-073026/dpc-103-KTR-72502948.png,tanzania-073026,dpc-103-KTR-72502948.png,0.2318174124767643,0.33427698244684695,0.23256322656174502,0.33410280819173627,0.2318401320368844,0.33427763757731443,0.23180490294243866,0.33426787815220893,0.2320436271087052,0.3339497797831543
tanzania-073026/dpc-104-KTR-72502948.png,tanzania-073026,dpc-104-KTR-72502948.png,0.2491617049307554,0.3735710465995072,0.24917325356232475,0.3739628521156169,0.24923143227365,0.37323610887287567,0.24927064493757603,0.3713783234672153,0.2491449889794276,0.3703963738531883
tanzania-073026/dpc-105-KTR-72502948.png,tanzania-073026,dpc-105-KTR-72502948.png,0.2906040386403255,0.6928748061710959,0.2913765939084113,0.7060076413156487,0.2907282725973737,0.6928082879461226,0.2908171884778594,0.6922939347383912,0.2909352221004907,0.6939938201745941
tanzania-073026/dpc-106-KTR-72502948.png,tanzania-073026,dpc-106-KTR-72502948.png,0.26290349533251767,0.4340264327007977,0.26262093615686466,0.4231477147117526,0.26295969878955683,0.4337400283450123,0.26298813738330257,0.43414685323393154,0.2631551622796122,0.4334645301588694
tanzania-073026/dpc-107-KTR-72502948.png,tanzania-073026,dpc-107-KTR-72502948.png,0.2748877110949789,0.4800777794244072,0.2807110480900902,0.4483219797858852,0.2751542829598708,0.4793363327765008,0.2753019674681553,0.480569983955633,0.27572346686170957,0.4810197143382324
tanzania-073026/dpc-108-KTR-72502948.png,tanzania-073026,dpc-108-KTR-72502948.png,0.28319903330272295,0.6386221357031242,0.2923650958036323,0.6074408507569958,0.28333164052985277,0.6379659405260765,0.2833499189222237,0.6391945497414182,0.2837387916169303,0.6397522141328943
tanzania-073026/dpc-109-KTR-72502948.png,tanzania-073026,dpc-109-KTR-72502948.png,0.15562314417693549,0.42935040570706207,0.15645605308766775,0.4362008109383075,0.15557754568581728,0.4291183164555297,0.15548945581608273,0.4289706675373018,0.15560162680902806,0.432368839174
tanzania-073026/dpc-110-KTR-72502948.png,tanzania-073026,dpc-110-KTR-72502948.png,0.349736829361025,1.1974326606875125,0.34398223132970573,1.1358464752509787,0.3497205797211338,1.1970966630706168,0.3497460563902792,1.1967151871649613,0.34999452203882964,1.1965729191614327
tanzania-073026/dpc-111-KTR-72502948.png,tanzania-073026,dpc-111-KTR-72502948.png,0.1980250149217221,0.44462064774883814,0.19670278689673543,0.44802038242721204,0.19784996845438005,0.4435027119416584,0.19798449774932597,0.4437268130537876,0.1979078740824316,0.4441918785467384
tanzania-073026/dpc-112-KTR-72502948.png,tanzania-073026,dpc-112-KTR-72502948.png,0.22295798598336639,0.4233302076864804,0.2206468589021351,0.4277316399648299,0.22287063547930697,0.42281448640713176,0.2231186910959012,0.42448377925171976,0.2234655138825629,0.42359659883904677
tanzania-073026/dpc-113-KTR-72502948.png,tanzania-073026,dpc-113-KTR-72502948.png,0.24017575403736532,0.5409708523014835,0.23834840534569024,0.546364847523575,0.24005023712690068,0.5406404382720152,0.24004501902058206,0.5411296629128183,0.2407031360733162,0.5404155364205765
tanzania-073026/dpc-114-KTR-72502948.png,tanzania-073026,dpc-114-KTR-72502948.png,0.2066043254902993,0.48012699107358203,0.2063440516217733,0.4791054210094274,0.20666063927623293,0.4792912376327288,0.2066118062617176,0.47940632061534505,0.20671038455470592,0.47931032245745225
tanzania-073026/dpc-115-KTR-72502948.png,tanzania-073026,dpc-115-KTR-72502948.png,0.23146577860161938,0.46685002139341003,0.231614354869379,0.4658171685725647,0.23165434283247838,0.4666073023797982,0.23161659358504613,0.46776833471009643,0.23169650148676035,0.4669297562994213
tanzania-073026/dpc-116-KTR-72502948.png,tanzania-073026,dpc-116-KTR-72502948.png,0.25311295072315926,0.5175407782926602,0.2534377855494907,0.5180889915426156,0.25311942914940005,0.5172069004280829,0.25294964630909383,0.5170717878476855,0.2528570781370198,0.5180228495082186
tanzania-073026/dpc-117-KTR-72502948.png,tanzania-073026,dpc-117-KTR-72502948.png,0.3666652602111246,1.2203477246090686,0.36611938168066516,1.2177995389954235,0.3668024236574317,1.221518036631964,0.3668455293240769,1.2219191021700415,0.36679067871694826,1.221887905329702
tanzania-073026/dpc-118-KTR-72502948.png,tanzania-073026,dpc-118-KTR-72502948.png,0.26286998433021275,0.6838681483941603,0.26177682078484804,0.6917313830033273,0.2628074838239803,0.6839128922640607,0.2628569153992976,0.684776380774532,0.26306121306217706,0.6859994777842205
tanzania-073026/dpc-119-KTR-72502948.png,tanzania-073026,dpc-119-KTR-72502948.png,0.2332150827568841,0.48905028778336335,0.23134813758378076,0.493221155801391,0.23315488078097626,0.4884828815720604,0.2333733475281612,0.4881122532429542,0.23375736809477834,0.4885090116812478
tanzania-073026/dpc-120-KTR-72502948.png,tanzania-073026,dpc-120-KTR-72502948.png,0.22993700086212376,0.5316082761895096,0.22935277585874944,0.547338998277839,0.22984030493371607,0.5325451390890305,0.23000391555257738,0.5319871544931034,0.22993390401742986,0.5294529957816555
tanzania-073026/dpc-121-KTR-72502948.png,tanzania-073026,dpc-121-KTR-72502948.png,0.24065397409285577,0.5417837501739513,0.23972002509612503,0.5421260430404958,0.2406509272250399,0.5415715924572269,0.24102283702367835,0.5419449442437896,0.24109917320947566,0.5410071164368502
tanzania-073026/dpc-122-KTR-72502948.png,tanzania-073026,dpc-122-KTR-72502948.png,0.17047108543015171,0.4168878385860911,0.16923675636017751,0.4182098423919863,0.17031062330600885,0.41645711706686106,0.1703094885152697,0.4153700357186396,0.17045192095546544,0.4109134921764641
tanzania-073026/dpc-123-KTR-72502948.png,tanzania-073026,dpc-123-KTR-72502948.png,0.1717541936687841,0.6713863920645051,0.17278438438696522,0.6768439162611569,0.17162958214957535,0.6719226722802647,0.17164052615279432,0.6725046409292269,0.17149494273236446,0.672243653579961
tanzania-073026/dpc-124-KTR-72502948.png,tanzania-073026,dpc-124-KTR-72502948.png,0.17188493585532857,0.5427775181500203,0.17376236956805424,0.5461083136929501,0.17188351916019073,0.5426766502486853,0.17191912725470193,0.543321794855858,0.17190178629714656,0.5427416963278215
tanzania-073026/dpc-125-KTR-72502948.png,tanzania-073026,dpc-125-KTR-72502948.png,0.15357427277884814,0.5048309993985451,0.15165122437131562,0.48909130535866485,0.1535663658026846,0.5046881729173771,0.1535199742584861,0.5058668808475925,0.15305394381108836,0.5064712445082679
tanzania-073026/dpc-126-KTR-72502948.png,tanzania-073026,dpc-126-KTR-72502948.png,0.14635611175950236,0.45736343102109545,0.14911597752060854,0.4500747998813515,0.14646612556878033,0.4573583895124633,0.14637421761600597,0.45672018641545714,0.1465345296218497,0.4574824337748069
tanzania-073026/dpc-127-KTR-72502948.png,tanzania-073026,dpc-127-KTR-72502948.png,0.13825808387438912,0.3042058678551547,0.13809673083189067,0.3045677426494264,0.1382942723183914,0.3053349185880416,0.13816081495032304,0.3045813725284296,0.1382115270219542,0.3042204906369247
tanzania-073026/dpc-128-KTR-72502948.png,tanzania-073026,dpc-128-KTR-72502948.png,0.14548181366062637,0.32699161060800885,0.14592740789715603,0.32952336386130454,0.14543112127119298,0.3266738517609979,0.14538375924501748,0.3271372526977559,0.14530744318691072,0.3268318326563447
tanzania-073026/dpc-129-KTR-72502948.png,tanzania-073026,dpc-129-KTR-72502948.png,0.15256968830790762,0.39574738458876174,0.1538286219786075,0.39850426834247105,0.15254840179789853,0.39864381646121483,0.1525132706191485,0.3973757638391199,0.15243119536693797,0.39961688113390337
tanzania-073026/dpc-130-KTR-72502948.png,tanzania-073026,dpc-130-KTR-72502948.png,0.182457009584398,0.22151471510238532,0.1819420347623877,0.22477011166355676,0.18242654547365678,0.2202847637259199,0.18246437158384182,0.22117842569426985,0.18254841846605066,0.2209435900537807
tanzania-073026/dpc-131-KTR-72502948.png,tanzania-073026,dpc-131-KTR-72502948.png,0.2036293871074498,0.4581793447338575,0.20395718682143746,0.4682761386882272,0.20359745459185138,0.4578927079425758,0.20354879560444922,0.4583172076950145,0.20353586626321984,0.45748267782466623
tanzania-073026/dpc-132-KTR-72502948.png,tanzania-073026,dpc-132-KTR-72502948.png,0.2586899872135838,0.5856586794311024,0.25812177846158585,0.5879350668630646,0.2588145204494992,0.5849244825300994,0.2586628113170934,0.5857850101739214,0.2588998718998103,0.5849212650507403
tanzania-073026/dpc-133-KTR-72502948.png,tanzania-073026,dpc-133-KTR-72502948.png,0.4722407542325085,1.8553213959732042,0.4717164676603964,1.8555300628175817,0.4724436491874103,1.8577015397647196,0.47228678237292726,1.854790706802343,0.4723657937102224,1.8541948051340431
tanzania-073026/dpc-134-KTR-72502948.png,tanzania-073026,dpc-134-KTR-72502948.png,0.17965837525464565,0.3483581661708134,0.1779684353803644,0.3543014273600736,0.1796025065603223,0.3471084730588835,0.17965906150827124,0.3479037662967583,0.1798219429516047,0.3483892652116583
tanzania-073026/dpc-135-KTR-72502948.png,tanzania-073026,dpc-135-KTR-72502948.png,0.24638996633345694,0.7913694424876407,0.24355473528808724,0.7975004344888192,0.2463212223463077,0.7893788191743621,0.2462776012031659,0.7898141465431299,0.24703147047061935,0.7876189988146871
tanzania-073026/dpc-136-KTR-72502948.png,tanzania-073026,dpc-136-KTR-72502948.png,0.236613315573208,0.7375126626107882,0.23105531873337387,0.7343760644966877,0.23677491062735584,0.7375648772504089,0.2370210383363581,0.7375105470371335,0.23798323237720068,0.7406005223130248
tanzania-073026/dpc-137-KTR-72502948.png,tanzania-073026,dpc-137-KTR-72502948.png,0.23511621581090672,0.6939457711067296,0.23137527312109693,0.6941519623314328,0.23504185466153077,0.6940166640700339,0.23520937823702312,0.6946405981219262,0.2357575277048214,0.6944461269847036
tanzania-073026/dpc-138-KTR-72502948.png,tanzania-073026,dpc-138-KTR-72502948.png,0.25078065780101005,0.46302617041444055,0.24771238411766283,0.461475751802975,0.25068604152370894,0.46260326979166927,0.2508584131383586,0.4626007070226029,0.2515262490707589,0.4632649470803092
tanzania-073026/dpc-139-KTR-72502948.png,tanzania-073026,dpc-139-KTR-72502948.png,0.2026522429354777,0.38161022200459244,0.2010376082286349,0.38989410316247136,0.2025023044990777,0.3815608909312466,0.20260201086967264,0.3811537744410651,0.20283839969554374,0.3832549850149216
tanzania-073026/dpc-140-KTR-72502948.png,tanzania-073026,dpc-140-KTR-72502948.png,0.22452400297906594,0.4408371145287061,0.2229895195686417,0.44594105500501735,0.22465321129796692,0.4422021631463894,0.2244689786883904,0.44025952902494275,0.22455658628945252,0.4417609191239792
tanzania-073026/dpc-141-KTR-72502948.png,tanzania-073026,dpc-141-KTR-72502948.png,0.24425851665933535,0.466070625413043,0.24065191352316487,0.47355925417771955,0.24419687998861866,0.4657397223348697,0.24413068099877383,0.46735388260509464,0.2443941691995335,0.4691276301811364
tanzania-073026/dpc-142-KTR-72502948.png,tanzania-073026,dpc-142-KTR-72502948.png,0.2924682058212922,0.7496247925828908,0.2907622204188525,0.7517390647960399,0.2924746809444345,0.7485365844568281,0.29246134621306086,0.7491714523647752,0.2926074971013316,0.7487663236058292
tanzania-073026/dpc-143-KTR-72502948.png,tanzania-073026,dpc-143-KTR-72502948.png,0.2935929523654212,0.8262187263022878,0.2927473892832758,0.8285593718304205,0.29352924832902716,0.8251816248622655,0.2935545857947811,0.8264132077556239,0.29407008051804395,0.8271550916271129
tanzania-073026/dpc-144-KTR-72502948.png,tanzania-073026,dpc-144-KTR-72502948.png,0.22299614739195983,0.3967560496176105,0.22288201526853382,0.40467190690164284,0.22307798022096006,0.3973684940775646,0.22308579998454772,0.3974244068881782,0.22320438735146642,0.3974047891840587
tanzania-073026/dpc-145-KTR-72502948.png,tanzania-073026,dpc-145-KTR-72502948.png,0.16491766335539637,0.4165744216951921,0.16423474359379844,0.4118179311909,0.16497547042715252,0.4165399931338773,0.16498307655115774,0.41670851160904265,0.16510432557554425,0.4186446044632413
tanzania-073026/dpc-146-KTR-72502948.png,tanzania-073026,dpc-146-KTR-72502948.png,0.16728990630049834,0.4651764378319352,0.1672008377911837,0.4695088191960485,0.16726175717603176,0.4644102540184978,0.16723455428880427,0.46518391202254217,0.16719108613443726,0.4654952884852678
tanzania-073026/dpc-147-KTR-72502948.png,tanzania-073026,dpc-147-KTR-72502948.png,0.1674375561159475,0.46957446913852063,0.16819045570938457,0.4667810721558841,0.16746813855898243,0.46885807141052976,0.1675340777573556,0.4699175823700648,0.16755037527062872,0.4709869783907196
tanzania-073026/dpc-148-KTR-72502948.png,tanzania-073026,dpc-148-KTR-72502948.png,0.15419762446202095,0.2571598051965009,0.15321462544131376,0.26201130150529794,0.15420753538027854,0.2569842133905167,0.154193615445214,0.2577664657360063,0.15442538411844411,0.25670950064324094
tanzania-073026/dpc-149-KTR-72502948.png,tanzania-073026,dpc-149-KTR-72502948.png,0.19969665303097717,0.641502456426572,0.1999542764473921,0.6513540363257055,0.19964420012062004,0.6435071847769278,0.19968103592646264,0.6440058580466728,0.19965058107476336,0.6434243922260325
tanzania-073026/dpc-150-KTR-72502948.png,tanzania-073026,dpc-150-KTR-72502948.png,0.15676114346231296,0.2853112873143752,0.1572058145289784,0.2927789944241837,0.15669005917577924,0.284492716870874,0.15669229324322537,0.2834086464844546,0.1567205558107507,0.28561885034213097
tanzania-073026/dpc-151-KTR-72502948.png,tanzania-073026,dpc-151-KTR-72502948.png,0.1796511304819374,0.26679520324034833,0.17983687074517776,0.2750804460817976,0.1795952792843555,0.2648962669820895,0.17961435407063303,0.26546162504561416,0.17936680690722273,0.2690707975324558
tanzania-073026/dpc-152-KTR-72502948.png,tanzania-073026,dpc-152-KTR-72502948.png,0.21421146748297235,0.38788972763143825,0.21396897241986051,0.3962038507941453,0.2142535636297881,0.387594814253497,0.21417675372252457,0.3888212948817127,0.21439615394591835,0.3913243972829165
tanzania-073026/dpc-153-KTR-72502948.png,tanzania-073026,dpc-153-KTR-72502948.png,0.2165549765322866,0.36553684669033754,0.21671179707697602,0.36643135472825844,0.2166373518927685,0.3649590125690627,0.21652939712157707,0.36508203166516223,0.21672348093011967,0.3657069172468843
tanzania-073026/dpc-154-KTR-72502948.png,tanzania-073026,dpc-154-KTR-72502948.png,0.2082183016455563,0.33620620292200454,0.20602775094292666,0.3200901275135948,0.20826611035851308,0.3368225860554483,0.20833331986629777,0.3370100841911448,0.20861403430819764,0.3416934189716046
tanzania-073026/dpc-155-KTR-72502948.png,tanzania-073026,dpc-155-KTR-72502948.png,0.2524782548593569,0.7945898300385604,0.2523471563273287,0.8013778541562431,0.25248362562716514,0.7946931932478873,0.252342931914718,0.793820300789955,0.2524391566174094,0.7974088557477802
tanzania-073026/dpc-156-KTR-72502948.png,tanzania-073026,dpc-156-KTR-72502948.png,0.35462370653612596,0.946938591092014,0.3539226633387684,0.9724113998155299,0.35451888850771457,0.9469923111263219,0.35454954706985675,0.9435847066155744,0.3546210585323327,0.9405055774621679
tanzania-073026/dpc-157-KTR-72502948.png,tanzania-073026,dpc-157-KTR-72502948.png,0.24001488713526534,0.6871960529884289,0.23902779100448623,0.6895049910535276,0.24001232798086103,0.6868817157384209,0.24000045283389623,0.6872978514237212,0.2401045209186188,0.68633369035555
tanzania-073026/dpc-158-KTR-72502948.png,tanzania-073026,dpc-158-KTR-72502948.png,0.1749603289480589,0.42106289915044237,0.17288722296311887,0.409137570927604,0.1749225988664209,0.42193584286190866,0.17495137164793764,0.4202594390386177,0.17508344979300378,0.416764950845622
tanzania-073026/dpc-159-KTR-72502948.png,tanzania-073026,dpc-159-KTR-72502948.png,0.23197097325224317,0.801652080276494,0.23215215198655495,0.7887225775809305,0.2320827410883554,0.8010973427208753,0.23222567989344406,0.8054605343165746,0.23243075940703808,0.8051725473330236
tanzania-073026/dpc-160-KTR-72502948.png,tanzania-073026,dpc-160-KTR-72502948.png,0.22549479122938193,0.6000585039348156,0.22113019381886934,0.590157863131507,0.22549962661266426,0.6003569329630549,0.22558019807366897,0.6023929986062024,0.22667020993431333,0.601359925944879
tanzania-073026/dpc-161-KTR-72502948.png,tanzania-073026,dpc-161-KTR-72502948.png,0.24781869805012277,0.8938530762874912,0.24532964372071844,0.9055682059942651,0.2477904404144005,0.8960252863969091,0.24808234718888686,0.8958661433608033,0.24902004675631167,0.9022489181004579
tanzania-073026/dpc-162-KTR-72502948.png,tanzania-073026,dpc-162-KTR-72502948.png,0.2302662269521196,0.5633099902192308,0.2234799788137223,0.56273439853363,0.23020493926226093,0.5637932202830181,0.2306177184806662,0.5626096916753528,0.23155774911875143,0.5693263653731334
tanzania-073026/dpc-163-KTR-72502948.png,tanzania-073026,dpc-163-KTR-72502948.png,0.14808797664989648,0.21407610117039844,0.148681914626245,0.21607424369421094,0.14810177750955963,0.21363104732820873,0.1480829300042209,0.21578202341588745,0.14794682358719125,0.21519401394890436
tanzania-073026/dpc-164-KTR-72502948.png,tanzania-073026,dpc-164-KTR-72502948.png,0.15155048078464323,0.29127910386591144,0.1515192381256627,0.29075732820158956,0.15153262135302759,0.2917927806953828,0.15144271982055957,0.29142477828861696,0.1515564873059907,0.2909819112331083
tanzania-073026/dpc-165-KTR-72502948.png,tanzania-073026,dpc-165-KTR-72502948.png,0.13174556813150054,0.20648548031192188,0.13698509356868707,0.2121112953279613,0.13181013627915691,0.20718756033542085,0.13178091938131864,0.20616742652003037,0.13186519622742335,0.20686661965575312
tanzania-073026/dpc-166-KTR-72502948.png,tanzania-073026,dpc-166-KTR-72502948.png,0.14241083406569774,0.388028697867838,0.1429944783617385,0.39521043913370196,0.14246395172510892,0.3890455754900724,0.1423827846962065,0.3891972467509604,0.14245153436910155,0.38986277916272866
tanzania-073026/dpc-167-KTR-72502948.png,tanzania-073026,dpc-167-KTR-72502948.png,0.166336306811976,0.4122844279181535,0.16673111432104365,0.42975143732083987,0.16628215657808962,0.4119060854890261,0.16627994815931174,0.4133278519630316,0.16637466254699673,0.40998177010786296
tanzania-073026/dpc-168-KTR-72502948.png,tanzania-073026,dpc-168-KTR-72502948.png,0.17524513863694527,0.30770203223856424,0.17662372537675106,0.2829095886407798,0.17530320861060403,0.30882483546933887,0.17526477829151746,0.3097616578943605,0.1755770653758193,0.30850055003660076
tanzania-073026/dpc-169-KTR-72502948.png,tanzania-073026,dpc-169-KTR-72502948.png,0.17057550229403956,0.467862489550177,0.17458703232845477,0.45579196018868534,0.1705153323837036,0.46679377648624815,0.17067544123017495,0.4673954131986859,0.1707363557566965,0.47136602708259207
tanzania-073026/dpc-170-KTR-72502948.png,tanzania-073026,dpc-170-KTR-72502948.png,0.20387113806179266,0.5570806026625102,0.20629325948092506,0.5197671469149538,0.20393699515713468,0.5576278029593936,0.20400769783487172,0.557012166544172,0.20408776746715543,0.5567120881902998
tanzania-073026/dpc-171-KTR-72502948.png,tanzania-073026,dpc-171-KTR-72502948.png,0.18290839226135772,0.5254478484364979,0.18465883818303,0.5328574783478469,0.18287812553200805,0.5254084462499723,0.18279040216291356,0.5249730538196432,0.1829613029915277,0.5285615007687917
tanzania-073026/dpc-172-KTR-72502948.png,tanzania-073026,dpc-172-KTR-72502948.png,0.1425271884057131,0.3782574371632915,0.1431660751625652,0.3773929418336127,0.14244871985539218,0.3784485430256471,0.14242514792539407,0.3782216356469729,0.14260306366653439,0.37589092819321956
tanzania-073026/dpc-173-KTR-72502948.png,tanzania-073026,dpc-173-KTR-72502948.png,0.14895179872966824,0.27208421017641354,0.15036192727507755,0.2846913525222629,0.1489346262609652,0.2713181944301755,0.14890508796017177,0.27237114430653797,0.1494813913797669,0.27219865065336324
tanzania-073026/dpc-174-KTR-72502948.png,tanzania-073026,dpc-174-KTR-72502948.png,0.22090601323715975,0.8066022928006862,0.23296713237521396,0.8126254198104521,0.22091622066682182,0.8077326147438547,0.22104765885419606,0.8091227813531696,0.22109366530713456,0.8119778649619561
tanzania-073026/dpc-175-KTR-72502948.png,tanzania-073026,dpc-175-KTR-72502948.png,0.2012902399321336,0.7755017076883572,0.20281188420895635,0.7845485128766554,0.20119007943131076,0.7760280899862583,0.20118754633438937,0.7769355576629201,0.2011262149505862,0.7773371418735319
tanzania-073026/dpc-176-KTR-72502948.png,tanzania-073026,dpc-176-KTR-72502948.png,0.1483502223691687,0.3507275488037569,0.14936131195093533,0.3514597889028133,0.14836382104012152,0.3508452507536298,0.1483374025478065,0.3511760742856687,0.14830933806968832,0.35112317219680855
tanzania-073026/dpc-177-KTR-72502948.png,tanzania-073026,dpc-177-KTR-72502948.png,0.19200465732284205,0.37030291461595494,0.19286837125420364,0.3667305301838537,0.19186204291931955,0.37023128298198454,0.19181164055084457,0.3699474594069663,0.19163435892806766,0.370353070729989
tanzania-073026/dpc-178-KTR-72502948.png,tanzania-073026,dpc-178-KTR-72502948.png,0.1441017223781059,0.32769456122445706,0.14601252211459298,0.32596161715981425,0.1440410014069658,0.32734913621560063,0.14410140468793475,0.32677483371406074,0.1438783504553307,0.32743167214388424
tanzania-073026/dpc-179-KTR-72502948.png,tanzania-073026,dpc-179-KTR-72502948.png,0.1617273511476874,0.23805736156454227,0.16004933025486462,0.22464587093883406,0.16173808455266586,0.23963148834810988,0.1617787406039407,0.24208542330381505,0.16198077217543325,0.23938606331131912
tanzania-073026/dpc-180-KTR-72502948.png,tanzania-073026,dpc-180-KTR-72502948.png,0.17636279538116398,0.2812934489983924,0.17808630633216135,0.27098965020126736,0.17649291339729073,0.28095616473436563,0.17657919017678908,0.282114381549328,0.17689049906112922,0.28124850460540995
tanzania-073026/dpc-181-KTR-72502948.png,tanzania-073026,dpc-181-KTR-72502948.png,0.3256876111508957,1.0105605795423191,0.3262283756221397,1.018149881557363,0.3257264968467589,1.0104502220776714,0.3257376769581433,1.0088316714530134,0.3256738927902218,1.0063967687583852
tanzania-073026/dpc-182-KTR-72502948.png,tanzania-073026,dpc-182-KTR-72502948.png,0.16605483876689525,0.5085162613403161,0.16726393683563967,0.5105765532028115,0.16598360610575677,0.5077956966616074,0.16583535542038333,0.5089426051804123,0.16604968811929977,0.5089026525969071
tanzania-073026/dpc-183-KTR-72502948.png,tanzania-073026,dpc-183-KTR-72502948.png,0.1965189605215792,0.49471432471187377,0.1972137743552025,0.5017831009618275,0.19644220012610603,0.4941923409433923,0.19656177832261143,0.4950009690328532,0.1966595812295496,0.49743635166864225
tanzania-073026/dpc-184-KTR-72502948.png,tanzania-073026,dpc-184-KTR-72502948.png,0.20863358890559797,0.43847265258383417,0.20919151610435627,0.4401658400115632,0.20853100021717066,0.4384695272083373,0.20850942981674345,0.438946341160395,0.20853984081292665,0.4418705694812123
tanzania-073026/dpc-185-KTR-72502948.png,tanzania-073026,dpc-185-KTR-72502948.png,0.22478413627927793,0.514300232955197,0.22494108466931845,0.5138321269688271,0.2247288703514883,0.5143710871054155,0.22472675839434259,0.5140569736706257,0.224649283584006,0.5130865150775883
tanzania-073026/dpc-186-KTR-72502948.png,tanzania-073026,dpc-186-KTR-72502948.png,0.20997928445286443,0.5321724349576605,0.2234256552601874,0.5109690150690539,0.20996850280204502,0.5328359717292164,0.21007401899313172,0.5320785763025945,0.2100389318529999,0.5321295024499224
tanzania-073026/dpc-187-KTR-72502948.png,tanzania-073026,dpc-187-KTR-72502948.png,0.1682716842105486,0.4053129055554224,0.1697138296772997,0.40847107948053785,0.16830354318380814,0.40604109221067874,0.16826644840294044,0.4054167596577409,0.16838722587425567,0.40536019029976944
tanzania-073026/dpc-188-KTR-72502948.png,tanzania-073026,dpc-188-KTR-72502948.png,0.1327321063185159,0.25896694308879653,0.13246329377240393,0.26354470966470667,0.1327715297335055,0.25935986628908436,0.13275837567864057,0.2589750652675548,0.132744123986073,0.25831413514548296
tanzania-073026/dpc-189-KTR-72502948.png,tanzania-073026,dpc-189-KTR-72502948.png,0.1290168539978771,0.36029982498161156,0.12903919637550174,0.3637699176470711,0.12908717210758325,0.36029390988841115,0.12908364224363422,0.35997652705868555,0.12908236264844544,0.35875615130992994
tanzania-073026/dpc-190-KTR-72502948.png,tanzania-073026,dpc-190-KTR-72502948.png,0.19085096509950703,0.4379575801414719,0.18941444130230176,0.4406635806122874,0.19090212481025165,0.43802606252580856,0.19091022830127874,0.43810734284727393,0.1910270678998017,0.4382064009880595
tanzania-073026/dpc-191-KTR-72502948.png,tanzania-073026,dpc-191-KTR-72502948.png,0.1889018896186526,0.5349721156678457,0.188029634177618,0.5334247242528767,0.18893921620097942,0.5368066820619946,0.18898360500320308,0.5371581943039302,0.18903217911594644,0.5366499976201812
tanzania-073026/dpc-192-KTR-72502948.png,tanzania-073026,dpc-192-KTR-72502948.png,0.3004129369599465,0.9318453400980036,0.2998457344560088,0.9304810634562445,0.3003665515614056,0.9325091500589213,0.3003112345036896,0.9303551809533032,0.30025921028519836,0.932780563319655
tanzania-073026/dpc-193-KTR-72502948.png,tanzania-073026,dpc-193-KTR-72502948.png,0.2677021449747518,1.0431081925670664,0.2675543494515152,1.04323595868456,0.2677540293109972,1.04255600027434,0.2678865289254324,1.0424009097334088,0.26805824883557855,1.0458638007530594
tanzania-073026/dpc-194-KTR-72502948.png,tanzania-073026,dpc-194-KTR-72502948.png,0.23824393863494578,0.7084370672485599,0.23854492194996318,0.7241889099049568,0.2382447799255703,0.7076742888937504,0.23822429587697097,0.7073279363806092,0.23842541164629344,0.7084572103526829
tanzania-073026/dpc-195-KTR-72502948.png,tanzania-073026,dpc-195-KTR-72502948.png,0.3246164581009207,1.225342610752164,0.32642352083150067,1.2395344595145104,0.3246195585517968,1.2259330250411564,0.3246687980728077,1.225049412081396,0.3247502111872364,1.2280091637428212
tanzania-073026/dpc-196-KTR-72502948.png,tanzania-073026,dpc-196-KTR-72502948.png,0.20468574913406015,0.5692256613979093,0.21101423926601956,0.5554369088842769,0.20475667336366637,0.5696969723786577,0.20474845680704504,0.5688114044611272,0.2048212165591467,0.5699873102995373
tanzania-073026/dpc-197-KTR-72502948.png,tanzania-073026,dpc-197-KTR-72502948.png,0.25307794789875304,0.5409265323240243,0.25217393831446755,0.5464111743573412,0.25306868884454337,0.5410954821825994,0.25294850560742915,0.5420647206503736,0.25306234915591247,0.5398112807843192
tanzania-073026/dpc-198-KTR-72502948.png,tanzania-073026,dpc-198-KTR-72502948.png,0.20576180207067601,0.48312350059048115,0.22273220844353414,0.4781169418164376,0.20578648205923294,0.48349491486722024,0.20570029478871332,0.48257906623647984,0.2055686034671554,0.4813833718456533
tanzania-073026/dpc-199-KTR-72502948.png,tanzania-073026,dpc-199-KTR-72502948.png,0.21554205959790698,0.5277107321099301,0.21573580877286222,0.5282955775397153,0.21551288219311218,0.5281063752282004,0.21548668113233913,0.5275777771711848,0.2156745400719263,0.5278828958061424
tanzania-073026/dpc-200-KTR-72502948.png,tanzania-073026,dpc-200-KTR-72502948.png,0.2360457002653683,0.35904037774309827,0.23621350016146023,0.3576887894326439,0.2360543168884404,0.3598291800063638,0.23609659780402767,0.3591074345554684,0.23602464104034937,0.35846464703414316
tanzania-073026/dpc-201-KTR-72502948.png,tanzania-073026,dpc-201-KTR-72502948.png,0.23674636670033045,0.6622436036122408,0.2370416822828499,0.6622982360524257,0.2367634045204079,0.6629973999825155,0.23684737339948644,0.6636394194680364,0.23691697853409727,0.6644599073926831
tanzania-073026/dpc-202-KTR-72502948.png,tanzania-073026,dpc-202-KTR-72502948.png,0.25060994085377797,0.48724641186323725,0.25082540902906114,0.48635512123854846,0.2506029928619143,0.48637918093553767,0.250694632439394,0.486990642771449,0.2507060731062007,0.48663009976038496
tanzania-073026/dpc-203-KTR-72502948.png,tanzania-073026,dpc-203-KTR-72502948.png,0.26299887912402087,0.5793765381365271,0.2632093018667595,0.5781603233808393,0.2629837605838544,0.579236900363956,0.2629958346683613,0.5790026902227808,0.26303125364365443,0.5795681611101489
tanzania-073026/dpc-204-KTR-72502948.png,tanzania-073026,dpc-204-KTR-72502948.png,0.29831754694631135,0.9344695044258083,0.29899054585134854,0.9339843846265236,0.2983217905827885,0.9344926793812591,0.29841003566963004,0.9344053970267827,0.2984557064015259,0.9352859318652705
tanzania-073026/dpc-205-KTR-72502948.png,tanzania-073026,dpc-205-KTR-72502948.png,0.2764972752951754,0.7561651745709588,0.276832991416225,0.7565504161525736,0.2766747572673283,0.7571760636261663,0.2765902887080575,0.7564763613303555,0.2766815421946365,0.7560051405237079
tanzania-073026/dpc-206-KTR-72502948.png,tanzania-073026,dpc-206-KTR-72502948.png,0.24281841001716098,0.5813966795972679,0.24295624334110397,0.5811763153026265,0.2429306445198811,0.582163044764636,0.24292835613628283,0.5821805563798659,0.24292635584175667,0.5813426922118246
tanzania-073026/dpc-207-KTR-72502948.png,tanzania-073026,dpc-207-KTR-72502948.png,0.2262925452816602,0.5818359056572776,0.22412716464558596,0.5769075715148724,0.22624199105805295,0.5815943906279035,0.22632278991390586,0.5818861104987798,0.22630426088391487,0.5817929705864439
tanzania-073026/dpc-208-KTR-72502948.png,tanzania-073026,dpc-208-KTR-72502948.png,0.2798910684155542,0.9186445417155552,0.28011921352356994,0.9204573177953063,0.2798765378668018,0.9191738139047368,0.2798391902085816,0.9182396497347045,0.27978327836235045,0.9203990503701303
tanzania-073026/dpc-209-KTR-72502948.png,tanzania-073026,dpc-209-KTR-72502948.png,0.23499441723920944,0.6227784570842875,0.23460937150590794,0.6243344136754431,0.23495866361687795,0.6214095439309789,0.23496429920252432,0.6215823105151652,0.23475009545816153,0.6208680667635147
tanzania-073026/dpc-210-KTR-72502948.png,tanzania-073026,dpc-210-KTR-72502948.png,0.27782493162723937,0.7095170730105599,0.2775315168567805,0.707557869505314,0.27782361101211506,0.7088316394814491,0.277806802770149,0.7087180115053374,0.27771902839205675,0.7085447041775206
tanzania-073026/dpc-211-KTR-72502948.png,tanzania-073026,dpc-211-KTR-72502948.png,0.33783142726070947,0.8295756045844626,0.3377427278607653,0.8274938351247635,0.3378561135354763,0.827974887090441,0.3379162802151632,0.8297995212044244,0.33793829285434523,0.8288622520741415
tanzania-073026/dpc-212-KTR-72502948.png,tanzania-073026,dpc-212-KTR-72502948.png,0.2786761970378621,0.7502702579697136,0.27856200045175533,0.7498071421498073,0.27871077527522287,0.7507930392349843,0.278772667530392,0.7530016393588828,0.27893579227889076,0.7524310733810748
tanzania-073026/dpc-213-KTR-72502948.png,tanzania-073026,dpc-213-KTR-72502948.png,0.23845518913957797,0.5676213112684707,0.23897702154253747,0.5668761610831543,0.23842418158173184,0.5683563830839108,0.23847165612918803,0.5688721577480652,0.238566913870419,0.5680980369512905
tanzania-073026/dpc-214-KTR-72502948.png,tanzania-073026,dpc-214-KTR-72502948.png,0.1614195293585301,0.28623547556084306,0.16149717407014041,0.2878022784659034,0.16142091048526458,0.28717644208890286,0.16150650890695503,0.2863703819273199,0.16152777719580164,0.2864732249459151
tanzania-073026/dpc-215-KTR-72502948.png,tanzania-073026,dpc-215-KTR-72502948.png,0.18502739176486202,0.38664766646432575,0.18494938512816433,0.38873527935596996,0.18501642506694221,0.38647801373592716,0.1850959825522998,0.38756167786160084,0.18498796011361435,0.3865762141366599
tanzania-073026/dpc-216-KTR-72502948.png,tanzania-073026,dpc-216-KTR-72502948.png,0.2781696161726044,0.5973529374952503,0.2780408396393883,0.5978065409934686,0.2781727037677214,0.5978180070726103,0.2781539488493061,0.5975479447981262,0.27823636395050183,0.5981414670259304
tanzania-073026/dpc-217-KTR-72502948.png,tanzania-073026,dpc-217-KTR-72502948.png,0.24834316210544763,0.4218905678400149,0.24846959966189497,0.421072186716334,0.24835787854482053,0.420574647651737,0.2482685213859902,0.4212661803964049,0.24831589199115883,0.4209854577088257
tanzania-073026/dpc-218-KTR-72502948.png,tanzania-073026,dpc-218-KTR-72502948.png,0.21584334692188392,0.6257049095455787,0.21587420688510728,0.6258806289672435,0.21581463885768276,0.6251713783281131,0.21581800179782312,0.625051351495004,0.21580941317197336,0.626232094922339
tanzania-073026/dpc-219-KTR-72502948.png,tanzania-073026,dpc-219-KTR-72502948.png,0.17180363979652166,0.5343942837658391,0.17207712537037176,0.5400301819890564,0.17174147699261247,0.5341053853940443,0.17175237859077871,0.534687905637401,0.17171337760529462,0.5386506140554352
tanzania-073026/dpc-220-KTR-72502948.png,tanzania-073026,dpc-220-KTR-72502948.png,0.22952580226849786,0.39340036777324194,0.22975963915278155,0.39316687591977134,0.22949504303536358,0.39353323299745624,0.22946956411523026,0.39233809544706544,0.2295318528193639,0.39300475010986524
tanzania-073026/dpc-221-KTR-72502948.png,tanzania-073026,dpc-221-KTR-72502948.png,0.2481652808904769,0.48659302301918683,0.24902928994646673,0.48888413858075225,0.248201302109131,0.4858733066744904,0.2481895478164434,0.48532880558372044,0.2481690161138338,0.48527071484475676
tanzania-073026/dpc-222-KTR-72502948.png,tanzania-073026,dpc-222-KTR-72502948.png,0.18988614075669197,0.2991954267302917,0.19028807750240398,0.3028158691084011,0.18990930256603272,0.2993169538585923,0.1898795655754334,0.2998004509829665,0.18992554557698965,0.29911601994044923
tanzania-073026/dpc-223-KTR-72502948.png,tanzania-073026,dpc-223-KTR-72502948.png,0.1874919421806033,0.28253391741767026,0.18663947362708788,0.2705507560507018,0.1875078110292602,0.28249747914088164,0.18757540993463778,0.28199234868786444,0.18773061115887932,0.2817748903299997
tanzania-073026/dpc-224-KTR-72502948.png,tanzania-073026,dpc-224-KTR-72502948.png,0.17193484861981675,0.349350025973807,0.1706817063174555,0.34398460588798413,0.1719671553919186,0.3492336765946876,0.17193443738694356,0.3485663237055542,0.17188011753220753,0.3486953330458228
tanzania-073026/dpc-225-KTR-72502948.png,tanzania-073026,dpc-225-KTR-72502948.png,0.23999509166272653,0.4900068089083871,0.23979138138342043,0.4911228751926835,0.24003716947465148,0.4911086856386223,0.24005122765017156,0.4902292320606025,0.24004083299487322,0.4903013879737033
tanzania-073026/dpc-226-KTR-72502948.png,tanzania-073026,dpc-226-KTR-72502948.png,0.17366704339163216,0.36633067151428444,0.17246748671240103,0.3756825455410815,0.1736711524550614,0.366692417740984,0.17368336794184794,0.3662451483960801,0.17375239100681888,0.36588629052604416
tanzania-073026/dpc-227-KTR-72502948.png,tanzania-073026,dpc-227-KTR-72502948.png,0.22788485529853364,0.4087590880209922,0.22797168263003864,0.4095879330147801,0.22793599802428682,0.4091452648820353,0.2279395145430182,0.40828618426904434,0.22789647259883922,0.40772050450579217
tanzania-073026/dpc-228-KTR-72502948.png,tanzania-073026,dpc-228-KTR-72502948.png,0.18091852479365592,0.4198068815689966,0.1810035669014092,0.42105572985181683,0.18093480595490785,0.4203624497943134,0.18107116637187382,0.41992350040839527,0.18109487681269834,0.4211037377907545
tanzania-073026/dpc-229-KTR-72502948.png,tanzania-073026,dpc-229-KTR-72502948.png,0.2230365205619652,0.43384384314367186,0.22306658562759016,0.43422706652602644,0.22312393678220713,0.4346246964105382,0.22301526552385814,0.4331000742897278,0.22293587980328053,0.43394348687880496
tanzania-073026/dpc-230-KTR-72502948.png,tanzania-073026,dpc-230-KTR-72502948.png,0.19881117081561256,0.42348553920222026,0.1988773404761727,0.4247753307143247,0.1988305934827496,0.4232274563665226,0.19886636366311067,0.4237789641729023,0.19887090397263676,0.42449923671751477
tanzania-073026/dpc-231-KTR-72502948.png,tanzania-073026,dpc-231-KTR-72502948.png,0.22507792790453893,0.4649188921735545,0.2252275827513093,0.4655891308998947,0.22506654805094872,0.46539269417751317,0.22506023461649324,0.46607573194555224,0.22502039554125922,0.4657537256708962
tanzania-073026/dpc-232-KTR-72502948.png,tanzania-073026,dpc-232-KTR-72502948.png,0.19037679631243537,0.38468386449765823,0.19033131251429014,0.38657076225912484,0.19036578222445705,0.38467177287797405,0.19036341640859736,0.3851016727714534,0.19037858040323113,0.3859261632597694
tanzania-073026/dpc-233-KTR-72502948.png,tanzania-073026,dpc-233-KTR-72502948.png,0.3203451476972912,1.1194664053449939,0.3204303890859,1.1192754425216132,0.3203600013411273,1.1192957400560144,0.3203446313735928,1.1215348921070207,0.3204185723006547,1.1204011005800856
tanzania-073026/dpc-234-KTR-72502948.png,tanzania-073026,dpc-234-KTR-72502948.png,0.32412109025107494,1.1953259054100849,0.3210064140400628,1.1830028638926606,0.3242616330846404,1.1997018252243508,0.3244429897948974,1.202314486709013,0.3245701542630741,1.1990714089456411
tanzania-073026/dpc-235-KTR-72502948.png,tanzania-073026,dpc-235-KTR-72502948.png,0.1958382346003685,0.33896895510936076,0.19578166729559318,0.34021067720618814,0.1957956731302874,0.33921410581389,0.195836314925321,0.339457370369581,0.19601557737692346,0.3391633827435992
tanzania-073026/dpc-236-KTR-72502948.png,tanzania-073026,dpc-236-KTR-72502948.png,0.15660437468329863,0.20064120496900253,0.15679312516628108,0.19923764164042074,0.15667996607303267,0.20109245013374072,0.15668135864991806,0.2009905809113837,0.15671282692747152,0.20120523145335117
tanzania-073026/dpc-237-KTR-72502948.png,tanzania-073026,dpc-237-KTR-72502948.png,0.1577566508678844,0.16546226551703402,0.15774023389383476,0.16510503478832486,0.15776117281161584,0.16517347215580636,0.1577590825621437,0.16447286582055579,0.15775476467702992,0.16517104756433648
tanzania-073026/dpc-238-KTR-72502948.png,tanzania-073026,dpc-238-KTR-72502948.png,0.17565581903381386,0.2866870899367289,0.17559798290522832,0.28773472681881984,0.175698822403018,0.2867797126400766,0.1755895815436247,0.28614296246465093,0.17546436250947456,0.286404803017986
tanzania-073026/dpc-239-KTR-72502948.png,tanzania-073026,dpc-239-KTR-72502948.png,0.16371363059141764,0.38834015236054037,0.16405883010084726,0.38922080915292157,0.16372941457939097,0.38848251369230674,0.16365036543164177,0.3860302229878759,0.16363108628207115,0.3858481877098286
tanzania-073026/dpc-240-KTR-72502948.png,tanzania-073026,dpc-240-KTR-72502948.png,0.1960853982145668,0.22133599961430453,0.19615350765303832,0.22235222521938247,0.19618119432744707,0.22139114197443824,0.19615832770924083,0.22078902650407284,0.19621490326071692,0.22148995503128371
tanzania-073026/dpc-241-KTR-72502948.png,tanzania-073026,dpc-241-KTR-72502948.png,0.164191755007981,0.2576544732307322,0.16433039446835185,0.2582157669322098,0.16419450576714578,0.2576797146750986,0.16421573085935323,0.2573386008315227,0.16421210209880857,0.2575926976808825
tanzania-073026/dpc-242-KTR-72502948.png,tanzania-073026,dpc-242-KTR-72502948.png,0.18331096340594474,0.2486487002601838,0.18329235568462507,0.24023724157148324,0.18332842250699746,0.24752525319451685,0.18328630564693657,0.2467110580070718,0.18329709995718618,0.24603587642996097
tanzania-073026/dpc-243-KTR-72502948.png,tanzania-073026,dpc-243-KTR-72502948.png,0.19059331991914957,0.3049582677251721,0.19048295094079837,0.3030417567921755,0.19059355295817473,0.304881343061774,0.19063432200715014,0.30493775111723587,0.1905957147131849,0.3052313727290551
tanzania-073026/dpc-244-KTR-72502948.png,tanzania-073026,dpc-244-KTR-72502948.png,0.14243271389311515,0.3277564924429469,0.14297270011130078,0.336183055683617,0.14247178998011298,0.32708311563095144,0.14250759299195187,0.3273350651951519,0.14254094662774822,0.32759061839261994
tanzania-073026/dpc-245-KTR-72502948.png,tanzania-073026,dpc-245-KTR-72502948.png,0.14410714716460568,0.32292679790766554,0.14457510987451133,0.32571556334540136,0.14408904926518756,0.3237289994928504,0.1441473963406978,0.32391455886818404,0.14691969161308932,0.340506117896174
tanzania-073026/dpc-246-KTR-72502948.png,tanzania-073026,dpc-246-KTR-72502948.png,0.19898674568008792,0.19795899535005637,0.19902928759433877,0.19924205798484587,0.19899844778153705,0.19798707229336127,0.19904438874713873,0.19844978265147614,0.1991342251397996,0.19878964189080475
tanzania-073026/dpc-247-KTR-72502948.png,tanzania-073026,dpc-247-KTR-72502948.png,0.17202215966126502,0.34015012081295637,0.17198313939995594,0.3393610017618104,0.17206342075365233,0.34055357581038903,0.17197828437171744,0.34065661174709944,0.1719412654894269,0.34041120231038846
tanzania-073026/dpc-248-KTR-72502948.png,tanzania-073026,dpc-248-KTR-72502948.png,0.20980828315522274,0.2231001095915601,0.20983931723954416,0.22533654957528457,0.2098910013159742,0.22364072089632264,0.209839585465674,0.22257977837434775,0.20982384603921164,0.22282078291565297
tanzania-073026/dpc-249-KTR-72502948.png,tanzania-073026,dpc-249-KTR-72502948.png,0.2079629482249682,0.22831646047011886,0.20789590021171778,0.2302552133715984,0.20800726134672923,0.228479550117879,0.20795937037076656,0.22902517623924498,0.2080078008370246,0.22884524444612367
tanzania-073026/dpc-250-KTR-72502948.png,tanzania-073026,dpc-250-KTR-72502948.png,0.21848540617359238,0.27364606648824485,0.2185420477371156,0.27442488217652106,0.21854560713295038,0.2731540310244465,0.21853164727778243,0.27326867531572363,0.21853780498087394,0.27302983200658854
tanzania-073026/dpc-251-KTR-72502948.png,tanzania-073026,dpc-251-KTR-72502948.png,0.22025255581909858,0.2877703246806875,0.22028301001800302,0.28922898035967065,0.22031291647990472,0.2881835109059117,0.22033167177321517,0.2886839346853975,0.22031479530592973,0.2889353788073127
tanzania-073026/dpc-252-KTR-72502948.png,tanzania-073026,dpc-252-KTR-72502948.png,0.22326584538461705,0.28605039104513535,0.2234147309379213,0.28767742157478354,0.22326786206538965,0.2856391678478017,0.2232847942642043,0.2859064138144491,0.2233240993627686,0.28576764847090574
tanzania-073026/dpc-253-KTR-72502948.png,tanzania-073026,dpc-253-KTR-72502948.png,0.13233891764690953,0.22795870573260052,0.13247771836968353,0.22840665104416566,0.13233683663287027,0.22760256580269264,0.13222931373336885,0.22685361453559927,0.13232976560878856,0.22616896947125434
tanzania-073026/dpc-254-KTR-72502948.png,tanzania-073026,dpc-254-KTR-72502948.png,0.1564706088114644,0.22682719699235024,0.15666540556187608,0.23009462943892275,0.156469667160634,0.22718268530944608,0.15649668029397457,0.22736632754690123,0.1565683391632902,0.22782293705633455
tanzania-073026/dpc-255-KTR-72502948.png,tanzania-073026,dpc-255-KTR-72502948.png,0.15418026722496525,0.18200190601216745,0.15419119142908652,0.18294151859749022,0.1541739083982129,0.18277976572367496,0.15415428670148013,0.18094742378325995,0.15422173163484357,0.18156520800231016
tanzania-073026/dpc-256-KTR-72502948.png,tanzania-073026,dpc-256-KTR-72502948.png,0.1268343785257666,0.2442293732678749,0.1266576165170772,0.24514284170145728,0.12685823926171153,0.24360093313723136,0.12679243602351162,0.24302311015288167,0.12678396674386255,0.24214291202496846
tanzania-073026/dpc-257-KTR-72502948.png,tanzania-073026,dpc-257-KTR-72502948.png,0.14808090649947542,0.3194429698749105,0.14846821843766372,0.3188398500704369,0.14807342535972598,0.31840172826867047,0.14812878493338374,0.31826957275632767,0.1480267362425611,0.31826958091250834
tanzania-073026/dpc-258-KTR-72502948.png,tanzania-073026,dpc-258-KTR-72502948.png,0.23947740916189225,0.1813027886974141,0.23807191936005728,0.18025112241635977,0.23952620430702845,0.1808008661221671,0.2395167169422753,0.17990861423523272,0.2395270806976866,0.1793885455836537
tanzania-073026/dpc-259-KTR-72502948.png,tanzania-073026,dpc-259-KTR-72502948.png,0.22317719654360388,0.31345221870472134,0.2233812367373948,0.31639801901977743,0.22325818312201673,0.3139261199633983,0.22328763446000174,0.31585067579095366,0.22326088789562956,0.31686863163680246
tanzania-073026/dpc-260-KTR-72502948.png,tanzania-073026,dpc-260-KTR-72502948.png,0.12202124527371658,0.19893157148163937,0.1215763157704722,0.20012206034700145,0.12205595205453804,0.19837008068637874,0.12199927338509127,0.19798075004410295,0.1220639094426273,0.19791037363425712
tanzania-073026/dpc-261-KTR-72502948.png,tanzania-073026,dpc-261-KTR-72502948.png,0.12403258644497293,0.1721919066249782,0.12378461754340696,0.16095265112420643,0.12399846618041556,0.1724133554266532,0.12400963195849173,0.17235988696023893,0.12396509394176021,0.1721096299686524
tanzania-073026/dpc-262-KTR-72502948.png,tanzania-073026,dpc-262-KTR-72502948.png,0.11469166720569776,0.20429766282249298,0.11491664326618461,0.18902973661234826,0.114735935141039,0.20460847409365096,0.11482686418806407,0.20438539336057196,0.11477552283196774,0.2047493767140792
tanzania-073026/dpc-263-KTR-72502948.png,tanzania-073026,dpc-263-KTR-72502948.png,0.16825077478923017,0.3736903344185123,0.16839223809576076,0.3729965684606873,0.16826074806475283,0.37301295821210817,0.16835810848822347,0.37381797956178,0.16841375019920413,0.37468879661593474
tanzania-073026/dpc-264-KTR-72502948.png,tanzania-073026,dpc-264-KTR-72502948.png,0.1426223248621158,0.32633477081538115,0.14270568502989917,0.32644982352588137,0.14263954872361018,0.3264654799106791,0.14265919093953555,0.3268411052552888,0.1426395947223159,0.32647969723846326
tanzania-073026/dpc-265-KTR-72502948.png,tanzania-073026,dpc-265-KTR-72502948.png,0.21290946421613915,0.3371138682338888,0.21285258941539217,0.3389702087552571,0.2129770640645371,0.33700216130761035,0.2128995238045183,0.33877344242833585,0.21284955360414037,0.3380416513014657
tanzania-073026/dpc-266-KTR-72502948.png,tanzania-073026,dpc-266-KTR-72502948.png,0.19654430974845577,0.3129811253238385,0.19646634087825535,0.31415631803608424,0.19653180767928674,0.3130990535728982,0.19652469384576987,0.31295584660284503,0.1966831202972664,0.3132557003629647
tanzania-073026/dpc-267-KTR-72502948.png,tanzania-073026,dpc-267-KTR-72502948.png,0.23904166025699797,0.3204453002229905,0.2390504179165798,0.32191250753702855,0.23905453276986324,0.3203126523818309,0.2390301322385123,0.32003704976272207,0.2390853863818988,0.32008517405691533
tanzania-073026/dpc-268-KTR-72502948.png,tanzania-073026,dpc-268-KTR-72502948.png,0.2357981423100485,0.2874505990369932,0.23572705998409307,0.2875914859089197,0.23588076374924585,0.2873236410523277,0.2359044138114629,0.28828963808713404,0.23588497639230266,0.28778199137744626
tanzania-073026/dpc-269-KTR-72502948.png,tanzania-073026,dpc-269-KTR-72502948.png,0.2360708838607899,0.2340885364882314,0.2359576300069954,0.2331876950544418,0.23603412844068153,0.23399654766765615,0.235986629377814,0.23471987416063966,0.23603450334994322,0.23378189625432802
tanzania-073026/dpc-270-KTR-72502948.png,tanzania-073026,dpc-270-KTR-72502948.png,0.21719973411251178,0.3191074453920225,0.21719937156025038,0.32025040757484585,0.21728408794147758,0.3189285159899533,0.2172120583604223,0.3195628184009821,0.21727045084905647,0.3204009697726112
tanzania-073026/dpc-271-KTR-72502948.png,tanzania-073026,dpc-271-KTR-72502948.png,0.1546302534876942,0.3574487889700981,0.1546286791073528,0.35634067775548506,0.154619306841991,0.3573000569057611,0.1546305112136252,0.3568524650928283,0.1546118520133189,0.3589401486595698
tanzania-073026/dpc-272-KTR-72502948.png,tanzania-073026,dpc-272-KTR-72502948.png,0.21025759343482847,0.3550390399035001,0.2101550682892871,0.35586098574111014,0.2102192010013642,0.35483715372692776,0.2101086159769083,0.35563703240637856,0.21013509950976975,0.35694784515642086
tanzania-073026/dpc-273-KTR-72502948.png,tanzania-073026,dpc-273-KTR-72502948.png,0.15175728120620502,0.2712618641752819,0.15192151201170812,0.2811002171933783,0.1518088870397699,0.2711689781256796,0.1518601173693441,0.27154520371755014,0.15176670671727058,0.27046670435114556
tanzania-073026/dpc-274-KTR-72502948.png,tanzania-073026,dpc-274-KTR-72502948.png,0.17291754350248942,0.3012859984195407,0.1731270087213051,0.302011205305538,0.17296085642896866,0.3013887188784948,0.17301179081849583,0.30126804110636424,0.17312670770730704,0.30188176606070327
tanzania-073026/dpc-275-KTR-72502948.png,tanzania-073026,dpc-275-KTR-72502948.png,0.14138108237230515,0.3639642512720371,0.14179844907750416,0.36748795151248204,0.14129356463519138,0.36439988224780695,0.1413496984105434,0.3640615946840835,0.1413567012808373,0.36420881730195853
tanzania-073026/dpc-276-KTR-72502948.png,tanzania-073026,dpc-276-KTR-72502948.png,0.11921157931207586,0.23564268815996245,0.1192305945628462,0.24559194666462167,0.11920108956615831,0.23478368495278273,0.11922743643472819,0.23665393035952711,0.11920472755736838,0.23689620187001895
tanzania-073026/dpc-277-KTR-72502948.png,tanzania-073026,dpc-277-KTR-72502948.png,0.12726479382364844,0.21146879434623553,0.12499485501463388,0.2061884732612376,0.12729016700707096,0.2117876553724432,0.12719290915007117,0.212755780571058,0.1271313760049951,0.21184979792602962
tanzania-073026/dpc-278-KTR-72502948.png,tanzania-073026,dpc-278-KTR-72502948.png,0.13511449103743783,0.2269808268221179,0.1351935767677909,0.22786656325446952,0.13518442758718227,0.2274297179516679,0.13522092628748994,0.22667741306221348,0.135213999449778,0.22773764367616403
tanzania-073026/dpc-279-KTR-72502948.png,tanzania-073026,dpc-279-KTR-72502948.png,0.1293530621701959,0.2859564777767635,0.12939811236633997,0.28732613952073494,0.1293101314973961,0.285781278444377,0.1293121394591825,0.287120397104239,0.12935894924576927,0.2868160351912397
tanzania-073026/dpc-280-KTR-72502948.png,tanzania-073026,dpc-280-KTR-72502948.png,0.14197246562675117,0.29924691024392636,0.14078745918390914,0.27723704487541795,0.14192514379965637,0.2986078400949123,0.14195694369677497,0.29745647610101195,0.14205280883489235,0.2973141183875322
tanzania-073026/dpc-281-KTR-72502948.png,tanzania-073026,dpc-281-KTR-72502948.png,0.15067708630623483,0.3259978079290229,0.15084286102041905,0.32846917134890485,0.15066389430060892,0.32640363666279304,0.15081329771467186,0.32769338790447144,0.15075844022665535,0.3283526586762421
tanzania-073026/dpc-282-KTR-72502948.png,tanzania-073026,dpc-282-KTR-72502948.png,0.1715959565096594,0.27728598599847415,0.17164409585257875,0.27878470498580965,0.17161759210910896,0.2770946712708449,0.17164639842352955,0.2771018514025728,0.17159687234335286,0.2772631463593741
tanzania-073026/dpc-283-KTR-72502948.png,tanzania-073026,dpc-283-KTR-72502948.png,0.20154218890729184,0.24229358495867384,0.20145317816483713,0.24113153694282677,0.20151773754116317,0.24297526637833472,0.20151368694074973,0.24267537353265853,0.20144875984876123,0.24243855110322488
tanzania-073026/dpc-284-KTR-72502948.png,tanzania-073026,dpc-284-KTR-72502948.png,0.1869468560094135,0.17250210037029282,0.18688224992212918,0.17266058386123034,0.18690204203240499,0.17225340627850777,0.1869087989139562,0.1718406682536855,0.18702373329881813,0.17209202632978035
tanzania-073026/dpc-285-KTR-72502948.png,tanzania-073026,dpc-285-KTR-72502948.png,0.23409611370209374,0.2715934082190218,0.23402573686234882,0.27223299781210303,0.23409467125416342,0.27104401641246956,0.23405395834585468,0.27152761519816976,0.23413449883475998,0.27167715710413315
tanzania-073026/dpc-286-KTR-72502948.png,tanzania-073026,dpc-286-KTR-72502948.png,0.22232448256958062,0.38172579265318024,0.22233783626959414,0.3808682167540681,0.22240187631532862,0.38156411833792364,0.22242303531028665,0.3824393208469371,0.22241670965328134,0.3815543055920145
tanzania-073026/dpc-287-KTR-72502948.png,tanzania-073026,dpc-287-KTR-72502948.png,0.2179466071547147,0.23659135677249263,0.21780026258984475,0.23477505917476355,0.21798089164581536,0.23655642009045758,0.21793462910994682,0.23580868548752285,0.21791064545671943,0.23592750302612994
tanzania-073026/dpc-288-KTR-72502948.png,tanzania-073026,dpc-288-KTR-72502948.png,0.2467650578180345,0.47663939508953546,0.2467860775139355,0.47673204634373084,0.24678071867931567,0.4776260214095237,0.24676534609944953,0.4790777680088196,0.24679171802658054,0.4787881034098393
tanzania-073026/dpc-289-KTR-72502948.png,tanzania-073026,dpc-289-KTR-72502948.png,0.146017432147043,0.2302653519111453,0.145909236066046,0.2306216455567598,0.14592733907999275,0.22959616658964213,0.14597537992239173,0.22908144787526635,0.14603994572835408,0.22961260008452042
tanzania-073026/dpc-290-KTR-72502948.png,tanzania-073026,dpc-290-KTR-72502948.png,0.12429993222160095,0.21153434035573312,0.12432794737540052,0.2018811332215287,0.12427905435735906,0.21218110106138682,0.12433219397973205,0.2114432430006061,0.1242821572724684,0.21208274305392313
tanzania-073026/dpc-291-KTR-72502948.png,tanzania-073026,dpc-291-KTR-72502948.png,0.12387270736414277,0.1977936822179798,0.12419045143547047,0.20202236531191747,0.12390202404015395,0.19876381153480951,0.12382366783260897,0.1981943137591001,0.12387441960359685,0.19884899556392838
tanzania-073026/dpc-292-KTR-72502948.png,tanzania-073026,dpc-292-KTR-72502948.png,0.15963492249158806,0.18896434629001352,0.16105841526239412,0.1953949859305136,0.15964771018814697,0.18866750161883955,0.15963792219164596,0.1886150533752194,0.15974033913995173,0.18805144177393823
tanzania-073026/dpc-293-KTR-72502948.png,tanzania-073026,dpc-293-KTR-72502948.png,0.12321381162514801,0.29760171529307006,0.12192194187148983,0.2812158902556424,0.12334795470889005,0.2975204771647202,0.12328505663152135,0.2975334430742089,0.12320898246464759,0.29843297786526657
tanzania-073026/dpc-294-KTR-72502948.png,tanzania-073026,dpc-294-KTR-72502948.png,0.11162062875704368,0.2482161263797015,0.11017833964877173,0.23315513247413014,0.11162329185475972,0.2482835950725353,0.11175373823536466,0.24825488227695577,0.11177537913715947,0.2481189661384876
tanzania-073026/dpc-295-KTR-72502948.png,tanzania-073026,dpc-295-KTR-72502948.png,0.11195340151579045,0.22882113690160538,0.10846963885635882,0.22340222404981525,0.1120244254005188,0.22760336949132942,0.11202744246663993,0.23062095407862582,0.11211223314882639,0.23001670758439857
tanzania-073026/dpc-296-KTR-72502948.png,tanzania-073026,dpc-296-KTR-72502948.png,0.13173594899139787,0.2700020738949367,0.1319241111677703,0.2711176401642613,0.13172400117021726,0.2692023878078675,0.13169124931687845,0.26937233539010397,0.13165830094429037,0.2673918288815952
tanzania-073026/dpc-297-KTR-72502948.png,tanzania-073026,dpc-297-KTR-72502948.png,0.10830099243345057,0.23685331253987105,0.10856093050907988,0.23724705852002012,0.10832664202681552,0.23595774945665085,0.10824082020663017,0.2370199290578533,0.10826969462370077,0.2372375131776488
tanzania-073026/dpc-298-KTR-72502948.png,tanzania-073026,dpc-298-KTR-72502948.png,0.12110162210308813,0.22747132847210552,0.12142698657981578,0.22954985767920258,0.12110408140423637,0.22653619578063763,0.12114345401652911,0.22820346959765933,0.12101507240613432,0.22867573059775279
tanzania-073026/dpc-299-KTR-72502948.png,tanzania-073026,dpc-299-KTR-72502948.png,0.14964401012436665,0.26848050756952796,0.14990376106407882,0.26819262382918785,0.1496345803842501,0.2683030845589785,0.1497241035460107,0.26812110652879384,0.149783732553174,0.2681141334848937
tanzania-073026/dpc-300-KTR-72502948.png,tanzania-073026,dpc-300-KTR-72502948.png,0.14468548039522672,0.21271153274431315,0.14460354689804503,0.2140389266472576,0.1446182731856524,0.21289864403275943,0.1446332761325844,0.2118965387556226,0.14470630146285235,0.2122375583129381
tanzania-073026/dpc-301-KTR-72502948.png,tanzania-073026,dpc-301-KTR-72502948.png,0.17336181640461298,0.2829406610471816,0.1733163727243805,0.2838177550034866,0.17328116986194025,0.28333458457995536,0.17333084584768982,0.28335814113009195,0.1733286489917054,0.2827578800211443
tanzania-073026/dpc-302-KTR-72502948.png,tanzania-073026,dpc-302-KTR-72502948.png,0.16921404023858289,0.29817351297970457,0.16932307540127048,0.29710226816191604,0.16925728394489692,0.29785343350421806,0.16922738129113865,0.299071453602959,0.16933814584148196,0.29863723557121347
tanzania-073026/dpc-303-KTR-72502948.png,tanzania-073026,dpc-303-KTR-72502948.png,0.19415839739828003,0.28042308231939295,0.19422285945503176,0.28065861076541054,0.19411602071679498,0.27997855355995815,0.19413369278283996,0.2805943845717781,0.19413410975565012,0.2804472109038222
tanzania-073026/dpc-304-KTR-72502948.png,tanzania-073026,dpc-304-KTR-72502948.png,0.22204013040085882,0.2760208419559454,0.22140152351482706,0.2778818817882011,0.22198790979785687,0.2766518018179864,0.22192261741730626,0.27720393881092426,0.22212454508909435,0.27800988651520725
tanzania-073026/dpc-305-KTR-72502948.png,tanzania-073026,dpc-305-KTR-72502948.png,0.18187026249471924,0.2335405568804816,0.18128678395907685,0.2332080370720677,0.18184466449614511,0.23337595505326728,0.1817940149998492,0.23363757390905165,0.18156572122042816,0.23343173725867075
tanzania-073026/dpc-306-KTR-72502948.png,tanzania-073026,dpc-306-KTR-72502948.png,0.19546000352171064,0.40567063312826174,0.19564509850149528,0.40581236003148097,0.1954091835626347,0.40529458968219584,0.1954595988583274,0.40628772985531963,0.19547361836178598,0.4071742224971786
tanzania-073026/dpc-307-KTR-72502948.png,tanzania-073026,dpc-307-KTR-72502948.png,0.1703359432380361,0.28925912029291323,0.17037328129806967,0.2822071325040629,0.17028769426030096,0.2899401609522067,0.17019223203387712,0.2892686047907474,0.17031373092291496,0.2892594308489291
tanzania-073026/dpc-308-KTR-72502948.png,tanzania-073026,dpc-308-KTR-72502948.png,0.15440701256220427,0.2975009348890696,0.15481870409233267,0.2858411009437912,0.15441357187665497,0.29705155731324295,0.1544473617039251,0.29794175904103043,0.15448990963464018,0.29751849667223207
tanzania-073026/dpc-309-KTR-72502948.png,tanzania-073026,dpc-309-KTR-72502948.png,0.18546172901122118,0.21698143994839558,0.186118279593878,0.20628413494391337,0.18551530871247088,0.21783867023157036,0.18551263781593685,0.21777361014784183,0.18544317443022962,0.21774390025737442
tanzania-073026/dpc-310-KTR-72502948.png,tanzania-073026,dpc-310-KTR-72502948.png,0.16036649478310597,0.200771884917541,0.16228392452325674,0.20520514295424638,0.1603523459366466,0.2007889971881238,0.16031202776984008,0.20007527901347802,0.16027960935759444,0.2004314024225185
tanzania-073026/dpc-311-KTR-72502948.png,tanzania-073026,dpc-311-KTR-72502948.png,0.1562157271238532,0.3175465580095184,0.15409524843434996,0.29942135702872213,0.15623159593588254,0.3175235464427425,0.1561678066022494,0.3162718189238917,0.15619574953548787,0.3166144533948457
tanzania-073026/dpc-312-KTR-72502948.png,tanzania-073026,dpc-312-KTR-72502948.png,0.12120520809884354,0.18468937142629305,0.12118365792544195,0.18496522680584296,0.1212261137349291,0.18511587565114537,0.12126600086323364,0.1849243836376017,0.12120848867071629,0.1847266304763423
tanzania-073026/dpc-313-KTR-72502948.png,tanzania-073026,dpc-313-KTR-72502948.png,0.17156425701911007,0.36934847208218946,0.17170369295164006,0.36952333467667353,0.17161296096377213,0.3704704061632131,0.1716243685062101,0.3695265291145902,0.17164209089468405,0.37022422191478915
tanzania-073026/dpc-314-KTR-72502948.png,tanzania-073026,dpc-314-KTR-72502948.png,0.12595104272167956,0.2466691130384955,0.12614913399791808,0.24811914227602785,0.12596186801598014,0.24803283289957415,0.12602709624034575,0.24702897367568957,0.126046583920448,0.2469783867182347
tanzania-073026/dpc-315-KTR-72502948.png,tanzania-073026,dpc-315-KTR-72502948.png,0.12548729240753917,0.26220520194945557,0.1259547021633968,0.2621198606176189,0.12547778451768662,0.26248532320313855,0.1254240782148959,0.26277888854957926,0.12551139828468214,0.2625260622305965
tanzania-073026/dpc-316-KTR-72502948.png,tanzania-073026,dpc-316-KTR-72502948.png,0.13326261266304534,0.28822069512998794,0.13357982352154374,0.292778851529118,0.13329167802966105,0.28900154521397886,0.1333253496649357,0.28919033394127286,0.13336202787008433,0.2890333900160416
tanzania-073026/dpc-317-KTR-72502948.png,tanzania-073026,dpc-317-KTR-72502948.png,0.1606512420314885,0.27902001940667925,0.16084665647087565,0.28127698729230344,0.16066799582180102,0.27904809482028886,0.16066839451661125,0.27966309227620395,0.16076689063600452,0.27985645130062975
tanzania-073026/dpc-318-KTR-72502948.png,tanzania-073026,dpc-318-KTR-72502948.png,0.17725867742308124,0.32307989888270155,0.17727670751664013,0.323297967986316,0.17728793927964365,0.3231001025331619,0.17746274274985177,0.32341729534901364,0.1774606434043464,0.3237477795977905
tanzania-073026/dpc-319-KTR-72502948.png,tanzania-073026,dpc-319-KTR-72502948.png,0.148255518593544,0.30032403233961424,0.1483161501081005,0.30335695628515963,0.14830192739257642,0.3005052633101232,0.14832295278489965,0.3007417799341701,0.14844136399545024,0.30144524612742685
tanzania-073026/dpc-320-KTR-72502948.png,tanzania-073026,dpc-320-KTR-72502948.png,0.20098695388312407,0.21591904916401627,0.20118062463094039,0.21808917038059025,0.20100629159412123,0.2160520236405262,0.20106054006418456,0.21683813859738507,0.2011346149373526,0.21719028054348666
tanzania-073026/dpc-321-KTR-72502948.png,tanzania-073026,dpc-321-KTR-72502948.png,0.17301921865668196,0.4172417880071164,0.17306471461673978,0.4182226688856492,0.17308753224451662,0.4177317340168001,0.17305220779928537,0.41801252547789597,0.173001588998257,0.41771105454933544
tanzania-073026/dpc-322-KTR-72502948.png,tanzania-073026,dpc-322-KTR-72502948.png,0.22605816347299568,0.34154564685783184,0.22572027200612868,0.3448088200145234,0.22606885907086177,0.3420034037454473,0.22604563159294366,0.342288510218606,0.2259152740532012,0.34320431561203685
tanzania-073026/dpc-323-KTR-72502948.png,tanzania-073026,dpc-323-KTR-72502948.png,0.19721587044597658,0.2433044859500475,0.19720517274977076,0.24495292277660435,0.19719569216466715,0.2439971589674066,0.19725833485136038,0.24496740556861327,0.197340808690246,0.24468432639589832
tanzania-073026/dpc-324-KTR-72502948.png,tanzania-073026,dpc-324-KTR-72502948.png,0.1676099724974573,0.26037582597643577,0.1675896868181933,0.2614532164400507,0.1676314164154191,0.2606662828044326,0.1676206793528513,0.2616764790771966,0.16759824895092068,0.2622636478444581
tanzania-080526/dpc-001-KTR-72502946.png,tanzania-080526,dpc-001-KTR-72502946.png,0.07261876853720155,0.15928842854414643,0.07254884267607636,0.15983806341743007,0.07263899801838303,0.15941058084617388,0.07263334359315116,0.1589485021509967,0.07259622767994986,0.1587139478363341
tanzania-080526/dpc-002-KTR-72502946.png,tanzania-080526,dpc-002-KTR-72502946.png,0.05938929063990066,0.14705023656856006,0.05926858635616731,0.146735210221615,0.05939755680599973,0.14696872721142087,0.05930716350943865,0.14682105470965404,0.05929502211403728,0.14686759206207603
tanzania-080526/dpc-003-KTR-72502946.png,tanzania-080526,dpc-003-KTR-72502946.png,0.05610715157644133,0.12184378674842872,0.0561259851252393,0.1221497383902238,0.05611550357076853,0.12196706521272112,0.056064107311951154,0.12141658202693625,0.05598818410101638,0.1217203461110862
tanzania-080526/dpc-004-KTR-72502946.png,tanzania-080526,dpc-004-KTR-72502946.png,0.061498922016841956,0.16723127044999384,0.06129896287857913,0.16675556373904823,0.06142683849065936,0.16678026451652944,0.06146926173896003,0.16658030474658428,0.0614885569663791,0.167276909852716
tanzania-080526/dpc-005-KTR-72502946.png,tanzania-080526,dpc-005-KTR-72502946.png,0.07434161223418706,0.1501841534327234,0.07423224944184664,0.15041730040010137,0.07435769087246437,0.1500778894981964,0.07450702118959704,0.1503556625585065,0.07445299528312964,0.15049604926939608
tanzania-080526/dpc-006-KTR-72502946.png,tanzania-080526,dpc-006-KTR-72502946.png,0.07250127136554622,0.1366029678335214,0.07204264833172291,0.12783042191639774,0.07247766399408619,0.1376788564871392,0.07252006028319102,0.1368080004162255,0.0724664004932288,0.13717792506190435
tanzania-080526/dpc-007-KTR-72502946.png,tanzania-080526,dpc-007-KTR-72502946.png,0.08218247348651575,0.1631135727562638,0.0820984373053321,0.16235087489688851,0.08217644752811358,0.1629846671721021,0.08211130802206214,0.1628578113083461,0.0819672398127136,0.16295510422591686
tanzania-080526/dpc-008-KTR-72502946.png,tanzania-080526,dpc-008-KTR-72502946.png,0.06594348234747889,0.12070116120133306,0.06467616976702842,0.1251525935125809,0.06596687401210055,0.1203474779630707,0.06598081996921176,0.12049572473666341,0.06607439369396362,0.12093905606377922
tanzania-080526/dpc-009-KTR-72502946.png,tanzania-080526,dpc-009-KTR-72502946.png,0.06882142410937656,0.1312997958721934,0.06914786829687553,0.13386172073695202,0.06882166264014686,0.1312155375536136,0.06879820105970598,0.13115431927203616,0.06886710292993375,0.13102623015244713
tanzania-080526/dpc-010-KTR-72502946.png,tanzania-080526,dpc-010-KTR-72502946.png,0.0900669172986897,0.1791883863016104,0.09028947217818951,0.1802204333532585,0.09015001002639995,0.18010254491174363,0.09008899264357892,0.17966299568614336,0.09008600932892427,0.17886140971079106
tanzania-080526/dpc-011-KTR-72502946.png,tanzania-080526,dpc-011-KTR-72502946.png,0.05219896209419168,0.11605801709047801,0.051647278667513015,0.11541623793778172,0.05229470115354898,0.11726813232359697,0.05224440710663149,0.1173895851697757,0.052186433570641455,0.1169222752841272
tanzania-080526/dpc-012-KTR-72502946.png,tanzania-080526,dpc-012-KTR-72502946.png,0.05679210385906566,0.13260131694159794,0.05641049703296202,0.12821512362298612,0.056761671474265626,0.13248610030649488,0.0567824412883184,0.1322809150796366,0.05676924910721542,0.1320189171737254
tanzania-080526/dpc-013-KTR-72502946.png,tanzania-080526,dpc-013-KTR-72502946.png,0.08290150104683422,0.16415509993050387,0.0822635557798769,0.16399741866270356,0.08287173805612928,0.1638374548273108,0.0829176549267792,0.16395358504418858,0.08283207197318647,0.16488830857984021
tanzania-080526/dpc-014-KTR-72502946.png,tanzania-080526,dpc-014-KTR-72502946.png,0.07436044532026635,0.17305428386895746,0.07447530420101785,0.17293464957912244,0.07433243881861883,0.17316952247688425,0.0743209269457935,0.17364650834025422,0.07440816415427846,0.17219234347239626
tanzania-080526/dpc-015-KTR-72502946.png,tanzania-080526,dpc-015-KTR-72502946.png,0.07919020648043355,0.10958800015481432,0.07939631736878962,0.10933298210453687,0.07918985067378671,0.10964682848110553,0.07915147424100434,0.11009367685753255,0.07917678416963468,0.11010333858308426
tanzania-080526/dpc-016-KTR-72502946.png,tanzania-080526,dpc-016-KTR-72502946.png,0.09037948120586055,0.12845494156009113,0.09014227114472961,0.12844841411314328,0.09031383157112408,0.12897376202025987,0.0902593405833816,0.12879956239835483,0.09018183828656175,0.12915615285243143
tanzania-080526/dpc-017-KTR-72502946.png,tanzania-080526,dpc-017-KTR-72502946.png,0.0911710141096074,0.213559548696399,0.09205767000586446,0.21322595320739673,0.09107390351326924,0.21278088839984752,0.09117360043121356,0.21281517542124925,0.09120203403890746,0.21315346019782183
tanzania-080526/dpc-018-KTR-72502946.png,tanzania-080526,dpc-018-KTR-72502946.png,0.12377105120833441,0.20048178158685598,0.12293873420059277,0.20177030334143337,0.12359587151888082,0.19927685365923523,0.1237294791673397,0.1992218545760019,0.12375654118241411,0.19929875042677295
tanzania-080526/dpc-019-KTR-72502946.png,tanzania-080526,dpc-019-KTR-72502946.png,0.0678846283562308,0.1007271945403426,0.067262720453449,0.10112328281714478,0.0678935500180989,0.10094116555292064,0.06788474811038099,0.100947618104557,0.06788297814446151,0.10103331805069675
tanzania-080526/dpc-020-KTR-72502946.png,tanzania-080526,dpc-020-KTR-72502946.png,0.0546352454362526,0.13105316253784,0.0545941540038029,0.13216983075647634,0.05468691777601406,0.13108085160452118,0.054634547875553933,0.13098148436519244,0.054515957826352,0.1306519273644986
tanzania-080526/dpc-021-KTR-72502946.png,tanzania-080526,dpc-021-KTR-72502946.png,0.05419005553382077,0.13431184675259683,0.05422355440936359,0.13196912099006958,0.05409786003818678,0.13337791605870541,0.054087145788175375,0.1331234250958979,0.054107838849475606,0.13358871991007254
tanzania-080526/dpc-022-KTR-72502946.png,tanzania-080526,dpc-022-KTR-72502946.png,0.06755737368909144,0.19503557629208682,0.0675039084313364,0.1950860847484538,0.06758953149516887,0.19490722439656943,0.06751013935868007,0.1952336789761262,0.06743872637124228,0.19490758617595266
tanzania-080526/dpc-023-KTR-72502946.png,tanzania-080526,dpc-023-KTR-72502946.png,0.0733536326781731,0.14719205310407474,0.0734255707008217,0.1493348319163363,0.0733085954296133,0.14706539058164905,0.07327446965121549,0.14716084352479358,0.07332960812610263,0.14803798925083364
tanzania-080526/dpc-024-KTR-72502946.png,tanzania-080526,dpc-024-KTR-72502946.png,0.06525377670203503,0.13066089026592717,0.06550637808958919,0.13081890404113825,0.0652656056331815,0.13048632323348033,0.06519993120957829,0.12998881226747291,0.06520996210928358,0.1303336340247218
tanzania-080526/dpc-025-KTR-72502946.png,tanzania-080526,dpc-025-KTR-72502946.png,0.0749400698017043,0.22762915974434852,0.075123753389972,0.22790491041778163,0.07490009624057863,0.22744838277903426,0.07502379144685584,0.22784369189148151,0.07499971915506835,0.2277847986521513
tanzania-080526/dpc-026-KTR-72502946.png,tanzania-080526,dpc-026-KTR-72502946.png,0.07665302316325073,0.13028492161631838,0.07644088832517575,0.12949672959285113,0.07666751809343732,0.13019517696942562,0.07664583968681661,0.12988590448512882,0.07674286603936009,0.1312876417665911
tanzania-080526/dpc-027-KTR-72502946.png,tanzania-080526,dpc-027-KTR-72502946.png,0.09041678579360962,0.2501016280740461,0.09037036798775053,0.2505045521870377,0.09047234686952955,0.25056961787323334,0.0904920662143538,0.25082783285075355,0.09049364555466817,0.2507221623534369
tanzania-080526/dpc-028-KTR-72502946.png,tanzania-080526,dpc-028-KTR-72502946.png,0.07403327965083366,0.1861875471162149,0.07416553832339944,0.18596742892697365,0.07400967001341639,0.18610588170856998,0.07401030582885464,0.18635836885755316,0.07405793692189266,0.18607446556847493
tanzania-080526/dpc-029-KTR-72502946.png,tanzania-080526,dpc-029-KTR-72502946.png,0.07761761190446928,0.17149010759623473,0.07770795864532805,0.17023718434212326,0.07758501025500593,0.17146399685817268,0.07764245460541105,0.17137082821293395,0.0776166245880394,0.17134186200837423
tanzania-080526/dpc-030-KTR-72502946.png,tanzania-080526,dpc-030-KTR-72502946.png,0.08492648404497531,0.266056584047192,0.08510090544592802,0.2671319589482981,0.08488835764994289,0.26571708560073465,0.08488725641359607,0.2654179628021403,0.0848618010358019,0.26632051809242463
tanzania-080526/dpc-031-KTR-72502946.png,tanzania-080526,dpc-031-KTR-72502946.png,0.07369169288647853,0.1207220743385848,0.0737666531002196,0.12181095227923189,0.07362771539536184,0.12076873560043545,0.07364195734946447,0.12097784218494673,0.07359091388823667,0.12009599789587423
tanzania-080526/dpc-032-KTR-72502946.png,tanzania-080526,dpc-032-KTR-72502946.png,0.0643083356000443,0.16104270522039899,0.06434680413604843,0.16041720529592057,0.0643781677471223,0.1615483603904605,0.06435373326342869,0.16242998450474697,0.06434638770057304,0.16105825763586837
tanzania-080526/dpc-033-KTR-72502946.png,tanzania-080526,dpc-033-KTR-72502946.png,0.07867148972608913,0.21426960509139314,0.07855921416944012,0.21451498030561084,0.07864039636828062,0.21427812865226176,0.07864855570300312,0.2131249533899451,0.07866074502776418,0.2136122761813519
tanzania-080526/dpc-034-KTR-72502946.png,tanzania-080526,dpc-034-KTR-72502946.png,0.08453080672516357,0.16912019725024652,0.08448990410017353,0.16907001896891802,0.08450534668601033,0.16853792559996517,0.08448404493896147,0.16827092045554462,0.08462435710116958,0.16896416208506043
tanzania-080526/dpc-035-KTR-72502946.png,tanzania-080526,dpc-035-KTR-72502946.png,0.0821988249325588,0.2325902739275392,0.0822560563414366,0.23149416987011595,0.08222209565755335,0.23234590106130054,0.0822177185406551,0.23236624115404522,0.08223754796239495,0.23303906244587944
tanzania-080526/dpc-036-KTR-72502946.png,tanzania-080526,dpc-036-KTR-72502946.png,0.08465927910117707,0.1762909545254901,0.0845986390567272,0.17667011858385026,0.08468004415335899,0.17650162018407786,0.08462366237771532,0.17572798520330582,0.08458827354733665,0.1758256103142868
tanzania-080526/dpc-037-KTR-72502946.png,tanzania-080526,dpc-037-KTR-72502946.png,0.0797071718153737,0.16163380436379893,0.07970826061760618,0.16000983065552377,0.07960721790640614,0.16119101717265374,0.07970308895365977,0.16165204330795074,0.07957982360087613,0.1617648596282981
tanzania-080526/dpc-038-KTR-72502946.png,tanzania-080526,dpc-038-KTR-72502946.png,0.06375867851838547,0.12792672917976727,0.06334805923616234,0.12586037174394818,0.06159934278015475,0.12738595490071142,0.061611029647864544,0.1282240730589134,0.06366373611206276,0.12871189451538623
tanzania-080526/dpc-039-KTR-72502946.png,tanzania-080526,dpc-039-KTR-72502946.png,0.07330182216762027,0.17228597349909114,0.07395113531715329,0.1753594070560426,0.0732526517541908,0.17160872154639945,0.07328200567217742,0.1729571292781395,0.07326024974931178,0.17156051741266343
tanzania-080526/dpc-040-KTR-72502946.png,tanzania-080526,dpc-040-KTR-72502946.png,0.06029843624311309,0.15427920375547916,0.06029686282679545,0.1538785339958683,0.0606818382189233,0.15478208961926926,0.06067444504241963,0.1544968226142834,0.0607369532698474,0.15474902665546647
tanzania-080526/dpc-041-KTR-72502946.png,tanzania-080526,dpc-041-KTR-72502946.png,0.0746408569767405,0.17885222713211968,0.07423244677068844,0.1741213882232499,0.07469517056149581,0.17922270700390808,0.074690677050589,0.17934697298881536,0.07472867405502467,0.1781792231441362
tanzania-080526/dpc-042-KTR-72502946.png,tanzania-080526,dpc-042-KTR-72502946.png,0.07118234756620533,0.185272502040036,0.07245486947452195,0.1812077356375758,0.07123910396039387,0.18533242620743368,0.07127459137466946,0.185594672476228,0.07124230135292431,0.18532288702196936
tanzania-080526/dpc-043-KTR-72502946.png,tanzania-080526,dpc-043-KTR-72502946.png,0.09333064199654897,0.20011393172527964,0.09324779317511178,0.20077150867580826,0.09334170320178047,0.20042523647991486,0.09331429856839979,0.20050207452023905,0.09329073223194269,0.20037924315290348
tanzania-080526/dpc-044-KTR-72502946.png,tanzania-080526,dpc-044-KTR-72502946.png,0.08553109262408581,0.16402812943246825,0.0857685858098092,0.16481683831485164,0.08549350262509077,0.1640373910031963,0.08553521823690824,0.16520864359472506,0.08549594734179919,0.16528955796911557
tanzania-080526/dpc-045-KTR-72502946.png,tanzania-080526,dpc-045-KTR-72502946.png,0.07770493819014103,0.1403172981543537,0.07760538227278535,0.13997506532762768,0.07769481371953992,0.14003117853061114,0.07770933212295439,0.1399063598040785,0.07771675171834791,0.13978237646271102
tanzania-080526/dpc-046-KTR-72502946.png,tanzania-080526,dpc-046-KTR-72502946.png,0.0711860878316088,0.12430593922184459,0.0713517096883872,0.12441488393516514,0.07119433319630793,0.12471362201775664,0.07120945923424105,0.12470787909797063,0.07120423202129034,0.1242740123726123
tanzania-080526/dpc-047-KTR-72502946.png,tanzania-080526,dpc-047-KTR-72502946.png,0.06961967685974689,0.2155045551895893,0.06949774901359874,0.21432874605326818,0.06969011620920719,0.2154922020050134,0.06964643176553309,0.21496138188670524,0.06957408801225735,0.2146158580856463
tanzania-080526/dpc-048-KTR-72502946.png,tanzania-080526,dpc-048-KTR-72502946.png,0.07247021958325274,0.17961271760810338,0.07257126054039427,0.17920151617744082,0.07248353066521455,0.17956368963445715,0.0725409937480819,0.17975744657742287,0.0724836212843562,0.1792443269134006
tanzania-080526/dpc-049-KTR-72502946.png,tanzania-080526,dpc-049-KTR-72502946.png,0.082501011438764,0.2834061298195717,0.08263024125705562,0.28401321846989486,0.08250991077309568,0.28340507124149217,0.08256615098840175,0.28378855505043643,0.08250640152011529,0.2837391460218698
tanzania-080526/dpc-050-KTR-72502946.png,tanzania-080526,dpc-050-KTR-72502946.png,0.09097769366463725,0.28081202351099405,0.0909368740858489,0.280878163275725,0.09090357010682551,0.2806224380552614,0.09093226071040239,0.28025979718338445,0.09103754779102076,0.28033133096692076
tanzania-080526/dpc-051-KTR-72502946.png,tanzania-080526,dpc-051-KTR-72502946.png,0.11893835318162661,0.21875309040210222,0.11890463337653959,0.21851483894604903,0.11896736649030862,0.21920648052283676,0.1189542790861192,0.21912755640960221,0.11896908686389358,0.2184456611319307
tanzania-080526/dpc-052-KTR-72502946.png,tanzania-080526,dpc-052-KTR-72502946.png,0.10155085192938602,0.23625169168649307,0.10147052066322461,0.23560072929613188,0.10154061206905221,0.23619275276727905,0.10160114042910529,0.23638816317536,0.10153886317401627,0.23565918050580278
tanzania-080526/dpc-053-KTR-72502946.png,tanzania-080526,dpc-053-KTR-72502946.png,0.13619833046940502,0.3541668812891957,0.13632283608197682,0.35442976817419813,0.13619262295178694,0.3542027363591368,0.13615128541717203,0.3534231508263054,0.1361439853314706,0.3532951402698554
tanzania-080526/dpc-054-KTR-72502946.png,tanzania-080526,dpc-054-KTR-72502946.png,0.11473893660933739,0.22104854437356614,0.11494255821356603,0.22120585456672864,0.11474609354343011,0.2208922456231614,0.11482475139563886,0.22056056233789692,0.11491977265892625,0.22023981882974764
tanzania-080526/dpc-055-KTR-72502946.png,tanzania-080526,dpc-055-KTR-72502946.png,0.08623710587387283,0.15855479898668662,0.08596203846584065,0.15808751553760378,0.08624225364640062,0.15865243139458696,0.08634906280949109,0.15882889557915694,0.08622704861734236,0.15949867791039907
tanzania-080526/dpc-056-KTR-72502946.png,tanzania-080526,dpc-056-KTR-72502946.png,0.07519159733931895,0.16682860026830515,0.07518415914550748,0.1669514527877458,0.07515504289139079,0.16581853094794877,0.07521138089006757,0.16665311183169865,0.07534711560982359,0.16666090088413593
tanzania-080526/dpc-057-KTR-72502946.png,tanzania-080526,dpc-057-KTR-72502946.png,0.08211357127381069,0.2681028564793649,0.08214770408662797,0.2691289394680489,0.08208385748844221,0.26711730388101157,0.08215525244087743,0.2680471632560307,0.08208116670304924,0.2679332636926452
tanzania-080526/dpc-058-KTR-72502946.png,tanzania-080526,dpc-058-KTR-72502946.png,0.10092419265009554,0.1344562301853506,0.10048502793228661,0.13457509717171645,0.10096359573701265,0.13347966657015203,0.10093577247960839,0.13376575428916024,0.10090300061271944,0.13357718546236594
tanzania-080526/dpc-059-KTR-72502946.png,tanzania-080526,dpc-059-KTR-72502946.png,0.10318522986572266,0.26713401777503265,0.10281196552895626,0.26008883995300025,0.10313825495063883,0.26682555681443176,0.1032477317290288,0.2661830512644675,0.10339294170246481,0.2673522063323321
tanzania-080526/dpc-060-KTR-72502946.png,tanzania-080526,dpc-060-KTR-72502946.png,0.1362252431431973,0.3819993858916285,0.13635151783859875,0.3817811794598855,0.13620333909304025,0.38189511395053577,0.1362130325607229,0.38216740573601604,0.13621082010599217,0.3828953755995069
tanzania-080526/dpc-061-KTR-72502946.png,tanzania-080526,dpc-061-KTR-72502946.png,0.18151454100096037,0.4356456178753928,0.18164762386237732,0.43588471501324916,0.18152851641788345,0.4354591086601574,0.1815934513609393,0.4362101616517009,0.18159172265715276,0.4350291053705808
tanzania-080526/dpc-062-KTR-72502946.png,tanzania-080526,dpc-062-KTR-72502946.png,0.25495016750138383,0.8204969511352606,0.25480797502060376,0.8192203984597293,0.2549870221819781,0.8211395224999518,0.2549749406171108,0.8194796223453363,0.25493714251288324,0.8190263146506581
tanzania-080526/dpc-063-KTR-72502946.png,tanzania-080526,dpc-063-KTR-72502946.png,0.2087443683620902,0.6347515868491177,0.20875727351786616,0.6342706315768157,0.20878833096861724,0.6344512912381206,0.2087967278993648,0.6347002697848708,0.20884830509513952,0.6348833325589714
tanzania-080526/dpc-064-KTR-72502946.png,tanzania-080526,dpc-064-KTR-72502946.png,0.23619588015057352,0.8398966299401682,0.23637765107559142,0.8394960766202938,0.2362401169104743,0.8400770203053916,0.23622147869838292,0.8394583149485813,0.23624436756538755,0.8399998801003796
tanzania-080526/dpc-065-KTR-72502946.png,tanzania-080526,dpc-065-KTR-72502946.png,0.2833869459331551,1.1028426542051037,0.28101606984630423,1.1006682403424797,0.2833300913583511,1.1023794240626468,0.2833970976038164,1.1035807767385002,0.28347843488170416,1.1042876066111853
tanzania-080526/dpc-066-KTR-72502946.png,tanzania-080526,dpc-066-KTR-72502946.png,0.17984947361965195,0.30202976419869837,0.1798655225785302,0.3008822657207404,0.17988878705630507,0.3028693168896879,0.18001655963869956,0.3026449371804215,0.17988245228283117,0.3033593982855452
tanzania-080526/dpc-067-KTR-72502946.png,tanzania-080526,dpc-067-KTR-72502946.png,0.21160457417139225,0.35543799878976506,0.21148437213966575,0.35404933354653967,0.2149245293947374,0.35213245623914197,0.21497472155728536,0.35220773639439584,0.21520984705663151,0.3517955670563294
tanzania-080526/dpc-068-KTR-72502946.png,tanzania-080526,dpc-068-KTR-72502946.png,0.21590984008327693,0.3800686448338719,0.21101019429948775,0.3849515562977511,0.21604407912130782,0.3803706923185536,0.21607358242327165,0.38059659462178536,0.2160347668674168,0.3802728635434644
tanzania-080526/dpc-069-KTR-72502946.png,tanzania-080526,dpc-069-KTR-72502946.png,0.24398851768791646,0.21324759093669232,0.23629736428449458,0.22176848248212674,0.24411186129394474,0.2121757325709118,0.24410097988068627,0.21303924678681105,0.2442367893625294,0.21354199348599684
tanzania-080526/dpc-070-KTR-72502946.png,tanzania-080526,dpc-070-KTR-72502946.png,0.2201185285206053,0.3398630641508571,0.22123570609116736,0.3376119327422926,0.2201814882849582,0.33998405596025894,0.22023780797045386,0.3395572473208572,0.22045140519228817,0.33869478404918524
tanzania-080526/dpc-071-KTR-72502946.png,tanzania-080526,dpc-071-KTR-72502946.png,0.25752250745495603,0.3675143519604529,0.2523522537137507,0.3728941672394629,0.25762353399849464,0.3676537807525031,0.2576774804661376,0.36923528418521795,0.25787975123854473,0.36876882597638877
tanzania-080526/dpc-072-KTR-72502946.png,tanzania-080526,dpc-072-KTR-72502946.png,0.2359961295088005,0.3941792989262666,0.22981857227481328,0.3961995177745636,0.23604298915329305,0.39290279176189785,0.23607883135289742,0.3927916718128339,0.23624726045130212,0.3936880123982125
tanzania-080526/dpc-073-KTR-72502946.png,tanzania-080526,dpc-073-KTR-72502946.png,0.07419553349363812,0.17483451701973365,0.07362432318915331,0.16955999074033704,0.0742407562055427,0.17409045915197674,0.07420907554156417,0.17388724874874498,0.07416968787172638,0.17446031865592326
tanzania-080526/dpc-074-KTR-72502946.png,tanzania-080526,dpc-074-KTR-72502946.png,0.078699845651487,0.21540533692140912,0.07893120374822109,0.21340651319165171,0.07871334285301229,0.21526563354656245,0.0787650681560182,0.21592109025671957,0.07873991813125754,0.21534382690468284
tanzania-080526/dpc-075-KTR-72502946.png,tanzania-080526,dpc-075-KTR-72502946.png,0.08283551495247027,0.16485561437859267,0.08266442864545577,0.16467426451206438,0.08285640542420257,0.16535327760865187,0.08277867430671165,0.16492189552218287,0.0826531420855615,0.16512162060224037
tanzania-080526/dpc-076-KTR-72502946.png,tanzania-080526,dpc-076-KTR-72502946.png,0.07312786318521913,0.2013777976763422,0.07315829248910584,0.20056848851598713,0.07315084806445477,0.20183332020178893,0.07312259344881929,0.20137296712758868,0.07306495532215039,0.20178328166444914
tanzania-080526/dpc-077-KTR-72502946.png,tanzania-080526,dpc-077-KTR-72502946.png,0.11068983103748015,0.38586987267106687,0.11038465329303478,0.3878455185281191,0.1106904835133177,0.38633535390094836,0.11066222933566153,0.3870779157688163,0.1104599163190099,0.38590169526329243
tanzania-080526/dpc-078-KTR-72502946.png,tanzania-080526,dpc-078-KTR-72502946.png,0.1469914859472708,0.4997051712933614,0.14709114309458804,0.4993583971907115,0.1469780723077766,0.4998239676731545,0.1470498431080735,0.4998600104537448,0.14707725137464106,0.5002239688851148
tanzania-080526/dpc-079-KTR-72502946.png,tanzania-080526,dpc-079-KTR-72502946.png,0.183893862725258,0.3567175930040626,0.18453063684118962,0.3573583490328548,0.18404632569701018,0.35630663767942927,0.18407712017500968,0.35706036778112815,0.18417303952157082,0.3567760334963433
tanzania-080526/dpc-080-KTR-72502946.png,tanzania-080526,dpc-080-KTR-72502946.png,0.18556856737126498,0.33259436885203775,0.18607719259746133,0.333224087032753,0.18562784977853403,0.3333259941500095,0.18566444683944647,0.33404069951531123,0.18569082101181522,0.333071830609097
tanzania-080526/dpc-081-KTR-72502946.png,tanzania-080526,dpc-081-KTR-72502946.png,0.22899352822138366,0.3732756125405349,0.22941167791386283,0.3736074460837205,0.2290900684972278,0.37334942008816174,0.22903616300000423,0.3733404947186354,0.22919615724777082,0.37317519465772325
tanzania-080526/dpc-082-KTR-72502946.png,tanzania-080526,dpc-082-KTR-72502946.png,0.21079105699384404,0.3193642455141746,0.21094402113057548,0.31860760973344676,0.21075598189561448,0.318743168454464,0.2108041419164621,0.3188448388246792,0.21082544169854078,0.31890867715655496
tanzania-080526/dpc-083-KTR-72502946.png,tanzania-080526,dpc-083-KTR-72502946.png,0.3044048687690296,0.9553648357027829,0.30255029112350895,0.9594099105145818,0.3045224808612706,0.9568137334078542,0.304488625431852,0.9558053674649415,0.3046501039186907,0.9565750794289289
tanzania-080526/dpc-084-KTR-72502946.png,tanzania-080526,dpc-084-KTR-72502946.png,0.17759049056069942,0.39147325258521176,0.17758211391463363,0.39097797964843534,0.17762195837488565,0.39049765446150375,0.17762440354758946,0.39114252705031766,0.17767898296727552,0.3917225470973383
tanzania-080526/dpc-085-KTR-72502946.png,tanzania-080526,dpc-085-KTR-72502946.png,0.14589805436605205,0.3069879230792935,0.14566701605723817,0.3099095363522625,0.14591968482789344,0.3079360159960043,0.14582059856991328,0.3073353468317521,0.1457451935242389,0.30876591497134387
tanzania-080526/dpc-086-KTR-72502946.png,tanzania-080526,dpc-086-KTR-72502946.png,0.12902249414977662,0.4493400683037888,0.12918851037877366,0.449495140423654,0.129009055301427,0.4495770831266796,0.12912458891592918,0.44991689611006275,0.12918851823860214,0.44973805741435996
tanzania-080526/dpc-087-KTR-72502946.png,tanzania-080526,dpc-087-KTR-72502946.png,0.10743067594736432,0.26245153086008366,0.10773541850931,0.2633772883518269,0.10738559406589598,0.26208897263609676,0.10742551346868885,0.26260405421390615,0.10739656918988533,0.26185125741358484
tanzania-080526/dpc-088-KTR-72502946.png,tanzania-080526,dpc-088-KTR-72502946.png,0.10656636884282489,0.22666121628495628,0.10709786737758997,0.2259149719370489,0.10661386507113545,0.22627424273036523,0.10667988025767394,0.2266255939537408,0.10683529500422816,0.2253290602415608
tanzania-080526/dpc-089-KTR-72502946.png,tanzania-080526,dpc-089-KTR-72502946.png,0.11129571887883706,0.2897742422845576,0.11123839501077891,0.289103306955175,0.11130213372114499,0.28921014199299444,0.11132785422307015,0.28916826689524455,0.11141916858907575,0.2886284523533412
tanzania-080526/dpc-090-KTR-72502946.png,tanzania-080526,dpc-090-KTR-72502946.png,0.1156353567196855,0.33446243827874056,0.11575732057969268,0.33653464278613776,0.11575321786764099,0.3349248857386493,0.11579495039580318,0.3362278569334594,0.11571462574887217,0.33534066110852473
tanzania-080526/dpc-091-KTR-72502946.png,tanzania-080526,dpc-091-KTR-72502946.png,0.07459529018596808,0.09388353306060733,0.07459459678864785,0.09297576939229486,0.07453059009171237,0.094367858116089,0.074593490109439,0.09336963690872543,0.07459187596942382,0.09399342319844661
tanzania-080526/dpc-092-KTR-72502946.png,tanzania-080526,dpc-092-KTR-72502946.png,0.07337652866210688,0.26598751733876225,0.07331061757518945,0.2665472049806664,0.07339508173683947,0.26657434225617116,0.07343970412018194,0.266329507390485,0.0733779600562497,0.26593338924347265
tanzania-080526/dpc-093-KTR-72502946.png,tanzania-080526,dpc-093-KTR-72502946.png,0.06991153111180737,0.17341301866086556,0.06996140815110528,0.17380534043841356,0.06990570976800801,0.17375002393842817,0.06997693979226557,0.17381698299307405,0.06992584640552892,0.17398528737301863
tanzania-080526/dpc-094-KTR-72502946.png,tanzania-080526,dpc-094-KTR-72502946.png,0.06624329256779041,0.15937107880060192,0.06548997189296113,0.15401770464703543,0.06623952008751902,0.15906468241446362,0.06626719431180823,0.15875787202708866,0.06620547777755713,0.1595772178714497
tanzania-080526/dpc-095-KTR-72502946.png,tanzania-080526,dpc-095-KTR-72502946.png,0.08680350204062778,0.26099748918608767,0.08525342251986326,0.2499630101333159,0.08678682742331185,0.260992994894275,0.0867343442939412,0.2607844797926901,0.0867994425869608,0.2600830918238886
tanzania-080526/dpc-096-KTR-72502946.png,tanzania-080526,dpc-096-KTR-72502946.png,0.08320210558835392,0.24808872671867355,0.08327182080407879,0.24916924713652483,0.0832873106855085,0.2490330403764864,0.08332027687288608,0.24838609186103314,0.0833340191020847,0.2489586078106727
tanzania-080526/dpc-097-KTR-72502946.png,tanzania-080526,dpc-097-KTR-72502946.png,0.10896889589040283,0.18757009012273299,0.10907386184622417,0.1871651628569959,0.10894499736587927,0.18829547694139248,0.109037877219073,0.18821963935403146,0.10896259644192977,0.188215888615639
tanzania-080526/dpc-098-KTR-72502946.png,tanzania-080526,dpc-098-KTR-72502946.png,0.26114176926457305,0.24045828369756242,0.2619123161862381,0.24054708282996395,0.26117621732344,0.24034246030898082,0.26115692493374326,0.24090804611351557,0.2613993873365241,0.24066613432551648
tanzania-080526/dpc-099-KTR-72502946.png,tanzania-080526,dpc-099-KTR-72502946.png,0.23826040074504173,0.33484604016899633,0.23865289167003673,0.33492213391073195,0.23833555985423377,0.3351923760883002,0.238281845899566,0.33397550057586195,0.23826908514987635,0.3350339567978854
tanzania-080526/dpc-100-KTR-72502946.png,tanzania-080526,dpc-100-KTR-72502946.png,0.19293804199149278,0.4501493116571252,0.19297116684941862,0.45003090911680965,0.19296358048292342,0.44920091541563867,0.19295396754784663,0.4499753965812407,0.19298142176543598,0.44957380656651014
tanzania-080526/dpc-101-KTR-72502946.png,tanzania-080526,dpc-101-KTR-72502946.png,0.28731540260159333,0.8870928823456675,0.2865568657904432,0.8837728195366386,0.28730712374901035,0.8865913356099181,0.2873028006196868,0.8869895107275269,0.2874657200319933,0.88702303823856
tanzania-080526/dpc-102-KTR-72502946.png,tanzania-080526,dpc-102-KTR-72502946.png,0.1464234664203818,0.29104331454295973,0.1463562924553365,0.28989565168227094,0.14644100841396696,0.2903611291582874,0.14646458333804915,0.2902799473247711,0.14655731013548176,0.2904228037937758
tanzania-080526/dpc-103-KTR-72502946.png,tanzania-080526,dpc-103-KTR-72502946.png,0.16645231640617075,0.38486478791725853,0.16669634844535317,0.38461553499762957,0.16645454679233646,0.38462189357755006,0.1665071065869764,0.3844252535656188,0.16645336802950633,0.38390298277085144
tanzania-080526/dpc-104-KTR-72502946.png,tanzania-080526,dpc-104-KTR-72502946.png,0.148865339198568,0.43518882463038144,0.14905391807433732,0.43526169681567345,0.148816197824675,0.4341528146903512,0.14889259925702497,0.43470154565736013,0.14886634616827937,0.4347454630185331
tanzania-080526/dpc-105-KTR-72502946.png,tanzania-080526,dpc-105-KTR-72502946.png,0.12825944751632765,0.25444406071663755,0.12862793690629207,0.2530589761033689,0.12830224007837052,0.254824333583235,0.12836395413963966,0.2546754258742977,0.12837614069635767,0.25393667819740556
tanzania-080526/dpc-106-KTR-72502946.png,tanzania-080526,dpc-106-KTR-72502946.png,0.13230761755254983,0.1939742482497043,0.13257543409318312,0.19400474480564958,0.13234183899082216,0.19418303798253508,0.1324263053646361,0.19463573080883062,0.13238730038279445,0.19442024721896964
tanzania-080526/dpc-107-KTR-72502946.png,tanzania-080526,dpc-107-KTR-72502946.png,0.12546861107000537,0.3737478791463298,0.1256768727517564,0.3738997201425081,0.12551300937932888,0.37415080587614535,0.1254864469132179,0.3742245731731014,0.12551708132438044,0.3735244649499708
tanzania-080526/dpc-108-KTR-72502946.png,tanzania-080526,dpc-108-KTR-72502946.png,0.10964978413284829,0.31203792213138765,0.10964615717375219,0.3102347588540252,0.10956892757067893,0.31175244122235923,0.10959311874445828,0.3114147354234771,0.1096119142432221,0.3119090879215084
tanzania-080526/dpc-109-KTR-72502946.png,tanzania-080526,dpc-109-KTR-72502946.png,0.06707061982923676,0.12611141152632405,0.06710420283885464,0.12640983365838612,0.06706621472301114,0.12655088200473788,0.0670669230070361,0.12653551487227266,0.06703381685349798,0.1254527555361549
tanzania-080526/dpc-110-KTR-72502946.png,tanzania-080526,dpc-110-KTR-72502946.png,0.08073525649554658,0.18966822078129464,0.08086987448616724,0.19171063479247763,0.08062536011087305,0.19046789536659423,0.0807135082356002,0.18995190302870776,0.08069083399916739,0.18913490325875149
tanzania-080526/dpc-111-KTR-72502946.png,tanzania-080526,dpc-111-KTR-72502946.png,0.1064195690869304,0.23339521493261373,0.1064996954060279,0.23373413823284275,0.10643921910206942,0.23273536672678719,0.106345638994697,0.2331607172275168,0.10627916128033818,0.23315793789990935
tanzania-080526/dpc-112-KTR-72502946.png,tanzania-080526,dpc-112-KTR-72502946.png,0.0937105009845272,0.184820793965179,0.09392150499127869,0.18439427927723331,0.09367961766446664,0.1854716414010721,0.09369951267063757,0.18533111384125756,0.09373032692244863,0.18480975159400298
tanzania-080526/dpc-113-KTR-72502946.png,tanzania-080526,dpc-113-KTR-72502946.png,0.12251101890246693,0.36406747527670386,0.1227607617242513,0.36555108621878646,0.12247401968670728,0.36351257470952025,0.12239284797977788,0.36394761306195944,0.12241716030457703,0.36383641265582106
tanzania-080526/dpc-114-KTR-72502946.png,tanzania-080526,dpc-114-KTR-72502946.png,0.09732884893299427,0.21235975643975766,0.0974988009609291,0.2134235448268203,0.09735113726727769,0.21220062420906238,0.09728441152781175,0.21144715041217432,0.09729449216650876,0.21272001906072885
tanzania-080526/dpc-115-KTR-72502946.png,tanzania-080526,dpc-115-KTR-72502946.png,0.1033173614172462,0.20532566227351798,0.10323868725164911,0.2050378536239509,0.10339967874811373,0.20524656888914547,0.10338693235907072,0.20576986868714178,0.10329352409835671,0.20548295415557172
tanzania-080526/dpc-116-KTR-72502946.png,tanzania-080526,dpc-116-KTR-72502946.png,0.20048476740174123,0.4933015476382238,0.20272581262597894,0.4931956257035448,0.20051370073317423,0.4939206533290804,0.2004261377927832,0.4923118231475634,0.20057630125206957,0.4935313702651023
tanzania-080526/dpc-117-KTR-72502946.png,tanzania-080526,dpc-117-KTR-72502946.png,0.2205368483674073,0.33811680054350945,0.2209477817379074,0.33784809478792804,0.22061406979099216,0.3377863563193938,0.22057374000157265,0.338116491705231,0.2206586675077441,0.3390239052038607
tanzania-080526/dpc-118-KTR-72502946.png,tanzania-080526,dpc-118-KTR-72502946.png,0.1881292662658819,0.2406025769886158,0.18612252382039488,0.2401685758207642,0.18816874067309078,0.24134228480699754,0.18821063053286646,0.24062768217716266,0.1882809049066401,0.24162810371521282
tanzania-080526/dpc-119-KTR-72502946.png,tanzania-080526,dpc-119-KTR-72502946.png,0.18770720063912252,0.4793593487995722,0.18782043878182667,0.4787235243906586,0.1877592927777754,0.4789772295709535,0.18773153031948014,0.47887353828479434,0.187716163147889,0.4793100955759404
tanzania-080526/dpc-120-KTR-72502946.png,tanzania-080526,dpc-120-KTR-72502946.png,0.09109493751895367,0.2538072034402334,0.0912276845150163,0.2528738806664089,0.09115052755300693,0.25304719663087166,0.09119320099947575,0.2538518164258658,0.09117229028940745,0.2542348777702625
tanzania-080526/dpc-121-KTR-72502946.png,tanzania-080526,dpc-121-KTR-72502946.png,0.10916697735832918,0.2997256307512351,0.10924964919293235,0.29882727138333176,0.10919780121315752,0.29945552934811304,0.10916824227339943,0.3001236258970013,0.10921091017267437,0.3006057636916898
tanzania-080526/dpc-122-KTR-72502946.png,tanzania-080526,dpc-122-KTR-72502946.png,0.09309538969268034,0.22252219566246073,0.0930104018838497,0.22316395970212807,0.09309623829675448,0.2222301799840733,0.09311353945683262,0.2229180942750898,0.09318980727638909,0.22322990704912976
tanzania-080526/dpc-123-KTR-72502946.png,tanzania-080526,dpc-123-KTR-72502946.png,0.11032643116121794,0.2453683840598463,0.1103261055946213,0.24798644791834254,0.11030431564289792,0.24646038588759572,0.1101866453659283,0.24603091685141484,0.11035643718671566,0.2468555459350539
tanzania-080526/dpc-124-KTR-72502946.png,tanzania-080526,dpc-124-KTR-72502946.png,0.09931296350875785,0.20687679778599496,0.09965114650066431,0.20753096267370957,0.09931513312315396,0.20706263909553763,0.09935482671720687,0.2067661466986283,0.09942147517964284,0.20709689897479805
tanzania-080526/dpc-125-KTR-72502946.png,tanzania-080526,dpc-125-KTR-72502946.png,0.10110969389173441,0.1926693845177191,0.10122912181318684,0.19263608854718425,0.10112701292887889,0.19300422407504025,0.10116269280105714,0.19260404682207516,0.10119644311482218,0.1933335109048817
tanzania-080526/dpc-126-KTR-72502946.png,tanzania-080526,dpc-126-KTR-72502946.png,0.12476493720009933,0.2850723624850003,0.1251406920586847,0.28622122766865726,0.12480738142907914,0.2852217348631729,0.12485845229596274,0.28568169868921556,0.12493160778878303,0.2857096622187395
tanzania-080526/dpc-127-KTR-72502946.png,tanzania-080526,dpc-127-KTR-72502946.png,0.07121775527951929,0.12273548391659865,0.07140774431128691,0.1258398645629452,0.07127549956703476,0.12425218373404558,0.07123288821162713,0.12342269633132782,0.07126081101683443,0.12446612322570412
tanzania-080526/dpc-128-KTR-72502946.png,tanzania-080526,dpc-128-KTR-72502946.png,0.05695149512170667,0.14671419698178187,0.05699755132874114,0.14623785158862077,0.057051445747164954,0.14792005184000953,0.05693682699210065,0.14715398668885846,0.057038180869628634,0.1479913638121565
tanzania-080526/dpc-129-KTR-72502946.png,tanzania-080526,dpc-129-KTR-72502946.png,0.09246351027262062,0.20558769148267705,0.09205283175678938,0.2060788683222797,0.09240847339782604,0.20543816523752984,0.0923180053027621,0.20431482402176265,0.09226390011252436,0.2045332463156641
tanzania-080526/dpc-130-KTR-72502946.png,tanzania-080526,dpc-130-KTR-72502946.png,0.08801064596489093,0.26931916179028476,0.08809993089229257,0.2695713313770296,0.0880024750321911,0.2699215364311699,0.08798740214178997,0.26905535163016775,0.08788910094793488,0.2686097281030989
tanzania-080526/dpc-131-KTR-72502946.png,tanzania-080526,dpc-131-KTR-72502946.png,0.09525207597519389,0.2202062106736037,0.09562896809453264,0.22069919166467172,0.09525063255909647,0.22015986708637095,0.09516212375178276,0.2199213851337079,0.09520663031658025,0.22008990517497895
tanzania-080526/dpc-132-KTR-72502946.png,tanzania-080526,dpc-132-KTR-72502946.png,0.0983288872914614,0.23190772379139893,0.09847411853046605,0.23062558550480508,0.09836123095744954,0.2324026055934013,0.09832285145990285,0.23219296349291335,0.09828020967679034,0.23174032988590784
tanzania-080526/dpc-133-KTR-72502946.png,tanzania-080526,dpc-133-KTR-72502946.png,0.08708881051603365,0.24036882372034143,0.08707498723000898,0.24021870170261078,0.08731353918490957,0.23986096531710058,0.0872504526653359,0.24008162865294264,0.08727975356082678,0.23970253126166147
tanzania-080526/dpc-134-KTR-72502946.png,tanzania-080526,dpc-134-KTR-72502946.png,0.11589601221772791,0.37847078790948135,0.11595983597400167,0.3804446493059254,0.1159059893655008,0.37898168713442565,0.11596549877336974,0.3793120767983032,0.11600825217589576,0.3805956092157572
tanzania-080526/dpc-135-KTR-72502946.png,tanzania-080526,dpc-135-KTR-72502946.png,0.11374540850788588,0.35798098217014646,0.11376405297258779,0.3569738351220259,0.11378062970990178,0.3579838496755087,0.11372095025592721,0.3571461710934615,0.11379726905603703,0.3577095227241773
tanzania-080526/dpc-136-KTR-72502946.png,tanzania-080526,dpc-136-KTR-72502946.png,0.17030482536730124,0.29457784940498977,0.17021246887841984,0.2952674910376663,0.1702434248970974,0.2943580741233056,0.17027221685169242,0.29457133800150964,0.1701936910950457,0.2946004940919028
tanzania-080526/dpc-137-KTR-72502946.png,tanzania-080526,dpc-137-KTR-72502946.png,0.17261129122085173,0.36501972662462623,0.17254739537624217,0.3657627986838454,0.17261688772813435,0.3652527562201897,0.17261500392271473,0.3657102247235127,0.17266569947895627,0.3659509354103962
tanzania-080526/dpc-138-KTR-72502946.png,tanzania-080526,dpc-138-KTR-72502946.png,0.0980287136116121,0.2788351806863557,0.09814324586527898,0.27805229102563733,0.09803883111196234,0.2783146907627731,0.09801914628189502,0.2786949533532334,0.09803922574245508,0.2792207774745683
tanzania-080526/dpc-139-KTR-72502946.png,tanzania-080526,dpc-139-KTR-72502946.png,0.17077276256747415,0.32060145488684433,0.16853447803932148,0.3161091111061382,0.17078018160296884,0.3199642437456263,0.17088509119708378,0.32078338300051695,0.1708900435576895,0.3196341975416525
tanzania-080526/dpc-140-KTR-72502946.png,tanzania-080526,dpc-140-KTR-72502946.png,0.19051604927103463,0.4437993283516947,0.18743991734122656,0.44204657055812424,0.19047486304149644,0.44409082227441055,0.19045727708356713,0.4443461160149075,0.19066084026798705,0.4440487502762355
tanzania-080526/dpc-141-KTR-72502946.png,tanzania-080526,dpc-141-KTR-72502946.png,0.17902906172977567,0.38083827322056873,0.17925425038894358,0.38046895370740613,0.17905303142669354,0.38069423568110133,0.1789895713890556,0.3802720785904205,0.17899888290868993,0.3813262604480069
tanzania-080526/dpc-142-KTR-72502946.png,tanzania-080526,dpc-142-KTR-72502946.png,0.20722648868783855,0.35242241653087136,0.20752181795093552,0.35321593303887394,0.2073059822968072,0.3534269091074963,0.20731975914010844,0.3530960326606982,0.20727642175725575,0.3540813426616522
tanzania-080526/dpc-143-KTR-72502946.png,tanzania-080526,dpc-143-KTR-72502946.png,0.22681958100542993,0.42312641422360914,0.22642000929227069,0.42447259513058494,0.22678150933880215,0.4227927294370461,0.2266898822616499,0.42325124580083406,0.22668447483866375,0.4230015482595266
tanzania-080526/dpc-144-KTR-72502946.png,tanzania-080526,dpc-144-KTR-72502946.png,0.17333998471500492,0.3161571547461694,0.17356299883756438,0.31782948776237685,0.17338296377826717,0.3166432223653561,0.1733690479903893,0.3161906365052298,0.17319920558839688,0.3160991763785064
tanzania-080526/dpc-145-KTR-72502946.png,tanzania-080526,dpc-145-KTR-72502946.png,0.07579013623403363,0.1401879421803881,0.07607912420443605,0.14063927204036808,0.07579631984213664,0.14075426068475644,0.07589819395713898,0.14092636852946067,0.0757786222978405,0.14099846628899523
tanzania-080526/dpc-146-KTR-72502946.png,tanzania-080526,dpc-146-KTR-72502946.png,0.09875710515889267,0.1673448349559415,0.09885819113699519,0.16885050493361303,0.09873528379740137,0.16731621963424587,0.09866178470506487,0.16763307191118887,0.0987808269980724,0.16770581555471378
tanzania-080526/dpc-147-KTR-72502946.png,tanzania-080526,dpc-147-KTR-72502946.png,0.09422275154748257,0.1843874352613126,0.0941995347222723,0.1847940939756731,0.09418961196318447,0.1848977876753992,0.09413271383239737,0.18456649469739797,0.09421951344120949,0.1853706546983936
tanzania-080526/dpc-148-KTR-72502946.png,tanzania-080526,dpc-148-KTR-72502946.png,0.09371437679740603,0.18985759023887994,0.09383688758373958,0.19102789694597688,0.09366490709902121,0.18959393528593022,0.09386374890912964,0.19003819033654323,0.09373274198143465,0.18907765182597405
tanzania-080526/dpc-149-KTR-72502946.png,tanzania-080526,dpc-149-KTR-72502946.png,0.10030269658660741,0.24696232387489422,0.10038005715697874,0.2479537031171815,0.10030558247177888,0.2468692635491211,0.10033952925531245,0.24792595089507807,0.1002584069329705,0.24746591299119294
tanzania-080526/dpc-150-KTR-72502946.png,tanzania-080526,dpc-150-KTR-72502946.png,0.09516839559074308,0.16858548824346473,0.09531343627329975,0.16774184984000096,0.09516289426636736,0.16838529435472155,0.09516933269632971,0.16840730154696276,0.09517457295500448,0.1688008574800849
tanzania-080526/dpc-151-KTR-72502946.png,tanzania-080526,dpc-151-KTR-72502946.png,0.12180959090197349,0.4368238723395823,0.12186104478238222,0.43815057200560065,0.12184689063989296,0.43703386925443394,0.12184509365846084,0.43769618235491964,0.12175253219321676,0.4394724951979305
tanzania-080526/dpc-152-KTR-72502946.png,tanzania-080526,dpc-152-KTR-72502946.png,0.16320425531525456,0.4329379027808248,0.16325154796346103,0.43232427023199205,0.16322442115608843,0.43260578700829055,0.16320822733216825,0.4319525857321324,0.16320293427304272,0.43146632198286294
tanzania-080526/dpc-153-KTR-72502946.png,tanzania-080526,dpc-153-KTR-72502946.png,0.1415188549678432,0.3594156574217716,0.14154362119609756,0.35934596844067956,0.14146061533668544,0.3590546677793922,0.1415267482853771,0.3605387206490948,0.14155579275587155,0.36075159718318084
tanzania-080526/dpc-154-KTR-72502946.png,tanzania-080526,dpc-154-KTR-72502946.png,0.1801800283539753,0.4898232560748128,0.18042014837305978,0.4897177670665039,0.18025699852209398,0.4892144930123972,0.18022595035542838,0.4897209698127147,0.18031897216595358,0.4901322437012998
tanzania-080526/dpc-155-KTR-72502946.png,tanzania-080526,dpc-155-KTR-72502946.png,0.188336458731925,0.6283502536868404,0.18842564842029155,0.6273335248710837,0.18833968627276176,0.6284961777639289,0.18833645592411938,0.6288793698472389,0.18838850130125134,0.6288992288976508
tanzania-080526/dpc-156-KTR-72502946.png,tanzania-080526,dpc-156-KTR-72502946.png,0.07785987391830126,0.23546048392162164,0.0778213053593967,0.23578682245210125,0.07774761584990665,0.23538069828448255,0.07779765976376511,0.23493888742370303,0.0778346133677705,0.23607789517869873
tanzania-080526/dpc-157-KTR-72502946.png,tanzania-080526,dpc-157-KTR-72502946.png,0.09920574444307048,0.24128593098003182,0.09923923261747043,0.2425870675390993,0.099216809492363,0.24267319545967414,0.09924252588312565,0.24143494969229035,0.09917213356701865,0.24152355827160243
tanzania-080526/dpc-158-KTR-72502946.png,tanzania-080526,dpc-158-KTR-72502946.png,0.11002453535789584,0.23003899004413658,0.11002012012205291,0.23125252015380873,0.11001091164312193,0.23025564746265212,0.11003090649805121,0.23144952066703955,0.1100502478474055,0.22964832735269552
tanzania-080526/dpc-159-KTR-72502946.png,tanzania-080526,dpc-159-KTR-72502946.png,0.10911222972729467,0.2882659136235844,0.10690406186558805,0.28168759481006334,0.1091107637083325,0.28859688734971006,0.10908132184231382,0.2882382942968581,0.10920601658889391,0.2876983612381051
tanzania-080526/dpc-160-KTR-72502946.png,tanzania-080526,dpc-160-KTR-72502946.png,0.08928939452515548,0.21097017337338747,0.08780786990181363,0.21171367654145978,0.08928316603950218,0.2110056588964216,0.0893917514532031,0.2111083063819426,0.08946276851119382,0.2119842229908616
tanzania-080526/dpc-161-KTR-72502946.png,tanzania-080526,dpc-161-KTR-72502946.png,0.11054067523154505,0.2877791924389169,0.11045795551332394,0.2873167974899189,0.11054993362069637,0.2873856774888783,0.11049528056677935,0.28640972346246757,0.11054463129352424,0.28643499665247324
tanzania-080526/dpc-162-KTR-72502946.png,tanzania-080526,dpc-162-KTR-72502946.png,0.11714819460431249,0.26807898260410695,0.11713835789533465,0.267941298157005,0.11717247531497806,0.2688983194062319,0.11711232481346513,0.26780565535903844,0.11715301865177839,0.26782080676580133
tanzania-080526/dpc-163-KTR-72502946.png,tanzania-080526,dpc-163-KTR-72502946.png,0.07010781280258213,0.18350456998802986,0.07006980530984501,0.18194177653313257,0.07010804138932983,0.18320556340376182,0.07009940316410326,0.1832440798743477,0.07016761457934807,0.18298601762672728
tanzania-080526/dpc-164-KTR-72502946.png,tanzania-080526,dpc-164-KTR-72502946.png,0.06752134584944751,0.1843911735141193,0.06785694622352967,0.18592463135239184,0.06756115211372911,0.18435021029052673,0.067553362523886,0.184965247091184,0.06760834520080679,0.18437483866628882
tanzania-080526/dpc-165-KTR-72502946.png,tanzania-080526,dpc-165-KTR-72502946.png,0.07078779911003444,0.2179729324200875,0.07063314493731533,0.21721668459176274,0.0708641574844399,0.21855247607567294,0.07088512232516343,0.2185751479521991,0.07086288571340592,0.21775462774716536
tanzania-080526/dpc-166-KTR-72502946.png,tanzania-080526,dpc-166-KTR-72502946.png,0.06972826531807315,0.1305617738304802,0.06969916546190577,0.1299561687567755,0.0696575026398006,0.1302224484053175,0.06965948930567911,0.13069284956927288,0.06957522851547772,0.13036752549730635
tanzania-080526/dpc-167-KTR-72502946.png,tanzania-080526,dpc-167-KTR-72502946.png,0.10696537871023591,0.29097547958513037,0.1071909539838322,0.2917638423582596,0.10702004911943311,0.29085308364577994,0.10693107302948526,0.2906330502458878,0.10694801425609311,0.29066453080939364
tanzania-080526/dpc-168-KTR-72502946.png,tanzania-080526,dpc-168-KTR-72502946.png,0.09907297474367151,0.3185278948701473,0.09941033213942532,0.3221529430387001,0.09899899424343926,0.3181090856971741,0.0989816201644549,0.31782402231234047,0.09902458385253597,0.31883832648571453
tanzania-080526/dpc-169-KTR-72502946.png,tanzania-080526,dpc-169-KTR-72502946.png,0.10762986439767085,0.3540579079923024,0.10795709853927117,0.3546143858076622,0.10766183014397583,0.3543791596851592,0.10767439959637089,0.354840501949202,0.1076374663349738,0.35466341935551193
tanzania-080526/dpc-170-KTR-72502946.png,tanzania-080526,dpc-170-KTR-72502946.png,0.12326093040249408,0.2709591356183211,0.12345285230473138,0.27233278214490125,0.12317052326585536,0.2707761595083931,0.1233043282163735,0.271229100175761,0.1232664292078901,0.27194642891896403
tanzania-080526/dpc-171-KTR-72502946.png,tanzania-080526,dpc-171-KTR-72502946.png,0.10854397544279937,0.2137271056560126,0.10835311690051357,0.21260495395332207,0.10846347478598141,0.2135893354797727,0.10842613201098625,0.2130272917441209,0.1083964036089415,0.21496693955465304
tanzania-080526/dpc-172-KTR-72502946.png,tanzania-080526,dpc-172-KTR-72502946.png,0.16842915384047064,0.407608799414223,0.1685663602386579,0.40747640589549516,0.1684444741518482,0.4082192161506384,0.16847335996826387,0.4087062119018481,0.1684623640031379,0.40898614035342196
tanzania-080526/dpc-173-KTR-72502946.png,tanzania-080526,dpc-173-KTR-72502946.png,0.1678804415645702,0.4339192979638523,0.16793633384043954,0.43482802563354567,0.16790349838150276,0.4344474151405979,0.16787891741392852,0.4349279841453298,0.16781802244292057,0.4345724322147184
tanzania-080526/dpc-174-KTR-72502946.png,tanzania-080526,dpc-174-KTR-72502946.png,0.14275675900582735,0.35031915990698115,0.14263625948393513,0.35149794937106893,0.14281280582854172,0.3509372124156111,0.14278844466756396,0.3502459259835744,0.14277107895109512,0.3497236002379454
tanzania-080526/dpc-175-KTR-72502946.png,tanzania-080526,dpc-175-KTR-72502946.png,0.11771846058954272,0.18788506257413948,0.11760612930078715,0.1871945041287193,0.11766556598381733,0.18645755385934668,0.11767005189575803,0.18681406407912277,0.11763246463749157,0.18676017808827758
tanzania-080526/dpc-176-KTR-72502946.png,tanzania-080526,dpc-176-KTR-72502946.png,0.13563663945621487,0.3033077074276809,0.13546888256896195,0.30318548396418127,0.13559378789419324,0.30333581998975745,0.13566054810453437,0.3043287281209873,0.13571295238103484,0.3031348933753652
tanzania-080526/dpc-177-KTR-72502946.png,tanzania-080526,dpc-177-KTR-72502946.png,0.09909556331636135,0.23672917252256753,0.09911265089615813,0.2363162806024501,0.09907179586425605,0.23590753122016703,0.0990633338305214,0.2359369558001525,0.09902475978389697,0.23574950844636808
tanzania-080526/dpc-178-KTR-72502946.png,tanzania-080526,dpc-178-KTR-72502946.png,0.08954113453220652,0.1771832627480085,0.08948235462230499,0.17846439005591352,0.08952527601761577,0.1780704432422054,0.08959221762675985,0.17830746790495755,0.08960836823809365,0.17916685027511242
tanzania-080526/dpc-179-KTR-72502946.png,tanzania-080526,dpc-179-KTR-72502946.png,0.11462017830989767,0.2621924414582321,0.11473758566314704,0.2619920132829657,0.11459304395113662,0.26177663306395976,0.1146484747148043,0.26254175676471586,0.11465999814974698,0.2619408164172545
tanzania-080526/dpc-180-KTR-72502946.png,tanzania-080526,dpc-180-KTR-72502946.png,0.11111662633680316,0.25370452545101196,0.11122941981479206,0.2537018142127194,0.11109312338535747,0.2541119108709538,0.1111465774970567,0.2540859992189712,0.11122430154364776,0.2540865683712943
tanzania-080526/dpc-181-KTR-72502946.png,tanzania-080526,dpc-181-KTR-72502946.png,0.06406817090805053,0.14813212400011783,0.06400217740274958,0.14805347525696108,0.06404586693407252,0.1475193723373373,0.06405516224408014,0.1475644972776914,0.06403926345623438,0.14805183730751278
tanzania-080526/dpc-182-KTR-72502946.png,tanzania-080526,dpc-182-KTR-72502946.png,0.07243588516233032,0.17074551036820282,0.07249767329309868,0.17434382095570394,0.0724832039096177,0.17104230079268853,0.07250419922416954,0.1719695380245324,0.07252464430245506,0.17284994655100766
tanzania-080526/dpc-183-KTR-72502946.png,tanzania-080526,dpc-183-KTR-72502946.png,0.05229013963553367,0.11671544310542098,0.05217779080857353,0.1180388750244323,0.05226847808191331,0.11708008868178885,0.052310568264059276,0.1167679141586285,0.052275028973560025,0.11691822885793823
tanzania-080526/dpc-184-KTR-72502946.png,tanzania-080526,dpc-184-KTR-72502946.png,0.05253899309667152,0.12513934734106721,0.05214316932590726,0.12207361369886749,0.05249625540621221,0.12476731434896345,0.05245815456611979,0.12481903047202653,0.05245048338827147,0.1246600584861776
tanzania-080526/dpc-185-KTR-72502946.png,tanzania-080526,dpc-185-KTR-72502946.png,0.07254399266354006,0.14431596463293556,0.0728857895777796,0.14741846404064837,0.07252661910929956,0.14433029349350693,0.07250064007841737,0.1450518014197711,0.07252408091055557,0.14351929182201756
tanzania-080526/dpc-186-KTR-72502946.png,tanzania-080526,dpc-186-KTR-72502946.png,0.06172354706694023,0.17082025291527236,0.06196313241684102,0.1709757423767456,0.061653887857458435,0.17084817607703529,0.06176388644008387,0.17101116162397265,0.06175286191431271,0.17127082991369538
tanzania-080526/dpc-187-KTR-72502946.png,tanzania-080526,dpc-187-KTR-72502946.png,0.06427284364753388,0.1557543493846159,0.06449135770757476,0.15523867635826666,0.06422757303104826,0.15602629210197294,0.0642730008924807,0.15600964317109672,0.06430138461850286,0.1560004804267423
tanzania-080526/dpc-188-KTR-72502946.png,tanzania-080526,dpc-188-KTR-72502946.png,0.11378785423800107,0.29289888561497746,0.11436667242673006,0.2943752282285139,0.11378889016128414,0.2931781365376834,0.11374811701440449,0.2928850131409233,0.11389658813072694,0.2939629346975215
tanzania-080526/dpc-189-KTR-72502946.png,tanzania-080526,dpc-189-KTR-72502946.png,0.11564387390836449,0.31995154734236353,0.11581324571322452,0.3192422975172597,0.115649354737595,0.3195369021511145,0.11565986280392802,0.320320814199717,0.11565448064905279,0.3199213236610812
tanzania-080526/dpc-190-KTR-72502946.png,tanzania-080526,dpc-190-KTR-72502946.png,0.16653568053228862,0.39258863508832215,0.16690123876417298,0.39320672594716005,0.1666346429009283,0.39301660198123267,0.166563211184956,0.39379232653003615,0.1666156932846615,0.392600269168351
tanzania-080526/dpc-191-KTR-72502946.png,tanzania-080526,dpc-191-KTR-72502946.png,0.14049634262825822,0.38687270419166686,0.14061078090363113,0.3883456148276785,0.1405147649454131,0.3876504988682726,0.14051879324699995,0.387328631611112,0.1405216424132309,0.3881073384721461
tanzania-080526/dpc-192-KTR-72502946.png,tanzania-080526,dpc-192-KTR-72502946.png,0.1374765911648578,0.39277014353246215,0.13741400188180483,0.3926215431327678,0.13747186450927168,0.392539140571744,0.1374798292297625,0.3923580349935868,0.13744593938162347,0.3933585507406515
tanzania-080526/dpc-193-KTR-72502946.png,tanzania-080526,dpc-193-KTR-72502946.png,0.16389637806729135,0.36231796342984485,0.1638918275438204,0.36181914795685244,0.16387341100298203,0.36149165323119675,0.16389924834346134,0.3615248544461557,0.16385374764877936,0.3616659729370384
tanzania-080526/dpc-194-KTR-72502946.png,tanzania-080526,dpc-194-KTR-72502946.png,0.1483170454321264,0.2709733799399293,0.14829429584500797,0.2714018604337073,0.14822571723433792,0.2708623533297167,0.14824671527462316,0.27158611851218944,0.14828091498301146,0.27120399965751313
tanzania-080526/dpc-195-KTR-72502946.png,tanzania-080526,dpc-195-KTR-72502946.png,0.15764293861441925,0.23220187930366543,0.15767644164661435,0.23252759193006434,0.15760741979189435,0.2314492348912854,0.15771002183537547,0.2318481920774831,0.1576485147695651,0.2313287332122821
tanzania-080526/dpc-196-KTR-72502946.png,tanzania-080526,dpc-196-KTR-72502946.png,0.15704292221203076,0.20075861891458427,0.15712757711795655,0.20045276137604146,0.15705580321000562,0.20042287903560077,0.15707863744736705,0.2006673630004832,0.15707925830605685,0.20001753848987053
tanzania-080526/dpc-197-KTR-72502946.png,tanzania-080526,dpc-197-KTR-72502946.png,0.16423863674448663,0.35956798816030816,0.16458903375534145,0.35999174777726206,0.16426210211795078,0.36056997772623417,0.16434031669558433,0.36000144539156576,0.1643878737701069,0.3601562166731534
tanzania-080526/dpc-198-KTR-72502946.png,tanzania-080526,dpc-198-KTR-72502946.png,0.15716647511389834,0.26554062581988314,0.15565205211784772,0.26401116469476554,0.1571810008383355,0.2652212452959125,0.15711635188474912,0.2655801257551514,0.15711979622892572,0.26571550914764724
tanzania-080526/dpc-199-KTR-72502946.png,tanzania-080526,dpc-199-KTR-72502946.png,0.08284381654038654,0.30661574214618814,0.0830287601183693,0.3064312932259887,0.08284975106529002,0.3065640480555716,0.0829469711141548,0.3077699919787124,0.08293677181340357,0.30643167263745263
tanzania-080526/dpc-200-KTR-72502946.png,tanzania-080526,dpc-200-KTR-72502946.png,0.10007996356369812,0.1906291220992822,0.09941484190301142,0.18967742589537623,0.1000835954046638,0.19100036470610368,0.09990239138068803,0.19041843082144194,0.09973824381894582,0.19071552948157125
tanzania-080526/dpc-201-KTR-72502946.png,tanzania-080526,dpc-201-KTR-72502946.png,0.13154203950197663,0.1583796525605366,0.130614643050006,0.16189409167015598,0.13148485621864095,0.15809226729061276,0.13148182205470443,0.15843423238329543,0.13108545653335155,0.15929753767952273
tanzania-080526/dpc-202-KTR-72502946.png,tanzania-080526,dpc-202-KTR-72502946.png,0.13218929608859992,0.15770155382850473,0.13058723400100522,0.1554590844714063,0.132143987198367,0.15754738775330318,0.13216205658236516,0.15728018931509669,0.13169994908125374,0.15708540282324351
tanzania-080526/dpc-203-KTR-72502946.png,tanzania-080526,dpc-203-KTR-72502946.png,0.13672383734732682,0.17681270022041043,0.13554679102837938,0.17797858780568276,0.13658381157708657,0.17698127781121528,0.1364361335785615,0.17487035244953347,0.13593224530070142,0.17574657850660996
tanzania-080526/dpc-204-KTR-72502946.png,tanzania-080526,dpc-204-KTR-72502946.png,0.09755434941088557,0.18431670365362002,0.09780434045514486,0.18507497877384294,0.09756452275487157,0.1845383690780336,0.09757989763532593,0.18492502605676492,0.09746386190010264,0.18479807939114035
tanzania-080526/dpc-205-KTR-72502946.png,tanzania-080526,dpc-205-KTR-72502946.png,0.09087174876351532,0.19715398897811492,0.09096316948527845,0.19879179670675365,0.09082269486035938,0.19697912594279804,0.0908324709851143,0.19746199347895194,0.09082085963960612,0.19807494145357898
tanzania-080526/dpc-206-KTR-72502946.png,tanzania-080526,dpc-206-KTR-72502946.png,0.1238622011385698,0.2790620392551898,0.12412914935916546,0.27909841617494474,0.1238384617584928,0.27940779282121453,0.12373854514072802,0.2794172663866975,0.12388537766510006,0.27936487136594784
tanzania-080526/dpc-207-KTR-72502946.png,tanzania-080526,dpc-207-KTR-72502946.png,0.1540839714715275,0.45771131188006436,0.1543720627263976,0.4576189343817712,0.15405040026262523,0.4581572723924388,0.15420686532743688,0.4583275681241006,0.15423690356306868,0.45854540504168806
tanzania-080526/dpc-208-KTR-72502946.png,tanzania-080526,dpc-208-KTR-72502946.png,0.19737997365579885,0.4246946535154501,0.19747510587710795,0.4242977046844422,0.19741914936148414,0.42453734628297374,0.197424349482114,0.4242145181310446,0.19743254507965394,0.42361404300848654
tanzania-080526/dpc-209-KTR-72502946.png,tanzania-080526,dpc-209-KTR-72502946.png,0.21171748454785408,0.2927226099672924,0.21173989139522184,0.2930709167402219,0.21168029649356324,0.2927213665723548,0.21173536528212275,0.2924015350307813,0.2117373763686285,0.2925415804371642
tanzania-080526/dpc-210-KTR-72502946.png,tanzania-080526,dpc-210-KTR-72502946.png,0.17126017983561742,0.3139091589427654,0.17131845046780927,0.31488960324862403,0.17118448803669978,0.31394231943884077,0.1712808981684805,0.3137659173553607,0.17125458117920211,0.31363389976191636
tanzania-080526/dpc-211-KTR-72502946.png,tanzania-080526,dpc-211-KTR-72502946.png,0.16077538155724616,0.42841072266459,0.16076365914268848,0.4279332311958157,0.16080918892464238,0.4273111651663492,0.16081714991283327,0.42703800585988066,0.16081439735004888,0.42775912089252716
tanzania-080526/dpc-212-KTR-72502946.png,tanzania-080526,dpc-212-KTR-72502946.png,0.18905072263986195,0.5454895814898061,0.18924963689129817,0.5456792817646458,0.1890578323423906,0.5457882354308139,0.18903821278289443,0.5459519156799382,0.18903370541624367,0.546408929283275
tanzania-080526/dpc-213-KTR-72502946.png,tanzania-080526,dpc-213-KTR-72502946.png,0.1995174301576375,0.39933031573061545,0.19980735125803906,0.3979315886093719,0.19951226396620247,0.3985994932176265,0.199590223084411,0.39901154130407246,0.19957297119279502,0.3982852671424278
tanzania-080526/dpc-214-KTR-72502946.png,tanzania-080526,dpc-214-KTR-72502946.png,0.21356647927050823,0.47881794662422517,0.21371375965610775,0.478946160882439,0.21357082994215557,0.47924231413911594,0.21352571276287458,0.4776705305156791,0.21355880032714436,0.4781534373004301
tanzania-080526/dpc-215-KTR-72502946.png,tanzania-080526,dpc-215-KTR-72502946.png,0.20151084113871692,0.5094051246055356,0.2017211410162594,0.5107203477038305,0.2014673762145939,0.5092219406938262,0.2014412397441668,0.5096170724058551,0.2014960261530131,0.5092487516095392
tanzania-080526/dpc-216-KTR-72502946.png,tanzania-080526,dpc-216-KTR-72502946.png,0.15395374655245783,0.2993688884715637,0.15411106153354126,0.2992522492517553,0.1539796469585847,0.29819281494452765,0.15393920811942113,0.2986807526443465,0.15395445226294022,0.2981872950921136
tanzania-080526/dpc-217-KTR-72502946.png,tanzania-080526,dpc-217-KTR-72502946.png,0.08352101387643429,0.17605055981463585,0.08335881156926496,0.17093751460581788,0.08351036501966264,0.17635300306680837,0.08355244052834536,0.17563323966348018,0.08357100800061826,0.17639403611284957
tanzania-080526/dpc-218-KTR-72502946.png,tanzania-080526,dpc-218-KTR-72502946.png,0.06512045553140429,0.14752518056118363,0.06495982313962675,0.14775911545630332,0.06511699801429068,0.1482117857005504,0.06514291758510952,0.14773334657032772,0.06516542840167493,0.14767629635212615
tanzania-080526/dpc-219-KTR-72502946.png,tanzania-080526,dpc-219-KTR-72502946.png,0.08944713201448232,0.29072223168152833,0.08908338996426077,0.2916499732414962,0.08941668021983888,0.28942494591137596,0.08946655633367424,0.2900554272326117,0.08941691308941278,0.2906067755770354
tanzania-080526/dpc-220-KTR-72502946.png,tanzania-080526,dpc-220-KTR-72502946.png,0.06451044236028879,0.12604736506336459,0.0640365577586014,0.12525813172388497,0.06443489582943424,0.1262396365529958,0.0643702811215561,0.12650413763440393,0.06422956606315103,0.12541776034232052
tanzania-080526/dpc-221-KTR-72502946.png,tanzania-080526,dpc-221-KTR-72502946.png,0.07309599956317007,0.20164888060172187,0.07333864990213093,0.20000295055840878,0.07300442019883228,0.20110806264314232,0.07303515725238467,0.20113778852782996,0.0730123970626836,0.2009767535983609
tanzania-080526/dpc-222-KTR-72502946.png,tanzania-080526,dpc-222-KTR-72502946.png,0.08103727077221981,0.20147470055007757,0.08071343802591892,0.2012804598504063,0.08109304954903354,0.2025626059828274,0.0809805494995656,0.20210731090086934,0.08097084970567663,0.2027082829040551
tanzania-080526/dpc-223-KTR-72502946.png,tanzania-080526,dpc-223-KTR-72502946.png,0.0640653041820799,0.21182399097388696,0.0641736777163098,0.21424631181079917,0.06417515441416127,0.21136705101716521,0.06412127984272928,0.21195466256307022,0.06420633223762336,0.21228474997199218
tanzania-080526/dpc-224-KTR-72502946.png,tanzania-080526,dpc-224-KTR-72502946.png,0.08718393362572031,0.22252136637070105,0.08745943977479802,0.2217383808233314,0.08716013219119827,0.22244204285018207,0.08723684368930511,0.22248583536978414,0.08725816972373629,0.2232712002794773
tanzania-080526/dpc-225-KTR-72502946.png,tanzania-080526,dpc-225-KTR-72502946.png,0.09008555477863328,0.2892337758781331,0.08991606516125533,0.29002197595337986,0.0900704322596044,0.2883696546296959,0.0901506189755621,0.2881243133659449,0.09011821875951731,0.2898494768911754
tanzania-080526/dpc-226-KTR-72502946.png,tanzania-080526,dpc-226-KTR-72502946.png,0.2613261238818738,1.1714296035454534,0.2580065392802575,1.1715105565957338,0.2612771658841793,1.1700872505759383,0.26131068311285804,1.1708180841013565,0.26143055329386566,1.1726509237953961
tanzania-080526/dpc-227-KTR-72502946.png,tanzania-080526,dpc-227-KTR-72502946.png,0.23627754844390333,0.7457994865754534,0.2366767018716227,0.7472277486550486,0.2362940378981754,0.7455967030812756,0.23636506948928887,0.7471366973642554,0.2363790389161794,0.7464818716637497
tanzania-080526/dpc-228-KTR-72502946.png,tanzania-080526,dpc-228-KTR-72502946.png,0.24101026380783996,0.7529818364840951,0.24128690070851486,0.7537610713355778,0.24107020048400377,0.7524423877852704,0.24110167361057117,0.7524216976718006,0.24115888182177567,0.7521831306783379
tanzania-080526/dpc-229-KTR-72502946.png,tanzania-080526,dpc-229-KTR-72502946.png,0.16906750848122412,0.5901296236499151,0.16946505071471074,0.5898890299905929,0.16906619221542096,0.5896251081177829,0.16912229986840485,0.5895310762793344,0.16916399975721083,0.5885220435951385
tanzania-080526/dpc-230-KTR-72502946.png,tanzania-080526,dpc-230-KTR-72502946.png,0.17201535199300463,0.5769714951610857,0.17219667982860062,0.5777155744943757,0.17196021863124936,0.5763138691305599,0.17200666705839102,0.5755833191785724,0.1720540899111616,0.5762340735473612
tanzania-080526/dpc-231-KTR-72502946.png,tanzania-080526,dpc-231-KTR-72502946.png,0.1652722514901209,0.4130817706097461,0.16558302884599096,0.41447281605676317,0.16526297478415017,0.4129452536350208,0.16524126532943959,0.41270215983293473,0.16538796227707223,0.41370703652489743
tanzania-080526/dpc-232-KTR-72502946.png,tanzania-080526,dpc-232-KTR-72502946.png,0.16188255715544989,0.3873763016767401,0.16205230522802724,0.38853636257292984,0.1619090989729825,0.3889629944517107,0.1618894009075676,0.3891359133815719,0.1620215728869266,0.3892665019578229
tanzania-080526/dpc-233-KTR-72502946.png,tanzania-080526,dpc-233-KTR-72502946.png,0.16899841579660324,0.4460575496756987,0.16932802890272833,0.44677668510427887,0.16904183745009735,0.44633722268376624,0.169053966703997,0.4459540715576923,0.16906241895654028,0.4455138854132585
tanzania-080526/dpc-234-KTR-72502946.png,tanzania-080526,dpc-234-KTR-72502946.png,0.12458462078267382,0.32607655301189337,0.12307422266420014,0.31744815271103677,0.12456087709585437,0.32603679349412973,0.12451746650237931,0.3259923461509008,0.12463459232951818,0.32626422332538946
tanzania-080526/dpc-235-KTR-72502946.png,tanzania-080526,dpc-235-KTR-72502946.png,0.08080923026688984,0.17632258293397768,0.08098163413922636,0.1775104778344041,0.08083013685395472,0.1759342078525397,0.08089985930073855,0.17687949859546317,0.08095185983625919,0.17692082775603674
tanzania-080526/dpc-236-KTR-72502946.png,tanzania-080526,dpc-236-KTR-72502946.png,0.06946922217959739,0.18189141574509868,0.06963174123438914,0.18160071177854265,0.06951035710861135,0.1820632414785909,0.06957546870822792,0.1816664352766793,0.06952427454863494,0.18185231484687045
tanzania-080526/dpc-237-KTR-72502946.png,tanzania-080526,dpc-237-KTR-72502946.png,0.07768252812894562,0.1612482969485126,0.07803148631541529,0.16256079146754102,0.07771604411037174,0.16155244497972726,0.07769461574950823,0.16153464827846534,0.07768319008223128,0.1618142109724525
tanzania-080526/dpc-238-KTR-72502946.png,tanzania-080526,dpc-238-KTR-72502946.png,0.07739348989294342,0.25155496764086227,0.07730528788197016,0.2546714751775461,0.07740290706847423,0.2522164840348296,0.0772405657599114,0.25160010977362185,0.07723492378822922,0.2521724215368554
tanzania-080526/dpc-239-KTR-72502946.png,tanzania-080526,dpc-239-KTR-72502946.png,0.08647888167653786,0.21478685587754176,0.08655230456528104,0.21608640941577495,0.08643592175615515,0.21440364347996127,0.08636696010339377,0.21385133358697708,0.08631874819644755,0.21348622494087094
tanzania-080526/dpc-240-KTR-72502946.png,tanzania-080526,dpc-240-KTR-72502946.png,0.0810029896780126,0.19221554767743498,0.08117170700222207,0.19270484137431157,0.08101724674978578,0.1921867048569678,0.08094835742348033,0.1917466606939397,0.08101994111765527,0.19168722809912916
tanzania-080526/dpc-241-KTR-72502946.png,tanzania-080526,dpc-241-KTR-72502946.png,0.09264472129072356,0.15033341745247844,0.09262698547620737,0.1488450878101688,0.09265310475580782,0.15042608980352068,0.09267260618520538,0.15085005640429608,0.09267219497437634,0.15100282218039646
tanzania-080526/dpc-242-KTR-72502946.png,tanzania-080526,dpc-242-KTR-72502946.png,0.0990550611842907,0.22933010498253587,0.09931521967470923,0.2307240958082157,0.09906161307686019,0.22942898990683036,0.09914795099415355,0.22945374870510282,0.0991007034465787,0.22944321142186233
tanzania-080526/dpc-243-KTR-72502946.png,tanzania-080526,dpc-243-KTR-72502946.png,0.08314774620017142,0.16993130909226928,0.08334499590821454,0.16907839590656193,0.08319054049341684,0.17039030353559742,0.08313037749069632,0.16847789680549138,0.08308151202218114,0.16874604286535447
tanzania-080526/dpc-244-KTR-72502946.png,tanzania-080526,dpc-244-KTR-72502946.png,0.08949619514153985,0.1582615222214594,0.08996732049598986,0.15978610332567308,0.08950123299043501,0.15841970286527718,0.08938235526891687,0.15849201618166353,0.08956465295319997,0.15807617948133923
tanzania-080526/dpc-245-KTR-72502946.png,tanzania-080526,dpc-245-KTR-72502946.png,0.08373509232253637,0.19330711463534087,0.08384213114001561,0.19381132304269694,0.08372835909752879,0.19266494620600447,0.0837846169566913,0.19293624342282412,0.08369181535927746,0.19401404002304456
tanzania-080526/dpc-246-KTR-72502946.png,tanzania-080526,dpc-246-KTR-72502946.png,0.0737346654852988,0.21025341051251992,0.0738334764372883,0.21126773293002366,0.07373141674520096,0.21031103451055058,0.07368469588310533,0.20988836143973005,0.0737203235418669,0.20991055041264947
tanzania-080526/dpc-247-KTR-72502946.png,tanzania-080526,dpc-247-KTR-72502946.png,0.0680729775286702,0.15952130882176996,0.0680893831186467,0.15878082181938247,0.06801025931435345,0.15891992448749634,0.06808521361051474,0.15941291245793335,0.06810079285166497,0.15943183423129162
tanzania-080526/dpc-248-KTR-72502946.png,tanzania-080526,dpc-248-KTR-72502946.png,0.09406126004178819,0.2588021193536902,0.09406128122158905,0.25907360882682656,0.09410583733236641,0.2583735621698196,0.0940668042930574,0.25946194919137894,0.09406082883680339,0.26011215465905585
tanzania-080526/dpc-249-KTR-72502946.png,tanzania-080526,dpc-249-KTR-72502946.png,0.11030065377023812,0.1999835865582844,0.11045175719225252,0.20134506719357043,0.1103130579240981,0.1999700913012666,0.11031147201240835,0.19907895125510494,0.11039956691065482,0.19993903549567452
tanzania-080526/dpc-250-KTR-72502946.png,tanzania-080526,dpc-250-KTR-72502946.png,0.10613741983730741,0.21984433697634612,0.10615109116086502,0.21945755259671135,0.10604295315854415,0.2199967728426142,0.10613985068261586,0.2198220721463359,0.10611789845307862,0.21901042007330618
tanzania-080526/dpc-251-KTR-72502946.png,tanzania-080526,dpc-251-KTR-72502946.png,0.12437057651435926,0.2312316502096732,0.1247128748424915,0.23176042567939417,0.12433208686785947,0.23120759626801737,0.12440925359323468,0.2310760071203251,0.12438193843450077,0.23266910322677897
tanzania-080526/dpc-252-KTR-72502946.png,tanzania-080526,dpc-252-KTR-72502946.png,0.13590760933795562,0.20968757931810902,0.13585099899442657,0.20931637190690996,0.13594574883256594,0.20943202330580885,0.13594155366570324,0.2095107774054332,0.1359524318748086,0.20910589630756612
tanzania-080526/dpc-253-KTR-72502946.png,tanzania-080526,dpc-253-KTR-72502946.png,0.10202071996793591,0.15850486398237842,0.10232294999254987,0.15984997650776814,0.10202643708387613,0.15755060380732286,0.10197982499442984,0.1573549965476023,0.10200036450253566,0.15741380939912616
tanzania-080526/dpc-254-KTR-72502946.png,tanzania-080526,dpc-254-KTR-72502946.png,0.08934640493068217,0.24051460434695007,0.08948955164129417,0.2386036091012122,0.08930793700082906,0.23984377213271613,0.0893027865006882,0.24009573394165049,0.08930003302107607,0.23965407521146767
tanzania-080526/dpc-255-KTR-72502946.png,tanzania-080526,dpc-255-KTR-72502946.png,0.10359987161864653,0.2796812486146641,0.10372264002880875,0.2827217941139879,0.10368543653664886,0.28015066492312946,0.10358098794163371,0.2794561359911883,0.10356638551417956,0.2796885743485614
tanzania-080526/dpc-256-KTR-72502946.png,tanzania-080526,dpc-256-KTR-72502946.png,0.08458701213393047,0.20418053526677585,0.0843574828735704,0.20462488849230848,0.08455111856918554,0.20400914897422698,0.0844472381286795,0.2039987026695089,0.08451709739625801,0.2043444119931403
tanzania-080526/dpc-257-KTR-72502946.png,tanzania-080526,dpc-257-KTR-72502946.png,0.09565534392493853,0.27254674290354824,0.09615084333644212,0.2744709637069396,0.09564612469402228,0.2725771790180958,0.0957358057830275,0.2727180834454905,0.09575775885332995,0.2731875911549812
tanzania-080526/dpc-258-KTR-72502946.png,tanzania-080526,dpc-258-KTR-72502946.png,0.09244168331886465,0.23756810438048614,0.09272054431815886,0.23702587910097056,0.09242285736848636,0.236934109603183,0.09247635762021382,0.23689513995032815,0.09249865720916496,0.2369821086438312
tanzania-080526/dpc-259-KTR-72502946.png,tanzania-080526,dpc-259-KTR-72502946.png,0.07310145332979318,0.15042027079503806,0.07338342188931954,0.15061769874911654,0.07316206784901622,0.15089864366580494,0.07316784154014727,0.15008411016814016,0.07317048423656994,0.15039240919649569
tanzania-080526/dpc-260-KTR-72502946.png,tanzania-080526,dpc-260-KTR-72502946.png,0.08953265778006433,0.1407591538752264,0.08993159950191744,0.14173994123110592,0.08961158989718243,0.140604230756845,0.0896479911973164,0.14061658566762855,0.08958453795973528,0.13986690214395964
tanzania-080526/dpc-261-KTR-72502946.png,tanzania-080526,dpc-261-KTR-72502946.png,0.07533881574287606,0.16595112190092082,0.07537659582041205,0.16638343468290567,0.07540846897641437,0.1658561290502586,0.07538990426035058,0.16609287022929123,0.07528252929725031,0.16565412007852787
tanzania-080526/dpc-262-KTR-72502946.png,tanzania-080526,dpc-262-KTR-72502946.png,0.0822917277254452,0.22647617772051268,0.08280351097042356,0.22622493177219946,0.08233086983528634,0.2264218705976739,0.08238796099204544,0.2266547291338009,0.08235984347462776,0.2259833902972448
tanzania-080526/dpc-263-KTR-72502946.png,tanzania-080526,dpc-263-KTR-72502946.png,0.060333922409644226,0.13496110534154182,0.06048346840871035,0.13483744902754083,0.060406476455984355,0.13553642823483839,0.060350858000242875,0.13481722345935176,0.06045711783082246,0.13554160976288995
tanzania-080526/dpc-264-KTR-72502946.png,tanzania-080526,dpc-264-KTR-72502946.png,0.06284573409389681,0.0910390204690153,0.06305112034429472,0.09198072848129506,0.06279941084932973,0.09055213442629334,0.06281515190281743,0.09077084110956422,0.06290178874025594,0.0914268079874642
tanzania-080526/dpc-265-KTR-72502946.png,tanzania-080526,dpc-265-KTR-72502946.png,0.07777601601913382,0.2571433152479011,0.07791456739818647,0.2577601732687363,0.07781550871845089,0.2569604642623403,0.07781928229863527,0.25670306059580644,0.07774786566886556,0.2565542199230663
tanzania-080526/dpc-266-KTR-72502946.png,tanzania-080526,dpc-266-KTR-72502946.png,0.08403473381654282,0.1937521700556122,0.08416568480911067,0.1945495914224974,0.08395992594412112,0.19297203276530336,0.08403116359968137,0.1931863257102174,0.08405826019264634,0.19479228908869478
tanzania-080526/dpc-267-KTR-72502946.png,tanzania-080526,dpc-267-KTR-72502946.png,0.08016237376315735,0.19789271431318234,0.08012027754181786,0.1973258129486791,0.08016164077866396,0.19805259073725395,0.08009776064693973,0.1980046620448841,0.08014125100635562,0.19882454230539934
tanzania-080526/dpc-268-KTR-72502946.png,tanzania-080526,dpc-268-KTR-72502946.png,0.07629000514256407,0.14856914730180618,0.07634021183944159,0.14954267123732917,0.07617528123772649,0.14854434170802078,0.07637040484218637,0.14882529885030496,0.07626427853754197,0.14768022431900077
tanzania-080526/dpc-269-KTR-72502946.png,tanzania-080526,dpc-269-KTR-72502946.png,0.09318750208799946,0.24494818189680384,0.09315183873759904,0.24342600018613728,0.09314744461194867,0.24478960207771766,0.09325003373086223,0.24545878371759794,0.09320125411989044,0.24463483968904828
tanzania-080526/dpc-270-KTR-72502946.png,tanzania-080526,dpc-270-KTR-72502946.png,0.07984731321973292,0.12050978766665586,0.07972542242772546,0.118593634186003,0.07981962011338083,0.11919023174612474,0.07986785048705759,0.11928760725843907,0.07982916775590786,0.11999109140421463
tanzania-080526/dpc-271-KTR-72502946.png,tanzania-080526,dpc-271-KTR-72502946.png,0.1276833668236326,0.29308975360747425,0.12786915915042985,0.2869817809702241,0.12775196721683796,0.29295596453277334,0.1276772137137279,0.29202947394657885,0.1279942245167685,0.2919906267070216
tanzania-080526/dpc-272-KTR-72502946.png,tanzania-080526,dpc-272-KTR-72502946.png,0.10179313145712741,0.23275813316613198,0.10200421448531768,0.23193098865672054,0.10179997695647588,0.23351005020001936,0.10166321085948196,0.23317199613601097,0.10177975954705067,0.23197198507760294
tanzania-080526/dpc-273-KTR-72502946.png,tanzania-080526,dpc-273-KTR-72502946.png,0.10901492166878397,0.17807658104139013,0.10903649643193168,0.1822037555527931,0.1089762169828799,0.17846501881778337,0.10889020738882707,0.17932858485510544,0.10895105227628764,0.1806890233474001
tanzania-080526/dpc-274-KTR-72502946.png,tanzania-080526,dpc-274-KTR-72502946.png,0.08097522391636848,0.20829670560451413,0.08072881598049265,0.21215233189153085,0.08090836404029421,0.20958439988639882,0.08083678763897828,0.2098524668046057,0.08081382166164418,0.21038563606410687
tanzania-080526/dpc-275-KTR-72502946.png,tanzania-080526,dpc-275-KTR-72502946.png,0.09904236577562109,0.23526678025872147,0.09948075636853657,0.23636329353858407,0.09904245153862802,0.23535652742030724,0.09910056271663441,0.23569062812066968,0.09920620010157151,0.23523938513838633
tanzania-080526/dpc-276-KTR-72502946.png,tanzania-080526,dpc-276-KTR-72502946.png,0.09196083656597555,0.2160542615094692,0.0923028540227682,0.2166656393251874,0.09193020067297877,0.21513011494212017,0.09194384662990104,0.21596509480881285,0.09193024332841147,0.21570884460844225
tanzania-080526/dpc-277-KTR-72502946.png,tanzania-080526,dpc-277-KTR-72502946.png,0.0715587685641859,0.19691342029910736,0.07160335234550676,0.19764249589589125,0.07149917386643047,0.19618254342449457,0.07156149021692934,0.196584599958157,0.0715674760142368,0.1971643174064748
tanzania-080526/dpc-278-KTR-72502946.png,tanzania-080526,dpc-278-KTR-72502946.png,0.09449584896632236,0.21501493749578143,0.09467588783272352,0.21884994015309325,0.09455342150924155,0.21511019714012955,0.0945301253112988,0.2154898405807602,0.09454867800932712,0.21590815230751015
tanzania-080526/dpc-279-KTR-72502946.png,tanzania-080526,dpc-279-KTR-72502946.png,0.06231751183262622,0.11609414442970847,0.06228496782451345,0.11565912229636723,0.06227206998485217,0.1160290416463704,0.06231076083058909,0.11636543992716462,0.06230372942492782,0.11603445325586016
tanzania-080526/dpc-280-KTR-72502946.png,tanzania-080526,dpc-280-KTR-72502946.png,0.11847819895709553,0.2995935713130225,0.11862583028715307,0.30001620456436234,0.11845549330095871,0.2990289951041432,0.11839612846166117,0.29999443124529507,0.11853610669434267,0.3000028103623973
tanzania-080526/dpc-281-KTR-72502946.png,tanzania-080526,dpc-281-KTR-72502946.png,0.06564007132677653,0.16226235222410496,0.06569628212883222,0.16049206631515417,0.06566451957101743,0.16220846627318597,0.0656744741620041,0.16200479016494368,0.06578523992308356,0.16194551595561568
tanzania-080526/dpc-282-KTR-72502946.png,tanzania-080526,dpc-282-KTR-72502946.png,0.08403388790676153,0.16910299493353273,0.08423407245560696,0.17074519066203245,0.08399813432768317,0.16937288085229055,0.08407882829365458,0.16942787324846983,0.08426736430567326,0.17011422311838933
tanzania-080526/dpc-283-KTR-72502946.png,tanzania-080526,dpc-283-KTR-72502946.png,0.09256215283667735,0.13887827732038108,0.09272586124740477,0.13961528717263189,0.09255385634584959,0.13903354943372634,0.092638411099565,0.13963316276828958,0.09261141812757137,0.13900249377620855
tanzania-080526/dpc-284-KTR-72502946.png,tanzania-080526,dpc-284-KTR-72502946.png,0.0992984803184721,0.16565671971958226,0.09864095478444201,0.165966299803855,0.09934046881961256,0.166156732863081,0.0992298093636908,0.16513464614025947,0.09922537027020394,0.16639382692204432
tanzania-080526/dpc-285-KTR-72502946.png,tanzania-080526,dpc-285-KTR-72502946.png,0.10573477228285208,0.19853611467848112,0.10591701362043399,0.19810137144451287,0.10555784844227838,0.1979639574386153,0.10561595090573084,0.19647208432905863,0.10564337103558426,0.1980730959520686
tanzania-080526/dpc-286-KTR-72502946.png,tanzania-080526,dpc-286-KTR-72502946.png,0.09071239820576756,0.18395378865972817,0.09095550004490413,0.18327390830287377,0.09070519957614927,0.18427721582704315,0.09080072240382409,0.184942177187305,0.09083429618837643,0.18611798330357582
tanzania-080526/dpc-287-KTR-72502946.png,tanzania-080526,dpc-287-KTR-72502946.png,0.0857527030232393,0.1948060586452501,0.0863893796804336,0.19576438981725308,0.085762178258363,0.19474925195850015,0.0858075035608062,0.19502042809529074,0.0856484554254585,0.1941649340683494
tanzania-080526/dpc-288-KTR-72502946.png,tanzania-080526,dpc-288-KTR-72502946.png,0.08782248852240306,0.15375711563365832,0.08791240075451941,0.15430526668644745,0.08771375199206896,0.15367640773248828,0.08768031460612498,0.15402256720307642,0.08756290723039402,0.15413390943599498
tanzania-080526/dpc-289-KTR-72502946.png,tanzania-080526,dpc-289-KTR-72502946.png,0.1920386689045067,0.4893505596600109,0.19247465914570366,0.49426104339950033,0.19202025587736585,0.4905205499010858,0.1920898799716262,0.49113779724637363,0.1923132093051421,0.4919204330060119
tanzania-080526/dpc-290-KTR-72502946.png,tanzania-080526,dpc-290-KTR-72502946.png,0.12743546143727374,0.2921258712322739,0.126965531049542,0.2985080589003107,0.12741900428177913,0.29283496123625785,0.12720373505587954,0.2929466583619088,0.12678151862803252,0.29788896799415515
tanzania-080526/dpc-291-KTR-72502946.png,tanzania-080526,dpc-291-KTR-72502946.png,0.12826252804602273,0.3708541965032449,0.12805334285595188,0.3723060278977837,0.12815610853740642,0.3698702699102287,0.12817139108718317,0.3702505165659629,0.1277464447952824,0.3692527683695155
tanzania-080526/dpc-292-KTR-72502946.png,tanzania-080526,dpc-292-KTR-72502946.png,0.14298126078358575,0.3556736234678753,0.14242488592632566,0.3611950311784127,0.14285736514438852,0.3565393987760662,0.1427547818542779,0.3579819412570744,0.1422565429971927,0.35770097835135367
tanzania-080526/dpc-293-KTR-72502946.png,tanzania-080526,dpc-293-KTR-72502946.png,0.1395077761388346,0.2830601707138899,0.13957440500625756,0.28963149239871966,0.13938557067263546,0.28183369090376775,0.13936971212931176,0.28297223185704534,0.13891643383543895,0.28492082636475335
tanzania-080526/dpc-294-KTR-72502946.png,tanzania-080526,dpc-294-KTR-72502946.png,0.11472228470529414,0.20224939003092782,0.1149383179582017,0.2031167926545847,0.11473151041995433,0.20248565763941603,0.11467299510991848,0.20212299222131583,0.11471547500907588,0.20224110991272148
tanzania-080526/dpc-295-KTR-72502946.png,tanzania-080526,dpc-295-KTR-72502946.png,0.09535628420885377,0.14438420465819257,0.09535053839626488,0.14473777791707515,0.09548579865611267,0.14450903746350965,0.09546001493097918,0.14446801175599996,0.09548395777481015,0.14405249264304448
tanzania-080526/dpc-296-KTR-72502946.png,tanzania-080526,dpc-296-KTR-72502946.png,0.09374316318228956,0.3023556523957407,0.0939235184148559,0.3034598270159041,0.09370369840633125,0.3035878637699004,0.09378778370431387,0.3029814862457044,0.09386691390785255,0.30413305362377896
tanzania-080526/dpc-297-KTR-72502946.png,tanzania-080526,dpc-297-KTR-72502946.png,0.0767997260883643,0.2098285706821718,0.07676821712201419,0.21078607223161439,0.07680061767397968,0.21023567058111223,0.07680806247587235,0.21051077881546218,0.07679875451307111,0.2109240695412462
tanzania-080526/dpc-298-KTR-72502946.png,tanzania-080526,dpc-298-KTR-72502946.png,0.11623581588547217,0.3076085963755048,0.11683972119635432,0.3093551110649238,0.11635492176175559,0.30906791776473835,0.11637570361807524,0.3091567983952806,0.116347244621186,0.3083541062090491
tanzania-080526/dpc-299-KTR-72502946.png,tanzania-080526,dpc-299-KTR-72502946.png,0.08134585469927182,0.19496873071242293,0.08148821372532189,0.1936552381831601,0.08135269100848151,0.1946815122677343,0.08133032839467362,0.19450714098728292,0.08135175340431092,0.19453681216375218
tanzania-080526/dpc-300-KTR-72502946.png,tanzania-080526,dpc-300-KTR-72502946.png,0.06794090214684727,0.12299470276004912,0.06802737283753221,0.12413381826970145,0.06798560402379722,0.12337195740833308,0.06797773083984535,0.12409149591511373,0.06796589998503354,0.12451323894955954
tanzania-080526/dpc-301-KTR-72502946.png,tanzania-080526,dpc-301-KTR-72502946.png,0.093126661929796,0.21000735071979132,0.09295644526913349,0.20909101927359272,0.09314569561582049,0.21098226257805963,0.09305800940440233,0.20935456361577928,0.0929610348718398,0.20955774877730077
tanzania-080526/dpc-302-KTR-72502946.png,tanzania-080526,dpc-302-KTR-72502946.png,0.10141615642995223,0.21061749974127225,0.10128808454994857,0.2121947023487299,0.10143102426082909,0.21032145354230966,0.10138584799153111,0.2105081454329642,0.10135555340585849,0.2104248873910496
tanzania-080526/dpc-303-KTR-72502946.png,tanzania-080526,dpc-303-KTR-72502946.png,0.07193780907443449,0.16927612066428976,0.07212216609129041,0.16868882947537983,0.07193630113337753,0.16898942214018742,0.07195718208978047,0.16957720302131574,0.07200919819359211,0.16958280411978413
tanzania-080526/dpc-304-KTR-72502946.png,tanzania-080526,dpc-304-KTR-72502946.png,0.09273688029266318,0.19804954900653912,0.09319320794132141,0.19773988232287668,0.09284870057968561,0.19825185119688113,0.09282781059934091,0.19728548456861197,0.09289833429919159,0.197209455825172
tanzania-080526/dpc-305-KTR-72502946.png,tanzania-080526,dpc-305-KTR-72502946.png,0.10745415159370848,0.20344661493688856,0.10747715151659509,0.20439516829911986,0.10741794711415303,0.2032543002044964,0.10743912025105992,0.20445488508314077,0.1073440571744805,0.20349552996223993
tanzania-080526/dpc-306-KTR-72502946.png,tanzania-080526,dpc-306-KTR-72502946.png,0.0852816864730917,0.18512523800340042,0.0834301648718092,0.17574490088231268,0.08530207585621868,0.18543251945020978,0.08527760319425425,0.18429162376150818,0.08543474795646541,0.18405266590795824
tanzania-080526/dpc-307-KTR-72502946.png,tanzania-080526,dpc-307-KTR-72502946.png,0.30065327607775977,0.6033892231404185,0.30512658118273506,0.6092483443878066,0.3007930849794792,0.6044184844845303,0.3004423553784215,0.6032682319028492,0.3000256810251087,0.6028431567442876
tanzania-080526/dpc-308-KTR-72502946.png,tanzania-080526,dpc-308-KTR-72502946.png,0.16584498428146355,0.3012591925188279,0.16586084850661484,0.3033652154848153,0.16563959207228426,0.301855113488445,0.16561567523957244,0.30110767934288707,0.16507825481730642,0.3012854241557912
tanzania-080526/dpc-309-KTR-72502946.png,tanzania-080526,dpc-309-KTR-72502946.png,0.15213829974617948,0.33858681891214876,0.1609963995275192,0.3443991309934204,0.15204612127073638,0.3392843053138845,0.15196424991783677,0.33777080208840904,0.1514417606688399,0.3408357497566507
tanzania-080526/dpc-310-KTR-72502946.png,tanzania-080526,dpc-310-KTR-72502946.png,0.17508572605207676,0.4314519812529574,0.18015507800612443,0.42350471218097063,0.17492033159975418,0.43179290474105386,0.17500885191411916,0.43130667879466517,0.1750620095749642,0.4316265195499941
tanzania-080526/dpc-311-KTR-72502946.png,tanzania-080526,dpc-311-KTR-72502946.png,0.1535790114124928,0.3944562867144565,0.15324007213292912,0.39296652853816283,0.15342008522066197,0.3938567896103613,0.1531215732361996,0.39274145840884767,0.15267518100678276,0.39124521097129666
tanzania-080526/dpc-312-KTR-72502946.png,tanzania-080526,dpc-312-KTR-72502946.png,0.12788584112291584,0.32775237229207743,0.12820129218939458,0.32935616453545796,0.12787314135976022,0.3272966737227303,0.12789515820945543,0.32814328087976263,0.12788358502059716,0.3273606160009363
tanzania-080526/dpc-313-KTR-72502946.png,tanzania-080526,dpc-313-KTR-72502946.png,0.12779692783153904,0.2837882847335018,0.1282429969993189,0.2840721204133339,0.12780019133414208,0.28322860152273277,0.1278153812964652,0.2832856217603509,0.12789663187518216,0.2826993453978868
tanzania-080526/dpc-314-KTR-72502946.png,tanzania-080526,dpc-314-KTR-72502946.png,0.13293026335591188,0.40173155428682156,0.1331342529955392,0.4040587675190171,0.1329685920330104,0.4015334408574012,0.132950814923882,0.402921379742666,0.1327702905139999,0.40375290196359964
tanzania-080526/dpc-315-KTR-72502946.png,tanzania-080526,dpc-315-KTR-72502946.png,0.10881090345525703,0.2723468707428819,0.10920827271549874,0.2725424251069768,0.10879705759885995,0.2720839591630845,0.10886586281479722,0.27341321032076005,0.10879128540108259,0.27356638565865743
tanzania-080526/dpc-316-KTR-72502946.png,tanzania-080526,dpc-316-KTR-72502946.png,0.1244621287699113,0.3762352728715867,0.12494391285776782,0.38004041785535153,0.12452035590755636,0.376854609288078,0.12443308372493145,0.3775805019577655,0.12445701921836466,0.37807849363054974
tanzania-080526/dpc-317-KTR-72502946.png,tanzania-080526,dpc-317-KTR-72502946.png,0.07453178808502313,0.142154341604852,0.07481438646468747,0.14109061237761508,0.07446227345549199,0.14204322934975178,0.07448692684984076,0.14165588656178438,0.07454338131628485,0.14227378873510327
tanzania-080526/dpc-318-KTR-72502946.png,tanzania-080526,dpc-318-KTR-72502946.png,0.06852479382031162,0.19837361125535288,0.06875655419354769,0.19883985416661268,0.06850408763642608,0.19823676963403206,0.06858896054236309,0.19871400216924556,0.0685952586889419,0.1983793680449958
tanzania-080526/dpc-319-KTR-72502946.png,tanzania-080526,dpc-319-KTR-72502946.png,0.10580632092564887,0.1922362805654963,0.10583936257396899,0.1921257707588064,0.10581326533295697,0.19241022654979967,0.10577514468359116,0.19141500481284218,0.10562528312698564,0.19160481875237106
tanzania-080526/dpc-320-KTR-72502946.png,tanzania-080526,dpc-320-KTR-72502946.png,0.07363883196238698,0.13297688401633587,0.07376964121716457,0.13297579786125424,0.07363461855180586,0.13321236260304145,0.0736075147620806,0.13401602865006543,0.07362916403032972,0.1342880446276605
tanzania-080526/dpc-321-KTR-72502946.png,tanzania-080526,dpc-321-KTR-72502946.png,0.09809511539461449,0.20411137941964294,0.09829587390683361,0.20494516865559953,0.09816531655874111,0.20531922747119488,0.09824580718415074,0.20584553325353816,0.09835421654839588,0.20463980747188115
tanzania-080526/dpc-322-KTR-72502946.png,tanzania-080526,dpc-322-KTR-72502946.png,0.11213935106815394,0.2337882419884341,0.11222130936958384,0.2337113796755388,0.11220062289543885,0.23399266833493124,0.11212791823522818,0.23325850040452079,0.11222480199762541,0.2335262640375643
tanzania-080526/dpc-323-KTR-72502946.png,tanzania-080526,dpc-323-KTR-72502946.png,0.09072471681860914,0.23906616026612426,0.09105425243317783,0.23864548406159358,0.09067245169859908,0.23981398051245414,0.0906087567631694,0.23968017278901435,0.09079122737029219,0.2405431029891186
tanzania-080526/dpc-324-KTR-72502946.png,tanzania-080526,dpc-324-KTR-72502946.png,0.1016284946828138,0.21485686846539143,0.1019904379730155,0.21567764060739142,0.10163754036120334,0.21516874716831413,0.10158572907781634,0.2155034579695229,0.10157090777754793,0.21585253181860992
