fov_key,dataset,filename,image_path,density_label,overlap_label,density_ord,overlap_ord,slide,fov_id,split,density_sub,overlap_sub,quality_tags,coverage,otsu_threshold,otsu_separability,saturation_score,lbp_entropy,glcm_contrast,edge_density_unmasked,tile_glcm_cv,tile_glcm_patchiness,cohort_density_score,cohort_density_label,cohort_overlap_score,cohort_overlap_label,cohort_empty_field_gated
tanzania-combinedv3/dpc-001-KIT-62500670.png,tanzania-combinedv3,dpc-001-KIT-62500670.png,gs://tanzania_02032026/TZ2025-Box1/KIT-62500670/dpc-001-KIT-62500670.png,monolayer,no rouleaux,3,0,KIT-62500670,1,train,,,,0.1791116071,171.0,0.5082229012,0.08808298653,3.876969304,72.01437484,0.1362772959,0.08486725776,0.2096675724,0.3589280524,monolayer,0.3112703079,no rouleaux,False
tanzania-combinedv3/dpc-004-KIT-62500670.png,tanzania-combinedv3,dpc-004-KIT-62500670.png,gs://tanzania_02032026/TZ2025-Box1/KIT-62500670/dpc-004-KIT-62500670.png,monolayer,no rouleaux,3,0,KIT-62500670,4,train,,,,0.177557398,170.0,0.5425254167,0.08122799664,3.748039454,62.26917539,0.1481230867,0.1451777856,0.33832699,0.384988966,monolayer,0.3452181878,no rouleaux,False
tanzania-combinedv3/dpc-008-KIT-62500670.png,tanzania-combinedv3,dpc-008-KIT-62500670.png,gs://tanzania_02032026/TZ2025-Box1/KIT-62500670/dpc-008-KIT-62500670.png,monolayer,no rouleaux,3,0,KIT-62500670,8,train,,,,0.1693576531,169.0,0.5532420355,0.07566188035,3.612543042,56.40035756,0.1342739796,0.09734517609,0.2464786514,0.3089025833,monolayer,0.2705196558,no rouleaux,False
tanzania-combinedv3/dpc-012-KIT-62500670.png,tanzania-combinedv3,dpc-012-KIT-62500670.png,gs://tanzania_02032026/TZ2025-Box1/KIT-62500670/dpc-012-KIT-62500670.png,monolayer,no rouleaux,3,0,KIT-62500670,12,train,,,Overexposed,0.1438517857,171.0,0.5095126177,0.07055748581,3.70940825,61.41044154,0.12348125,0.06828449741,0.2214185454,0.2676433363,sparser,0.2291583071,no rouleaux,False
tanzania-combinedv3/dpc-016-KIT-62500670.png,tanzania-combinedv3,dpc-016-KIT-62500670.png,gs://tanzania_02032026/TZ2025-Box1/KIT-62500670/dpc-016-KIT-62500670.png,slightly dense,slight rouleaux,4,1,KIT-62500670,16,train,,,,0.2077408163,169.0,0.6233869782,0.07823789658,3.684212388,63.26900208,0.150786352,0.1351897858,0.3471525725,0.4082970366,monolayer,0.3630351542,no rouleaux,False
tanzania-combinedv3/dpc-020-KIT-62500670.png,tanzania-combinedv3,dpc-020-KIT-62500670.png,gs://tanzania_02032026/TZ2025-Box1/KIT-62500670/dpc-020-KIT-62500670.png,monolayer,no rouleaux,3,0,KIT-62500670,20,train,,,Overexposed,0.2220169643,168.0,0.5086618276,0.1090854095,3.819491442,62.23032146,0.1376135204,0.09734860152,0.2053377435,0.4091835987,monolayer,0.3691659395,no rouleaux,False
tanzania-combinedv3/dpc-024-KIT-62500670.png,tanzania-combinedv3,dpc-024-KIT-62500670.png,gs://tanzania_02032026/TZ2025-Box1/KIT-62500670/dpc-024-KIT-62500670.png,dense,some rouleaux,5,2,KIT-62500670,24,train,,,,0.31189375,168.0,0.618907347,0.1188604166,3.997849177,91.33090366,0.1953335459,0.1241882672,0.4536868066,0.6413924567,dense,0.5904517237,rouleaux,False
tanzania-combinedv3/dpc-028-KIT-62500670.png,tanzania-combinedv3,dpc-028-KIT-62500670.png,gs://tanzania_02032026/TZ2025-Box1/KIT-62500670/dpc-028-KIT-62500670.png,dense,rouleaux,5,3,KIT-62500670,28,train,,low,,0.3767159439,166.0,0.5901976005,0.1543790977,4.120086379,73.01500919,0.1594432398,0.1229078761,0.4278763485,0.7041452382,dense,0.6648177873,rouleaux,False
tanzania-combinedv3/dpc-031-KIT-62500670.png,tanzania-combinedv3,dpc-031-KIT-62500670.png,gs://tanzania_02032026/TZ2025-Box1/KIT-62500670/dpc-031-KIT-62500670.png,slightly dense,rouleaux,4,3,KIT-62500670,31,train,,,Overexposed,0.3031575255,168.0,0.5698666829,0.130398152,4.07250265,57.78404143,0.1334695153,0.2093367728,0.4489848753,0.599894857,dense,0.5702452373,rouleaux,False
tanzania-combinedv3/dpc-032-KIT-62500670.png,tanzania-combinedv3,dpc-032-KIT-62500670.png,gs://tanzania_02032026/TZ2025-Box1/KIT-62500670/dpc-032-KIT-62500670.png,few cells,rouleaux,1,3,KIT-62500670,32,train,,,,0.1009570153,172.0,0.5436578776,0.04607093863,3.283269095,20.52069256,0.0423567602,0.6510676456,3.00493255,0.3059519772,monolayer,0.3698765554,no rouleaux,False
tanzania-combinedv3/dpc-036-KIT-62500670.png,tanzania-combinedv3,dpc-036-KIT-62500670.png,gs://tanzania_02032026/TZ2025-Box1/KIT-62500670/dpc-036-KIT-62500670.png,no cells,no rouleaux,0,0,KIT-62500670,36,train,,,,0.05158494898,167.0,0.4409738158,0.02883733719,2.861889794,14.88623047,0.03089221939,0.3625578386,1.624677597,0.2536479548,sparser,0.3269889129,no rouleaux,True
tanzania-combinedv3/dpc-040-KIT-62500670.png,tanzania-combinedv3,dpc-040-KIT-62500670.png,gs://tanzania_02032026/TZ2025-Box1/KIT-62500670/dpc-040-KIT-62500670.png,slightly dense,slight rouleaux,4,1,KIT-62500670,40,train,,,,0.3226465561,167.0,0.5739754376,0.1374553579,3.908682754,114.6737832,0.1893167092,0.0730750241,0.1858031536,0.5953932046,dense,0.5357457963,some rouleaux,False
tanzania-combinedv3/dpc-044-KIT-62500670.png,tanzania-combinedv3,dpc-044-KIT-62500670.png,gs://tanzania_02032026/TZ2025-Box1/KIT-62500670/dpc-044-KIT-62500670.png,dense,some rouleaux,5,2,KIT-62500670,44,train,,,,0.392191199,166.0,0.6030044805,0.1556981488,4.146106019,76.37721291,0.1678473214,0.121533605,0.4328315237,0.7320834671,very dense,0.6878145853,heavy rouleaux,False
tanzania-combinedv3/dpc-048-KIT-62500670.png,tanzania-combinedv3,dpc-048-KIT-62500670.png,gs://tanzania_02032026/TZ2025-Box1/KIT-62500670/dpc-048-KIT-62500670.png,dense,rouleaux,5,3,KIT-62500670,48,train,,,,0.3864716837,165.0,0.5873419216,0.1594806623,4.131639624,67.22804262,0.1495641582,0.2131110955,0.8267149663,0.8173085385,very dense,0.8180334526,heavy rouleaux,False
tanzania-combinedv3/dpc-053-KIT-62500670.png,tanzania-combinedv3,dpc-053-KIT-62500670.png,gs://tanzania_02032026/TZ2025-Box1/KIT-62500670/dpc-053-KIT-62500670.png,no cells,no rouleaux,0,0,KIT-62500670,53,train,,,,0.02121556122,167.0,0.4064769831,0.0125919239,2.524128437,10.69929489,0.01815586735,0.4172464552,2.035180596,0.2536479548,sparser,0.3269889129,no rouleaux,True
tanzania-combinedv3/dpc-056-KIT-62500670.png,tanzania-combinedv3,dpc-056-KIT-62500670.png,gs://tanzania_02032026/TZ2025-Box1/KIT-62500670/dpc-056-KIT-62500670.png,monolayer,no rouleaux,3,0,KIT-62500670,56,train,,,,0.3906725765,164.0,0.5347888961,0.1817452206,4.081152431,47.87673136,0.1084133929,0.1152984048,0.2901845429,0.633980433,dense,0.6170890504,rouleaux,False
tanzania-combinedv3/dpc-060-KIT-62500670.png,tanzania-combinedv3,dpc-060-KIT-62500670.png,gs://tanzania_02032026/TZ2025-Box1/KIT-62500670/dpc-060-KIT-62500670.png,slightly dense,slight rouleaux,4,1,KIT-62500670,60,train,,,,0.2811947704,169.0,0.6012842277,0.1121167901,3.962152173,121.2237717,0.1938559949,0.1144095386,0.26314478,0.5626883098,slightly dense,0.4961511466,some rouleaux,False
tanzania-combinedv3/dpc-064-KIT-62500670.png,tanzania-combinedv3,dpc-064-KIT-62500670.png,gs://tanzania_02032026/TZ2025-Box1/KIT-62500670/dpc-064-KIT-62500670.png,dense,rouleaux,5,3,KIT-62500670,64,train,,low,,0.3713029337,166.0,0.5867178565,0.1534528723,4.126050026,72.18977853,0.1577329082,0.09246591987,0.3051630515,0.6603064689,dense,0.6102914877,rouleaux,False
tanzania-combinedv3/dpc-068-KIT-62500670.png,tanzania-combinedv3,dpc-068-KIT-62500670.png,gs://tanzania_02032026/TZ2025-Box1/KIT-62500670/dpc-068-KIT-62500670.png,few cells,rouleaux,1,3,KIT-62500670,68,train,,,,0.1277957908,172.0,0.5190859008,0.06145879763,3.575617035,25.71183806,0.05178788265,0.5448583182,2.312418929,0.3632600253,monolayer,0.4178714039,slight rouleaux,False
tanzania-combinedv3/dpc-072-KIT-62500670.png,tanzania-combinedv3,dpc-072-KIT-62500670.png,gs://tanzania_02032026/TZ2025-Box1/KIT-62500670/dpc-072-KIT-62500670.png,no cells,no rouleaux,0,0,KIT-62500670,72,train,,,,0.0258817602,166.0,0.4105925514,0.01525490225,2.640372498,8.241151081,0.01187193878,0.1265954741,0.5100988951,0.1029663664,sparser,0.1365492388,no rouleaux,True
tanzania-combinedv3/dpc-076-KIT-62500670.png,tanzania-combinedv3,dpc-076-KIT-62500670.png,gs://tanzania_02032026/TZ2025-Box1/KIT-62500670/dpc-076-KIT-62500670.png,slightly dense,slight rouleaux,4,1,KIT-62500670,76,train,,,,0.4089755102,165.0,0.5826698867,0.170677796,4.078078412,102.8112981,0.185217602,0.07994439989,0.1949471386,0.7234894563,very dense,0.6649693042,rouleaux,False
tanzania-combinedv3/dpc-080-KIT-62500670.png,tanzania-combinedv3,dpc-080-KIT-62500670.png,gs://tanzania_02032026/TZ2025-Box1/KIT-62500670/dpc-080-KIT-62500670.png,slightly dense,some rouleaux,4,2,KIT-62500670,80,train,,,,0.3579383929,167.0,0.6142059729,0.138090494,4.139237148,86.44587817,0.1826214286,0.10812601,0.3819908439,0.6909569508,dense,0.6315602919,rouleaux,False
tanzania-combinedv3/dpc-084-KIT-62500670.png,tanzania-combinedv3,dpc-084-KIT-62500670.png,gs://tanzania_02032026/TZ2025-Box1/KIT-62500670/dpc-084-KIT-62500670.png,dense,rouleaux,5,3,KIT-62500670,84,train,,,,0.3676455357,166.0,0.5922118359,0.1499214981,4.128195589,70.06080029,0.151816199,0.1402613487,0.522498226,0.7068261173,dense,0.6765427938,heavy rouleaux,False
tanzania-combinedv3/dpc-088-KIT-62500670.png,tanzania-combinedv3,dpc-088-KIT-62500670.png,gs://tanzania_02032026/TZ2025-Box1/KIT-62500670/dpc-088-KIT-62500670.png,no cells,no rouleaux,0,0,KIT-62500670,88,train,,,,0.04423431122,166.0,0.4372030416,0.02489493581,2.825020769,15.57359767,0.03216326531,0.2040945804,0.6215525721,0.152142213,sparser,0.196894827,no rouleaux,True
tanzania-combinedv3/dpc-092-KIT-62500670.png,tanzania-combinedv3,dpc-092-KIT-62500670.png,gs://tanzania_02032026/TZ2025-Box1/KIT-62500670/dpc-092-KIT-62500670.png,monolayer,no rouleaux,3,0,KIT-62500670,92,train,,,Overexposed,0.4178747449,164.0,0.5574389565,0.1849350832,4.104529249,56.89050527,0.1305089286,0.1524431308,0.1922259089,0.6786698224,dense,0.6434193514,rouleaux,False
tanzania-combinedv3/dpc-096-KIT-62500670.png,tanzania-combinedv3,dpc-096-KIT-62500670.png,gs://tanzania_02032026/TZ2025-Box1/KIT-62500670/dpc-096-KIT-62500670.png,slightly dense,some rouleaux,4,2,KIT-62500670,96,train,,,,0.3185802296,168.0,0.5905083232,0.1304559524,4.081061951,135.9767042,0.1998141582,0.09705207959,0.1973374221,0.6039435118,dense,0.5316952266,some rouleaux,False
tanzania-combinedv3/dpc-100-KIT-62500670.png,tanzania-combinedv3,dpc-100-KIT-62500670.png,gs://tanzania_02032026/TZ2025-Box1/KIT-62500670/dpc-100-KIT-62500670.png,dense,rouleaux,5,3,KIT-62500670,100,train,,,,0.3794174745,166.0,0.5915757181,0.1549633096,4.147158045,72.46768867,0.1536533163,0.09046888625,0.3291949731,0.6716777666,dense,0.6243221026,rouleaux,False
tanzania-combinedv3/dpc-104-KIT-62500670.png,tanzania-combinedv3,dpc-104-KIT-62500670.png,gs://tanzania_02032026/TZ2025-Box1/KIT-62500670/dpc-104-KIT-62500670.png,sparser,rouleaux,2,3,KIT-62500670,104,train,,,,0.1397464286,172.0,0.5233365315,0.06661201735,3.578479063,29.64842975,0.06039528061,0.5899142355,1.249206553,0.3859271502,monolayer,0.4414091603,slight rouleaux,False
tanzania-combinedv3/dpc-108-KIT-62500670.png,tanzania-combinedv3,dpc-108-KIT-62500670.png,gs://tanzania_02032026/TZ2025-Box1/KIT-62500670/dpc-108-KIT-62500670.png,no cells,no rouleaux,0,0,KIT-62500670,108,train,,,,0.007768239796,166.0,0.3291862263,0.005211042252,2.346939895,5.903065326,0.004951785714,0.1253034654,0.5838872187,0.1181575973,sparser,0.1578307629,no rouleaux,True
tanzania-combinedv3/dpc-112-KIT-62500670.png,tanzania-combinedv3,dpc-112-KIT-62500670.png,gs://tanzania_02032026/TZ2025-Box1/KIT-62500670/dpc-112-KIT-62500670.png,slightly dense,slight rouleaux,4,1,KIT-62500670,112,train,,,,0.4032233418,165.0,0.5784621912,0.169973884,4.119968628,128.9499784,0.1946364796,0.07121484975,0.2180328417,0.7224353724,very dense,0.6632139916,rouleaux,False
tanzania-combinedv3/dpc-116-KIT-62500670.png,tanzania-combinedv3,dpc-116-KIT-62500670.png,gs://tanzania_02032026/TZ2025-Box1/KIT-62500670/dpc-116-KIT-62500670.png,dense,rouleaux,5,3,KIT-62500670,116,train,,,,0.4060174745,165.0,0.6114927309,0.1577407402,4.181984309,81.26519502,0.1708239796,0.1199810931,0.3844912954,0.746644616,very dense,0.6957299688,heavy rouleaux,False
tanzania-combinedv3/dpc-120-KIT-62500670.png,tanzania-combinedv3,dpc-120-KIT-62500670.png,gs://tanzania_02032026/TZ2025-Box1/KIT-62500670/dpc-120-KIT-62500670.png,very dense,heavy rouleaux,6,4,KIT-62500670,120,train,,,,0.4647405612,163.0,0.6087212281,0.181843116,4.218480573,65.89292632,0.1324862245,0.2180614355,0.7110269882,0.8517581553,very dense,0.8497242008,heavy rouleaux,False
tanzania-combinedv3/dpc-123-KIT-62500670.png,tanzania-combinedv3,dpc-123-KIT-62500670.png,gs://tanzania_02032026/TZ2025-Box1/KIT-62500670/dpc-123-KIT-62500670.png,no cells,no rouleaux,0,0,KIT-62500670,123,train,,,,0.3311344388,160.0,0.4798502127,0.1722395079,2.167409821,3.873460497,0.0001945153061,0.03644338066,0.07425515359,0.4030120874,sparser,0.4437068978,no rouleaux,True
tanzania-combinedv3/dpc-128-KIT-62500670.png,tanzania-combinedv3,dpc-128-KIT-62500670.png,gs://tanzania_02032026/TZ2025-Box1/KIT-62500670/dpc-128-KIT-62500670.png,slightly dense,slight rouleaux,4,1,KIT-62500670,128,train,,,Overexposed,0.4160385204,165.0,0.5835306931,0.1732672742,4.127666468,91.75222322,0.1815230867,0.08680476991,0.1207153648,0.7229590986,very dense,0.6566279223,rouleaux,False
tanzania-combinedv3/dpc-132-KIT-62500670.png,tanzania-combinedv3,dpc-132-KIT-62500670.png,gs://tanzania_02032026/TZ2025-Box1/KIT-62500670/dpc-132-KIT-62500670.png,slightly dense,some rouleaux,4,2,KIT-62500670,132,train,,,,0.3213085459,168.0,0.5810512416,0.1346118164,4.088979838,126.6167793,0.1888276786,0.0820754822,0.171405166,0.6014093624,dense,0.5284412353,some rouleaux,False
tanzania-combinedv3/dpc-136-KIT-62500670.png,tanzania-combinedv3,dpc-136-KIT-62500670.png,gs://tanzania_02032026/TZ2025-Box1/KIT-62500670/dpc-136-KIT-62500670.png,dense,rouleaux,5,3,KIT-62500670,136,train,,,,0.4327835459,164.0,0.5844558156,0.1798406856,4.194082383,63.94542915,0.1313852041,0.08140932141,0.2876578367,0.7053888587,dense,0.6687550965,heavy rouleaux,False
tanzania-combinedv3/dpc-140-KIT-62500670.png,tanzania-combinedv3,dpc-140-KIT-62500670.png,gs://tanzania_02032026/TZ2025-Box1/KIT-62500670/dpc-140-KIT-62500670.png,sparser,rouleaux,2,3,KIT-62500670,140,train,,,,0.148876148,171.0,0.4930473156,0.07547316285,3.739398937,33.72467399,0.06617895408,0.4954853516,1.300157233,0.4260622042,monolayer,0.4731123493,some rouleaux,False
tanzania-combinedv3/dpc-145-KIT-62500670.png,tanzania-combinedv3,dpc-145-KIT-62500670.png,gs://tanzania_02032026/TZ2025-Box1/KIT-62500670/dpc-145-KIT-62500670.png,slightly dense,slight rouleaux,4,1,KIT-62500670,145,train,,,,0.4412179847,164.0,0.5852912692,0.1829769505,4.177382512,61.05449664,0.1377909439,0.1737413867,0.2585514473,0.7335523008,very dense,0.6947723819,heavy rouleaux,False
tanzania-combinedv3/dpc-148-KIT-62500670.png,tanzania-combinedv3,dpc-148-KIT-62500670.png,gs://tanzania_02032026/TZ2025-Box1/KIT-62500670/dpc-148-KIT-62500670.png,slightly dense,slight rouleaux,4,1,KIT-62500670,148,train,,,,0.4038184949,165.0,0.5695469082,0.1738249197,4.136386646,115.0832497,0.1847985969,0.07152362758,0.162395926,0.7173504674,very dense,0.6545279521,rouleaux,False
tanzania-combinedv3/dpc-152-KIT-62500670.png,tanzania-combinedv3,dpc-152-KIT-62500670.png,gs://tanzania_02032026/TZ2025-Box1/KIT-62500670/dpc-152-KIT-62500670.png,dense,rouleaux,5,3,KIT-62500670,152,train,,low,,0.3999917092,165.0,0.6074206492,0.1570284855,4.174897095,76.73003395,0.1608218112,0.1020702244,0.3628896757,0.7154251252,very dense,0.6664686968,rouleaux,False
tanzania-combinedv3/dpc-156-KIT-62500670.png,tanzania-combinedv3,dpc-156-KIT-62500670.png,gs://tanzania_02032026/TZ2025-Box1/KIT-62500670/dpc-156-KIT-62500670.png,slightly dense,rouleaux,4,3,KIT-62500670,156,train,,,,0.2894818878,169.0,0.5714288441,0.1240635872,4.019140053,56.18351521,0.1191295918,0.1041869598,0.3513744022,0.5081126836,slightly dense,0.4748282018,some rouleaux,False
tanzania-combinedv3/dpc-160-KIT-62500670.png,tanzania-combinedv3,dpc-160-KIT-62500670.png,gs://tanzania_02032026/TZ2025-Box1/KIT-62500670/dpc-160-KIT-62500670.png,no cells,no rouleaux,0,0,KIT-62500670,160,train,,,,0.3468751276,160.0,0.4113490818,0.2041883623,2.475159057,4.728946237,0.000393494898,0.03706168005,0.07205228138,0.4231835438,sparser,0.4659638793,no rouleaux,True
tanzania-combinedv3/dpc-164-KIT-62500670.png,tanzania-combinedv3,dpc-164-KIT-62500670.png,gs://tanzania_02032026/TZ2025-Box1/KIT-62500670/dpc-164-KIT-62500670.png,slightly dense,slight rouleaux,4,1,KIT-62500670,164,train,,,,0.4391852041,164.0,0.5926015259,0.178923382,4.161812603,76.0534954,0.16545,0.1030908323,0.2056829407,0.7431146092,very dense,0.6881326972,heavy rouleaux,False
tanzania-combinedv3/dpc-168-KIT-62500670.png,tanzania-combinedv3,dpc-168-KIT-62500670.png,gs://tanzania_02032026/TZ2025-Box1/KIT-62500670/dpc-168-KIT-62500670.png,slightly dense,some rouleaux,4,2,KIT-62500670,168,train,,,,0.3218679847,168.0,0.5721124623,0.1377232994,4.091771072,129.7033846,0.1865471939,0.07619788146,0.1784567107,0.6054493238,dense,0.5346269643,some rouleaux,False
tanzania-combinedv3/dpc-172-KIT-62500670.png,tanzania-combinedv3,dpc-172-KIT-62500670.png,gs://tanzania_02032026/TZ2025-Box1/KIT-62500670/dpc-172-KIT-62500670.png,dense,rouleaux,5,3,KIT-62500670,172,train,,,,0.4290936224,164.0,0.5838481452,0.1785681069,4.177886876,64.36738914,0.1330048469,0.08566206358,0.2248873447,0.6919766789,dense,0.650365958,rouleaux,False
tanzania-combinedv3/dpc-176-KIT-62500670.png,tanzania-combinedv3,dpc-176-KIT-62500670.png,gs://tanzania_02032026/TZ2025-Box1/KIT-62500670/dpc-176-KIT-62500670.png,few cells,no rouleaux,1,0,KIT-62500670,176,train,,,,0.02146989796,173.0,0.401301026,0.01285400588,3.088279525,10.88304939,0.009481760204,0.2204839161,0.7876519781,0.1927090968,sparser,0.2516497657,no rouleaux,True
tanzania-combinedv3/dpc-180-KIT-62500670.png,tanzania-combinedv3,dpc-180-KIT-62500670.png,gs://tanzania_02032026/TZ2025-Box1/KIT-62500670/dpc-180-KIT-62500670.png,no cells,no rouleaux,0,0,KIT-62500670,180,train,,,,0.7006632653,159.0,0.3731275942,0.4392264668,2.212899767,4.074115774,0.0004339285714,0.03568949074,0.06555556307,0.482433119,sparser,0.5321179505,no rouleaux,True
tanzania-combinedv3/dpc-184-KIT-62500670.png,tanzania-combinedv3,dpc-184-KIT-62500670.png,gs://tanzania_02032026/TZ2025-Box1/KIT-62500670/dpc-184-KIT-62500670.png,slightly dense,slight rouleaux,4,1,KIT-62500670,184,train,,,Overexposed,0.4132340561,165.0,0.5761248383,0.1751596524,4.141784892,105.0357492,0.1845598214,0.09221758757,0.2378763171,0.7498357739,very dense,0.6933864049,heavy rouleaux,False
tanzania-combinedv3/dpc-188-KIT-62500670.png,tanzania-combinedv3,dpc-188-KIT-62500670.png,gs://tanzania_02032026/TZ2025-Box1/KIT-62500670/dpc-188-KIT-62500670.png,dense,rouleaux,5,3,KIT-62500670,188,train,,low,,0.3679760204,166.0,0.6045222038,0.1455263456,4.136187137,77.6083058,0.1669728316,0.1264665887,0.4299567444,0.7008154398,dense,0.6539961601,rouleaux,False
tanzania-combinedv3/dpc-192-KIT-62500670.png,tanzania-combinedv3,dpc-192-KIT-62500670.png,gs://tanzania_02032026/TZ2025-Box1/KIT-62500670/dpc-192-KIT-62500670.png,slightly dense,rouleaux,4,3,KIT-62500670,192,train,,,,0.3232352041,168.0,0.5667454895,0.1400431101,4.071407146,52.88248603,0.1136038265,0.1006422066,0.1914675338,0.5153767566,slightly dense,0.4732535399,some rouleaux,False
tanzania-combinedv3/dpc-196-KIT-62500670.png,tanzania-combinedv3,dpc-196-KIT-62500670.png,gs://tanzania_02032026/TZ2025-Box1/KIT-62500670/dpc-196-KIT-62500670.png,no cells,no rouleaux,0,0,KIT-62500670,196,train,,,,0.3380244898,160.0,0.3823806465,0.2087704668,2.296520631,4.261616798,0.0005545918367,0.03754869799,0.07216821056,0.4174667723,sparser,0.4595809187,no rouleaux,True
tanzania-combinedv3/dpc-200-KIT-62500670.png,tanzania-combinedv3,dpc-200-KIT-62500670.png,gs://tanzania_02032026/TZ2025-Box1/KIT-62500670/dpc-200-KIT-62500670.png,monolayer,slight rouleaux,3,1,KIT-62500670,200,train,,,Overexposed,0.3174971939,166.0,0.5376862076,0.1467833318,4.055714218,40.15278057,0.08274005102,0.3296014393,0.4199746405,0.592538839,dense,0.5922166552,rouleaux,False
tanzania-combinedv3/dpc-204-KIT-62500670.png,tanzania-combinedv3,dpc-204-KIT-62500670.png,gs://tanzania_02032026/TZ2025-Box1/KIT-62500670/dpc-204-KIT-62500670.png,slightly dense,some rouleaux,4,2,KIT-62500670,204,train,,,Overexposed,0.339736352,167.0,0.577992039,0.1433714452,4.080459588,140.7584961,0.2059256378,0.08194751336,0.1827668843,0.6296607006,dense,0.561336148,rouleaux,False
tanzania-combinedv3/dpc-208-KIT-62500670.png,tanzania-combinedv3,dpc-208-KIT-62500670.png,gs://tanzania_02032026/TZ2025-Box1/KIT-62500670/dpc-208-KIT-62500670.png,slightly dense,some rouleaux,4,2,KIT-62500670,208,train,,,,0.3477831633,167.0,0.5925914548,0.1416898326,4.114260531,71.41101437,0.1555559949,0.08930901874,0.2571051252,0.6111291568,dense,0.5541270872,rouleaux,False
tanzania-combinedv3/dpc-212-KIT-62500670.png,tanzania-combinedv3,dpc-212-KIT-62500670.png,gs://tanzania_02032026/TZ2025-Box1/KIT-62500670/dpc-212-KIT-62500670.png,sparser,heavy rouleaux,2,4,KIT-62500670,212,train,,,,0.1427565051,172.0,0.500144815,0.07135757927,3.608593437,34.42551181,0.06558494898,0.6123827889,1.645875503,0.4078284499,monolayer,0.4619571268,some rouleaux,False
tanzania-combinedv3/dpc-218-KIT-62500670.png,tanzania-combinedv3,dpc-218-KIT-62500670.png,gs://tanzania_02032026/TZ2025-Box1/KIT-62500670/dpc-218-KIT-62500670.png,slightly dense,slight rouleaux,4,1,KIT-62500670,218,train,,,,0.4515029337,164.0,0.591904578,0.1842562802,4.20961766,55.70808361,0.1259854592,0.1801725647,0.334661992,0.7370830526,very dense,0.7066622397,heavy rouleaux,False
tanzania-combinedv3/dpc-220-KIT-62500670.png,tanzania-combinedv3,dpc-220-KIT-62500670.png,gs://tanzania_02032026/TZ2025-Box1/KIT-62500670/dpc-220-KIT-62500670.png,slightly dense,slight rouleaux,4,1,KIT-62500670,220,train,,,,0.5093684949,162.0,0.6068569602,0.2002546784,4.211662409,114.9602139,0.1985244898,0.08367536076,0.1734945704,0.7630706581,very dense,0.6951527705,heavy rouleaux,False
tanzania-combinedv3/dpc-224-KIT-62500670.png,tanzania-combinedv3,dpc-224-KIT-62500670.png,gs://tanzania_02032026/TZ2025-Box1/KIT-62500670/dpc-224-KIT-62500670.png,slightly dense,some rouleaux,4,2,KIT-62500670,224,train,,,,0.3657647959,166.0,0.6287911239,0.1357751388,4.121456225,99.81292655,0.193534949,0.1077796416,0.3084095684,0.6762668869,dense,0.6121566119,rouleaux,False
tanzania-combinedv3/dpc-228-KIT-62500670.png,tanzania-combinedv3,dpc-228-KIT-62500670.png,gs://tanzania_02032026/TZ2025-Box1/KIT-62500670/dpc-228-KIT-62500670.png,dense,heavy rouleaux,5,4,KIT-62500670,228,train,,,,0.3928270408,165.0,0.6227030895,0.1482124289,4.168648816,82.77399551,0.1702576531,0.1507953912,0.5133908082,0.7603799942,very dense,0.7196282131,heavy rouleaux,False
tanzania-combinedv3/dpc-235-KIT-62500670.png,tanzania-combinedv3,dpc-235-KIT-62500670.png,gs://tanzania_02032026/TZ2025-Box1/KIT-62500670/dpc-235-KIT-62500670.png,monolayer,no rouleaux,3,0,KIT-62500670,235,train,,,,0.3876012755,165.0,0.59737726,0.1560570876,4.096219883,54.78534117,0.1373647959,0.1034754233,0.1718999533,0.6090082372,dense,0.5562420659,rouleaux,False
tanzania-combinedv3/dpc-236-KIT-62500670.png,tanzania-combinedv3,dpc-236-KIT-62500670.png,gs://tanzania_02032026/TZ2025-Box1/KIT-62500670/dpc-236-KIT-62500670.png,slightly dense,slight rouleaux,4,1,KIT-62500670,236,train,,,,0.4889304847,162.0,0.5726692626,0.2089350246,4.178894861,51.79776961,0.1201659439,0.09894118964,0.2759629761,0.6831857151,dense,0.6521624656,rouleaux,False
tanzania-combinedv3/dpc-240-KIT-62500670.png,tanzania-combinedv3,dpc-240-KIT-62500670.png,gs://tanzania_02032026/TZ2025-Box1/KIT-62500670/dpc-240-KIT-62500670.png,slightly dense,slight rouleaux,4,1,KIT-62500670,240,train,,,Overexposed,0.4022279337,165.0,0.5913560747,0.1643680017,4.119659374,155.8338675,0.2156274235,0.07957251643,0.1625510266,0.7051692387,dense,0.6386827733,rouleaux,False
tanzania-combinedv3/dpc-244-KIT-62500670.png,tanzania-combinedv3,dpc-244-KIT-62500670.png,gs://tanzania_02032026/TZ2025-Box1/KIT-62500670/dpc-244-KIT-62500670.png,dense,some rouleaux,5,2,KIT-62500670,244,train,,,,0.3699109694,166.0,0.6076714254,0.1451266433,4.122997498,81.35614942,0.1764871173,0.1213309933,0.4306799993,0.7125873384,very dense,0.6624636794,rouleaux,False
tanzania-combinedv3/dpc-248-KIT-62500670.png,tanzania-combinedv3,dpc-248-KIT-62500670.png,gs://tanzania_02032026/TZ2025-Box1/KIT-62500670/dpc-248-KIT-62500670.png,few cells,no rouleaux,1,0,KIT-62500670,248,train,,,,0.03246811224,173.0,0.5553707803,0.01443627141,2.747193822,9.864061082,0.01343673469,0.4007601192,1.9493508,0.2595133182,sparser,0.3269889129,no rouleaux,False
tanzania-combinedv3/dpc-253-KIT-62500670.png,tanzania-combinedv3,dpc-253-KIT-62500670.png,gs://tanzania_02032026/TZ2025-Box1/KIT-62500670/dpc-253-KIT-62500670.png,monolayer,no rouleaux,3,0,KIT-62500670,253,train,,,,0.3594841837,165.0,0.5854474994,0.1490250673,4.037086599,38.46464194,0.08887614796,0.116252342,0.2435303652,0.5303776371,slightly dense,0.5049582235,some rouleaux,False
tanzania-combinedv3/dpc-256-KIT-62500670.png,tanzania-combinedv3,dpc-256-KIT-62500670.png,gs://tanzania_02032026/TZ2025-Box1/KIT-62500670/dpc-256-KIT-62500670.png,slightly dense,slight rouleaux,4,1,KIT-62500670,256,train,,,,0.4762098214,163.0,0.6018941503,0.1895819156,4.173555263,112.1578606,0.2033991071,0.06923781939,0.1394632147,0.7486162594,very dense,0.6800015897,heavy rouleaux,False
tanzania-combinedv3/dpc-260-KIT-62500670.png,tanzania-combinedv3,dpc-260-KIT-62500670.png,gs://tanzania_02032026/TZ2025-Box1/KIT-62500670/dpc-260-KIT-62500670.png,slightly dense,slight rouleaux,4,1,KIT-62500670,260,train,,,,0.3352233418,167.0,0.6217613131,0.1267944366,4.050692632,111.7179638,0.2044920918,0.1489940697,0.44665552,0.6798575381,dense,0.6287762649,rouleaux,False
tanzania-combinedv3/dpc-264-KIT-62500670.png,tanzania-combinedv3,dpc-264-KIT-62500670.png,gs://tanzania_02032026/TZ2025-Box1/KIT-62500670/dpc-264-KIT-62500670.png,dense,some rouleaux,5,2,KIT-62500670,264,train,,,,0.3674316327,166.0,0.6115571077,0.1427262061,4.092546355,86.81022463,0.1888871173,0.1594329305,0.6276629243,0.7715645232,very dense,0.7382147763,heavy rouleaux,False
tanzania-combinedv3/dpc-269-KIT-62500670.png,tanzania-combinedv3,dpc-269-KIT-62500670.png,gs://tanzania_02032026/TZ2025-Box1/KIT-62500670/dpc-269-KIT-62500670.png,no cells,no rouleaux,0,0,KIT-62500670,269,train,,,,0.3081591837,160.0,0.4244725354,0.1773540737,2.221908507,4.094969985,0.000543877551,0.03790698245,0.06139148085,0.3969047222,sparser,0.4366564183,no rouleaux,True
tanzania-combinedv3/dpc-272-KIT-62500670.png,tanzania-combinedv3,dpc-272-KIT-62500670.png,gs://tanzania_02032026/TZ2025-Box1/KIT-62500670/dpc-272-KIT-62500670.png,monolayer,no rouleaux,3,0,KIT-62500670,272,train,,,,0.3436630102,165.0,0.5660121174,0.1491455821,4.019404233,32.10605547,0.06287806122,0.09543366889,0.173443835,0.4646089845,slightly dense,0.4462335695,slight rouleaux,False
tanzania-combinedv3/dpc-276-KIT-62500670.png,tanzania-combinedv3,dpc-276-KIT-62500670.png,gs://tanzania_02032026/TZ2025-Box1/KIT-62500670/dpc-276-KIT-62500670.png,slightly dense,slight rouleaux,4,1,KIT-62500670,276,train,,,,0.4084764031,165.0,0.5839161877,0.169960419,4.011957969,160.2850735,0.2198484694,0.09068339193,0.2170647625,0.7264184686,very dense,0.6736024748,heavy rouleaux,False
tanzania-combinedv3/dpc-280-KIT-62500670.png,tanzania-combinedv3,dpc-280-KIT-62500670.png,gs://tanzania_02032026/TZ2025-Box1/KIT-62500670/dpc-280-KIT-62500670.png,slightly dense,some rouleaux,4,2,KIT-62500670,280,train,,,,0.3123767857,168.0,0.6123599556,0.1210897511,4.014083986,95.0927073,0.1884733418,0.1271855623,0.4494918857,0.6465788633,dense,0.5947771477,rouleaux,False
tanzania-combinedv3/dpc-284-KIT-62500670.png,tanzania-combinedv3,dpc-284-KIT-62500670.png,gs://tanzania_02032026/TZ2025-Box1/KIT-62500670/dpc-284-KIT-62500670.png,few cells,no rouleaux,1,0,KIT-62500670,284,train,,,,0.005619515306,172.0,0.4205600577,0.003256171625,2.353847198,4.94114656,0.002240178571,0.0880236787,0.4251755974,0.07225750731,sparser,0.09783743943,no rouleaux,True
tanzania-combinedv3/dpc-288-KIT-62500670.png,tanzania-combinedv3,dpc-288-KIT-62500670.png,gs://tanzania_02032026/TZ2025-Box1/KIT-62500670/dpc-288-KIT-62500670.png,no cells,no rouleaux,0,0,KIT-62500670,288,train,,,,0.009827168367,169.0,0.4453548229,0.00545059154,2.253359858,5.580561912,0.003311479592,0.07809067317,0.2242945554,0.02646038841,sparser,0.03512651484,no rouleaux,True
tanzania-combinedv3/dpc-292-KIT-62500670.png,tanzania-combinedv3,dpc-292-KIT-62500670.png,gs://tanzania_02032026/TZ2025-Box1/KIT-62500670/dpc-292-KIT-62500670.png,monolayer,no rouleaux,3,0,KIT-62500670,292,train,,,,0.402677551,164.0,0.5493688237,0.1814590585,4.124252105,63.7209413,0.1449123724,0.1231906672,0.2952833676,0.7024036289,dense,0.6685731016,heavy rouleaux,False
tanzania-combinedv3/dpc-296-KIT-62500670.png,tanzania-combinedv3,dpc-296-KIT-62500670.png,gs://tanzania_02032026/TZ2025-Box1/KIT-62500670/dpc-296-KIT-62500670.png,slightly dense,slight rouleaux,4,1,KIT-62500670,296,train,,,,0.2882664541,169.0,0.6110854378,0.1121110218,3.929721937,110.6442913,0.1994100765,0.1774934948,0.5327395142,0.6446853368,dense,0.6030621804,rouleaux,False
tanzania-combinedv3/dpc-300-KIT-62500670.png,tanzania-combinedv3,dpc-300-KIT-62500670.png,gs://tanzania_02032026/TZ2025-Box1/KIT-62500670/dpc-300-KIT-62500670.png,dense,some rouleaux,5,2,KIT-62500670,300,train,,,,0.3333218112,167.0,0.6073968246,0.1308632015,4.033508232,93.11763039,0.1973284439,0.1546908161,0.6397411619,0.7265495517,very dense,0.693888007,heavy rouleaux,False
tanzania-combinedv3/dpc-304-KIT-62500670.png,tanzania-combinedv3,dpc-304-KIT-62500670.png,gs://tanzania_02032026/TZ2025-Box1/KIT-62500670/dpc-304-KIT-62500670.png,no cells,no rouleaux,0,0,KIT-62500670,304,train,,,,0.3241982143,160.0,0.5175763532,0.1564008848,2.1510342,3.960601075,0.0004237244898,0.03632492609,0.05991400675,0.371636131,monolayer,0.4092265619,slight rouleaux,False
tanzania-combinedv3/dpc-308-KIT-62500670.png,tanzania-combinedv3,dpc-308-KIT-62500670.png,gs://tanzania_02032026/TZ2025-Box1/KIT-62500670/dpc-308-KIT-62500670.png,monolayer,no rouleaux,3,0,KIT-62500670,308,train,,,,0.2910019133,165.0,0.5430369059,0.1329771347,3.763292514,23.11306407,0.03631084184,0.06398635886,0.1452695203,0.357023463,monolayer,0.3485279736,no rouleaux,False
tanzania-combinedv3/dpc-312-KIT-62500670.png,tanzania-combinedv3,dpc-312-KIT-62500670.png,gs://tanzania_02032026/TZ2025-Box1/KIT-62500670/dpc-312-KIT-62500670.png,slightly dense,slight rouleaux,4,1,KIT-62500670,312,train,,,Overexposed,0.4050668367,165.0,0.584160884,0.1684426353,4.020531228,132.6381816,0.2098404337,0.09252439677,0.1741200271,0.7136907026,very dense,0.6563194532,rouleaux,False
tanzania-combinedv3/dpc-316-KIT-62500670.png,tanzania-combinedv3,dpc-316-KIT-62500670.png,gs://tanzania_02032026/TZ2025-Box1/KIT-62500670/dpc-316-KIT-62500670.png,slightly dense,some rouleaux,4,2,KIT-62500670,316,train,,,,0.3283267857,167.0,0.6115149138,0.1275500596,4.028004766,91.14562015,0.1901017857,0.1070437188,0.3854661113,0.6484119747,dense,0.5922905483,rouleaux,False
tanzania-combinedv3/dpc-319-KIT-62500670.png,tanzania-combinedv3,dpc-319-KIT-62500670.png,gs://tanzania_02032026/TZ2025-Box1/KIT-62500670/dpc-319-KIT-62500670.png,slightly dense,some rouleaux,4,2,KIT-62500670,319,train,,,,0.2518478316,168.0,0.5826065859,0.1051196263,3.844464662,60.60568747,0.1426539541,0.2580061618,0.5556258771,0.562023939,slightly dense,0.5427047451,some rouleaux,False
tanzania-combinedv3/dpc-324-KIT-62500670.png,tanzania-combinedv3,dpc-324-KIT-62500670.png,gs://tanzania_02032026/TZ2025-Box1/KIT-62500670/dpc-324-KIT-62500670.png,no cells,no rouleaux,0,0,KIT-62500670,324,train,,,,0.008304719388,171.0,0.4101283341,0.00489871866,2.268179607,5.52348431,0.003187627551,0.06318203487,0.1888303994,0.01403215459,sparser,0.01938597556,no rouleaux,True
tanzania-combinedv3/dpc-001-KIT-62500909.png,tanzania-combinedv3,dpc-001-KIT-62500909.png,gs://tanzania_02032026/TZ2025-Box1/KIT-62500909/dpc-001-KIT-62500909.png,sparser,no rouleaux,2,0,KIT-62500909,1,train,,,,0.1332094388,170.0,0.5016597907,0.0663836196,3.418101187,27.16494257,0.06142780612,0.3528271879,1.589020978,0.3679728705,monolayer,0.4326353427,slight rouleaux,False
tanzania-combinedv3/dpc-004-KIT-62500909.png,tanzania-combinedv3,dpc-004-KIT-62500909.png,gs://tanzania_02032026/TZ2025-Box1/KIT-62500909/dpc-004-KIT-62500909.png,sparser,no rouleaux,2,0,KIT-62500909,4,train,,,,0.07724923469,169.0,0.5470764322,0.03498799899,3.112560076,17.79435486,0.04443826531,0.1238995889,0.353782661,0.07827861059,sparser,0.09470008623,no rouleaux,False
tanzania-combinedv3/dpc-008-KIT-62500909.png,tanzania-combinedv3,dpc-008-KIT-62500909.png,gs://tanzania_02032026/TZ2025-Box1/KIT-62500909/dpc-008-KIT-62500909.png,sparser,no rouleaux,2,0,KIT-62500909,8,train,,,,0.0934619898,169.0,0.5520329793,0.04186788911,3.249493302,20.36761195,0.04790433673,0.1322537932,0.6727969156,0.1788119128,sparser,0.2161529083,no rouleaux,False
tanzania-combinedv3/dpc-012-KIT-62500909.png,tanzania-combinedv3,dpc-012-KIT-62500909.png,gs://tanzania_02032026/TZ2025-Box1/KIT-62500909/dpc-012-KIT-62500909.png,sparser,no rouleaux,2,0,KIT-62500909,12,train,,,,0.108705102,168.0,0.5498972018,0.0489284706,3.303542578,19.14994223,0.0438252551,0.09709264647,0.30404801,0.1139535011,sparser,0.119162602,no rouleaux,False
tanzania-combinedv3/dpc-016-KIT-62500909.png,tanzania-combinedv3,dpc-016-KIT-62500909.png,gs://tanzania_02032026/TZ2025-Box1/KIT-62500909/dpc-016-KIT-62500909.png,sparser,no rouleaux,2,0,KIT-62500909,16,train,,,,0.09915841837,168.0,0.560516491,0.04357848965,3.216184797,16.69227469,0.03519183673,0.09417771252,0.2522305886,0.08312494457,sparser,0.08601903033,no rouleaux,False
tanzania-combinedv3/dpc-020-KIT-62500909.png,tanzania-combinedv3,dpc-020-KIT-62500909.png,gs://tanzania_02032026/TZ2025-Box1/KIT-62500909/dpc-020-KIT-62500909.png,sparser,no rouleaux,2,0,KIT-62500909,20,train,,,,0.05953380102,170.0,0.5400615743,0.02738188272,3.035534715,17.25733901,0.03963431122,0.1724601101,0.4726962272,0.1137410834,sparser,0.1418089425,no rouleaux,False
tanzania-combinedv3/dpc-024-KIT-62500909.png,tanzania-combinedv3,dpc-024-KIT-62500909.png,gs://tanzania_02032026/TZ2025-Box1/KIT-62500909/dpc-024-KIT-62500909.png,sparser,no rouleaux,2,0,KIT-62500909,24,train,,,,0.03879566327,170.0,0.5445940718,0.01766777504,2.756863576,12.01312062,0.02622487245,0.123178053,0.2676689573,0.054761209,sparser,0.06390953498,no rouleaux,False
tanzania-combinedv3/dpc-028-KIT-62500909.png,tanzania-combinedv3,dpc-028-KIT-62500909.png,gs://tanzania_02032026/TZ2025-Box1/KIT-62500909/dpc-028-KIT-62500909.png,sparser,no rouleaux,2,0,KIT-62500909,28,train,,,,0.05436581633,170.0,0.5409327144,0.02495756773,2.916771437,15.19964319,0.03480357143,0.09204269482,0.2403777223,0.0381517339,sparser,0.04481731861,no rouleaux,False
tanzania-combinedv3/dpc-032-KIT-62500909.png,tanzania-combinedv3,dpc-032-KIT-62500909.png,gs://tanzania_02032026/TZ2025-Box1/KIT-62500909/dpc-032-KIT-62500909.png,sparser,no rouleaux,2,0,KIT-62500909,32,train,,,,0.06700612245,169.0,0.5354350628,0.03112869507,3.025515491,16.3324993,0.03488278061,0.1351900259,0.2798122082,0.05991144628,sparser,0.07175091097,no rouleaux,False
tanzania-combinedv3/dpc-036-KIT-62500909.png,tanzania-combinedv3,dpc-036-KIT-62500909.png,gs://tanzania_02032026/TZ2025-Box1/KIT-62500909/dpc-036-KIT-62500909.png,sparser,no rouleaux,2,0,KIT-62500909,36,train,,,Overexposed,0.07681875,169.0,0.5485118044,0.03468275882,3.071997821,18.47020041,0.03842232143,0.137681538,0.363818767,0.08437078494,sparser,0.1016703315,no rouleaux,False
tanzania-combinedv3/dpc-040-KIT-62500909.png,tanzania-combinedv3,dpc-040-KIT-62500909.png,gs://tanzania_02032026/TZ2025-Box1/KIT-62500909/dpc-040-KIT-62500909.png,sparser,no rouleaux,2,0,KIT-62500909,40,train,,,,0.05479630102,170.0,0.5530929398,0.0244888538,2.965888116,17.03416467,0.0392057398,0.1753276337,0.4780413912,0.1177906196,sparser,0.1444016017,no rouleaux,False
tanzania-combinedv3/dpc-044-KIT-62500909.png,tanzania-combinedv3,dpc-044-KIT-62500909.png,gs://tanzania_02032026/TZ2025-Box1/KIT-62500909/dpc-044-KIT-62500909.png,sparser,no rouleaux,2,0,KIT-62500909,44,train,low,,,0.03895280612,170.0,0.534031212,0.01815079186,2.803668587,13.1725655,0.02710752551,0.1896343857,0.8056211136,0.1889644893,sparser,0.2459939848,no rouleaux,False
tanzania-combinedv3/dpc-048-KIT-62500909.png,tanzania-combinedv3,dpc-048-KIT-62500909.png,gs://tanzania_02032026/TZ2025-Box1/KIT-62500909/dpc-048-KIT-62500909.png,sparser,no rouleaux,2,0,KIT-62500909,48,train,low,,,0.05383954082,169.0,0.5354108549,0.02501326624,2.935981157,14.48062335,0.03165522959,0.1001295634,0.3513098713,0.06346569338,sparser,0.08037147955,no rouleaux,False
tanzania-combinedv3/dpc-052-KIT-62500909.png,tanzania-combinedv3,dpc-052-KIT-62500909.png,gs://tanzania_02032026/TZ2025-Box1/KIT-62500909/dpc-052-KIT-62500909.png,sparser,no rouleaux,2,0,KIT-62500909,52,train,low,,,0.04374655612,169.0,0.5176468036,0.02110129118,2.778447968,13.30724313,0.02598686224,0.1183622226,0.4292546793,0.08329514358,sparser,0.109807873,no rouleaux,False
tanzania-combinedv3/dpc-056-KIT-62500909.png,tanzania-combinedv3,dpc-056-KIT-62500909.png,gs://tanzania_02032026/TZ2025-Box1/KIT-62500909/dpc-056-KIT-62500909.png,sparser,no rouleaux,2,0,KIT-62500909,56,train,low,,,0.05012397959,170.0,0.5517810387,0.02246651807,2.849188744,14.52019862,0.03235420918,0.2944768503,1.174312209,0.2534556038,sparser,0.3210599778,no rouleaux,False
tanzania-combinedv3/dpc-060-KIT-62500909.png,tanzania-combinedv3,dpc-060-KIT-62500909.png,gs://tanzania_02032026/TZ2025-Box1/KIT-62500909/dpc-060-KIT-62500909.png,sparser,no rouleaux,2,0,KIT-62500909,60,train,low,,,0.0305442602,169.0,0.5565640472,0.01354442313,2.597460909,9.232413389,0.01749107143,0.1796107608,0.7338217217,0.1738673919,sparser,0.2212819887,no rouleaux,False
tanzania-combinedv3/dpc-064-KIT-62500909.png,tanzania-combinedv3,dpc-064-KIT-62500909.png,gs://tanzania_02032026/TZ2025-Box1/KIT-62500909/dpc-064-KIT-62500909.png,few cells,no rouleaux,1,0,KIT-62500909,64,train,,,,0.02740153061,170.0,0.5618080605,0.01200712985,2.613641911,8.84554676,0.0152190051,0.1395301055,0.5407636785,0.1205663242,sparser,0.1501750768,no rouleaux,False
tanzania-combinedv3/dpc-068-KIT-62500909.png,tanzania-combinedv3,dpc-068-KIT-62500909.png,gs://tanzania_02032026/TZ2025-Box1/KIT-62500909/dpc-068-KIT-62500909.png,few cells,no rouleaux,1,0,KIT-62500909,68,train,,,,0.02075446429,169.0,0.5178065958,0.01000766579,2.524354445,7.233596715,0.01040178571,0.1117748034,0.4444426003,0.08435913722,sparser,0.1119444681,no rouleaux,False
tanzania-combinedv3/dpc-072-KIT-62500909.png,tanzania-combinedv3,dpc-072-KIT-62500909.png,gs://tanzania_02032026/TZ2025-Box1/KIT-62500909/dpc-072-KIT-62500909.png,few cells,no rouleaux,1,0,KIT-62500909,72,train,,,,0.006924107143,170.0,0.4363514225,0.003902763141,2.335469761,5.135156772,0.004003571429,0.05760479197,0.240443961,0.02449281019,sparser,0.03409425717,no rouleaux,True
tanzania-combinedv3/dpc-076-KIT-62500909.png,tanzania-combinedv3,dpc-076-KIT-62500909.png,gs://tanzania_02032026/TZ2025-Box1/KIT-62500909/dpc-076-KIT-62500909.png,sparser,no rouleaux,2,0,KIT-62500909,76,train,,,,0.03107168367,170.0,0.5040368517,0.01541041006,2.716901967,12.74325956,0.02374681122,0.218775824,0.7750157561,0.1894706395,sparser,0.2473204937,no rouleaux,True
tanzania-combinedv3/dpc-080-KIT-62500909.png,tanzania-combinedv3,dpc-080-KIT-62500909.png,gs://tanzania_02032026/TZ2025-Box1/KIT-62500909/dpc-080-KIT-62500909.png,few cells,no rouleaux,1,0,KIT-62500909,80,train,,,,0.01791862245,169.0,0.4445029622,0.009953741692,2.492791709,8.660787881,0.01176517857,0.2269470865,0.7786629464,0.1929402932,sparser,0.2512954362,no rouleaux,True
tanzania-combinedv3/dpc-086-KIT-62500909.png,tanzania-combinedv3,dpc-086-KIT-62500909.png,gs://tanzania_02032026/TZ2025-Box1/KIT-62500909/dpc-086-KIT-62500909.png,few cells,no rouleaux,1,0,KIT-62500909,86,train,,,,0.006079719388,169.0,0.4552334662,0.003312027657,2.29717601,4.821491522,0.003215688776,0.04746940006,0.1250626517,7.160155634e-05,sparser,9.967014224e-05,no rouleaux,True
tanzania-combinedv3/dpc-089-KIT-62500909.png,tanzania-combinedv3,dpc-089-KIT-62500909.png,gs://tanzania_02032026/TZ2025-Box1/KIT-62500909/dpc-089-KIT-62500909.png,few cells,no rouleaux,1,0,KIT-62500909,89,train,,,,0.006348469388,170.0,0.4480652901,0.00350394061,2.324004201,5.107340029,0.003940561224,0.06695161868,0.3579716407,0.05107651388,sparser,0.07055776256,no rouleaux,True
tanzania-combinedv3/dpc-092-KIT-62500909.png,tanzania-combinedv3,dpc-092-KIT-62500909.png,gs://tanzania_02032026/TZ2025-Box1/KIT-62500909/dpc-092-KIT-62500909.png,sparser,no rouleaux,2,0,KIT-62500909,92,train,,,,0.04129145408,170.0,0.5272655406,0.01951989322,2.855783124,12.70087174,0.02493660714,0.1416351249,0.3874748044,0.08359079994,sparser,0.1057590258,no rouleaux,False
tanzania-combinedv3/dpc-096-KIT-62500909.png,tanzania-combinedv3,dpc-096-KIT-62500909.png,gs://tanzania_02032026/TZ2025-Box1/KIT-62500909/dpc-096-KIT-62500909.png,sparser,no rouleaux,2,0,KIT-62500909,96,train,,,,0.0567815051,169.0,0.5654478005,0.02467452793,2.898167526,15.56958589,0.03640829082,0.1438223417,0.3341292633,0.07879851112,sparser,0.09081827461,no rouleaux,False
tanzania-combinedv3/dpc-100-KIT-62500909.png,tanzania-combinedv3,dpc-100-KIT-62500909.png,gs://tanzania_02032026/TZ2025-Box1/KIT-62500909/dpc-100-KIT-62500909.png,sparser,no rouleaux,2,0,KIT-62500909,100,train,,,,0.02411938776,170.0,0.5704710122,0.01035997621,2.590097052,9.318648275,0.01687270408,0.1638658527,0.4945738867,0.1201348862,sparser,0.145204199,no rouleaux,False
tanzania-combinedv3/dpc-104-KIT-62500909.png,tanzania-combinedv3,dpc-104-KIT-62500909.png,gs://tanzania_02032026/TZ2025-Box1/KIT-62500909/dpc-104-KIT-62500909.png,sparser,no rouleaux,2,0,KIT-62500909,104,train,low,,,0.03092461735,170.0,0.5353311818,0.01436970539,2.684093108,12.12313206,0.02284872449,0.1920106296,0.5780541618,0.1417796317,sparser,0.1797897885,no rouleaux,False
tanzania-combinedv3/dpc-108-KIT-62500909.png,tanzania-combinedv3,dpc-108-KIT-62500909.png,gs://tanzania_02032026/TZ2025-Box1/KIT-62500909/dpc-108-KIT-62500909.png,sparser,no rouleaux,2,0,KIT-62500909,108,train,low,,,0.04252704082,170.0,0.5240220651,0.02024193306,2.761341129,14.45693435,0.02729017857,0.3109534079,0.8801453883,0.2432766443,sparser,0.3110129437,no rouleaux,False
tanzania-combinedv3/dpc-112-KIT-62500909.png,tanzania-combinedv3,dpc-112-KIT-62500909.png,gs://tanzania_02032026/TZ2025-Box1/KIT-62500909/dpc-112-KIT-62500909.png,few cells,no rouleaux,1,0,KIT-62500909,112,train,,,,0.02397704082,169.0,0.4944451421,0.01212170946,2.60119877,7.706711709,0.008790306122,0.1234923128,0.4859618858,0.0968331171,sparser,0.1283363328,no rouleaux,True
tanzania-combinedv3/dpc-116-KIT-62500909.png,tanzania-combinedv3,dpc-116-KIT-62500909.png,gs://tanzania_02032026/TZ2025-Box1/KIT-62500909/dpc-116-KIT-62500909.png,few cells,no rouleaux,1,0,KIT-62500909,116,train,,,,0.008953316327,170.0,0.5011419955,0.004466433516,2.348986798,5.704906411,0.005896683673,0.0934606622,0.45298617,0.07993879011,sparser,0.1079610675,no rouleaux,True
tanzania-combinedv3/dpc-120-KIT-62500909.png,tanzania-combinedv3,dpc-120-KIT-62500909.png,gs://tanzania_02032026/TZ2025-Box1/KIT-62500909/dpc-120-KIT-62500909.png,few cells,no rouleaux,1,0,KIT-62500909,120,train,,,,0.01116594388,169.0,0.4903017153,0.005691262441,2.376866267,5.70718592,0.005704719388,0.06855819391,0.1712086177,0.01207730161,sparser,0.01610236145,no rouleaux,True
tanzania-combinedv3/dpc-124-KIT-62500909.png,tanzania-combinedv3,dpc-124-KIT-62500909.png,gs://tanzania_02032026/TZ2025-Box1/KIT-62500909/dpc-124-KIT-62500909.png,few cells,no rouleaux,1,0,KIT-62500909,124,train,,,,0.01070829082,170.0,0.4865184513,0.005498509753,2.443224782,6.216077829,0.007591326531,0.07948393766,0.2402013377,0.03028714229,sparser,0.04030763857,no rouleaux,True
tanzania-combinedv3/dpc-128-KIT-62500909.png,tanzania-combinedv3,dpc-128-KIT-62500909.png,gs://tanzania_02032026/TZ2025-Box1/KIT-62500909/dpc-128-KIT-62500909.png,sparser,no rouleaux,2,0,KIT-62500909,128,train,,,,0.07258609694,169.0,0.511302456,0.0354726473,3.124762394,18.75437492,0.04072908163,0.2807497371,1.03088134,0.2466638898,sparser,0.3195257875,no rouleaux,True
tanzania-combinedv3/dpc-132-KIT-62500909.png,tanzania-combinedv3,dpc-132-KIT-62500909.png,gs://tanzania_02032026/TZ2025-Box1/KIT-62500909/dpc-132-KIT-62500909.png,sparser,no rouleaux,2,0,KIT-62500909,132,train,,,,0.1131081633,169.0,0.5573473588,0.05006762721,3.347757867,33.68437282,0.07322933673,0.398815985,1.065630734,0.3480085969,monolayer,0.4024780657,slight rouleaux,False
tanzania-combinedv3/dpc-136-KIT-62500909.png,tanzania-combinedv3,dpc-136-KIT-62500909.png,gs://tanzania_02032026/TZ2025-Box1/KIT-62500909/dpc-136-KIT-62500909.png,sparser,no rouleaux,2,0,KIT-62500909,136,train,low,,,0.05326109694,169.0,0.5634716006,0.0232499814,2.818858703,12.35892652,0.02529706633,0.2320109208,0.9488722114,0.2346014358,sparser,0.2988877891,no rouleaux,False
tanzania-combinedv3/dpc-143-KIT-62500909.png,tanzania-combinedv3,dpc-143-KIT-62500909.png,gs://tanzania_02032026/TZ2025-Box1/KIT-62500909/dpc-143-KIT-62500909.png,few cells,no rouleaux,1,0,KIT-62500909,143,train,,,,0.003730739796,170.0,0.4304030132,0.002125018146,2.270689891,4.614558103,0.002495535714,0.04153589086,0.1198212166,0,sparser,0,no rouleaux,True
tanzania-combinedv3/dpc-144-KIT-62500909.png,tanzania-combinedv3,dpc-144-KIT-62500909.png,gs://tanzania_02032026/TZ2025-Box1/KIT-62500909/dpc-144-KIT-62500909.png,few cells,no rouleaux,1,0,KIT-62500909,144,train,,,,0.007060459184,169.0,0.4516643658,0.003871501365,2.358568122,5.32181855,0.00463622449,0.06139152823,0.1699358417,0.00956930565,sparser,0.01332057715,no rouleaux,True
tanzania-combinedv3/dpc-148-KIT-62500909.png,tanzania-combinedv3,dpc-148-KIT-62500909.png,gs://tanzania_02032026/TZ2025-Box1/KIT-62500909/dpc-148-KIT-62500909.png,sparser,no rouleaux,2,0,KIT-62500909,148,train,low,,,0.05565931122,169.0,0.5451814187,0.02531488897,2.899948992,14.55893237,0.03031390306,0.312681119,1.531618048,0.2579717828,sparser,0.3269889129,no rouleaux,False
tanzania-combinedv3/dpc-152-KIT-62500909.png,tanzania-combinedv3,dpc-152-KIT-62500909.png,gs://tanzania_02032026/TZ2025-Box1/KIT-62500909/dpc-152-KIT-62500909.png,few cells,no rouleaux,1,0,KIT-62500909,152,train,,,,0.01335816327,169.0,0.5064233981,0.006593276833,2.421972577,6.255571987,0.007451658163,0.05865481114,0.1400333774,0.003240253547,sparser,0.004510468046,no rouleaux,True
tanzania-combinedv3/dpc-156-KIT-62500909.png,tanzania-combinedv3,dpc-156-KIT-62500909.png,gs://tanzania_02032026/TZ2025-Box1/KIT-62500909/dpc-156-KIT-62500909.png,sparser,no rouleaux,2,0,KIT-62500909,156,train,low,,,0.02431390306,169.0,0.5286888184,0.01145941438,2.576738297,8.528510773,0.01443647959,0.09624447641,0.2875044223,0.04766124229,sparser,0.06019358934,no rouleaux,False
tanzania-combinedv3/dpc-160-KIT-62500909.png,tanzania-combinedv3,dpc-160-KIT-62500909.png,gs://tanzania_02032026/TZ2025-Box1/KIT-62500909/dpc-160-KIT-62500909.png,sparser,no rouleaux,2,0,KIT-62500909,160,train,,,,0.04214438776,168.0,0.4955914287,0.02125799042,2.819534852,10.7606644,0.01811964286,0.1518118511,0.5516382542,0.1200835056,sparser,0.1577384207,no rouleaux,True
tanzania-combinedv3/dpc-164-KIT-62500909.png,tanzania-combinedv3,dpc-164-KIT-62500909.png,gs://tanzania_02032026/TZ2025-Box1/KIT-62500909/dpc-164-KIT-62500909.png,sparser,no rouleaux,2,0,KIT-62500909,164,train,,,,0.1025603316,169.0,0.5776056389,0.04332090575,3.280917799,25.22422899,0.06185497449,0.4051643184,1.387588181,0.3093686577,monolayer,0.3668382905,no rouleaux,False
tanzania-combinedv3/dpc-168-KIT-62500909.png,tanzania-combinedv3,dpc-168-KIT-62500909.png,gs://tanzania_02032026/TZ2025-Box1/KIT-62500909/dpc-168-KIT-62500909.png,sparser,no rouleaux,2,0,KIT-62500909,168,train,low,,,0.01937308673,170.0,0.5725505088,0.008281016068,2.476198818,8.031190635,0.01331862245,0.1063475851,0.3540946069,0.07172676047,sparser,0.08339901871,no rouleaux,False
tanzania-combinedv3/dpc-172-KIT-62500909.png,tanzania-combinedv3,dpc-172-KIT-62500909.png,gs://tanzania_02032026/TZ2025-Box1/KIT-62500909/dpc-172-KIT-62500909.png,sparser,no rouleaux,2,0,KIT-62500909,172,train,,,,0.05343596939,168.0,0.5642927254,0.02328244059,2.799646432,11.28174143,0.0238559949,0.08517000322,0.2540734917,0.04231565388,sparser,0.04641302679,no rouleaux,False
tanzania-combinedv3/dpc-176-KIT-62500909.png,tanzania-combinedv3,dpc-176-KIT-62500909.png,gs://tanzania_02032026/TZ2025-Box1/KIT-62500909/dpc-176-KIT-62500909.png,sparser,no rouleaux,2,0,KIT-62500909,176,train,low,,,0.05016403061,169.0,0.5542383813,0.02236119949,2.878071617,13.23355324,0.02682895408,0.181267037,0.5604277643,0.1373623913,sparser,0.1707831326,no rouleaux,False
tanzania-combinedv3/dpc-180-KIT-62500909.png,tanzania-combinedv3,dpc-180-KIT-62500909.png,gs://tanzania_02032026/TZ2025-Box1/KIT-62500909/dpc-180-KIT-62500909.png,sparser,no rouleaux,2,0,KIT-62500909,180,train,low,,,0.04674719388,169.0,0.5605941661,0.02054098971,2.793132508,12.68260114,0.02539706633,0.1770461741,0.5290354483,0.1302860638,sparser,0.1600358822,no rouleaux,False
tanzania-combinedv3/dpc-184-KIT-62500909.png,tanzania-combinedv3,dpc-184-KIT-62500909.png,gs://tanzania_02032026/TZ2025-Box1/KIT-62500909/dpc-184-KIT-62500909.png,sparser,no rouleaux,2,0,KIT-62500909,184,train,,,,0.07774936224,168.0,0.5613902725,0.03410162659,3.049337989,16.11957039,0.03996632653,0.154929405,0.4720601701,0.1145323098,sparser,0.1392729773,no rouleaux,False
tanzania-combinedv3/dpc-188-KIT-62500909.png,tanzania-combinedv3,dpc-188-KIT-62500909.png,gs://tanzania_02032026/TZ2025-Box1/KIT-62500909/dpc-188-KIT-62500909.png,sparser,no rouleaux,2,0,KIT-62500909,188,train,,,,0.09883329082,168.0,0.5825884365,0.04125415845,3.20964551,20.49504541,0.05232908163,0.1069213762,0.4190308277,0.1214076069,sparser,0.135126026,no rouleaux,False
tanzania-combinedv3/dpc-192-KIT-62500909.png,tanzania-combinedv3,dpc-192-KIT-62500909.png,gs://tanzania_02032026/TZ2025-Box1/KIT-62500909/dpc-192-KIT-62500909.png,sparser,no rouleaux,2,0,KIT-62500909,192,train,,,,0.07682818878,169.0,0.5615736955,0.03368349889,3.077069887,17.68079324,0.04317283163,0.1094698572,0.2733385151,0.05618215483,sparser,0.06314564023,no rouleaux,False
tanzania-combinedv3/dpc-196-KIT-62500909.png,tanzania-combinedv3,dpc-196-KIT-62500909.png,gs://tanzania_02032026/TZ2025-Box1/KIT-62500909/dpc-196-KIT-62500909.png,sparser,no rouleaux,2,0,KIT-62500909,196,train,,,,0.06623737245,169.0,0.552025145,0.02967267732,3.05902417,17.72224611,0.03856977041,0.1319272686,0.2422668505,0.0533974348,sparser,0.05953087913,no rouleaux,False
tanzania-combinedv3/dpc-200-KIT-62500909.png,tanzania-combinedv3,dpc-200-KIT-62500909.png,gs://tanzania_02032026/TZ2025-Box1/KIT-62500909/dpc-200-KIT-62500909.png,monolayer,no rouleaux,3,0,KIT-62500909,200,train,,,,0.1241355867,169.0,0.5820565382,0.05188165686,3.489615934,29.46907891,0.07882155612,0.1731593802,0.3365538205,0.1967566397,sparser,0.1839619311,no rouleaux,False
tanzania-combinedv3/dpc-204-KIT-62500909.png,tanzania-combinedv3,dpc-204-KIT-62500909.png,gs://tanzania_02032026/TZ2025-Box1/KIT-62500909/dpc-204-KIT-62500909.png,monolayer,no rouleaux,3,0,KIT-62500909,204,train,,,,0.1208521684,169.0,0.5798399393,0.0507772544,3.515807069,29.16675741,0.07582869898,0.134866129,0.3209472917,0.1751920247,sparser,0.1597958272,no rouleaux,False
tanzania-combinedv3/dpc-208-KIT-62500909.png,tanzania-combinedv3,dpc-208-KIT-62500909.png,gs://tanzania_02032026/TZ2025-Box1/KIT-62500909/dpc-208-KIT-62500909.png,monolayer,no rouleaux,3,0,KIT-62500909,208,train,,,,0.1204502551,169.0,0.5615659366,0.05280949478,3.489836281,31.22407614,0.07651811224,0.1917023783,0.3365699538,0.1996935001,sparser,0.1916256221,no rouleaux,False
tanzania-combinedv3/dpc-212-KIT-62500909.png,tanzania-combinedv3,dpc-212-KIT-62500909.png,gs://tanzania_02032026/TZ2025-Box1/KIT-62500909/dpc-212-KIT-62500909.png,monolayer,no rouleaux,3,0,KIT-62500909,212,train,low,,,0.1117860969,169.0,0.5670548488,0.04839724864,3.403003102,29.08266814,0.07305701531,0.1609171395,0.4066351289,0.1810108604,sparser,0.1821987227,no rouleaux,False
tanzania-combinedv3/dpc-216-KIT-62500909.png,tanzania-combinedv3,dpc-216-KIT-62500909.png,gs://tanzania_02032026/TZ2025-Box1/KIT-62500909/dpc-216-KIT-62500909.png,sparser,no rouleaux,2,0,KIT-62500909,216,train,,,,0.1053919643,169.0,0.5682549115,0.04550246295,3.319779965,28.36733132,0.06693788265,0.1681959917,0.2570229773,0.1319561291,sparser,0.1273726664,no rouleaux,False
tanzania-combinedv3/dpc-220-KIT-62500909.png,tanzania-combinedv3,dpc-220-KIT-62500909.png,gs://tanzania_02032026/TZ2025-Box1/KIT-62500909/dpc-220-KIT-62500909.png,monolayer,no rouleaux,3,0,KIT-62500909,220,train,,,,0.1304151786,169.0,0.5900043137,0.05346966065,3.51725512,30.68036732,0.07815816327,0.1862713994,0.2687120606,0.1975650856,sparser,0.1778279235,no rouleaux,False
tanzania-combinedv3/dpc-224-KIT-62500909.png,tanzania-combinedv3,dpc-224-KIT-62500909.png,gs://tanzania_02032026/TZ2025-Box1/KIT-62500909/dpc-224-KIT-62500909.png,monolayer,no rouleaux,3,0,KIT-62500909,224,train,,,,0.1700390306,167.0,0.5318618776,0.07960175252,3.671260868,28.07722591,0.06020471939,0.3445987925,0.5154991688,0.3434628276,monolayer,0.361501528,no rouleaux,False
tanzania-combinedv3/dpc-228-KIT-62500909.png,tanzania-combinedv3,dpc-228-KIT-62500909.png,gs://tanzania_02032026/TZ2025-Box1/KIT-62500909/dpc-228-KIT-62500909.png,monolayer,no rouleaux,3,0,KIT-62500909,228,train,,,,0.1473201531,167.0,0.512361844,0.07183892778,3.569379875,24.0378971,0.04940446429,0.3281687753,0.4207365504,0.2841910805,sparser,0.30002091,no rouleaux,False
tanzania-combinedv3/dpc-232-KIT-62500909.png,tanzania-combinedv3,dpc-232-KIT-62500909.png,gs://tanzania_02032026/TZ2025-Box1/KIT-62500909/dpc-232-KIT-62500909.png,sparser,no rouleaux,2,0,KIT-62500909,232,train,,,,0.113155102,169.0,0.5589225428,0.04991016467,3.440262299,31.35734379,0.07531517857,0.2035504418,0.3960778203,0.2024131029,sparser,0.2024930951,no rouleaux,False
tanzania-combinedv3/dpc-236-KIT-62500909.png,tanzania-combinedv3,dpc-236-KIT-62500909.png,gs://tanzania_02032026/TZ2025-Box1/KIT-62500909/dpc-236-KIT-62500909.png,monolayer,no rouleaux,3,0,KIT-62500909,236,train,,,,0.1301952806,168.0,0.580494673,0.05461761377,3.450516555,28.74832746,0.06973622449,0.2378855449,0.3582379148,0.2204066149,sparser,0.2183920816,no rouleaux,False
tanzania-combinedv3/dpc-240-KIT-62500909.png,tanzania-combinedv3,dpc-240-KIT-62500909.png,gs://tanzania_02032026/TZ2025-Box1/KIT-62500909/dpc-240-KIT-62500909.png,monolayer,no rouleaux,3,0,KIT-62500909,240,train,,,Unfocused,0.2190933673,165.0,0.5172702873,0.1057628783,3.647996852,18.57713447,0.03336594388,0.3764897283,0.9528641557,0.5019136964,slightly dense,0.5661704435,rouleaux,False
tanzania-combinedv3/dpc-244-KIT-62500909.png,tanzania-combinedv3,dpc-244-KIT-62500909.png,gs://tanzania_02032026/TZ2025-Box1/KIT-62500909/dpc-244-KIT-62500909.png,monolayer,no rouleaux,3,0,KIT-62500909,244,train,,,Unfocused,0.3401697704,163.0,0.5368126899,0.1575623209,3.7066507,10.50710248,0.006064668367,0.2995659038,0.8631684079,0.6561664833,dense,0.7248757065,heavy rouleaux,False
tanzania-combinedv3/dpc-248-KIT-62500909.png,tanzania-combinedv3,dpc-248-KIT-62500909.png,gs://tanzania_02032026/TZ2025-Box1/KIT-62500909/dpc-248-KIT-62500909.png,monolayer,no rouleaux,3,0,KIT-62500909,248,train,low,,,0.1443316327,167.0,0.5249813337,0.06856021965,3.556574928,25.17574616,0.05342155612,0.3271335603,0.5149789057,0.2971145573,monolayer,0.3195299229,no rouleaux,False
tanzania-combinedv3/dpc-252-KIT-62500909.png,tanzania-combinedv3,dpc-252-KIT-62500909.png,gs://tanzania_02032026/TZ2025-Box1/KIT-62500909/dpc-252-KIT-62500909.png,monolayer,no rouleaux,3,0,KIT-62500909,252,train,low,,,0.1208530612,168.0,0.5321167601,0.05654512184,3.48856757,27.73201578,0.06105140306,0.3025373078,0.3341425793,0.2204203207,sparser,0.2263619122,no rouleaux,False
tanzania-combinedv3/dpc-256-KIT-62500909.png,tanzania-combinedv3,dpc-256-KIT-62500909.png,gs://tanzania_02032026/TZ2025-Box1/KIT-62500909/dpc-256-KIT-62500909.png,monolayer,no rouleaux,3,0,KIT-62500909,256,train,,,,0.1525352041,167.0,0.5581894268,0.06739166595,3.52327286,27.16357515,0.05929170918,0.3025236195,0.5071260343,0.2997904087,monolayer,0.3188162929,no rouleaux,False
tanzania-combinedv3/dpc-260-KIT-62500909.png,tanzania-combinedv3,dpc-260-KIT-62500909.png,gs://tanzania_02032026/TZ2025-Box1/KIT-62500909/dpc-260-KIT-62500909.png,monolayer,no rouleaux,3,0,KIT-62500909,260,train,,,Unfocused,0.4190313776,162.0,0.5690779301,0.1805698686,3.63788228,6.538899014,0.0001556122449,0.1456592819,0.4204063104,0.5984284932,dense,0.6348919384,rouleaux,False
tanzania-combinedv3/dpc-264-KIT-62500909.png,tanzania-combinedv3,dpc-264-KIT-62500909.png,gs://tanzania_02032026/TZ2025-Box1/KIT-62500909/dpc-264-KIT-62500909.png,monolayer,no rouleaux,3,0,KIT-62500909,264,train,,,Unfocused,0.3187392857,163.0,0.5173221782,0.1538483841,3.68979678,12.37182549,0.01278278061,0.3545872691,1.086816736,0.6508769574,dense,0.7275279872,heavy rouleaux,False
tanzania-combinedv3/dpc-268-KIT-62500909.png,tanzania-combinedv3,dpc-268-KIT-62500909.png,gs://tanzania_02032026/TZ2025-Box1/KIT-62500909/dpc-268-KIT-62500909.png,monolayer,no rouleaux,3,0,KIT-62500909,268,train,low,,,0.1078284439,169.0,0.541852189,0.04940136553,3.466557426,28.11061242,0.06654821429,0.2844007042,0.3825259713,0.209180369,sparser,0.214057296,no rouleaux,False
tanzania-combinedv3/dpc-272-KIT-62500909.png,tanzania-combinedv3,dpc-272-KIT-62500909.png,gs://tanzania_02032026/TZ2025-Box1/KIT-62500909/dpc-272-KIT-62500909.png,monolayer,no rouleaux,3,0,KIT-62500909,272,train,,,,0.1556168367,167.0,0.5687382381,0.06711159119,3.480756929,28.75446362,0.06722206633,0.2566664864,0.4084979076,0.273013533,sparser,0.2805681853,no rouleaux,False
tanzania-combinedv3/dpc-276-KIT-62500909.png,tanzania-combinedv3,dpc-276-KIT-62500909.png,gs://tanzania_02032026/TZ2025-Box1/KIT-62500909/dpc-276-KIT-62500909.png,monolayer,no rouleaux,3,0,KIT-62500909,276,train,,,,0.2256808673,165.0,0.5222352521,0.1078223627,3.673389597,21.85918839,0.04215433673,0.3760619421,0.7356017799,0.4699363765,slightly dense,0.5162722791,some rouleaux,False
tanzania-combinedv3/dpc-280-KIT-62500909.png,tanzania-combinedv3,dpc-280-KIT-62500909.png,gs://tanzania_02032026/TZ2025-Box1/KIT-62500909/dpc-280-KIT-62500909.png,monolayer,no rouleaux,3,0,KIT-62500909,280,train,,,Unfocused,0.420590051,162.0,0.5971090979,0.1694519051,3.42998822,4.979877062,0.0,0.07891039703,0.1863954648,0.5049603475,slightly dense,0.5272842712,some rouleaux,False
tanzania-combinedv3/dpc-284-KIT-62500909.png,tanzania-combinedv3,dpc-284-KIT-62500909.png,gs://tanzania_02032026/TZ2025-Box1/KIT-62500909/dpc-284-KIT-62500909.png,monolayer,no rouleaux,3,0,KIT-62500909,284,train,low,,,0.1166753827,169.0,0.5722810867,0.04990426788,3.480667727,29.79502597,0.07359923469,0.2044157476,0.2927864932,0.1838899401,sparser,0.1717672266,no rouleaux,False
tanzania-combinedv3/dpc-288-KIT-62500909.png,tanzania-combinedv3,dpc-288-KIT-62500909.png,gs://tanzania_02032026/TZ2025-Box1/KIT-62500909/dpc-288-KIT-62500909.png,sparser,no rouleaux,2,0,KIT-62500909,288,train,,,,0.1040019133,168.0,0.5258034755,0.04931734581,3.431124575,20.96809405,0.04515395408,0.2865326971,0.4650073112,0.2121458502,sparser,0.2311590925,no rouleaux,False
tanzania-combinedv3/dpc-292-KIT-62500909.png,tanzania-combinedv3,dpc-292-KIT-62500909.png,gs://tanzania_02032026/TZ2025-Box1/KIT-62500909/dpc-292-KIT-62500909.png,monolayer,no rouleaux,3,0,KIT-62500909,292,train,,,,0.1674669643,167.0,0.544645792,0.07625678689,3.627387451,29.23414256,0.06559872449,0.3085220474,0.2526228959,0.2848938284,sparser,0.2788109198,no rouleaux,False
tanzania-combinedv3/dpc-296-KIT-62500909.png,tanzania-combinedv3,dpc-296-KIT-62500909.png,gs://tanzania_02032026/TZ2025-Box1/KIT-62500909/dpc-296-KIT-62500909.png,monolayer,no rouleaux,3,0,KIT-62500909,296,train,,,Unfocused,0.4243869898,162.0,0.5912145252,0.1734832371,3.674523694,6.187105486,2.321428571e-05,0.1087492127,0.3059560997,0.5631291325,slightly dense,0.5833426558,rouleaux,False
tanzania-combinedv3/dpc-300-KIT-62500909.png,tanzania-combinedv3,dpc-300-KIT-62500909.png,gs://tanzania_02032026/TZ2025-Box1/KIT-62500909/dpc-300-KIT-62500909.png,monolayer,no rouleaux,3,0,KIT-62500909,300,train,,,Unfocused,0.3295568878,163.0,0.5346396951,0.1533626938,3.710452636,11.32226407,0.009243877551,0.3244652753,1.152799848,0.6608854402,dense,0.7344255542,heavy rouleaux,False
tanzania-combinedv3/dpc-304-KIT-62500909.png,tanzania-combinedv3,dpc-304-KIT-62500909.png,gs://tanzania_02032026/TZ2025-Box1/KIT-62500909/dpc-304-KIT-62500909.png,sparser,no rouleaux,2,0,KIT-62500909,304,train,,,,0.1045989796,169.0,0.5732840104,0.04463405709,3.407561593,23.87174513,0.05870293367,0.1537059683,0.2151780709,0.1135845985,sparser,0.1021200064,no rouleaux,False
tanzania-combinedv3/dpc-308-KIT-62500909.png,tanzania-combinedv3,dpc-308-KIT-62500909.png,gs://tanzania_02032026/TZ2025-Box1/KIT-62500909/dpc-308-KIT-62500909.png,monolayer,no rouleaux,3,0,KIT-62500909,308,train,,,,0.274719898,164.0,0.5356045973,0.1275786576,3.644641225,22.83575209,0.04338877551,0.4152781891,1.176887445,0.57766641,slightly dense,0.646889945,rouleaux,False
tanzania-combinedv3/dpc-312-KIT-62500909.png,tanzania-combinedv3,dpc-312-KIT-62500909.png,gs://tanzania_02032026/TZ2025-Box1/KIT-62500909/dpc-312-KIT-62500909.png,monolayer,no rouleaux,3,0,KIT-62500909,312,train,,,,0.3933089286,162.0,0.5271649231,0.1859702575,3.818683743,13.15033288,0.01277079082,0.335138217,1.026463254,0.7496158256,very dense,0.8264402234,heavy rouleaux,False
tanzania-combinedv3/dpc-316-KIT-62500909.png,tanzania-combinedv3,dpc-316-KIT-62500909.png,gs://tanzania_02032026/TZ2025-Box1/KIT-62500909/dpc-316-KIT-62500909.png,monolayer,no rouleaux,3,0,KIT-62500909,316,train,,,Unfocused,0.3848446429,162.0,0.5826334323,0.1606212877,3.540888302,5.516278523,5.867346939e-06,0.08087575051,0.2269392213,0.4804411605,slightly dense,0.4977130105,some rouleaux,False
tanzania-combinedv3/dpc-320-KIT-62500909.png,tanzania-combinedv3,dpc-320-KIT-62500909.png,gs://tanzania_02032026/TZ2025-Box1/KIT-62500909/dpc-320-KIT-62500909.png,monolayer,no rouleaux,3,0,KIT-62500909,320,train,low,,,0.1451769133,167.0,0.5167155095,0.07016175055,3.56740238,22.12430776,0.04581237245,0.356156804,0.6461708604,0.3275571719,monolayer,0.3617730632,no rouleaux,False
tanzania-combinedv3/dpc-324-KIT-62500909.png,tanzania-combinedv3,dpc-324-KIT-62500909.png,gs://tanzania_02032026/TZ2025-Box1/KIT-62500909/dpc-324-KIT-62500909.png,sparser,no rouleaux,2,0,KIT-62500909,324,train,,,Unfocused,0.148652551,166.0,0.5057492382,0.07347163658,3.461632578,17.37330594,0.03333673469,0.2882175732,0.4745943518,0.2852387492,sparser,0.3117379011,no rouleaux,False
tanzania-combinedv3/dpc-001-KTR-72502904.png,tanzania-combinedv3,dpc-001-KTR-72502904.png,gs://tanzania_02032026/TZ2025-Box5/KTR-72502904/dpc-001-KTR-72502904.png,monolayer,no rouleaux,3,0,KTR-72502904,1,train,,,,0.1597585459,170.0,0.5565096246,0.0708513775,3.780321424,55.77504533,0.1233586735,0.08342730237,0.1961405062,0.2800714514,sparser,0.2299798726,no rouleaux,False
tanzania-combinedv3/dpc-004-KTR-72502904.png,tanzania-combinedv3,dpc-004-KTR-72502904.png,gs://tanzania_02032026/TZ2025-Box5/KTR-72502904/dpc-004-KTR-72502904.png,monolayer,no rouleaux,3,0,KTR-72502904,4,train,,,,0.1510737245,170.0,0.5412560073,0.06930416357,3.751933727,47.60288478,0.1093270408,0.0680798167,0.1388738342,0.2275478095,sparser,0.1803540143,no rouleaux,False
tanzania-combinedv3/dpc-008-KTR-72502904.png,tanzania-combinedv3,dpc-008-KTR-72502904.png,gs://tanzania_02032026/TZ2025-Box5/KTR-72502904/dpc-008-KTR-72502904.png,monolayer,no rouleaux,3,0,KTR-72502904,8,train,,,,0.1265568878,171.0,0.5755395764,0.05371839019,3.674741426,46.12232218,0.1110154337,0.0705550852,0.1968115264,0.1979782697,sparser,0.1498292434,no rouleaux,False
tanzania-combinedv3/dpc-012-KTR-72502904.png,tanzania-combinedv3,dpc-012-KTR-72502904.png,gs://tanzania_02032026/TZ2025-Box5/KTR-72502904/dpc-012-KTR-72502904.png,monolayer,no rouleaux,3,0,KTR-72502904,12,train,,,,0.1667660714,168.0,0.5642169546,0.07267382648,3.675859971,41.42496189,0.1063089286,0.05965538487,0.1302245812,0.2271007935,sparser,0.1821279599,no rouleaux,False
tanzania-combinedv3/dpc-016-KTR-72502904.png,tanzania-combinedv3,dpc-016-KTR-72502904.png,gs://tanzania_02032026/TZ2025-Box5/KTR-72502904/dpc-016-KTR-72502904.png,monolayer,no rouleaux,3,0,KTR-72502904,16,train,,,,0.1722817602,168.0,0.5495749029,0.07760002857,3.713083094,43.27861918,0.1063258929,0.07329823264,0.09729071639,0.2444143287,sparser,0.2007359314,no rouleaux,False
tanzania-combinedv3/dpc-020-KTR-72502904.png,tanzania-combinedv3,dpc-020-KTR-72502904.png,gs://tanzania_02032026/TZ2025-Box5/KTR-72502904/dpc-020-KTR-72502904.png,monolayer,no rouleaux,3,0,KTR-72502904,20,train,,,,0.1900631378,169.0,0.5384106681,0.08773111677,3.86861869,54.0079123,0.1181053571,0.06604897731,0.1153241778,0.3033642006,monolayer,0.2513238079,no rouleaux,False
tanzania-combinedv3/dpc-024-KTR-72502904.png,tanzania-combinedv3,dpc-024-KTR-72502904.png,gs://tanzania_02032026/TZ2025-Box5/KTR-72502904/dpc-024-KTR-72502904.png,monolayer,no rouleaux,3,0,KTR-72502904,24,train,,,,0.1733752551,169.0,0.5383767726,0.08003404481,3.795533301,48.16729515,0.1096655612,0.06221580455,0.1136524515,0.2585929824,sparser,0.2111871974,no rouleaux,False
tanzania-combinedv3/dpc-028-KTR-72502904.png,tanzania-combinedv3,dpc-028-KTR-72502904.png,gs://tanzania_02032026/TZ2025-Box5/KTR-72502904/dpc-028-KTR-72502904.png,monolayer,no rouleaux,3,0,KTR-72502904,28,train,,,,0.1302946429,171.0,0.5597555988,0.05736148703,3.685014355,47.61498869,0.1094920918,0.0589309092,0.1418912628,0.1912550453,sparser,0.1418716128,no rouleaux,False
tanzania-combinedv3/dpc-032-KTR-72502904.png,tanzania-combinedv3,dpc-032-KTR-72502904.png,gs://tanzania_02032026/TZ2025-Box5/KTR-72502904/dpc-032-KTR-72502904.png,monolayer,no rouleaux,3,0,KTR-72502904,32,train,,,,0.1288454082,170.0,0.5550183006,0.05733384868,3.63684107,42.36366823,0.1026869898,0.06238287671,0.1641896327,0.1785433127,sparser,0.1366754771,no rouleaux,False
tanzania-combinedv3/dpc-036-KTR-72502904.png,tanzania-combinedv3,dpc-036-KTR-72502904.png,gs://tanzania_02032026/TZ2025-Box5/KTR-72502904/dpc-036-KTR-72502904.png,monolayer,no rouleaux,3,0,KTR-72502904,36,train,,,,0.1709603316,168.0,0.5359119994,0.07934063848,3.705750454,43.40154567,0.1028015306,0.08370487617,0.2675519733,0.2750471184,sparser,0.2477409542,no rouleaux,False
tanzania-combinedv3/dpc-040-KTR-72502904.png,tanzania-combinedv3,dpc-040-KTR-72502904.png,gs://tanzania_02032026/TZ2025-Box5/KTR-72502904/dpc-040-KTR-72502904.png,monolayer,no rouleaux,3,0,KTR-72502904,40,train,,,,0.1816498724,168.0,0.5091290847,0.08916663916,3.837021283,37.90692285,0.08828482143,0.1046100425,0.2285772352,0.2826831895,sparser,0.2556539029,no rouleaux,False
tanzania-combinedv3/dpc-044-KTR-72502904.png,tanzania-combinedv3,dpc-044-KTR-72502904.png,gs://tanzania_02032026/TZ2025-Box5/KTR-72502904/dpc-044-KTR-72502904.png,monolayer,slight rouleaux,3,1,KTR-72502904,44,train,,,,0.1647344388,170.0,0.539161584,0.07591595783,3.851500876,53.78343635,0.1189028061,0.0849908153,0.1807680243,0.2843542186,sparser,0.2342248769,no rouleaux,False
tanzania-combinedv3/dpc-048-KTR-72502904.png,tanzania-combinedv3,dpc-048-KTR-72502904.png,gs://tanzania_02032026/TZ2025-Box5/KTR-72502904/dpc-048-KTR-72502904.png,monolayer,no rouleaux,3,0,KTR-72502904,48,train,,,,0.1947028061,168.0,0.5286211995,0.0917787752,3.884272036,50.27036332,0.1152395408,0.07369957137,0.2345691841,0.3307882457,monolayer,0.2902394128,no rouleaux,False
tanzania-combinedv3/dpc-052-KTR-72502904.png,tanzania-combinedv3,dpc-052-KTR-72502904.png,gs://tanzania_02032026/TZ2025-Box5/KTR-72502904/dpc-052-KTR-72502904.png,monolayer,no rouleaux,3,0,KTR-72502904,52,train,,,,0.174859949,168.0,0.5246462465,0.08312033309,3.768908526,43.70063327,0.1053607143,0.0801410971,0.1528768036,0.2631144863,sparser,0.2239292424,no rouleaux,False
tanzania-combinedv3/dpc-056-KTR-72502904.png,tanzania-combinedv3,dpc-056-KTR-72502904.png,gs://tanzania_02032026/TZ2025-Box5/KTR-72502904/dpc-056-KTR-72502904.png,monolayer,no rouleaux,3,0,KTR-72502904,56,train,low,,,0.114522449,170.0,0.5137856087,0.05568246282,3.533994188,37.68169947,0.08487028061,0.1173423114,0.2035890944,0.1599509182,sparser,0.1405022927,no rouleaux,False
tanzania-combinedv3/dpc-060-KTR-72502904.png,tanzania-combinedv3,dpc-060-KTR-72502904.png,gs://tanzania_02032026/TZ2025-Box5/KTR-72502904/dpc-060-KTR-72502904.png,sparser,no rouleaux,2,0,KTR-72502904,60,train,,,,0.108401148,170.0,0.5209853799,0.05192573471,3.516858855,34.80075994,0.08004936224,0.1118745239,0.1884798479,0.136184407,sparser,0.1163452018,no rouleaux,False
tanzania-combinedv3/dpc-064-KTR-72502904.png,tanzania-combinedv3,dpc-064-KTR-72502904.png,gs://tanzania_02032026/TZ2025-Box5/KTR-72502904/dpc-064-KTR-72502904.png,monolayer,no rouleaux,3,0,KTR-72502904,64,train,low,,,0.1074414541,171.0,0.5299912562,0.05049842286,3.572218738,39.46545519,0.08934451531,0.1473487007,0.740464613,0.2805391488,sparser,0.2990435792,no rouleaux,False
tanzania-combinedv3/dpc-068-KTR-72502904.png,tanzania-combinedv3,dpc-068-KTR-72502904.png,gs://tanzania_02032026/TZ2025-Box5/KTR-72502904/dpc-068-KTR-72502904.png,sparser,no rouleaux,2,0,KTR-72502904,68,train,,,,0.1226385204,169.0,0.5264408085,0.05807659857,3.524790041,35.51402514,0.08280063776,0.1153379265,0.318271591,0.1890341707,sparser,0.1796589446,no rouleaux,False
tanzania-combinedv3/dpc-072-KTR-72502904.png,tanzania-combinedv3,dpc-072-KTR-72502904.png,gs://tanzania_02032026/TZ2025-Box5/KTR-72502904/dpc-072-KTR-72502904.png,sparser,no rouleaux,2,0,KTR-72502904,72,train,,,,0.1608605867,167.0,0.5366210557,0.07453940885,3.520461428,35.63539549,0.08451313776,0.08522463137,0.2408405491,0.218332022,sparser,0.2051669968,no rouleaux,False
tanzania-combinedv3/dpc-076-KTR-72502904.png,tanzania-combinedv3,dpc-076-KTR-72502904.png,gs://tanzania_02032026/TZ2025-Box5/KTR-72502904/dpc-076-KTR-72502904.png,sparser,no rouleaux,2,0,KTR-72502904,76,train,low,,,0.05669183673,172.0,0.5252053404,0.02691698133,3.089394569,24.37482887,0.05214923469,0.1216607749,0.3136421154,0.06105751046,sparser,0.07691596803,no rouleaux,False
tanzania-combinedv3/dpc-080-KTR-72502904.png,tanzania-combinedv3,dpc-080-KTR-72502904.png,gs://tanzania_02032026/TZ2025-Box5/KTR-72502904/dpc-080-KTR-72502904.png,sparser,no rouleaux,2,0,KTR-72502904,80,train,,,,0.08037155612,171.0,0.5336553059,0.03748084876,3.35596847,28.59904644,0.06706517857,0.095073282,0.2054351188,0.06439773937,sparser,0.05366353108,no rouleaux,False
tanzania-combinedv3/dpc-084-KTR-72502904.png,tanzania-combinedv3,dpc-084-KTR-72502904.png,gs://tanzania_02032026/TZ2025-Box5/KTR-72502904/dpc-084-KTR-72502904.png,sparser,no rouleaux,2,0,KTR-72502904,84,train,,,,0.09139961735,170.0,0.5177896512,0.04407384136,3.422673299,27.46242459,0.0660247449,0.09032058591,0.2003216783,0.07921989622,sparser,0.06849195856,no rouleaux,False
tanzania-combinedv3/dpc-088-KTR-72502904.png,tanzania-combinedv3,dpc-088-KTR-72502904.png,gs://tanzania_02032026/TZ2025-Box5/KTR-72502904/dpc-088-KTR-72502904.png,monolayer,no rouleaux,3,0,KTR-72502904,88,train,low,,,0.1062311224,169.0,0.5235331285,0.05061561056,3.437361057,27.76740776,0.06729298469,0.1042629681,0.2122372485,0.1102968877,sparser,0.100765796,no rouleaux,False
tanzania-combinedv3/dpc-092-KTR-72502904.png,tanzania-combinedv3,dpc-092-KTR-72502904.png,gs://tanzania_02032026/TZ2025-Box5/KTR-72502904/dpc-092-KTR-72502904.png,sparser,no rouleaux,2,0,KTR-72502904,92,train,,,,0.05883061224,172.0,0.5216909966,0.02813921151,3.136332953,25.06175523,0.05496415816,0.1133284923,0.24226646,0.04321134842,sparser,0.05292915612,no rouleaux,False
tanzania-combinedv3/dpc-096-KTR-72502904.png,tanzania-combinedv3,dpc-096-KTR-72502904.png,gs://tanzania_02032026/TZ2025-Box5/KTR-72502904/dpc-096-KTR-72502904.png,sparser,no rouleaux,2,0,KTR-72502904,96,train,,,,0.06602704082,171.0,0.5212234187,0.03161220088,3.195932358,24.23436938,0.05488571429,0.08939965249,0.1831829111,0.02628577378,sparser,0.02702797062,no rouleaux,False
tanzania-combinedv3/dpc-100-KTR-72502904.png,tanzania-combinedv3,dpc-100-KTR-72502904.png,gs://tanzania_02032026/TZ2025-Box5/KTR-72502904/dpc-100-KTR-72502904.png,sparser,no rouleaux,2,0,KTR-72502904,100,train,,,,0.1021321429,168.0,0.4984347562,0.05122593313,3.320150039,21.27159817,0.05151798469,0.08021079294,0.2611597945,0.09493172725,sparser,0.1000699242,no rouleaux,False
tanzania-combinedv3/dpc-104-KTR-72502904.png,tanzania-combinedv3,dpc-104-KTR-72502904.png,gs://tanzania_02032026/TZ2025-Box5/KTR-72502904/dpc-104-KTR-72502904.png,sparser,no rouleaux,2,0,KTR-72502904,104,train,,,,0.1293127551,167.0,0.5165018956,0.06252247196,3.419612923,22.25643851,0.05601977041,0.08883108257,0.2188573337,0.1315938497,sparser,0.1312930091,no rouleaux,False
tanzania-combinedv3/dpc-108-KTR-72502904.png,tanzania-combinedv3,dpc-108-KTR-72502904.png,gs://tanzania_02032026/TZ2025-Box5/KTR-72502904/dpc-108-KTR-72502904.png,sparser,no rouleaux,2,0,KTR-72502904,108,train,,,,0.1336701531,167.0,0.5276354931,0.06314103594,3.464003679,23.56686086,0.05994005102,0.07442739651,0.1973358372,0.1310131979,sparser,0.1243754046,no rouleaux,False
tanzania-combinedv3/dpc-112-KTR-72502904.png,tanzania-combinedv3,dpc-112-KTR-72502904.png,gs://tanzania_02032026/TZ2025-Box5/KTR-72502904/dpc-112-KTR-72502904.png,sparser,no rouleaux,2,0,KTR-72502904,112,train,low,,,0.04327283163,171.0,0.5276778271,0.02043871786,2.811458407,22.04876164,0.04152691327,0.08005039869,0.1649078521,0.01621353016,sparser,0.01832511923,no rouleaux,False
tanzania-combinedv3/dpc-116-KTR-72502904.png,tanzania-combinedv3,dpc-116-KTR-72502904.png,gs://tanzania_02032026/TZ2025-Box5/KTR-72502904/dpc-116-KTR-72502904.png,sparser,no rouleaux,2,0,KTR-72502904,116,train,,,,0.06713201531,170.0,0.4925374849,0.03406698133,3.123924959,21.41132626,0.04797946429,0.08139415834,0.1950066673,0.02201447893,sparser,0.02839211984,no rouleaux,True
tanzania-combinedv3/dpc-120-KTR-72502904.png,tanzania-combinedv3,dpc-120-KTR-72502904.png,gs://tanzania_02032026/TZ2025-Box5/KTR-72502904/dpc-120-KTR-72502904.png,sparser,no rouleaux,2,0,KTR-72502904,120,train,,,,0.0899934949,168.0,0.4938973509,0.04554594617,3.209689465,19.98587236,0.04640625,0.07306169245,0.1653494133,0.04817332869,sparser,0.04997839533,no rouleaux,False
tanzania-combinedv3/dpc-124-KTR-72502904.png,tanzania-combinedv3,dpc-124-KTR-72502904.png,gs://tanzania_02032026/TZ2025-Box5/KTR-72502904/dpc-124-KTR-72502904.png,sparser,no rouleaux,2,0,KTR-72502904,124,train,,,,0.1005691327,167.0,0.4977803749,0.05050779209,3.256838866,19.07374146,0.04528035714,0.08180131224,0.1821293349,0.07272207434,sparser,0.07488608618,no rouleaux,False
tanzania-combinedv3/dpc-128-KTR-72502904.png,tanzania-combinedv3,dpc-128-KTR-72502904.png,gs://tanzania_02032026/TZ2025-Box5/KTR-72502904/dpc-128-KTR-72502904.png,sparser,no rouleaux,2,0,KTR-72502904,128,train,,,,0.06033494898,172.0,0.5312662835,0.02828102487,3.14024329,26.57774036,0.0585997449,0.08631549774,0.2177523763,0.0307861627,sparser,0.03611839363,no rouleaux,False
tanzania-combinedv3/dpc-132-KTR-72502904.png,tanzania-combinedv3,dpc-132-KTR-72502904.png,gs://tanzania_02032026/TZ2025-Box5/KTR-72502904/dpc-132-KTR-72502904.png,sparser,no rouleaux,2,0,KTR-72502904,132,train,,,,0.05439387755,172.0,0.5320602129,0.02545305948,3.096212546,23.37645537,0.05246492347,0.06946318982,0.201163666,0.02105500105,sparser,0.02524919024,no rouleaux,False
tanzania-combinedv3/dpc-136-KTR-72502904.png,tanzania-combinedv3,dpc-136-KTR-72502904.png,gs://tanzania_02032026/TZ2025-Box5/KTR-72502904/dpc-136-KTR-72502904.png,sparser,no rouleaux,2,0,KTR-72502904,136,train,,,,0.07875637755,169.0,0.4916043592,0.04003939903,3.194871764,21.47774098,0.0497377551,0.1084755505,0.3678647301,0.08518573835,sparser,0.1038626564,no rouleaux,False
tanzania-combinedv3/dpc-140-KTR-72502904.png,tanzania-combinedv3,dpc-140-KTR-72502904.png,gs://tanzania_02032026/TZ2025-Box5/KTR-72502904/dpc-140-KTR-72502904.png,sparser,no rouleaux,2,0,KTR-72502904,140,train,,,,0.08315216837,168.0,0.495958311,0.04191215939,3.13869758,18.95506271,0.04423022959,0.07555997347,0.2573138852,0.05361040267,sparser,0.06626359491,no rouleaux,False
tanzania-combinedv3/dpc-144-KTR-72502904.png,tanzania-combinedv3,dpc-144-KTR-72502904.png,gs://tanzania_02032026/TZ2025-Box5/KTR-72502904/dpc-144-KTR-72502904.png,sparser,no rouleaux,2,0,KTR-72502904,144,train,,,,0.0852619898,168.0,0.5092932083,0.04183863747,3.181531839,19.82331472,0.0468315051,0.06457051869,0.1333833442,0.02754062036,sparser,0.02723421209,no rouleaux,False
tanzania-combinedv3/dpc-148-KTR-72502904.png,tanzania-combinedv3,dpc-148-KTR-72502904.png,gs://tanzania_02032026/TZ2025-Box5/KTR-72502904/dpc-148-KTR-72502904.png,sparser,no rouleaux,2,0,KTR-72502904,148,train,,,,0.06481466837,171.0,0.5253752674,0.03076264464,3.166440491,24.00209774,0.05540956633,0.09090123324,0.2529686675,0.04042330559,sparser,0.04812180599,no rouleaux,False
tanzania-combinedv3/dpc-152-KTR-72502904.png,tanzania-combinedv3,dpc-152-KTR-72502904.png,gs://tanzania_02032026/TZ2025-Box5/KTR-72502904/dpc-152-KTR-72502904.png,monolayer,no rouleaux,3,0,KTR-72502904,152,train,low,,,0.07550484694,171.0,0.5309925509,0.03541233566,3.337000828,26.94186691,0.06599795918,0.08165208594,0.2079750864,0.04904063945,sparser,0.03923820274,no rouleaux,False
tanzania-combinedv3/dpc-156-KTR-72502904.png,tanzania-combinedv3,dpc-156-KTR-72502904.png,gs://tanzania_02032026/TZ2025-Box5/KTR-72502904/dpc-156-KTR-72502904.png,monolayer,no rouleaux,3,0,KTR-72502904,156,train,low,,,0.1304151786,168.0,0.515004898,0.06325072283,3.528183475,27.55168213,0.06819566327,0.07043504388,0.1346606997,0.1246768717,sparser,0.1068330985,no rouleaux,False
tanzania-combinedv3/dpc-160-KTR-72502904.png,tanzania-combinedv3,dpc-160-KTR-72502904.png,gs://tanzania_02032026/TZ2025-Box5/KTR-72502904/dpc-160-KTR-72502904.png,monolayer,no rouleaux,3,0,KTR-72502904,160,train,low,,,0.1310982143,167.0,0.5238137216,0.06242717076,3.432163862,22.88011517,0.0594377551,0.0678431788,0.1408689749,0.111129981,sparser,0.102039373,no rouleaux,False
tanzania-combinedv3/dpc-164-KTR-72502904.png,tanzania-combinedv3,dpc-164-KTR-72502904.png,gs://tanzania_02032026/TZ2025-Box5/KTR-72502904/dpc-164-KTR-72502904.png,sparser,no rouleaux,2,0,KTR-72502904,164,train,,,,0.07638290816,169.0,0.4958669485,0.03850714858,3.093338063,24.44483317,0.05420867347,0.1361409744,0.2461938785,0.0603867544,sparser,0.07327133465,no rouleaux,True
tanzania-combinedv3/dpc-168-KTR-72502904.png,tanzania-combinedv3,dpc-168-KTR-72502904.png,gs://tanzania_02032026/TZ2025-Box5/KTR-72502904/dpc-168-KTR-72502904.png,sparser,no rouleaux,2,0,KTR-72502904,168,train,,,,0.07250612245,169.0,0.4891027333,0.03704317978,3.121828428,21.18218092,0.04852053571,0.09627079805,0.2636415283,0.04653457483,sparser,0.05943347254,no rouleaux,True
tanzania-combinedv3/dpc-172-KTR-72502904.png,tanzania-combinedv3,dpc-172-KTR-72502904.png,gs://tanzania_02032026/TZ2025-Box5/KTR-72502904/dpc-172-KTR-72502904.png,sparser,no rouleaux,2,0,KTR-72502904,172,train,low,,,0.06919642857,168.0,0.4887380322,0.03537750223,2.985387837,18.38785349,0.04007410714,0.09037780958,0.216865801,0.0318446291,sparser,0.04046024416,no rouleaux,True
tanzania-combinedv3/dpc-176-KTR-72502904.png,tanzania-combinedv3,dpc-176-KTR-72502904.png,gs://tanzania_02032026/TZ2025-Box5/KTR-72502904/dpc-176-KTR-72502904.png,sparser,no rouleaux,2,0,KTR-72502904,176,train,low,,,0.06954234694,168.0,0.5068934525,0.03429178661,3.022688858,18.21273401,0.03982806122,0.06510393194,0.1235417351,0.002144468999,sparser,0.002321174864,no rouleaux,True
tanzania-combinedv3/dpc-180-KTR-72502904.png,tanzania-combinedv3,dpc-180-KTR-72502904.png,gs://tanzania_02032026/TZ2025-Box5/KTR-72502904/dpc-180-KTR-72502904.png,sparser,no rouleaux,2,0,KTR-72502904,180,train,,,,0.08437410714,167.0,0.4960904094,0.04251692179,3.099027025,17.59873001,0.03989693878,0.0602271147,0.1713183419,0.03199615655,sparser,0.03804162147,no rouleaux,True
tanzania-combinedv3/dpc-184-KTR-72502904.png,tanzania-combinedv3,dpc-184-KTR-72502904.png,gs://tanzania_02032026/TZ2025-Box5/KTR-72502904/dpc-184-KTR-72502904.png,sparser,no rouleaux,2,0,KTR-72502904,184,train,low,,,0.05791938776,168.0,0.4828618053,0.02995232762,2.855334154,15.7595646,0.03280344388,0.08575361297,0.1848090468,0.02063290403,sparser,0.02621291975,no rouleaux,True
tanzania-combinedv3/dpc-188-KTR-72502904.png,tanzania-combinedv3,dpc-188-KTR-72502904.png,gs://tanzania_02032026/TZ2025-Box5/KTR-72502904/dpc-188-KTR-72502904.png,sparser,no rouleaux,2,0,KTR-72502904,188,train,low,,,0.04894272959,170.0,0.4975426367,0.02459163486,2.91015367,20.85358641,0.04126415816,0.09515567529,0.227581707,0.0327900617,sparser,0.04215219949,no rouleaux,True
tanzania-combinedv3/dpc-192-KTR-72502904.png,tanzania-combinedv3,dpc-192-KTR-72502904.png,gs://tanzania_02032026/TZ2025-Box5/KTR-72502904/dpc-192-KTR-72502904.png,sparser,no rouleaux,2,0,KTR-72502904,192,train,low,,,0.04226836735,169.0,0.4858361005,0.02173286858,2.782868599,15.33403329,0.02944030612,0.1057046594,0.2803083567,0.04743269691,sparser,0.06143130339,no rouleaux,True
tanzania-combinedv3/dpc-196-KTR-72502904.png,tanzania-combinedv3,dpc-196-KTR-72502904.png,gs://tanzania_02032026/TZ2025-Box5/KTR-72502904/dpc-196-KTR-72502904.png,few cells,no rouleaux,1,0,KTR-72502904,196,train,,,,0.02952857143,169.0,0.4793182409,0.01537498851,2.625133486,12.30030254,0.02109362245,0.06820685617,0.1528749177,0.008080861691,sparser,0.01057602968,no rouleaux,True
tanzania-combinedv3/dpc-200-KTR-72502904.png,tanzania-combinedv3,dpc-200-KTR-72502904.png,gs://tanzania_02032026/TZ2025-Box5/KTR-72502904/dpc-200-KTR-72502904.png,few cells,no rouleaux,1,0,KTR-72502904,200,train,,,,0.02353686224,167.0,0.4565095224,0.0127920605,2.473070897,7.782117565,0.01115267857,0.05346799181,0.1862817133,0.01302901628,sparser,0.01813653183,no rouleaux,True
tanzania-combinedv3/dpc-204-KTR-72502904.png,tanzania-combinedv3,dpc-204-KTR-72502904.png,gs://tanzania_02032026/TZ2025-Box5/KTR-72502904/dpc-204-KTR-72502904.png,few cells,no rouleaux,1,0,KTR-72502904,204,train,,,,0.01996454082,168.0,0.4535940657,0.01090874358,2.46990961,7.524795314,0.01062946429,0.05007688388,0.1810901183,0.01193018124,sparser,0.01660694156,no rouleaux,True
tanzania-combinedv3/dpc-208-KTR-72502904.png,tanzania-combinedv3,dpc-208-KTR-72502904.png,gs://tanzania_02032026/TZ2025-Box5/KTR-72502904/dpc-208-KTR-72502904.png,few cells,no rouleaux,1,0,KTR-72502904,208,train,,,,0.01788737245,168.0,0.4535598796,0.009774377954,2.428018755,7.614222539,0.01049132653,0.05035291845,0.1419451792,0.003644898892,sparser,0.005073738751,no rouleaux,True
tanzania-combinedv3/dpc-212-KTR-72502904.png,tanzania-combinedv3,dpc-212-KTR-72502904.png,gs://tanzania_02032026/TZ2025-Box5/KTR-72502904/dpc-212-KTR-72502904.png,few cells,no rouleaux,1,0,KTR-72502904,212,train,,,,0.01717933673,168.0,0.4480210505,0.009482632244,2.435216438,7.660927308,0.01015267857,0.05000175858,0.1443009379,0.004143510634,sparser,0.005767811697,no rouleaux,True
tanzania-combinedv3/dpc-216-KTR-72502904.png,tanzania-combinedv3,dpc-216-KTR-72502904.png,gs://tanzania_02032026/TZ2025-Box5/KTR-72502904/dpc-216-KTR-72502904.png,few cells,no rouleaux,1,0,KTR-72502904,216,train,,,,0.01897997449,168.0,0.4486765128,0.01046410572,2.483769725,7.554259337,0.01039170918,0.0468975701,0.1180489607,0,sparser,0,no rouleaux,True
tanzania-combinedv3/dpc-220-KTR-72502904.png,tanzania-combinedv3,dpc-220-KTR-72502904.png,gs://tanzania_02032026/TZ2025-Box5/KTR-72502904/dpc-220-KTR-72502904.png,sparser,no rouleaux,2,0,KTR-72502904,220,train,low,,,0.05528303571,168.0,0.4896621997,0.02821302284,2.89456786,13.60888101,0.02856403061,0.1676579664,0.5374915666,0.1223207834,sparser,0.1591949627,no rouleaux,True
tanzania-combinedv3/dpc-224-KTR-72502904.png,tanzania-combinedv3,dpc-224-KTR-72502904.png,gs://tanzania_02032026/TZ2025-Box5/KTR-72502904/dpc-224-KTR-72502904.png,sparser,no rouleaux,2,0,KTR-72502904,224,train,low,,,0.0647880102,169.0,0.5117128486,0.03163515295,3.0218524,19.68955391,0.04334158163,0.2159983733,0.6514001154,0.1623896192,sparser,0.2099139884,no rouleaux,True
tanzania-combinedv3/dpc-228-KTR-72502904.png,tanzania-combinedv3,dpc-228-KTR-72502904.png,gs://tanzania_02032026/TZ2025-Box5/KTR-72502904/dpc-228-KTR-72502904.png,sparser,no rouleaux,2,0,KTR-72502904,228,train,,,,0.06628992347,168.0,0.509559666,0.03251125221,2.998162817,16.97119901,0.0369880102,0.1574680516,0.3451898134,0.07825470973,sparser,0.09892054892,no rouleaux,True
tanzania-combinedv3/dpc-232-KTR-72502904.png,tanzania-combinedv3,dpc-232-KTR-72502904.png,gs://tanzania_02032026/TZ2025-Box5/KTR-72502904/dpc-232-KTR-72502904.png,sparser,no rouleaux,2,0,KTR-72502904,232,train,,,,0.05523392857,168.0,0.5114135759,0.02698654765,2.912595086,14.19910663,0.03078137755,0.1160873588,0.1415019335,0.02148120662,sparser,0.02422034097,no rouleaux,True
tanzania-combinedv3/dpc-236-KTR-72502904.png,tanzania-combinedv3,dpc-236-KTR-72502904.png,gs://tanzania_02032026/TZ2025-Box5/KTR-72502904/dpc-236-KTR-72502904.png,monolayer,slight rouleaux,3,1,KTR-72502904,236,train,low,,,0.1546478316,168.0,0.509052391,0.07592398318,3.671184987,30.82139855,0.07400446429,0.1595778222,0.3274224029,0.2501089891,sparser,0.2436666736,no rouleaux,False
tanzania-combinedv3/dpc-240-KTR-72502904.png,tanzania-combinedv3,dpc-240-KTR-72502904.png,gs://tanzania_02032026/TZ2025-Box5/KTR-72502904/dpc-240-KTR-72502904.png,monolayer,slight rouleaux,3,1,KTR-72502904,240,train,,,,0.1681357143,167.0,0.5103851062,0.0823217499,3.680416039,29.10595555,0.07054221939,0.1332321194,0.3299488333,0.2568711267,sparser,0.2526975378,no rouleaux,False
tanzania-combinedv3/dpc-244-KTR-72502904.png,tanzania-combinedv3,dpc-244-KTR-72502904.png,gs://tanzania_02032026/TZ2025-Box5/KTR-72502904/dpc-244-KTR-72502904.png,monolayer,no rouleaux,3,0,KTR-72502904,244,train,low,,,0.1496304847,167.0,0.5108943476,0.07318511584,3.564612354,25.16662406,0.06121505102,0.1352975795,0.3736408714,0.221230474,sparser,0.2285833397,no rouleaux,False
tanzania-combinedv3/dpc-248-KTR-72502904.png,tanzania-combinedv3,dpc-248-KTR-72502904.png,gs://tanzania_02032026/TZ2025-Box5/KTR-72502904/dpc-248-KTR-72502904.png,monolayer,no rouleaux,3,0,KTR-72502904,248,train,low,,,0.1407293367,167.0,0.5157348105,0.06815031892,3.49268853,25.36536529,0.06293545918,0.1493598252,0.3153818283,0.1962908815,sparser,0.2012324268,no rouleaux,False
tanzania-combinedv3/dpc-252-KTR-72502904.png,tanzania-combinedv3,dpc-252-KTR-72502904.png,gs://tanzania_02032026/TZ2025-Box5/KTR-72502904/dpc-252-KTR-72502904.png,monolayer,slight rouleaux,3,1,KTR-72502904,252,train,low,,,0.1646702806,166.0,0.5223875077,0.07864858313,3.540444224,27.54575759,0.06770114796,0.1799774989,0.2900042697,0.243338544,sparser,0.2446600785,no rouleaux,False
tanzania-combinedv3/dpc-256-KTR-72502904.png,tanzania-combinedv3,dpc-256-KTR-72502904.png,gs://tanzania_02032026/TZ2025-Box5/KTR-72502904/dpc-256-KTR-72502904.png,monolayer,no rouleaux,3,0,KTR-72502904,256,train,,,,0.1970868622,167.0,0.5340797547,0.09182675921,3.749278827,36.16623656,0.08930204082,0.06407050661,0.1231634099,0.2575429552,sparser,0.2243074427,no rouleaux,False
tanzania-combinedv3/dpc-260-KTR-72502904.png,tanzania-combinedv3,dpc-260-KTR-72502904.png,gs://tanzania_02032026/TZ2025-Box5/KTR-72502904/dpc-260-KTR-72502904.png,monolayer,no rouleaux,3,0,KTR-72502904,260,train,,,,0.2272255102,166.0,0.5478072445,0.1027497296,3.770567624,33.87189137,0.08678443878,0.08966825151,0.3210023892,0.3436584038,monolayer,0.3286940216,no rouleaux,False
tanzania-combinedv3/dpc-264-KTR-72502904.png,tanzania-combinedv3,dpc-264-KTR-72502904.png,gs://tanzania_02032026/TZ2025-Box5/KTR-72502904/dpc-264-KTR-72502904.png,monolayer,no rouleaux,3,0,KTR-72502904,264,train,,,,0.2298558673,165.0,0.554422641,0.1024185703,3.695684086,23.97932212,0.0557502551,0.0801055904,0.1600385694,0.2714943207,sparser,0.2576291293,no rouleaux,False
tanzania-combinedv3/dpc-268-KTR-72502904.png,tanzania-combinedv3,dpc-268-KTR-72502904.png,gs://tanzania_02032026/TZ2025-Box5/KTR-72502904/dpc-268-KTR-72502904.png,monolayer,no rouleaux,3,0,KTR-72502904,268,train,,,,0.187315051,166.0,0.5378900266,0.08656015324,3.626442484,24.79669251,0.06215293367,0.1225900122,0.2237553029,0.2401449902,sparser,0.23231665,no rouleaux,False
tanzania-combinedv3/dpc-272-KTR-72502904.png,tanzania-combinedv3,dpc-272-KTR-72502904.png,gs://tanzania_02032026/TZ2025-Box5/KTR-72502904/dpc-272-KTR-72502904.png,monolayer,no rouleaux,3,0,KTR-72502904,272,train,,,,0.2371218112,166.0,0.5475523624,0.1072852033,3.816002187,36.31230323,0.09217155612,0.07312989664,0.1557615692,0.3278820012,monolayer,0.2955673615,no rouleaux,False
tanzania-combinedv3/dpc-276-KTR-72502904.png,tanzania-combinedv3,dpc-276-KTR-72502904.png,gs://tanzania_02032026/TZ2025-Box5/KTR-72502904/dpc-276-KTR-72502904.png,monolayer,no rouleaux,3,0,KTR-72502904,276,train,,,,0.2223413265,166.0,0.5463642491,0.1008619746,3.771639216,32.81926518,0.08243482143,0.09434921241,0.1142206255,0.292115848,monolayer,0.2622462892,no rouleaux,False
tanzania-combinedv3/dpc-280-KTR-72502904.png,tanzania-combinedv3,dpc-280-KTR-72502904.png,gs://tanzania_02032026/TZ2025-Box5/KTR-72502904/dpc-280-KTR-72502904.png,monolayer,no rouleaux,3,0,KTR-72502904,280,train,,,,0.2618492347,165.0,0.5459758958,0.1188858642,3.855509874,25.74775728,0.05648163265,0.08974990441,0.2293654462,0.3463770618,monolayer,0.3351992758,no rouleaux,False
tanzania-combinedv3/dpc-284-KTR-72502904.png,tanzania-combinedv3,dpc-284-KTR-72502904.png,gs://tanzania_02032026/TZ2025-Box5/KTR-72502904/dpc-284-KTR-72502904.png,monolayer,no rouleaux,3,0,KTR-72502904,284,train,,,,0.2520747449,165.0,0.5477193891,0.1140085196,3.814513277,25.96732743,0.06285561224,0.06590949346,0.1900755551,0.316253583,monolayer,0.300314387,no rouleaux,False
tanzania-combinedv3/dpc-288-KTR-72502904.png,tanzania-combinedv3,dpc-288-KTR-72502904.png,gs://tanzania_02032026/TZ2025-Box5/KTR-72502904/dpc-288-KTR-72502904.png,monolayer,no rouleaux,3,0,KTR-72502904,288,train,,,,0.2612524235,164.0,0.5640662071,0.1138887599,3.698018121,22.56949334,0.04750497449,0.05763778627,0.1098286409,0.2994309408,monolayer,0.284709543,no rouleaux,False
tanzania-combinedv3/dpc-292-KTR-72502904.png,tanzania-combinedv3,dpc-292-KTR-72502904.png,gs://tanzania_02032026/TZ2025-Box5/KTR-72502904/dpc-292-KTR-72502904.png,monolayer,no rouleaux,3,0,KTR-72502904,292,train,low,,,0.204675,167.0,0.5325648833,0.09567228252,3.797465409,35.85401242,0.08718622449,0.08887257014,0.2260597671,0.2991396056,monolayer,0.2743404999,no rouleaux,False
tanzania-combinedv3/dpc-296-KTR-72502904.png,tanzania-combinedv3,dpc-296-KTR-72502904.png,gs://tanzania_02032026/TZ2025-Box5/KTR-72502904/dpc-296-KTR-72502904.png,monolayer,no rouleaux,3,0,KTR-72502904,296,train,,,,0.2780473214,165.0,0.5417741584,0.1274084679,3.90764366,33.94964845,0.08532244898,0.0709417682,0.1879291823,0.3904334562,monolayer,0.3649904524,no rouleaux,False
tanzania-combinedv3/dpc-300-KTR-72502904.png,tanzania-combinedv3,dpc-300-KTR-72502904.png,gs://tanzania_02032026/TZ2025-Box5/KTR-72502904/dpc-300-KTR-72502904.png,monolayer,no rouleaux,3,0,KTR-72502904,300,train,,,,0.2870954082,164.0,0.557222457,0.1271193994,3.798766946,23.3709908,0.04638609694,0.06301886496,0.1253842986,0.3442297713,monolayer,0.328606384,no rouleaux,False
tanzania-combinedv3/dpc-304-KTR-72502904.png,tanzania-combinedv3,dpc-304-KTR-72502904.png,gs://tanzania_02032026/TZ2025-Box5/KTR-72502904/dpc-304-KTR-72502904.png,monolayer,no rouleaux,3,0,KTR-72502904,304,train,,,,0.2713258929,164.0,0.5800020657,0.1139563145,3.726819429,20.82412034,0.03776466837,0.06727459104,0.08880519447,0.3119944563,monolayer,0.2940512982,no rouleaux,False
tanzania-combinedv3/dpc-308-KTR-72502904.png,tanzania-combinedv3,dpc-308-KTR-72502904.png,gs://tanzania_02032026/TZ2025-Box5/KTR-72502904/dpc-308-KTR-72502904.png,monolayer,no rouleaux,3,0,KTR-72502904,308,train,low,,,0.2170274235,167.0,0.5360104099,0.1006984653,3.838443666,38.22730812,0.09354936224,0.1018576297,0.1674447941,0.3190823067,monolayer,0.2860319717,no rouleaux,False
tanzania-combinedv3/dpc-312-KTR-72502904.png,tanzania-combinedv3,dpc-312-KTR-72502904.png,gs://tanzania_02032026/TZ2025-Box5/KTR-72502904/dpc-312-KTR-72502904.png,monolayer,no rouleaux,3,0,KTR-72502904,312,train,,,,0.2605093112,165.0,0.5613552475,0.1142710424,3.803777612,30.57990615,0.07737691327,0.07621262432,0.1734408327,0.3408716419,monolayer,0.3172356895,no rouleaux,False
tanzania-combinedv3/dpc-316-KTR-72502904.png,tanzania-combinedv3,dpc-316-KTR-72502904.png,gs://tanzania_02032026/TZ2025-Box5/KTR-72502904/dpc-316-KTR-72502904.png,monolayer,no rouleaux,3,0,KTR-72502904,316,train,,,,0.2926466837,164.0,0.5710389029,0.1255340425,3.817971566,22.74197125,0.04287359694,0.08300327086,0.1650915721,0.3633449804,monolayer,0.3484516224,no rouleaux,False
tanzania-combinedv3/dpc-320-KTR-72502904.png,tanzania-combinedv3,dpc-320-KTR-72502904.png,gs://tanzania_02032026/TZ2025-Box5/KTR-72502904/dpc-320-KTR-72502904.png,monolayer,no rouleaux,3,0,KTR-72502904,320,train,,,,0.2817432398,164.0,0.5697866801,0.1212096945,3.78555443,22.06461156,0.04072576531,0.09037168189,0.1955634164,0.3556803223,monolayer,0.3441332245,no rouleaux,False
tanzania-combinedv3/dpc-324-KTR-72502904.png,tanzania-combinedv3,dpc-324-KTR-72502904.png,gs://tanzania_02032026/TZ2025-Box5/KTR-72502904/dpc-324-KTR-72502904.png,monolayer,no rouleaux,3,0,KTR-72502904,324,train,,,,0.2713058673,164.0,0.5478349124,0.1226750413,3.756263276,22.81544546,0.04852423469,0.05970086139,0.1881010309,0.3353548925,monolayer,0.3269850768,no rouleaux,False
tanzania-combinedv3/dpc-001-NKR-72502156.png,tanzania-combinedv3,dpc-001-NKR-72502156.png,gs://tanzania_02032026/TZ2025-Box4/NKR-72502156/dpc-001-NKR-72502156.png,monolayer,no rouleaux,3,0,NKR-72502156,1,train,,,Overexposed,0.1711758929,169.0,0.595384896,0.0692603517,3.735051578,64.41498106,0.1488392857,0.0985805352,0.2500158826,0.3372628382,monolayer,0.279496456,no rouleaux,False
tanzania-combinedv3/dpc-004-NKR-72502156.png,tanzania-combinedv3,dpc-004-NKR-72502156.png,gs://tanzania_02032026/TZ2025-Box4/NKR-72502156/dpc-004-NKR-72502156.png,monolayer,no rouleaux,3,0,NKR-72502156,4,train,,,,0.1646192602,169.0,0.5642113938,0.07173919796,3.765122199,58.15517389,0.1390352041,0.06805910175,0.1080635564,0.2808137605,sparser,0.2180568026,no rouleaux,False
tanzania-combinedv3/dpc-008-NKR-72502156.png,tanzania-combinedv3,dpc-008-NKR-72502156.png,gs://tanzania_02032026/TZ2025-Box4/NKR-72502156/dpc-008-NKR-72502156.png,monolayer,no rouleaux,3,0,NKR-72502156,8,train,,,,0.142463648,169.0,0.5688399273,0.06142463681,3.611833978,52.18135985,0.1290556122,0.07791988652,0.1743132462,0.2375583397,sparser,0.1878136312,no rouleaux,False
tanzania-combinedv3/dpc-012-NKR-72502156.png,tanzania-combinedv3,dpc-012-NKR-72502156.png,gs://tanzania_02032026/TZ2025-Box4/NKR-72502156/dpc-012-NKR-72502156.png,monolayer,slight rouleaux,3,1,NKR-72502156,12,train,,,,0.1650172194,168.0,0.5522342152,0.07388906475,3.692790407,59.1183565,0.1457473214,0.1125152436,0.3186197789,0.3411133818,monolayer,0.299192896,no rouleaux,False
tanzania-combinedv3/dpc-016-NKR-72502156.png,tanzania-combinedv3,dpc-016-NKR-72502156.png,gs://tanzania_02032026/TZ2025-Box4/NKR-72502156/dpc-016-NKR-72502156.png,dense,rouleaux,5,3,NKR-72502156,16,train,,,,0.4307454082,162.0,0.6164524967,0.1652113258,4.14367065,122.7060146,0.227101148,0.1083868885,0.3581977901,0.780560831,very dense,0.7286894141,heavy rouleaux,False
tanzania-combinedv3/dpc-020-NKR-72502156.png,tanzania-combinedv3,dpc-020-NKR-72502156.png,gs://tanzania_02032026/TZ2025-Box4/NKR-72502156/dpc-020-NKR-72502156.png,monolayer,no rouleaux,3,0,NKR-72502156,20,train,,,,0.1667576531,169.0,0.5725658822,0.07127791032,3.743671249,56.83842843,0.1321140306,0.1425323518,0.3013251966,0.3359027039,monolayer,0.2926209033,no rouleaux,False
tanzania-combinedv3/dpc-024-NKR-72502156.png,tanzania-combinedv3,dpc-024-NKR-72502156.png,gs://tanzania_02032026/TZ2025-Box4/NKR-72502156/dpc-024-NKR-72502156.png,monolayer,no rouleaux,3,0,NKR-72502156,24,train,,,,0.1491373724,169.0,0.5684100263,0.06436619465,3.664871505,58.50380137,0.1356827806,0.09555867777,0.1974915726,0.2751851645,sparser,0.223737942,no rouleaux,False
tanzania-combinedv3/dpc-028-NKR-72502156.png,tanzania-combinedv3,dpc-028-NKR-72502156.png,gs://tanzania_02032026/TZ2025-Box4/NKR-72502156/dpc-028-NKR-72502156.png,monolayer,no rouleaux,3,0,NKR-72502156,28,train,,,,0.1210485969,169.0,0.5671770774,0.0523926075,3.48041477,44.88570357,0.1110368622,0.1121115404,0.3332389718,0.2201364843,sparser,0.1963499882,no rouleaux,False
tanzania-combinedv3/dpc-032-NKR-72502156.png,tanzania-combinedv3,dpc-032-NKR-72502156.png,gs://tanzania_02032026/TZ2025-Box4/NKR-72502156/dpc-032-NKR-72502156.png,dense,rouleaux,5,3,NKR-72502156,32,train,,,,0.2387401786,166.0,0.5503007468,0.10736128,3.801099777,76.34304057,0.1731626276,0.2204308173,0.6171127104,0.5977757374,dense,0.5784204196,rouleaux,False
tanzania-combinedv3/dpc-036-NKR-72502156.png,tanzania-combinedv3,dpc-036-NKR-72502156.png,gs://tanzania_02032026/TZ2025-Box4/NKR-72502156/dpc-036-NKR-72502156.png,dense,rouleaux,5,3,NKR-72502156,36,train,,,,0.4509381378,162.0,0.6152053982,0.1735185612,4.113477179,137.5748587,0.2354372449,0.07211939157,0.1206773919,0.7366327294,very dense,0.6681574161,heavy rouleaux,False
tanzania-combinedv3/dpc-040-NKR-72502156.png,tanzania-combinedv3,dpc-040-NKR-72502156.png,gs://tanzania_02032026/TZ2025-Box4/NKR-72502156/dpc-040-NKR-72502156.png,monolayer,no rouleaux,3,0,NKR-72502156,40,train,,,,0.1501586735,169.0,0.552993205,0.06712194737,3.689995773,52.4678423,0.1281010204,0.09089908172,0.1540336176,0.2541575569,sparser,0.202720572,no rouleaux,False
tanzania-combinedv3/dpc-044-NKR-72502156.png,tanzania-combinedv3,dpc-044-NKR-72502156.png,gs://tanzania_02032026/TZ2025-Box4/NKR-72502156/dpc-044-NKR-72502156.png,monolayer,no rouleaux,3,0,NKR-72502156,44,train,,,,0.1307396684,169.0,0.5585415565,0.0577161305,3.543843089,47.9127358,0.1180966837,0.1327453882,0.2193496623,0.2307089535,sparser,0.1944064721,no rouleaux,False
tanzania-combinedv3/dpc-048-NKR-72502156.png,tanzania-combinedv3,dpc-048-NKR-72502156.png,gs://tanzania_02032026/TZ2025-Box4/NKR-72502156/dpc-048-NKR-72502156.png,monolayer,slight rouleaux,3,1,NKR-72502156,48,train,,,,0.1612156888,168.0,0.5620317189,0.0706073581,3.634694982,57.94821014,0.1439207908,0.1143776127,0.253445884,0.3147371665,monolayer,0.2692668234,no rouleaux,False
tanzania-combinedv3/dpc-052-NKR-72502156.png,tanzania-combinedv3,dpc-052-NKR-72502156.png,gs://tanzania_02032026/TZ2025-Box4/NKR-72502156/dpc-052-NKR-72502156.png,slightly dense,rouleaux,4,3,NKR-72502156,52,train,,,,0.3340804847,165.0,0.5823526982,0.139527813,3.984587584,111.0001577,0.2145054847,0.2599554949,0.7784554002,0.7992428472,very dense,0.7887939448,heavy rouleaux,False
tanzania-combinedv3/dpc-056-NKR-72502156.png,tanzania-combinedv3,dpc-056-NKR-72502156.png,gs://tanzania_02032026/TZ2025-Box4/NKR-72502156/dpc-056-NKR-72502156.png,monolayer,no rouleaux,3,0,NKR-72502156,56,train,,,,0.1385582908,169.0,0.5814161253,0.05799826625,3.57640813,51.24541721,0.1226540816,0.1122411445,0.164891608,0.2318263093,sparser,0.1842398294,no rouleaux,False
tanzania-combinedv3/dpc-060-NKR-72502156.png,tanzania-combinedv3,dpc-060-NKR-72502156.png,gs://tanzania_02032026/TZ2025-Box4/NKR-72502156/dpc-060-NKR-72502156.png,monolayer,no rouleaux,3,0,NKR-72502156,60,train,,,,0.1398042092,169.0,0.5611947726,0.0613468178,3.597170653,52.4623279,0.1258595663,0.1508560115,0.2975746266,0.28169036,sparser,0.2472708433,no rouleaux,False
tanzania-combinedv3/dpc-064-NKR-72502156.png,tanzania-combinedv3,dpc-064-NKR-72502156.png,gs://tanzania_02032026/TZ2025-Box4/NKR-72502156/dpc-064-NKR-72502156.png,monolayer,no rouleaux,3,0,NKR-72502156,64,train,low,,,0.1169090561,169.0,0.5548621046,0.05204065119,3.425479439,41.63175112,0.1096285714,0.06102159822,0.09929672113,0.1451333786,sparser,0.1076646471,no rouleaux,False
tanzania-combinedv3/dpc-068-NKR-72502156.png,tanzania-combinedv3,dpc-068-NKR-72502156.png,gs://tanzania_02032026/TZ2025-Box4/NKR-72502156/dpc-068-NKR-72502156.png,dense,rouleaux,5,3,NKR-72502156,68,train,,,,0.2265233418,167.0,0.5410907211,0.1039536635,3.7745812,82.79076745,0.1737677296,0.2309537173,0.5960719131,0.5899366318,dense,0.571408773,rouleaux,False
tanzania-combinedv3/dpc-069-NKR-72502156.png,tanzania-combinedv3,dpc-069-NKR-72502156.png,gs://tanzania_02032026/TZ2025-Box4/NKR-72502156/dpc-069-NKR-72502156.png,very dense,heavy rouleaux,6,4,NKR-72502156,69,train,,,,0.3909553571,164.0,0.6005322171,0.1561740697,4.003253021,153.1898586,0.2361594388,0.136987929,0.2175302235,0.708943171,dense,0.6518809585,rouleaux,False
tanzania-combinedv3/dpc-076-NKR-72502156.png,tanzania-combinedv3,dpc-076-NKR-72502156.png,gs://tanzania_02032026/TZ2025-Box4/NKR-72502156/dpc-076-NKR-72502156.png,monolayer,no rouleaux,3,0,NKR-72502156,76,train,,,,0.1335473214,169.0,0.5762788118,0.05658682972,3.582624318,46.75862191,0.1154681122,0.1038699482,0.1721291158,0.2122814446,sparser,0.1673723794,no rouleaux,False
tanzania-combinedv3/dpc-080-NKR-72502156.png,tanzania-combinedv3,dpc-080-NKR-72502156.png,gs://tanzania_02032026/TZ2025-Box4/NKR-72502156/dpc-080-NKR-72502156.png,monolayer,no rouleaux,3,0,NKR-72502156,80,train,low,,,0.1170758929,169.0,0.5731763284,0.04997076245,3.429193046,40.69391005,0.1035781888,0.1110483186,0.2659931657,0.1846564627,sparser,0.1593781678,no rouleaux,False
tanzania-combinedv3/dpc-084-NKR-72502156.png,tanzania-combinedv3,dpc-084-NKR-72502156.png,gs://tanzania_02032026/TZ2025-Box4/NKR-72502156/dpc-084-NKR-72502156.png,monolayer,no rouleaux,3,0,NKR-72502156,84,train,,,,0.1393998724,168.0,0.5516740097,0.06249658587,3.512607463,48.44317299,0.1250753827,0.100328375,0.230965175,0.2396851359,sparser,0.2048038543,no rouleaux,False
tanzania-combinedv3/dpc-088-NKR-72502156.png,tanzania-combinedv3,dpc-088-NKR-72502156.png,gs://tanzania_02032026/TZ2025-Box4/NKR-72502156/dpc-088-NKR-72502156.png,slightly dense,some rouleaux,4,2,NKR-72502156,88,train,,,,0.2943364796,166.0,0.5796442365,0.1237260356,3.966155231,98.60220539,0.2004089286,0.230933233,0.8384232238,0.7481944052,very dense,0.7380884582,heavy rouleaux,False
tanzania-combinedv3/dpc-092-NKR-72502156.png,tanzania-combinedv3,dpc-092-NKR-72502156.png,gs://tanzania_02032026/TZ2025-Box4/NKR-72502156/dpc-092-NKR-72502156.png,monolayer,no rouleaux,3,0,NKR-72502156,92,train,,,,0.1598024235,168.0,0.5864004459,0.06609421108,3.679035403,48.34125395,0.123853699,0.1252502306,0.2953674926,0.2949064727,monolayer,0.2534352498,no rouleaux,False
tanzania-combinedv3/dpc-096-NKR-72502156.png,tanzania-combinedv3,dpc-096-NKR-72502156.png,gs://tanzania_02032026/TZ2025-Box4/NKR-72502156/dpc-096-NKR-72502156.png,monolayer,no rouleaux,3,0,NKR-72502156,96,train,,,,0.1400598214,169.0,0.58300638,0.05840405195,3.578859315,50.81924305,0.1226602041,0.1096307507,0.1454520453,0.2282870428,sparser,0.1787393886,no rouleaux,False
tanzania-combinedv3/dpc-100-NKR-72502156.png,tanzania-combinedv3,dpc-100-NKR-72502156.png,gs://tanzania_02032026/TZ2025-Box4/NKR-72502156/dpc-100-NKR-72502156.png,sparser,no rouleaux,2,0,NKR-72502156,100,train,,,,0.1031089286,169.0,0.5507407051,0.04632264455,3.295749761,35.35584081,0.09317142857,0.06806396109,0.2254497052,0.1192149094,sparser,0.1030073282,no rouleaux,False
tanzania-combinedv3/dpc-104-NKR-72502156.png,tanzania-combinedv3,dpc-104-NKR-72502156.png,gs://tanzania_02032026/TZ2025-Box4/NKR-72502156/dpc-104-NKR-72502156.png,monolayer,slight rouleaux,3,1,NKR-72502156,104,train,,,,0.155611352,168.0,0.5370694606,0.07203724714,3.58127996,54.44195663,0.1408484694,0.1184313369,0.3274466334,0.3160599142,monolayer,0.2843843582,no rouleaux,False
tanzania-combinedv3/dpc-108-NKR-72502156.png,tanzania-combinedv3,dpc-108-NKR-72502156.png,gs://tanzania_02032026/TZ2025-Box4/NKR-72502156/dpc-108-NKR-72502156.png,dense,some rouleaux,5,2,NKR-72502156,108,train,,,,0.2919531888,166.0,0.5728490376,0.1247080856,3.919647041,98.97332544,0.2017177296,0.1527549959,0.2858030752,0.6017572326,dense,0.547630675,some rouleaux,False
tanzania-combinedv3/dpc-112-NKR-72502156.png,tanzania-combinedv3,dpc-112-NKR-72502156.png,gs://tanzania_02032026/TZ2025-Box4/NKR-72502156/dpc-112-NKR-72502156.png,monolayer,no rouleaux,3,0,NKR-72502156,112,train,,,,0.1317079082,169.0,0.587284615,0.05435788003,3.577136792,43.98572621,0.1108960459,0.0936889687,0.2163557584,0.2069437508,sparser,0.1652185128,no rouleaux,False
tanzania-combinedv3/dpc-116-NKR-72502156.png,tanzania-combinedv3,dpc-116-NKR-72502156.png,gs://tanzania_02032026/TZ2025-Box4/NKR-72502156/dpc-116-NKR-72502156.png,monolayer,no rouleaux,3,0,NKR-72502156,116,train,low,,,0.1131028061,169.0,0.5691011881,0.04873586479,3.393569021,39.75302465,0.1014679847,0.08697895003,0.1875889943,0.149647192,sparser,0.1203037998,no rouleaux,False
tanzania-combinedv3/dpc-120-NKR-72502156.png,tanzania-combinedv3,dpc-120-NKR-72502156.png,gs://tanzania_02032026/TZ2025-Box4/NKR-72502156/dpc-120-NKR-72502156.png,monolayer,no rouleaux,3,0,NKR-72502156,120,train,,,,0.1317556122,168.0,0.5511056586,0.05914434878,3.470856187,45.22358759,0.1192242347,0.09159848767,0.1696682318,0.2012404936,sparser,0.1646227785,no rouleaux,False
tanzania-combinedv3/dpc-124-NKR-72502156.png,tanzania-combinedv3,dpc-124-NKR-72502156.png,gs://tanzania_02032026/TZ2025-Box4/NKR-72502156/dpc-124-NKR-72502156.png,slightly dense,slight rouleaux,4,1,NKR-72502156,124,train,,,,0.2774431122,166.0,0.5697503352,0.1193698061,3.911789775,92.58182833,0.1965049745,0.2254530277,0.6064808259,0.674207788,dense,0.6475156398,rouleaux,False
tanzania-combinedv3/dpc-128-NKR-72502156.png,tanzania-combinedv3,dpc-128-NKR-72502156.png,gs://tanzania_02032026/TZ2025-Box4/NKR-72502156/dpc-128-NKR-72502156.png,monolayer,no rouleaux,3,0,NKR-72502156,128,train,,,,0.1272214286,169.0,0.5791137982,0.05354574386,3.573146548,44.11147383,0.1119058673,0.08353680659,0.174449541,0.1899557168,sparser,0.1450832342,no rouleaux,False
tanzania-combinedv3/dpc-132-NKR-72502156.png,tanzania-combinedv3,dpc-132-NKR-72502156.png,gs://tanzania_02032026/TZ2025-Box4/NKR-72502156/dpc-132-NKR-72502156.png,monolayer,no rouleaux,3,0,NKR-72502156,132,train,,,,0.1272889031,169.0,0.5815883425,0.05325916092,3.534962046,46.19598574,0.11244375,0.1062137878,0.2467175877,0.2138423012,sparser,0.1774903007,no rouleaux,False
tanzania-combinedv3/dpc-136-NKR-72502156.png,tanzania-combinedv3,dpc-136-NKR-72502156.png,gs://tanzania_02032026/TZ2025-Box4/NKR-72502156/dpc-136-NKR-72502156.png,sparser,no rouleaux,2,0,NKR-72502156,136,train,,,,0.09843456633,169.0,0.5620755357,0.04310690473,3.26163437,33.07837581,0.08609923469,0.09591467433,0.2279072658,0.1111336304,sparser,0.09807375208,no rouleaux,False
tanzania-combinedv3/dpc-140-NKR-72502156.png,tanzania-combinedv3,dpc-140-NKR-72502156.png,gs://tanzania_02032026/TZ2025-Box4/NKR-72502156/dpc-140-NKR-72502156.png,monolayer,some rouleaux,3,2,NKR-72502156,140,train,,,,0.1547832908,168.0,0.524513429,0.0735973762,3.511437512,57.87405353,0.1330982143,0.293769905,1.395223972,0.497173019,slightly dense,0.5304347862,some rouleaux,False
tanzania-combinedv3/dpc-144-NKR-72502156.png,tanzania-combinedv3,dpc-144-NKR-72502156.png,gs://tanzania_02032026/TZ2025-Box4/NKR-72502156/dpc-144-NKR-72502156.png,dense,some rouleaux,5,2,NKR-72502156,144,train,,,,0.3709116071,164.0,0.5799458865,0.1558029463,4.005693494,98.53930501,0.2001514031,0.1022999839,0.1585711365,0.6684627,dense,0.6070515167,rouleaux,False
tanzania-combinedv3/dpc-148-NKR-72502156.png,tanzania-combinedv3,dpc-148-NKR-72502156.png,gs://tanzania_02032026/TZ2025-Box4/NKR-72502156/dpc-148-NKR-72502156.png,monolayer,no rouleaux,3,0,NKR-72502156,148,train,,,,0.1357408163,169.0,0.5849049881,0.05634533577,3.595892014,47.17621258,0.116528699,0.08713683218,0.1911378268,0.2153354845,sparser,0.1692163559,no rouleaux,False
tanzania-combinedv3/dpc-152-NKR-72502156.png,tanzania-combinedv3,dpc-152-NKR-72502156.png,gs://tanzania_02032026/TZ2025-Box4/NKR-72502156/dpc-152-NKR-72502156.png,monolayer,no rouleaux,3,0,NKR-72502156,152,train,low,,,0.1166390306,169.0,0.5988121025,0.04679416745,3.451857771,38.76340165,0.0956380102,0.08383142508,0.1645889736,0.1445684592,sparser,0.1076768397,no rouleaux,False
tanzania-combinedv3/dpc-156-NKR-72502156.png,tanzania-combinedv3,dpc-156-NKR-72502156.png,gs://tanzania_02032026/TZ2025-Box4/NKR-72502156/dpc-156-NKR-72502156.png,monolayer,no rouleaux,3,0,NKR-72502156,156,train,,,,0.143728699,168.0,0.5650851043,0.06250975213,3.583956443,47.03819803,0.1201556122,0.09863411382,0.2198460992,0.2398909793,sparser,0.2000577784,no rouleaux,False
tanzania-combinedv3/dpc-160-NKR-72502156.png,tanzania-combinedv3,dpc-160-NKR-72502156.png,gs://tanzania_02032026/TZ2025-Box4/NKR-72502156/dpc-160-NKR-72502156.png,slightly dense,slight rouleaux,4,1,NKR-72502156,160,train,,,,0.2908313776,166.0,0.5789411442,0.1224571271,3.992126638,86.51774733,0.1871153061,0.1626262808,0.2844185827,0.6045432455,dense,0.5447806649,some rouleaux,False
tanzania-combinedv3/dpc-164-NKR-72502156.png,tanzania-combinedv3,dpc-164-NKR-72502156.png,gs://tanzania_02032026/TZ2025-Box4/NKR-72502156/dpc-164-NKR-72502156.png,monolayer,no rouleaux,3,0,NKR-72502156,164,train,,,,0.1446341837,168.0,0.5994070414,0.05793943555,3.59487447,45.27068042,0.1176885204,0.1292188299,0.2467753092,0.2497746217,sparser,0.2072685752,no rouleaux,False
tanzania-combinedv3/dpc-168-NKR-72502156.png,tanzania-combinedv3,dpc-168-NKR-72502156.png,gs://tanzania_02032026/TZ2025-Box4/NKR-72502156/dpc-168-NKR-72502156.png,monolayer,no rouleaux,3,0,NKR-72502156,168,train,,,,0.1384716837,169.0,0.6127527453,0.05362277936,3.592300018,45.15791214,0.1099522959,0.08896700379,0.2260398574,0.2161868558,sparser,0.1714584086,no rouleaux,False
tanzania-combinedv3/dpc-172-NKR-72502156.png,tanzania-combinedv3,dpc-172-NKR-72502156.png,gs://tanzania_02032026/TZ2025-Box4/NKR-72502156/dpc-172-NKR-72502156.png,monolayer,no rouleaux,3,0,NKR-72502156,172,train,low,,,0.1071242347,169.0,0.5816871826,0.04481144043,3.419039208,35.51865201,0.08954795918,0.09067155616,0.1991720076,0.1304872659,sparser,0.102345535,no rouleaux,False
tanzania-combinedv3/dpc-176-NKR-72502156.png,tanzania-combinedv3,dpc-176-NKR-72502156.png,gs://tanzania_02032026/TZ2025-Box4/NKR-72502156/dpc-176-NKR-72502156.png,monolayer,some rouleaux,3,2,NKR-72502156,176,train,,,,0.1746637755,168.0,0.5412407951,0.08012861478,3.635347431,62.81719003,0.1479795918,0.2885122019,1.012082296,0.5484330845,slightly dense,0.5683239016,rouleaux,False
tanzania-combinedv3/dpc-180-NKR-72502156.png,tanzania-combinedv3,dpc-180-NKR-72502156.png,gs://tanzania_02032026/TZ2025-Box4/NKR-72502156/dpc-180-NKR-72502156.png,dense,some rouleaux,5,2,NKR-72502156,180,train,,,,0.2872464286,166.0,0.5715765135,0.1230631164,3.946564896,91.27929936,0.191515051,0.1643209061,0.3289743343,0.6102753932,dense,0.5579994645,rouleaux,False
tanzania-combinedv3/dpc-184-NKR-72502156.png,tanzania-combinedv3,dpc-184-NKR-72502156.png,gs://tanzania_02032026/TZ2025-Box4/NKR-72502156/dpc-184-NKR-72502156.png,monolayer,no rouleaux,3,0,NKR-72502156,184,train,,,,0.1279014031,169.0,0.5868468051,0.05284287331,3.537457228,42.65113211,0.108326148,0.1017375538,0.1985666759,0.1943669055,sparser,0.1542040497,no rouleaux,False
tanzania-combinedv3/dpc-188-NKR-72502156.png,tanzania-combinedv3,dpc-188-NKR-72502156.png,gs://tanzania_02032026/TZ2025-Box4/NKR-72502156/dpc-188-NKR-72502156.png,monolayer,no rouleaux,3,0,NKR-72502156,188,train,low,,,0.1081575255,169.0,0.5946438381,0.04384231942,3.422472321,34.21303113,0.08691658163,0.09675376565,0.2686245716,0.1443721453,sparser,0.1208681326,no rouleaux,False
tanzania-combinedv3/dpc-192-NKR-72502156.png,tanzania-combinedv3,dpc-192-NKR-72502156.png,gs://tanzania_02032026/TZ2025-Box4/NKR-72502156/dpc-192-NKR-72502156.png,monolayer,no rouleaux,3,0,NKR-72502156,192,train,,,,0.1345617347,169.0,0.5752931454,0.05714929109,3.588943194,46.82987823,0.1198512755,0.09638711297,0.2251402935,0.2264917616,sparser,0.1837883147,no rouleaux,False
tanzania-combinedv3/dpc-196-NKR-72502156.png,tanzania-combinedv3,dpc-196-NKR-72502156.png,gs://tanzania_02032026/TZ2025-Box4/NKR-72502156/dpc-196-NKR-72502156.png,slightly dense,slight rouleaux,4,1,NKR-72502156,196,train,,,,0.2747641582,166.0,0.5727500119,0.1173929833,3.957797023,76.18835035,0.1743582908,0.1742279311,0.4062187146,0.5917478995,dense,0.5447122689,some rouleaux,False
tanzania-combinedv3/dpc-200-NKR-72502156.png,tanzania-combinedv3,dpc-200-NKR-72502156.png,gs://tanzania_02032026/TZ2025-Box4/NKR-72502156/dpc-200-NKR-72502156.png,monolayer,no rouleaux,3,0,NKR-72502156,200,train,,,,0.1355445153,169.0,0.6161886301,0.05202352611,3.432575504,45.41928818,0.1120376276,0.0978232386,0.2246127108,0.2067224725,sparser,0.1702573876,no rouleaux,False
tanzania-combinedv3/dpc-204-NKR-72502156.png,tanzania-combinedv3,dpc-204-NKR-72502156.png,gs://tanzania_02032026/TZ2025-Box4/NKR-72502156/dpc-204-NKR-72502156.png,monolayer,no rouleaux,3,0,NKR-72502156,204,train,,,,0.1247854592,169.0,0.601356743,0.04974488187,3.502634384,42.69117869,0.104659949,0.08637969646,0.2437140672,0.1887891492,sparser,0.1528010824,no rouleaux,False
tanzania-combinedv3/dpc-208-NKR-72502156.png,tanzania-combinedv3,dpc-208-NKR-72502156.png,gs://tanzania_02032026/TZ2025-Box4/NKR-72502156/dpc-208-NKR-72502156.png,monolayer,no rouleaux,3,0,NKR-72502156,208,train,,,,0.1136151786,169.0,0.579808125,0.04774017492,3.477148009,37.7619959,0.09679553571,0.08247694117,0.2052451448,0.1504979511,sparser,0.1175527761,no rouleaux,False
tanzania-combinedv3/dpc-212-NKR-72502156.png,tanzania-combinedv3,dpc-212-NKR-72502156.png,gs://tanzania_02032026/TZ2025-Box4/NKR-72502156/dpc-212-NKR-72502156.png,dense,some rouleaux,5,2,NKR-72502156,212,train,,,,0.2581946429,166.0,0.5532083313,0.1153592153,3.880571537,76.36029971,0.1726447704,0.2102705106,0.7094196487,0.6449646461,dense,0.6307693858,rouleaux,False
tanzania-combinedv3/dpc-213-NKR-72502156.png,tanzania-combinedv3,dpc-213-NKR-72502156.png,gs://tanzania_02032026/TZ2025-Box4/NKR-72502156/dpc-213-NKR-72502156.png,very dense,heavy rouleaux,6,4,NKR-72502156,213,train,,,,0.4692242347,161.0,0.6179736081,0.1792560414,4.160682119,128.5695453,0.2203410714,0.2067093221,0.4631747373,0.8633347542,very dense,0.824171437,heavy rouleaux,False
tanzania-combinedv3/dpc-216-NKR-72502156.png,tanzania-combinedv3,dpc-216-NKR-72502156.png,gs://tanzania_02032026/TZ2025-Box4/NKR-72502156/dpc-216-NKR-72502156.png,dense,rouleaux,5,3,NKR-72502156,216,train,,,,0.3770235969,164.0,0.5869500999,0.155729559,4.079105551,100.5012292,0.2043844388,0.07011458405,0.1257947049,0.6601551392,dense,0.5902417961,rouleaux,False
tanzania-combinedv3/dpc-220-NKR-72502156.png,tanzania-combinedv3,dpc-220-NKR-72502156.png,gs://tanzania_02032026/TZ2025-Box4/NKR-72502156/dpc-220-NKR-72502156.png,monolayer,no rouleaux,3,0,NKR-72502156,220,train,,,,0.1410596939,169.0,0.6017475589,0.05617736743,3.584905492,47.70791995,0.1160776786,0.111448776,0.3303823727,0.2582846884,sparser,0.2230907536,no rouleaux,False
tanzania-combinedv3/dpc-224-NKR-72502156.png,tanzania-combinedv3,dpc-224-NKR-72502156.png,gs://tanzania_02032026/TZ2025-Box4/NKR-72502156/dpc-224-NKR-72502156.png,monolayer,no rouleaux,3,0,NKR-72502156,224,train,,,,0.1320359694,169.0,0.5895136536,0.05419896266,3.580282048,44.48091372,0.111467602,0.06520111727,0.1365918024,0.1822966365,sparser,0.1325482856,no rouleaux,False
tanzania-combinedv3/dpc-228-NKR-72502156.png,tanzania-combinedv3,dpc-228-NKR-72502156.png,gs://tanzania_02032026/TZ2025-Box4/NKR-72502156/dpc-228-NKR-72502156.png,monolayer,no rouleaux,3,0,NKR-72502156,228,train,,,,0.1361830357,169.0,0.5697212162,0.05859667098,3.623736737,48.46834551,0.1215346939,0.09255519568,0.2786732242,0.2450282019,sparser,0.2053029445,no rouleaux,False
tanzania-combinedv3/dpc-232-NKR-72502156.png,tanzania-combinedv3,dpc-232-NKR-72502156.png,gs://tanzania_02032026/TZ2025-Box4/NKR-72502156/dpc-232-NKR-72502156.png,slightly dense,slight rouleaux,4,1,NKR-72502156,232,train,,,,0.2408456633,167.0,0.5731797334,0.1027978102,3.933569726,75.76510379,0.1710052296,0.1666083785,0.3618794913,0.5283392379,slightly dense,0.4754432912,some rouleaux,False
tanzania-combinedv3/dpc-236-NKR-72502156.png,tanzania-combinedv3,dpc-236-NKR-72502156.png,gs://tanzania_02032026/TZ2025-Box4/NKR-72502156/dpc-236-NKR-72502156.png,monolayer,no rouleaux,3,0,NKR-72502156,236,train,,,,0.1421591837,169.0,0.6179208337,0.05431606239,3.484382355,49.83112296,0.1244289541,0.08847857329,0.3015677511,0.2475233116,sparser,0.2101705437,no rouleaux,False
tanzania-combinedv3/dpc-240-NKR-72502156.png,tanzania-combinedv3,dpc-240-NKR-72502156.png,gs://tanzania_02032026/TZ2025-Box4/NKR-72502156/dpc-240-NKR-72502156.png,monolayer,no rouleaux,3,0,NKR-72502156,240,train,,,,0.138503699,169.0,0.601766483,0.05515681516,3.59844171,49.07746698,0.1182010204,0.0820366361,0.177864883,0.2173947763,sparser,0.166934912,no rouleaux,False
tanzania-combinedv3/dpc-244-NKR-72502156.png,tanzania-combinedv3,dpc-244-NKR-72502156.png,gs://tanzania_02032026/TZ2025-Box4/NKR-72502156/dpc-244-NKR-72502156.png,monolayer,no rouleaux,3,0,NKR-72502156,244,train,,,,0.1186155612,169.0,0.5721176889,0.05075350047,3.502731235,40.65749528,0.1031071429,0.07271677622,0.1420933872,0.1518986313,sparser,0.1116089128,no rouleaux,False
tanzania-combinedv3/dpc-248-NKR-72502156.png,tanzania-combinedv3,dpc-248-NKR-72502156.png,gs://tanzania_02032026/TZ2025-Box4/NKR-72502156/dpc-248-NKR-72502156.png,monolayer,slight rouleaux,3,1,NKR-72502156,248,train,,,,0.2054105867,167.0,0.5643902105,0.08947886245,3.836561311,64.74444906,0.1524468112,0.1560860457,0.5965746166,0.490961602,slightly dense,0.4661481326,some rouleaux,False
tanzania-combinedv3/dpc-252-NKR-72502156.png,tanzania-combinedv3,dpc-252-NKR-72502156.png,gs://tanzania_02032026/TZ2025-Box4/NKR-72502156/dpc-252-NKR-72502156.png,dense,some rouleaux,5,2,NKR-72502156,252,train,,,,0.3355639031,165.0,0.5912647203,0.1371568058,4.046174775,107.7060305,0.2087556122,0.05981502533,0.1095550459,0.5973760525,dense,0.5225003976,some rouleaux,False
tanzania-combinedv3/dpc-256-NKR-72502156.png,tanzania-combinedv3,dpc-256-NKR-72502156.png,gs://tanzania_02032026/TZ2025-Box4/NKR-72502156/dpc-256-NKR-72502156.png,monolayer,no rouleaux,3,0,NKR-72502156,256,train,,,,0.1415441327,169.0,0.5993716165,0.05670659706,3.590792824,49.61775236,0.1191885204,0.08883832076,0.1743198322,0.2242562209,sparser,0.1746038818,no rouleaux,False
tanzania-combinedv3/dpc-260-NKR-72502156.png,tanzania-combinedv3,dpc-260-NKR-72502156.png,gs://tanzania_02032026/TZ2025-Box4/NKR-72502156/dpc-260-NKR-72502156.png,monolayer,no rouleaux,3,0,NKR-72502156,260,train,,,,0.1331380102,169.0,0.587282629,0.05494836955,3.576414047,45.11321912,0.1132489796,0.07913071911,0.1739646415,0.1985730819,sparser,0.1523461564,no rouleaux,False
tanzania-combinedv3/dpc-264-NKR-72502156.png,tanzania-combinedv3,dpc-264-NKR-72502156.png,gs://tanzania_02032026/TZ2025-Box4/NKR-72502156/dpc-264-NKR-72502156.png,monolayer,no rouleaux,3,0,NKR-72502156,264,train,,,,0.1443334184,169.0,0.5725348161,0.06169751122,3.676515921,50.84711046,0.1269918367,0.07868134941,0.2643717967,0.2593701855,sparser,0.2135894382,no rouleaux,False
tanzania-combinedv3/dpc-268-NKR-72502156.png,tanzania-combinedv3,dpc-268-NKR-72502156.png,gs://tanzania_02032026/TZ2025-Box4/NKR-72502156/dpc-268-NKR-72502156.png,slightly dense,slight rouleaux,4,1,NKR-72502156,268,train,,,,0.2503202806,167.0,0.5926353649,0.1019716298,3.954264502,85.33462833,0.1805160714,0.1277029746,0.3232942208,0.537697861,slightly dense,0.4743664013,some rouleaux,False
tanzania-combinedv3/dpc-272-NKR-72502156.png,tanzania-combinedv3,dpc-272-NKR-72502156.png,gs://tanzania_02032026/TZ2025-Box4/NKR-72502156/dpc-272-NKR-72502156.png,monolayer,no rouleaux,3,0,NKR-72502156,272,train,,,,0.1343733418,170.0,0.6379043687,0.04865600004,3.416399141,51.22276006,0.1213135204,0.1029832581,0.1930861564,0.2101253324,sparser,0.1683415264,no rouleaux,False
tanzania-combinedv3/dpc-276-NKR-72502156.png,tanzania-combinedv3,dpc-276-NKR-72502156.png,gs://tanzania_02032026/TZ2025-Box4/NKR-72502156/dpc-276-NKR-72502156.png,monolayer,no rouleaux,3,0,NKR-72502156,276,train,,,,0.1404344388,169.0,0.5868664569,0.05801817726,3.621094294,50.0834291,0.1217307398,0.05769825751,0.1124668246,0.2089737418,sparser,0.15368248,no rouleaux,False
tanzania-combinedv3/dpc-280-NKR-72502156.png,tanzania-combinedv3,dpc-280-NKR-72502156.png,gs://tanzania_02032026/TZ2025-Box4/NKR-72502156/dpc-280-NKR-72502156.png,monolayer,no rouleaux,3,0,NKR-72502156,280,train,low,,,0.1073026786,170.0,0.5850500421,0.04452524196,3.452531624,38.68322641,0.09709285714,0.06751589955,0.196596274,0.1350605114,sparser,0.100748508,no rouleaux,False
tanzania-combinedv3/dpc-284-NKR-72502156.png,tanzania-combinedv3,dpc-284-NKR-72502156.png,gs://tanzania_02032026/TZ2025-Box4/NKR-72502156/dpc-284-NKR-72502156.png,monolayer,slight rouleaux,3,1,NKR-72502156,284,train,,,,0.2039035714,167.0,0.5733617074,0.08699307157,3.808060403,63.5301563,0.1510604592,0.2076652352,0.9081295925,0.5655044138,slightly dense,0.5680855499,rouleaux,False
tanzania-combinedv3/dpc-288-NKR-72502156.png,tanzania-combinedv3,dpc-288-NKR-72502156.png,gs://tanzania_02032026/TZ2025-Box4/NKR-72502156/dpc-288-NKR-72502156.png,dense,rouleaux,5,3,NKR-72502156,288,train,,,,0.3756267857,164.0,0.593429345,0.1527188283,4.026482241,122.8999712,0.2242233418,0.08201506666,0.1772691397,0.6667813693,dense,0.6030208971,rouleaux,False
tanzania-combinedv3/dpc-292-NKR-72502156.png,tanzania-combinedv3,dpc-292-NKR-72502156.png,gs://tanzania_02032026/TZ2025-Box4/NKR-72502156/dpc-292-NKR-72502156.png,monolayer,no rouleaux,3,0,NKR-72502156,292,train,low,,,0.1232317602,170.0,0.6096275111,0.04810628894,3.436767223,47.73500432,0.1098960459,0.1296742969,0.2021768557,0.199319795,sparser,0.1617515312,no rouleaux,False
tanzania-combinedv3/dpc-296-NKR-72502156.png,tanzania-combinedv3,dpc-296-NKR-72502156.png,gs://tanzania_02032026/TZ2025-Box4/NKR-72502156/dpc-296-NKR-72502156.png,monolayer,no rouleaux,3,0,NKR-72502156,296,train,,,,0.1108309949,170.0,0.6046760077,0.04381415138,3.415079347,40.95482291,0.09803214286,0.1012317499,0.2374348961,0.1606811032,sparser,0.1299639921,no rouleaux,False
tanzania-combinedv3/dpc-300-NKR-72502156.png,tanzania-combinedv3,dpc-300-NKR-72502156.png,gs://tanzania_02032026/TZ2025-Box4/NKR-72502156/dpc-300-NKR-72502156.png,monolayer,no rouleaux,3,0,NKR-72502156,300,train,,,,0.1197978316,169.0,0.6036784219,0.04747846569,3.514648925,41.08356233,0.1017742347,0.1434564284,0.28407273,0.2055086627,sparser,0.1735184019,no rouleaux,False
tanzania-combinedv3/dpc-304-NKR-72502156.png,tanzania-combinedv3,dpc-304-NKR-72502156.png,gs://tanzania_02032026/TZ2025-Box4/NKR-72502156/dpc-304-NKR-72502156.png,slightly dense,slight rouleaux,4,1,NKR-72502156,304,train,,,,0.2315709184,167.0,0.5958731843,0.09358401786,3.878892516,75.71929417,0.1704154337,0.1469520823,0.3211355674,0.4911402191,slightly dense,0.4323412068,slight rouleaux,False
tanzania-combinedv3/dpc-308-NKR-72502156.png,tanzania-combinedv3,dpc-308-NKR-72502156.png,gs://tanzania_02032026/TZ2025-Box4/NKR-72502156/dpc-308-NKR-72502156.png,monolayer,no rouleaux,3,0,NKR-72502156,308,train,low,,,0.1338160714,169.0,0.6422400456,0.04787403162,3.33516364,47.65368744,0.1116,0.1262532493,0.3934389131,0.2407220292,sparser,0.2245648995,no rouleaux,False
tanzania-combinedv3/dpc-312-NKR-72502156.png,tanzania-combinedv3,dpc-312-NKR-72502156.png,gs://tanzania_02032026/TZ2025-Box4/NKR-72502156/dpc-312-NKR-72502156.png,monolayer,no rouleaux,3,0,NKR-72502156,312,train,,,,0.1341982143,169.0,0.608833332,0.05249386833,3.485671973,50.51434084,0.1171917092,0.109625098,0.3196004481,0.2447970548,sparser,0.2123816018,no rouleaux,False
tanzania-combinedv3/dpc-316-NKR-72502156.png,tanzania-combinedv3,dpc-316-NKR-72502156.png,gs://tanzania_02032026/TZ2025-Box4/NKR-72502156/dpc-316-NKR-72502156.png,monolayer,no rouleaux,3,0,NKR-72502156,316,train,,,,0.1169923469,169.0,0.6271924267,0.04361563296,3.413606396,38.82543817,0.09410165816,0.1040282299,0.2980673256,0.1729186783,sparser,0.1480643511,no rouleaux,False
tanzania-combinedv3/dpc-320-NKR-72502156.png,tanzania-combinedv3,dpc-320-NKR-72502156.png,gs://tanzania_02032026/TZ2025-Box4/NKR-72502156/dpc-320-NKR-72502156.png,monolayer,no rouleaux,3,0,NKR-72502156,320,train,,,,0.1503178571,168.0,0.5727181527,0.06422809168,3.67722741,49.11369907,0.1249137755,0.1414554429,0.4398181445,0.3213089226,monolayer,0.2930552676,no rouleaux,False
tanzania-combinedv3/dpc-324-NKR-72502156.png,tanzania-combinedv3,dpc-324-NKR-72502156.png,gs://tanzania_02032026/TZ2025-Box4/NKR-72502156/dpc-324-NKR-72502156.png,dense,rouleaux,5,3,NKR-72502156,324,train,,,,0.3672533163,164.0,0.5927729139,0.1495554979,4.068220236,115.184567,0.2138030612,0.1342078447,0.2195761953,0.6845446053,dense,0.6220852376,rouleaux,False
tanzania-combinedv3/dpc-001-RUB-72501818.png,tanzania-combinedv3,dpc-001-RUB-72501818.png,gs://tanzania_02032026/TZ2025-Box3/RUB-72501818/dpc-001-RUB-72501818.png,monolayer,no rouleaux,3,0,RUB-72501818,1,train,,,,0.1342827806,170.0,0.5709564281,0.05761316384,3.533632954,50.46027008,0.124913648,0.1112054235,0.287985781,0.250662889,sparser,0.2158781352,no rouleaux,False
tanzania-combinedv3/dpc-004-RUB-72501818.png,tanzania-combinedv3,dpc-004-RUB-72501818.png,gs://tanzania_02032026/TZ2025-Box3/RUB-72501818/dpc-004-RUB-72501818.png,monolayer,no rouleaux,3,0,RUB-72501818,4,train,low,,,0.1053205357,171.0,0.5523060772,0.04715136379,3.285106505,50.3112289,0.1166241071,0.1285264312,0.3327956368,0.2048059357,sparser,0.1916795671,no rouleaux,False
tanzania-combinedv3/dpc-008-RUB-72501818.png,tanzania-combinedv3,dpc-008-RUB-72501818.png,gs://tanzania_02032026/TZ2025-Box3/RUB-72501818/dpc-008-RUB-72501818.png,sparser,no rouleaux,2,0,RUB-72501818,8,train,,,,0.08408635204,171.0,0.5309058645,0.03944441462,3.173815464,41.6092045,0.09513010204,0.1164030467,0.3666220023,0.1413844788,sparser,0.1460120935,no rouleaux,False
tanzania-combinedv3/dpc-012-RUB-72501818.png,tanzania-combinedv3,dpc-012-RUB-72501818.png,gs://tanzania_02032026/TZ2025-Box3/RUB-72501818/dpc-012-RUB-72501818.png,sparser,no rouleaux,2,0,RUB-72501818,12,train,,,,0.07212793367,171.0,0.5104356783,0.03531126292,3.126104368,35.88563344,0.07671109694,0.1089907284,0.3406384334,0.09152438913,sparser,0.1045967186,no rouleaux,False
tanzania-combinedv3/dpc-016-RUB-72501818.png,tanzania-combinedv3,dpc-016-RUB-72501818.png,gs://tanzania_02032026/TZ2025-Box3/RUB-72501818/dpc-016-RUB-72501818.png,sparser,no rouleaux,2,0,RUB-72501818,16,train,,,,0.07545038265,171.0,0.5258304124,0.03577627682,3.097206929,34.32511442,0.06832767857,0.1205410848,0.2144477984,0.06311716009,sparser,0.06831343045,no rouleaux,False
tanzania-combinedv3/dpc-020-RUB-72501818.png,tanzania-combinedv3,dpc-020-RUB-72501818.png,gs://tanzania_02032026/TZ2025-Box3/RUB-72501818/dpc-020-RUB-72501818.png,monolayer,no rouleaux,3,0,RUB-72501818,20,train,low,,,0.09307959184,171.0,0.5523802231,0.04166426613,3.213527818,45.33602793,0.1036293367,0.1477931157,0.3098052877,0.167147831,sparser,0.1600619987,no rouleaux,False
tanzania-combinedv3/dpc-024-RUB-72501818.png,tanzania-combinedv3,dpc-024-RUB-72501818.png,gs://tanzania_02032026/TZ2025-Box3/RUB-72501818/dpc-024-RUB-72501818.png,sparser,no rouleaux,2,0,RUB-72501818,24,train,,,,0.07034170918,171.0,0.5364432687,0.03260737278,3.062026694,36.31714099,0.07901326531,0.195011239,0.4144500678,0.13823206,sparser,0.1553534513,no rouleaux,False
tanzania-combinedv3/dpc-028-RUB-72501818.png,tanzania-combinedv3,dpc-028-RUB-72501818.png,gs://tanzania_02032026/TZ2025-Box3/RUB-72501818/dpc-028-RUB-72501818.png,sparser,no rouleaux,2,0,RUB-72501818,28,train,,,,0.0706182398,171.0,0.5074986873,0.0347795758,3.111376167,34.78874271,0.07411798469,0.136979686,0.3733991001,0.1031233013,sparser,0.1205035158,no rouleaux,False
tanzania-combinedv3/dpc-032-RUB-72501818.png,tanzania-combinedv3,dpc-032-RUB-72501818.png,gs://tanzania_02032026/TZ2025-Box3/RUB-72501818/dpc-032-RUB-72501818.png,sparser,no rouleaux,2,0,RUB-72501818,32,train,,,,0.07313686224,171.0,0.5034474726,0.03631629379,3.14246494,32.87888356,0.06709744898,0.108392112,0.2610240297,0.06503797797,sparser,0.07453118104,no rouleaux,False
tanzania-combinedv3/dpc-036-RUB-72501818.png,tanzania-combinedv3,dpc-036-RUB-72501818.png,gs://tanzania_02032026/TZ2025-Box3/RUB-72501818/dpc-036-RUB-72501818.png,sparser,no rouleaux,2,0,RUB-72501818,36,train,,,,0.0924,171.0,0.5110321845,0.04518062616,3.251974577,41.33481989,0.07695382653,0.1236071131,0.2198251801,0.1153772343,sparser,0.1150785141,no rouleaux,False
tanzania-combinedv3/dpc-040-RUB-72501818.png,tanzania-combinedv3,dpc-040-RUB-72501818.png,gs://tanzania_02032026/TZ2025-Box3/RUB-72501818/dpc-040-RUB-72501818.png,monolayer,no rouleaux,3,0,RUB-72501818,40,train,low,,,0.08168469388,171.0,0.5306075072,0.03834218209,3.163668388,42.50891532,0.0929130102,0.127579466,0.22809168,0.1111958432,sparser,0.1060413792,no rouleaux,False
tanzania-combinedv3/dpc-044-RUB-72501818.png,tanzania-combinedv3,dpc-044-RUB-72501818.png,gs://tanzania_02032026/TZ2025-Box3/RUB-72501818/dpc-044-RUB-72501818.png,monolayer,no rouleaux,3,0,RUB-72501818,44,train,,,,0.09300357143,170.0,0.5074222259,0.0458114922,3.240130998,43.43693435,0.09579528061,0.1740281694,0.3352227567,0.1753611769,sparser,0.178677942,no rouleaux,False
tanzania-combinedv3/dpc-048-RUB-72501818.png,tanzania-combinedv3,dpc-048-RUB-72501818.png,gs://tanzania_02032026/TZ2025-Box3/RUB-72501818/dpc-048-RUB-72501818.png,sparser,no rouleaux,2,0,RUB-72501818,48,train,,,,0.06851543367,170.0,0.4682298122,0.03643446503,3.051185131,28.54060228,0.05894693878,0.08914419188,0.293531627,0.05228992545,sparser,0.0677164225,no rouleaux,False
tanzania-combinedv3/dpc-052-RUB-72501818.png,tanzania-combinedv3,dpc-052-RUB-72501818.png,gs://tanzania_02032026/TZ2025-Box3/RUB-72501818/dpc-052-RUB-72501818.png,sparser,no rouleaux,2,0,RUB-72501818,52,train,,,,0.05944630102,171.0,0.4753332691,0.03118949642,3.000067336,24.95495664,0.04893520408,0.142703012,0.4212288198,0.08947425779,sparser,0.1160829554,no rouleaux,True
tanzania-combinedv3/dpc-056-RUB-72501818.png,tanzania-combinedv3,dpc-056-RUB-72501818.png,gs://tanzania_02032026/TZ2025-Box3/RUB-72501818/dpc-056-RUB-72501818.png,sparser,no rouleaux,2,0,RUB-72501818,56,train,,,,0.07693954082,171.0,0.5415709574,0.03527132003,3.12027239,38.36726748,0.08498839286,0.1495698042,0.3458216035,0.1222006236,sparser,0.1299014108,no rouleaux,False
tanzania-combinedv3/dpc-060-RUB-72501818.png,tanzania-combinedv3,dpc-060-RUB-72501818.png,gs://tanzania_02032026/TZ2025-Box3/RUB-72501818/dpc-060-RUB-72501818.png,sparser,no rouleaux,2,0,RUB-72501818,60,train,,,,0.06197806122,171.0,0.5030439701,0.03080037125,3.010166322,29.68050472,0.06510344388,0.1244613632,0.2911069422,0.06506795043,sparser,0.07832625512,no rouleaux,False
tanzania-combinedv3/dpc-064-RUB-72501818.png,tanzania-combinedv3,dpc-064-RUB-72501818.png,gs://tanzania_02032026/TZ2025-Box3/RUB-72501818/dpc-064-RUB-72501818.png,sparser,no rouleaux,2,0,RUB-72501818,64,train,,,,0.04692512755,171.0,0.4548467831,0.02558138424,2.87147581,21.4595467,0.04373367347,0.1445613801,0.2993090575,0.06428267386,sparser,0.08082158073,no rouleaux,True
tanzania-combinedv3/dpc-068-RUB-72501818.png,tanzania-combinedv3,dpc-068-RUB-72501818.png,gs://tanzania_02032026/TZ2025-Box3/RUB-72501818/dpc-068-RUB-72501818.png,sparser,no rouleaux,2,0,RUB-72501818,68,train,,,,0.05565446429,171.0,0.4627763276,0.02989889569,2.959336944,22.55362911,0.04611454082,0.1369681431,0.3581405542,0.07422787518,sparser,0.09545979032,no rouleaux,True
tanzania-combinedv3/dpc-072-RUB-72501818.png,tanzania-combinedv3,dpc-072-RUB-72501818.png,gs://tanzania_02032026/TZ2025-Box3/RUB-72501818/dpc-072-RUB-72501818.png,sparser,no rouleaux,2,0,RUB-72501818,72,train,,,,0.06373469388,171.0,0.4557066314,0.03469037123,3.070809574,21.96995555,0.04797576531,0.1000778161,0.1665027508,0.02321414615,sparser,0.0277860198,no rouleaux,True
tanzania-combinedv3/dpc-076-RUB-72501818.png,tanzania-combinedv3,dpc-076-RUB-72501818.png,gs://tanzania_02032026/TZ2025-Box3/RUB-72501818/dpc-076-RUB-72501818.png,monolayer,no rouleaux,3,0,RUB-72501818,76,train,low,,,0.07963584184,171.0,0.5105484167,0.03897788887,3.182313934,36.9334475,0.08628278061,0.1735016162,0.3094854005,0.1289476429,sparser,0.1346835942,no rouleaux,False
tanzania-combinedv3/dpc-080-RUB-72501818.png,tanzania-combinedv3,dpc-080-RUB-72501818.png,gs://tanzania_02032026/TZ2025-Box3/RUB-72501818/dpc-080-RUB-72501818.png,sparser,no rouleaux,2,0,RUB-72501818,80,train,,,,0.06820382653,171.0,0.4725741699,0.03597245982,3.105378029,29.88309698,0.0645377551,0.1527893521,0.3913281262,0.09938847275,sparser,0.1223027763,no rouleaux,False
tanzania-combinedv3/dpc-084-RUB-72501818.png,tanzania-combinedv3,dpc-084-RUB-72501818.png,gs://tanzania_02032026/TZ2025-Box3/RUB-72501818/dpc-084-RUB-72501818.png,sparser,no rouleaux,2,0,RUB-72501818,84,train,,,,0.0560752551,171.0,0.4497622431,0.03085472258,3.010569815,21.69822373,0.04609642857,0.1729318213,0.3714213473,0.08891207259,sparser,0.1121379405,no rouleaux,True
tanzania-combinedv3/dpc-088-RUB-72501818.png,tanzania-combinedv3,dpc-088-RUB-72501818.png,gs://tanzania_02032026/TZ2025-Box3/RUB-72501818/dpc-088-RUB-72501818.png,sparser,no rouleaux,2,0,RUB-72501818,88,train,,,,0.06094477041,171.0,0.4494916437,0.03355060538,3.065168916,18.4111252,0.04099872449,0.1250466914,0.3012840248,0.05825801056,sparser,0.07447675212,no rouleaux,True
tanzania-combinedv3/dpc-092-RUB-72501818.png,tanzania-combinedv3,dpc-092-RUB-72501818.png,gs://tanzania_02032026/TZ2025-Box3/RUB-72501818/dpc-092-RUB-72501818.png,sparser,no rouleaux,2,0,RUB-72501818,92,train,,,,0.07238890306,172.0,0.500021651,0.03619288424,3.187725408,30.66605643,0.07110790816,0.1729979467,0.6862791378,0.1788719739,sparser,0.2203871447,no rouleaux,False
tanzania-combinedv3/dpc-096-RUB-72501818.png,tanzania-combinedv3,dpc-096-RUB-72501818.png,gs://tanzania_02032026/TZ2025-Box3/RUB-72501818/dpc-096-RUB-72501818.png,sparser,no rouleaux,2,0,RUB-72501818,96,train,,,,0.06120165816,171.0,0.4737965193,0.03220452555,3.072784528,23.13050827,0.05317678571,0.139825865,0.557769492,0.1174241081,sparser,0.1552904483,no rouleaux,True
tanzania-combinedv3/dpc-100-RUB-72501818.png,tanzania-combinedv3,dpc-100-RUB-72501818.png,gs://tanzania_02032026/TZ2025-Box3/RUB-72501818/dpc-100-RUB-72501818.png,sparser,no rouleaux,2,0,RUB-72501818,100,train,,,,0.04415140306,171.0,0.4273610696,0.02528281222,2.911473089,15.08659086,0.03385089286,0.09081121684,0.2447572698,0.03499108039,sparser,0.04567054552,no rouleaux,True
tanzania-combinedv3/dpc-104-RUB-72501818.png,tanzania-combinedv3,dpc-104-RUB-72501818.png,gs://tanzania_02032026/TZ2025-Box3/RUB-72501818/dpc-104-RUB-72501818.png,sparser,no rouleaux,2,0,RUB-72501818,104,train,low,,,0.9564627551,148.0,0.4434567328,0.5323129067,2.808710861,11.58858292,0.02099668367,0.09733679286,0.394335354,0.5512377658,sparser,0.6241746606,no rouleaux,True
tanzania-combinedv3/dpc-108-RUB-72501818.png,tanzania-combinedv3,dpc-108-RUB-72501818.png,gs://tanzania_02032026/TZ2025-Box3/RUB-72501818/dpc-108-RUB-72501818.png,sparser,no rouleaux,2,0,RUB-72501818,108,train,low,,,0.03605369898,172.0,0.4405116706,0.02017162381,2.820692299,14.15258939,0.02698010204,0.09830840896,0.2592557461,0.04053493865,sparser,0.05260332262,no rouleaux,True
tanzania-combinedv3/dpc-112-RUB-72501818.png,tanzania-combinedv3,dpc-112-RUB-72501818.png,gs://tanzania_02032026/TZ2025-Box3/RUB-72501818/dpc-112-RUB-72501818.png,monolayer,no rouleaux,3,0,RUB-72501818,112,train,low,,,0.0780130102,171.0,0.480672631,0.04051429134,3.303605219,26.77237653,0.06436211735,0.1452941232,0.3847633528,0.1120775817,sparser,0.1243636301,no rouleaux,False
tanzania-combinedv3/dpc-116-RUB-72501818.png,tanzania-combinedv3,dpc-116-RUB-72501818.png,gs://tanzania_02032026/TZ2025-Box3/RUB-72501818/dpc-116-RUB-72501818.png,sparser,no rouleaux,2,0,RUB-72501818,116,train,,,,0.05929872449,171.0,0.4404691758,0.03317946419,3.10857906,18.96528083,0.04337653061,0.1047628088,0.2093633948,0.03210578446,sparser,0.04019460876,no rouleaux,True
tanzania-combinedv3/dpc-120-RUB-72501818.png,tanzania-combinedv3,dpc-120-RUB-72501818.png,gs://tanzania_02032026/TZ2025-Box3/RUB-72501818/dpc-120-RUB-72501818.png,sparser,no rouleaux,2,0,RUB-72501818,120,train,,,,0.9485677296,148.0,0.4621582004,0.5101793748,2.91945114,11.36361959,0.01781977041,0.05690804961,0.1545543428,0.4887468299,sparser,0.5409067044,no rouleaux,True
tanzania-combinedv3/dpc-124-RUB-72501818.png,tanzania-combinedv3,dpc-124-RUB-72501818.png,gs://tanzania_02032026/TZ2025-Box3/RUB-72501818/dpc-124-RUB-72501818.png,sparser,no rouleaux,2,0,RUB-72501818,124,train,,,,0.9576743622,147.0,0.4310200688,0.5448974928,2.821721505,13.98209446,0.02792219388,0.09240771771,0.2034050933,0.5091988177,sparser,0.5661716544,no rouleaux,True
tanzania-combinedv3/dpc-128-RUB-72501818.png,tanzania-combinedv3,dpc-128-RUB-72501818.png,gs://tanzania_02032026/TZ2025-Box3/RUB-72501818/dpc-128-RUB-72501818.png,monolayer,no rouleaux,3,0,RUB-72501818,128,train,,,,0.0886502551,171.0,0.486313901,0.04553840372,3.394739143,26.22120745,0.06201033163,0.1267218243,0.3008097267,0.1069089321,sparser,0.1089316045,no rouleaux,False
tanzania-combinedv3/dpc-132-RUB-72501818.png,tanzania-combinedv3,dpc-132-RUB-72501818.png,gs://tanzania_02032026/TZ2025-Box3/RUB-72501818/dpc-132-RUB-72501818.png,sparser,no rouleaux,2,0,RUB-72501818,132,train,,,,0.07351033163,171.0,0.4655989665,0.0392839972,3.242409695,21.40817297,0.05038635204,0.08103712525,0.2303566544,0.0451763198,sparser,0.04842037958,no rouleaux,False
tanzania-combinedv3/dpc-136-RUB-72501818.png,tanzania-combinedv3,dpc-136-RUB-72501818.png,gs://tanzania_02032026/TZ2025-Box3/RUB-72501818/dpc-136-RUB-72501818.png,sparser,no rouleaux,2,0,RUB-72501818,136,train,,,,0.930290051,148.0,0.4568075934,0.5053264917,3.125709997,15.58258105,0.03246454082,0.09842221131,0.2715439409,0.5256065058,sparser,0.5883821157,no rouleaux,True
tanzania-combinedv3/dpc-140-RUB-72501818.png,tanzania-combinedv3,dpc-140-RUB-72501818.png,gs://tanzania_02032026/TZ2025-Box3/RUB-72501818/dpc-140-RUB-72501818.png,sparser,no rouleaux,2,0,RUB-72501818,140,train,,,,0.9457244898,147.0,0.4446818684,0.5251779567,2.94850485,14.33560822,0.03074859694,0.1005896926,0.3118277174,0.5348484137,sparser,0.6010201964,no rouleaux,True
tanzania-combinedv3/dpc-144-RUB-72501818.png,tanzania-combinedv3,dpc-144-RUB-72501818.png,gs://tanzania_02032026/TZ2025-Box3/RUB-72501818/dpc-144-RUB-72501818.png,sparser,no rouleaux,2,0,RUB-72501818,144,train,,,,0.05031964286,172.0,0.4425860238,0.02804887221,2.95788101,17.11169885,0.03595420918,0.1084242796,0.3672989109,0.06674268576,sparser,0.08802649862,no rouleaux,True
tanzania-combinedv3/dpc-148-RUB-72501818.png,tanzania-combinedv3,dpc-148-RUB-72501818.png,gs://tanzania_02032026/TZ2025-Box3/RUB-72501818/dpc-148-RUB-72501818.png,monolayer,no rouleaux,3,0,RUB-72501818,148,train,,,,0.1032241071,170.0,0.4778128013,0.05390230735,3.446040904,26.10077932,0.060975,0.1233496138,0.3911720651,0.1508417102,sparser,0.1600663499,no rouleaux,False
tanzania-combinedv3/dpc-152-RUB-72501818.png,tanzania-combinedv3,dpc-152-RUB-72501818.png,gs://tanzania_02032026/TZ2025-Box3/RUB-72501818/dpc-152-RUB-72501818.png,sparser,no rouleaux,2,0,RUB-72501818,152,train,,,,0.9140441327,148.0,0.4643430823,0.4896140627,3.268562399,19.37930958,0.04324834184,0.09420526908,0.2519639563,0.5284910074,slightly dense,0.5811165028,rouleaux,False
tanzania-combinedv3/dpc-156-RUB-72501818.png,tanzania-combinedv3,dpc-156-RUB-72501818.png,gs://tanzania_02032026/TZ2025-Box3/RUB-72501818/dpc-156-RUB-72501818.png,sparser,no rouleaux,2,0,RUB-72501818,156,train,,,,0.9302058673,147.0,0.4654670015,0.4972257315,3.122717872,15.52796364,0.03403507653,0.08897345989,0.4215205397,0.5542305751,sparser,0.6292156303,no rouleaux,True
tanzania-combinedv3/dpc-160-RUB-72501818.png,tanzania-combinedv3,dpc-160-RUB-72501818.png,gs://tanzania_02032026/TZ2025-Box3/RUB-72501818/dpc-160-RUB-72501818.png,sparser,no rouleaux,2,0,RUB-72501818,160,train,,,,0.0560880102,172.0,0.449713427,0.03086447892,3.020948388,16.51576938,0.03617015306,0.09501654196,0.2035733626,0.02766260442,sparser,0.03502927911,no rouleaux,True
tanzania-combinedv3/dpc-164-RUB-72501818.png,tanzania-combinedv3,dpc-164-RUB-72501818.png,gs://tanzania_02032026/TZ2025-Box3/RUB-72501818/dpc-164-RUB-72501818.png,monolayer,no rouleaux,3,0,RUB-72501818,164,train,low,,,0.8816858418,149.0,0.4768003254,0.4612977456,3.505849718,26.37454464,0.05983584184,0.09216026078,0.1834998145,0.527922857,slightly dense,0.5604241377,rouleaux,False
tanzania-combinedv3/dpc-168-RUB-72501818.png,tanzania-combinedv3,dpc-168-RUB-72501818.png,gs://tanzania_02032026/TZ2025-Box3/RUB-72501818/dpc-168-RUB-72501818.png,sparser,no rouleaux,2,0,RUB-72501818,168,train,,,,0.9102233418,148.0,0.470882271,0.4816153075,3.314570875,19.02217734,0.04025841837,0.1257388669,0.5923757833,0.6136929651,dense,0.692604229,heavy rouleaux,False
tanzania-combinedv3/dpc-172-RUB-72501818.png,tanzania-combinedv3,dpc-172-RUB-72501818.png,gs://tanzania_02032026/TZ2025-Box3/RUB-72501818/dpc-172-RUB-72501818.png,sparser,no rouleaux,2,0,RUB-72501818,172,train,,,,0.9240822704,147.0,0.4835018181,0.4772868125,3.231724792,15.28712779,0.03005229592,0.04691295916,0.1000469023,0.4886594931,slightly dense,0.5321179505,some rouleaux,False
tanzania-combinedv3/dpc-176-RUB-72501818.png,tanzania-combinedv3,dpc-176-RUB-72501818.png,gs://tanzania_02032026/TZ2025-Box3/RUB-72501818/dpc-176-RUB-72501818.png,sparser,no rouleaux,2,0,RUB-72501818,176,train,,,,0.9400387755,147.0,0.4610785341,0.5066070749,3.02856384,14.80162205,0.0319869898,0.07469176866,0.1334570824,0.4885450307,sparser,0.5392747484,no rouleaux,True
tanzania-combinedv3/dpc-180-RUB-72501818.png,tanzania-combinedv3,dpc-180-RUB-72501818.png,gs://tanzania_02032026/TZ2025-Box3/RUB-72501818/dpc-180-RUB-72501818.png,sparser,no rouleaux,2,0,RUB-72501818,180,train,,,,0.9328693878,147.0,0.4531966346,0.5100961207,3.083330224,18.25505068,0.03982589286,0.09567169811,0.3218641516,0.5353490391,sparser,0.6022315781,no rouleaux,True
tanzania-combinedv3/dpc-184-RUB-72501818.png,tanzania-combinedv3,dpc-184-RUB-72501818.png,gs://tanzania_02032026/TZ2025-Box3/RUB-72501818/dpc-184-RUB-72501818.png,monolayer,no rouleaux,3,0,RUB-72501818,184,train,low,,,0.8908614796,148.0,0.4787327374,0.4643769248,3.436866344,22.99353854,0.05247410714,0.09030655011,0.2610724168,0.5391582617,slightly dense,0.5824162676,rouleaux,False
tanzania-combinedv3/dpc-188-RUB-72501818.png,tanzania-combinedv3,dpc-188-RUB-72501818.png,gs://tanzania_02032026/TZ2025-Box3/RUB-72501818/dpc-188-RUB-72501818.png,sparser,no rouleaux,2,0,RUB-72501818,188,train,,,,0.9146343112,147.0,0.4850999529,0.47094525,3.254998198,17.08277445,0.03559693878,0.0890003864,0.2969763112,0.5354917272,slightly dense,0.5925309464,rouleaux,False
tanzania-combinedv3/dpc-192-RUB-72501818.png,tanzania-combinedv3,dpc-192-RUB-72501818.png,gs://tanzania_02032026/TZ2025-Box3/RUB-72501818/dpc-192-RUB-72501818.png,sparser,no rouleaux,2,0,RUB-72501818,192,train,,,,0.9339479592,147.0,0.4784373509,0.4871123717,3.12575548,14.06502799,0.02805548469,0.04955149263,0.1299916384,0.4835479728,sparser,0.5336698391,no rouleaux,True
tanzania-combinedv3/dpc-196-RUB-72501818.png,tanzania-combinedv3,dpc-196-RUB-72501818.png,gs://tanzania_02032026/TZ2025-Box3/RUB-72501818/dpc-196-RUB-72501818.png,sparser,no rouleaux,2,0,RUB-72501818,196,train,,,,0.05920561224,172.0,0.4566187611,0.03217121893,3.039980702,16.6427924,0.03630216837,0.1111426464,0.276271739,0.04837364489,sparser,0.06217220736,no rouleaux,True
tanzania-combinedv3/dpc-200-RUB-72501818.png,tanzania-combinedv3,dpc-200-RUB-72501818.png,gs://tanzania_02032026/TZ2025-Box3/RUB-72501818/dpc-200-RUB-72501818.png,monolayer,no rouleaux,3,0,RUB-72501818,200,train,low,,,0.8890096939,148.0,0.4890021902,0.4542820065,3.430662769,21.67522071,0.04817614796,0.081927641,0.158104645,0.5142286325,slightly dense,0.5491049774,some rouleaux,False
tanzania-combinedv3/dpc-204-RUB-72501818.png,tanzania-combinedv3,dpc-204-RUB-72501818.png,gs://tanzania_02032026/TZ2025-Box3/RUB-72501818/dpc-204-RUB-72501818.png,sparser,no rouleaux,2,0,RUB-72501818,204,train,,,,0.9124276786,147.0,0.4835331005,0.4712386942,3.268010723,17.46843757,0.03700867347,0.07710841021,0.3098325639,0.5350619676,slightly dense,0.5920977217,rouleaux,False
tanzania-combinedv3/dpc-208-RUB-72501818.png,tanzania-combinedv3,dpc-208-RUB-72501818.png,gs://tanzania_02032026/TZ2025-Box3/RUB-72501818/dpc-208-RUB-72501818.png,sparser,no rouleaux,2,0,RUB-72501818,208,train,,,,0.9266602041,147.0,0.4817533133,0.4802385805,3.178739983,15.39335527,0.03256632653,0.06882804759,0.1642517309,0.4961969002,slightly dense,0.5462664011,some rouleaux,False
tanzania-combinedv3/dpc-212-RUB-72501818.png,tanzania-combinedv3,dpc-212-RUB-72501818.png,gs://tanzania_02032026/TZ2025-Box3/RUB-72501818/dpc-212-RUB-72501818.png,sparser,no rouleaux,2,0,RUB-72501818,212,train,,,,0.9477242347,146.0,0.4543150418,0.5171588594,2.958282046,13.49539269,0.02850701531,0.04550329229,0.1281245707,0.4831527958,sparser,0.5331197483,no rouleaux,True
tanzania-combinedv3/dpc-216-RUB-72501818.png,tanzania-combinedv3,dpc-216-RUB-72501818.png,gs://tanzania_02032026/TZ2025-Box3/RUB-72501818/dpc-216-RUB-72501818.png,sparser,no rouleaux,2,0,RUB-72501818,216,train,,,,0.9482392857,146.0,0.4520565443,0.5195815111,2.952853265,13.85108762,0.02870637755,0.07625501584,0.2566140835,0.5151281137,sparser,0.5761151458,no rouleaux,True
tanzania-combinedv3/dpc-220-RUB-72501818.png,tanzania-combinedv3,dpc-220-RUB-72501818.png,gs://tanzania_02032026/TZ2025-Box3/RUB-72501818/dpc-220-RUB-72501818.png,monolayer,no rouleaux,3,0,RUB-72501818,220,train,low,,,0.8763867347,148.0,0.500720395,0.4375620227,3.508015284,24.21091722,0.05414693878,0.09895374934,0.5932138344,0.6165516188,dense,0.6833438049,heavy rouleaux,False
tanzania-combinedv3/dpc-224-RUB-72501818.png,tanzania-combinedv3,dpc-224-RUB-72501818.png,gs://tanzania_02032026/TZ2025-Box3/RUB-72501818/dpc-224-RUB-72501818.png,monolayer,no rouleaux,3,0,RUB-72501818,224,train,low,,,0.9081821429,147.0,0.4901067693,0.4630759269,3.337644194,18.97918829,0.04226619898,0.06322529201,0.1532208804,0.5014789791,slightly dense,0.5410277118,some rouleaux,False
tanzania-combinedv3/dpc-228-RUB-72501818.png,tanzania-combinedv3,dpc-228-RUB-72501818.png,gs://tanzania_02032026/TZ2025-Box3/RUB-72501818/dpc-228-RUB-72501818.png,sparser,no rouleaux,2,0,RUB-72501818,228,train,,,,0.9316702806,146.0,0.4782805781,0.4860704802,3.151045571,15.51884014,0.0341817602,0.05119050459,0.1631792232,0.4919923358,slightly dense,0.5434478373,some rouleaux,False
tanzania-combinedv3/dpc-232-RUB-72501818.png,tanzania-combinedv3,dpc-232-RUB-72501818.png,gs://tanzania_02032026/TZ2025-Box3/RUB-72501818/dpc-232-RUB-72501818.png,sparser,no rouleaux,2,0,RUB-72501818,232,train,,,,0.0643255102,172.0,0.4543503019,0.03509919522,3.11249465,17.45987579,0.03854043367,0.06558148384,0.2176324236,0.02334531756,sparser,0.03136672333,no rouleaux,True
tanzania-combinedv3/dpc-236-RUB-72501818.png,tanzania-combinedv3,dpc-236-RUB-72501818.png,gs://tanzania_02032026/TZ2025-Box3/RUB-72501818/dpc-236-RUB-72501818.png,monolayer,no rouleaux,3,0,RUB-72501818,236,train,low,,,0.8802116071,148.0,0.502350311,0.4380370326,3.503898813,21.95389724,0.04613137755,0.1378050525,0.709700518,0.6537881185,dense,0.7314542786,heavy rouleaux,False
tanzania-combinedv3/dpc-240-RUB-72501818.png,tanzania-combinedv3,dpc-240-RUB-72501818.png,gs://tanzania_02032026/TZ2025-Box3/RUB-72501818/dpc-240-RUB-72501818.png,monolayer,no rouleaux,3,0,RUB-72501818,240,train,low,,,0.9033559949,147.0,0.4906113084,0.4601593283,3.350333207,18.86608794,0.04167563776,0.07683591921,0.1553094931,0.5071704637,slightly dense,0.5464741478,some rouleaux,False
tanzania-combinedv3/dpc-244-RUB-72501818.png,tanzania-combinedv3,dpc-244-RUB-72501818.png,gs://tanzania_02032026/TZ2025-Box3/RUB-72501818/dpc-244-RUB-72501818.png,sparser,no rouleaux,2,0,RUB-72501818,244,train,,,,0.9079678571,147.0,0.4876661382,0.4651826786,3.326849583,19.60304926,0.04305216837,0.09734014432,0.5783571214,0.602081617,dense,0.6783938517,heavy rouleaux,False
tanzania-combinedv3/dpc-248-RUB-72501818.png,tanzania-combinedv3,dpc-248-RUB-72501818.png,gs://tanzania_02032026/TZ2025-Box3/RUB-72501818/dpc-248-RUB-72501818.png,sparser,no rouleaux,2,0,RUB-72501818,248,train,,,,0.924826148,147.0,0.4703869492,0.4897999977,3.151736387,17.43962349,0.0380442602,0.1016539372,0.193746357,0.5116682249,slightly dense,0.5666078502,rouleaux,False
tanzania-combinedv3/dpc-252-RUB-72501818.png,tanzania-combinedv3,dpc-252-RUB-72501818.png,gs://tanzania_02032026/TZ2025-Box3/RUB-72501818/dpc-252-RUB-72501818.png,sparser,no rouleaux,2,0,RUB-72501818,252,train,,,,0.9335843112,146.0,0.4674721241,0.4971596702,3.089881382,15.92518035,0.03423392857,0.08411532868,0.333326311,0.5339598018,sparser,0.6015067373,no rouleaux,True
tanzania-combinedv3/dpc-256-RUB-72501818.png,tanzania-combinedv3,dpc-256-RUB-72501818.png,gs://tanzania_02032026/TZ2025-Box3/RUB-72501818/dpc-256-RUB-72501818.png,monolayer,no rouleaux,3,0,RUB-72501818,256,train,,,,0.8710718112,148.0,0.5131228741,0.4241049399,3.56027144,22.90787958,0.04964668367,0.06495888789,0.191560454,0.5234289246,slightly dense,0.5529389684,some rouleaux,False
tanzania-combinedv3/dpc-260-RUB-72501818.png,tanzania-combinedv3,dpc-260-RUB-72501818.png,gs://tanzania_02032026/TZ2025-Box3/RUB-72501818/dpc-260-RUB-72501818.png,monolayer,no rouleaux,3,0,RUB-72501818,260,train,low,,,0.8957469388,147.0,0.5006772945,0.4472667849,3.43376576,20.16439545,0.04471339286,0.07150892106,0.1802927611,0.5156700609,slightly dense,0.5519441129,some rouleaux,False
tanzania-combinedv3/dpc-264-RUB-72501818.png,tanzania-combinedv3,dpc-264-RUB-72501818.png,gs://tanzania_02032026/TZ2025-Box3/RUB-72501818/dpc-264-RUB-72501818.png,sparser,no rouleaux,2,0,RUB-72501818,264,train,,,,0.9223794643,146.0,0.4842668634,0.4757016543,3.242693887,17.30916388,0.03814387755,0.07491266449,0.3249257021,0.5360233903,slightly dense,0.5957652091,rouleaux,False
tanzania-combinedv3/dpc-268-RUB-72501818.png,tanzania-combinedv3,dpc-268-RUB-72501818.png,gs://tanzania_02032026/TZ2025-Box3/RUB-72501818/dpc-268-RUB-72501818.png,sparser,no rouleaux,2,0,RUB-72501818,268,train,,,,0.9245257653,146.0,0.4671471898,0.4926361521,3.163432011,17.43374352,0.04011875,0.07058549591,0.1407966295,0.490900731,slightly dense,0.5399796705,some rouleaux,False
tanzania-combinedv3/dpc-272-RUB-72501818.png,tanzania-combinedv3,dpc-272-RUB-72501818.png,gs://tanzania_02032026/TZ2025-Box3/RUB-72501818/dpc-272-RUB-72501818.png,monolayer,no rouleaux,3,0,RUB-72501818,272,train,,,,0.8637112245,148.0,0.5233478538,0.4116898088,3.60461125,22.40077736,0.04396147959,0.07471279798,0.1205741578,0.5161649876,slightly dense,0.5367093066,some rouleaux,False
tanzania-combinedv3/dpc-276-RUB-72501818.png,tanzania-combinedv3,dpc-276-RUB-72501818.png,gs://tanzania_02032026/TZ2025-Box3/RUB-72501818/dpc-276-RUB-72501818.png,monolayer,no rouleaux,3,0,RUB-72501818,276,train,low,,,0.8893867347,147.0,0.5022555531,0.4426873084,3.460904442,20.31824102,0.04433992347,0.0606303939,0.1536820777,0.5084417218,slightly dense,0.5406497105,some rouleaux,False
tanzania-combinedv3/dpc-280-RUB-72501818.png,tanzania-combinedv3,dpc-280-RUB-72501818.png,gs://tanzania_02032026/TZ2025-Box3/RUB-72501818/dpc-280-RUB-72501818.png,sparser,no rouleaux,2,0,RUB-72501818,280,train,,,,0.9073572704,147.0,0.4938084109,0.4592966186,3.309453648,18.10368872,0.03995841837,0.04794668834,0.1320695619,0.4948447685,slightly dense,0.534282054,some rouleaux,False
tanzania-combinedv3/dpc-284-RUB-72501818.png,tanzania-combinedv3,dpc-284-RUB-72501818.png,gs://tanzania_02032026/TZ2025-Box3/RUB-72501818/dpc-284-RUB-72501818.png,sparser,no rouleaux,2,0,RUB-72501818,284,train,,,,0.9301682398,146.0,0.4741428665,0.4891356043,3.14239325,15.68590977,0.03378622449,0.04714466267,0.1515917503,0.4890243184,slightly dense,0.5400338411,some rouleaux,False
tanzania-combinedv3/dpc-288-RUB-72501818.png,tanzania-combinedv3,dpc-288-RUB-72501818.png,gs://tanzania_02032026/TZ2025-Box3/RUB-72501818/dpc-288-RUB-72501818.png,sparser,no rouleaux,2,0,RUB-72501818,288,train,,,,0.9361367347,146.0,0.4727891082,0.4935414828,3.062641966,14.74468728,0.0319122449,0.04401259971,0.0991674064,0.482433119,sparser,0.5321179505,no rouleaux,True
tanzania-combinedv3/dpc-292-RUB-72501818.png,tanzania-combinedv3,dpc-292-RUB-72501818.png,gs://tanzania_02032026/TZ2025-Box3/RUB-72501818/dpc-292-RUB-72501818.png,monolayer,no rouleaux,3,0,RUB-72501818,292,train,,,,0.8400993622,149.0,0.5313052866,0.3937501298,3.701991966,26.0800849,0.05264923469,0.06529539696,0.2054668094,0.5371507709,slightly dense,0.5571556163,rouleaux,False
tanzania-combinedv3/dpc-296-RUB-72501818.png,tanzania-combinedv3,dpc-296-RUB-72501818.png,gs://tanzania_02032026/TZ2025-Box3/RUB-72501818/dpc-296-RUB-72501818.png,monolayer,no rouleaux,3,0,RUB-72501818,296,train,low,,,0.8741299745,148.0,0.5088481082,0.4293305906,3.507244478,21.47019123,0.04600841837,0.03849838197,0.09130604451,0.5050732909,slightly dense,0.5321179505,some rouleaux,False
tanzania-combinedv3/dpc-300-RUB-72501818.png,tanzania-combinedv3,dpc-300-RUB-72501818.png,gs://tanzania_02032026/TZ2025-Box3/RUB-72501818/dpc-300-RUB-72501818.png,sparser,no rouleaux,2,0,RUB-72501818,300,train,,,,0.9089422194,147.0,0.4993776769,0.4550367654,3.306514076,17.14890657,0.03668316327,0.03793423853,0.1048501977,0.4931149866,slightly dense,0.5321179505,some rouleaux,False
tanzania-combinedv3/dpc-304-RUB-72501818.png,tanzania-combinedv3,dpc-304-RUB-72501818.png,gs://tanzania_02032026/TZ2025-Box3/RUB-72501818/dpc-304-RUB-72501818.png,sparser,no rouleaux,2,0,RUB-72501818,304,train,,,,0.913452551,146.0,0.485770617,0.4697241417,3.272894769,18.05091928,0.04087079082,0.03662901806,0.05937083913,0.4911121515,slightly dense,0.5321179505,some rouleaux,False
tanzania-combinedv3/dpc-308-RUB-72501818.png,tanzania-combinedv3,dpc-308-RUB-72501818.png,gs://tanzania_02032026/TZ2025-Box3/RUB-72501818/dpc-308-RUB-72501818.png,monolayer,no rouleaux,3,0,RUB-72501818,308,train,,,,0.8408830357,149.0,0.51890401,0.4045454565,3.714178501,29.08301477,0.0601434949,0.08733268207,0.2517384434,0.5573847907,slightly dense,0.582938134,rouleaux,False
tanzania-combinedv3/dpc-312-RUB-72501818.png,tanzania-combinedv3,dpc-312-RUB-72501818.png,gs://tanzania_02032026/TZ2025-Box3/RUB-72501818/dpc-312-RUB-72501818.png,monolayer,no rouleaux,3,0,RUB-72501818,312,train,low,,,0.863317602,148.0,0.5183524933,0.4158147705,3.584807759,23.86339699,0.04735408163,0.0656475874,0.2032491945,0.5278569338,slightly dense,0.5566272538,rouleaux,False
tanzania-combinedv3/dpc-316-RUB-72501818.png,tanzania-combinedv3,dpc-316-RUB-72501818.png,gs://tanzania_02032026/TZ2025-Box3/RUB-72501818/dpc-316-RUB-72501818.png,sparser,no rouleaux,2,0,RUB-72501818,316,train,,,,0.8790932398,148.0,0.5150840935,0.4262862952,3.517001845,19.95459792,0.03819668367,0.05000052656,0.09853083573,0.5056545759,slightly dense,0.5321179505,some rouleaux,False
tanzania-combinedv3/dpc-320-RUB-72501818.png,tanzania-combinedv3,dpc-320-RUB-72501818.png,gs://tanzania_02032026/TZ2025-Box3/RUB-72501818/dpc-320-RUB-72501818.png,sparser,no rouleaux,2,0,RUB-72501818,320,train,,,,0.9027565051,147.0,0.4946943468,0.4561679655,3.33477878,17.64643143,0.03857219388,0.04813903713,0.1055462906,0.4947988269,slightly dense,0.5321179505,some rouleaux,False
tanzania-combinedv3/dpc-324-RUB-72501818.png,tanzania-combinedv3,dpc-324-RUB-72501818.png,gs://tanzania_02032026/TZ2025-Box3/RUB-72501818/dpc-324-RUB-72501818.png,sparser,no rouleaux,2,0,RUB-72501818,324,train,,,,0.9171163265,146.0,0.4878492202,0.4697018418,3.269258765,17.16775139,0.03875880102,0.04218715475,0.09036471103,0.4908955403,slightly dense,0.5321179505,some rouleaux,False
tanzania-073026/dpc-001-KTR-72502948.png,tanzania-073026,dpc-001-KTR-72502948.png,C:\Users\owlem\Projects\fov-filtering-tool\crowding-crenation\data\raw\new\KTR-72502948\dpc\dpc-001-KTR-72502948.png,monolayer,no rouleaux,3,0,KTR-72502948,1,train,,,,0.2139075255,168.0,0.5583393687,0.09447453275,3.882352026,67.01775622,0.1461757653,0.174818647,0.1863882547,0.4244219733,monolayer,0.3688014011,no rouleaux,False
tanzania-073026/dpc-002-KTR-72502948.png,tanzania-073026,dpc-002-KTR-72502948.png,C:\Users\owlem\Projects\fov-filtering-tool\crowding-crenation\data\raw\new\KTR-72502948\dpc\dpc-002-KTR-72502948.png,monolayer,no rouleaux,3,0,KTR-72502948,2,train,,,,0.1974952806,169.0,0.5608408655,0.08673185651,3.902836835,63.04927753,0.1456082908,0.1563494309,0.2717772037,0.4079733072,monolayer,0.354560466,no rouleaux,False
tanzania-073026/dpc-003-KTR-72502948.png,tanzania-073026,dpc-003-KTR-72502948.png,C:\Users\owlem\Projects\fov-filtering-tool\crowding-crenation\data\raw\new\KTR-72502948\dpc\dpc-003-KTR-72502948.png,monolayer,no rouleaux,3,0,KTR-72502948,3,train,,,,0.2123514031,168.0,0.555185355,0.09445701396,3.894681621,59.09529761,0.1355183673,0.172339187,0.2148268151,0.408826444,monolayer,0.3585857095,no rouleaux,False
tanzania-073026/dpc-004-KTR-72502948.png,tanzania-073026,dpc-004-KTR-72502948.png,C:\Users\owlem\Projects\fov-filtering-tool\crowding-crenation\data\raw\new\KTR-72502948\dpc\dpc-004-KTR-72502948.png,monolayer,no rouleaux,3,0,KTR-72502948,4,train,,,,0.1847216837,169.0,0.560216211,0.08123760197,3.823101982,57.42664795,0.1320089286,0.1604807645,0.2513227488,0.363484825,monolayer,0.3166618536,no rouleaux,False
tanzania-073026/dpc-005-KTR-72502948.png,tanzania-073026,dpc-005-KTR-72502948.png,C:\Users\owlem\Projects\fov-filtering-tool\crowding-crenation\data\raw\new\KTR-72502948\dpc\dpc-005-KTR-72502948.png,monolayer,no rouleaux,3,0,KTR-72502948,5,train,,,,0.1789892857,169.0,0.5593138935,0.07887809142,3.803755262,55.23324057,0.1290571429,0.1499446147,0.2905408461,0.3537434777,monolayer,0.3113662032,no rouleaux,False
tanzania-073026/dpc-006-KTR-72502948.png,tanzania-073026,dpc-006-KTR-72502948.png,C:\Users\owlem\Projects\fov-filtering-tool\crowding-crenation\data\raw\new\KTR-72502948\dpc\dpc-006-KTR-72502948.png,monolayer,no rouleaux,3,0,KTR-72502948,6,train,,,,0.1851975765,169.0,0.5722714703,0.07921428711,3.839608677,61.10793045,0.1435929847,0.13888238,0.2940664955,0.3796805921,monolayer,0.3282217747,no rouleaux,False
tanzania-073026/dpc-007-KTR-72502948.png,tanzania-073026,dpc-007-KTR-72502948.png,C:\Users\owlem\Projects\fov-filtering-tool\crowding-crenation\data\raw\new\KTR-72502948\dpc\dpc-007-KTR-72502948.png,monolayer,no rouleaux,3,0,KTR-72502948,7,train,,,,0.1840205357,169.0,0.5536973229,0.08212885774,3.869378495,57.47327376,0.1341701531,0.1990150249,0.3318695948,0.3978949167,monolayer,0.3560684025,no rouleaux,False
tanzania-073026/dpc-008-KTR-72502948.png,tanzania-073026,dpc-008-KTR-72502948.png,C:\Users\owlem\Projects\fov-filtering-tool\crowding-crenation\data\raw\new\KTR-72502948\dpc\dpc-008-KTR-72502948.png,monolayer,no rouleaux,3,0,KTR-72502948,8,train,,,,0.2021701531,168.0,0.5721026287,0.08650807704,3.849380178,62.3849766,0.1459311224,0.1525559519,0.2250466965,0.3972835505,monolayer,0.341445281,no rouleaux,False
tanzania-073026/dpc-009-KTR-72502948.png,tanzania-073026,dpc-009-KTR-72502948.png,C:\Users\owlem\Projects\fov-filtering-tool\crowding-crenation\data\raw\new\KTR-72502948\dpc\dpc-009-KTR-72502948.png,monolayer,no rouleaux,3,0,KTR-72502948,9,train,,,,0.2071522959,168.0,0.5617512794,0.09078422865,3.860966858,60.77384642,0.1417993622,0.191775611,0.2844885554,0.4268103311,monolayer,0.3803642792,slight rouleaux,False
tanzania-073026/dpc-010-KTR-72502948.png,tanzania-073026,dpc-010-KTR-72502948.png,C:\Users\owlem\Projects\fov-filtering-tool\crowding-crenation\data\raw\new\KTR-72502948\dpc\dpc-010-KTR-72502948.png,monolayer,no rouleaux,3,0,KTR-72502948,10,train,,,,0.1783079082,169.0,0.5769034922,0.07544145326,3.779087545,57.42933167,0.1367410714,0.1503300076,0.2070372098,0.3404217021,monolayer,0.2862867514,no rouleaux,False
tanzania-073026/dpc-011-KTR-72502948.png,tanzania-073026,dpc-011-KTR-72502948.png,C:\Users\owlem\Projects\fov-filtering-tool\crowding-crenation\data\raw\new\KTR-72502948\dpc\dpc-011-KTR-72502948.png,monolayer,no rouleaux,3,0,KTR-72502948,11,train,,,,0.1806131378,169.0,0.5710053137,0.07748207637,3.815970649,59.99901391,0.1423243622,0.1787375416,0.342113788,0.392866433,monolayer,0.3477558068,no rouleaux,False
tanzania-073026/dpc-012-KTR-72502948.png,tanzania-073026,dpc-012-KTR-72502948.png,C:\Users\owlem\Projects\fov-filtering-tool\crowding-crenation\data\raw\new\KTR-72502948\dpc\dpc-012-KTR-72502948.png,monolayer,slight rouleaux,3,1,KTR-72502948,12,train,,,,0.2043973214,168.0,0.579547162,0.08593943388,3.820190728,64.83156191,0.1508095663,0.1603817681,0.4253808706,0.4495789587,slightly dense,0.4094738462,slight rouleaux,False
tanzania-073026/dpc-013-KTR-72502948.png,tanzania-073026,dpc-013-KTR-72502948.png,C:\Users\owlem\Projects\fov-filtering-tool\crowding-crenation\data\raw\new\KTR-72502948\dpc\dpc-013-KTR-72502948.png,monolayer,no rouleaux,3,0,KTR-72502948,13,train,,,,0.2068397959,168.0,0.5938698501,0.08400387732,3.831879768,65.26279341,0.1532830357,0.1215492042,0.2674764088,0.4070808768,monolayer,0.3489015885,no rouleaux,False
tanzania-073026/dpc-014-KTR-72502948.png,tanzania-073026,dpc-014-KTR-72502948.png,C:\Users\owlem\Projects\fov-filtering-tool\crowding-crenation\data\raw\new\KTR-72502948\dpc\dpc-014-KTR-72502948.png,monolayer,slight rouleaux,3,1,KTR-72502948,14,train,,,Crenated,0.2091389031,168.0,0.5801206435,0.08781310804,3.823545264,64.28345325,0.1508334184,0.123804599,0.2480681291,0.405747568,monolayer,0.3502815249,no rouleaux,False
tanzania-073026/dpc-015-KTR-72502948.png,tanzania-073026,dpc-015-KTR-72502948.png,C:\Users\owlem\Projects\fov-filtering-tool\crowding-crenation\data\raw\new\KTR-72502948\dpc\dpc-015-KTR-72502948.png,monolayer,slight rouleaux,3,1,KTR-72502948,15,train,,,Crenated,0.2105479592,168.0,0.5964872271,0.08495879083,3.831438774,66.51330405,0.156346301,0.145587388,0.4896707551,0.4707083074,slightly dense,0.4304555352,slight rouleaux,False
tanzania-073026/dpc-016-KTR-72502948.png,tanzania-073026,dpc-016-KTR-72502948.png,C:\Users\owlem\Projects\fov-filtering-tool\crowding-crenation\data\raw\new\KTR-72502948\dpc\dpc-016-KTR-72502948.png,monolayer,slight rouleaux,3,1,KTR-72502948,16,train,,,Crenated,0.245371301,167.0,0.5958056253,0.09917769959,3.878072311,73.40511711,0.1699167092,0.1374556413,0.2376242656,0.4849836377,slightly dense,0.4208224403,slight rouleaux,False
tanzania-073026/dpc-017-KTR-72502948.png,tanzania-073026,dpc-017-KTR-72502948.png,C:\Users\owlem\Projects\fov-filtering-tool\crowding-crenation\data\raw\new\KTR-72502948\dpc\dpc-017-KTR-72502948.png,slightly dense,slight rouleaux,4,1,KTR-72502948,17,train,,,Crenated,0.2492320153,167.0,0.6012826718,0.09937312325,3.895952832,73.75136192,0.1729022959,0.1310515343,0.243361364,0.4917001565,slightly dense,0.4250082546,slight rouleaux,False
tanzania-073026/dpc-018-KTR-72502948.png,tanzania-073026,dpc-018-KTR-72502948.png,C:\Users\owlem\Projects\fov-filtering-tool\crowding-crenation\data\raw\new\KTR-72502948\dpc\dpc-018-KTR-72502948.png,slightly dense,slight rouleaux,4,1,KTR-72502948,18,train,,,Crenated,0.2482466837,167.0,0.5929602163,0.1010462764,3.891053995,72.65446841,0.1691514031,0.1281510633,0.3244243805,0.5039734737,slightly dense,0.4471629513,slight rouleaux,False
tanzania-073026/dpc-019-KTR-72502948.png,tanzania-073026,dpc-019-KTR-72502948.png,C:\Users\owlem\Projects\fov-filtering-tool\crowding-crenation\data\raw\new\KTR-72502948\dpc\dpc-019-KTR-72502948.png,monolayer,no rouleaux,3,0,KTR-72502948,19,train,,,,0.2417780612,167.0,0.5494548918,0.1089319228,3.922722716,62.97646771,0.1382871173,0.204957808,0.3028558538,0.4905934537,slightly dense,0.4515011189,some rouleaux,False
tanzania-073026/dpc-020-KTR-72502948.png,tanzania-073026,dpc-020-KTR-72502948.png,C:\Users\owlem\Projects\fov-filtering-tool\crowding-crenation\data\raw\new\KTR-72502948\dpc\dpc-020-KTR-72502948.png,monolayer,no rouleaux,3,0,KTR-72502948,20,train,,,,0.2198021684,168.0,0.5571835505,0.09733201578,3.916469229,61.84211385,0.1409149235,0.1681850727,0.1943988386,0.4227579061,monolayer,0.3681637888,no rouleaux,False
tanzania-073026/dpc-021-KTR-72502948.png,tanzania-073026,dpc-021-KTR-72502948.png,C:\Users\owlem\Projects\fov-filtering-tool\crowding-crenation\data\raw\new\KTR-72502948\dpc\dpc-021-KTR-72502948.png,monolayer,no rouleaux,3,0,KTR-72502948,21,train,,,,0.2117313776,168.0,0.5564565898,0.09391205724,3.892969596,60.48039077,0.1360764031,0.1638073023,0.2320708926,0.4108722014,monolayer,0.3616070728,no rouleaux,False
tanzania-073026/dpc-022-KTR-72502948.png,tanzania-073026,dpc-022-KTR-72502948.png,C:\Users\owlem\Projects\fov-filtering-tool\crowding-crenation\data\raw\new\KTR-72502948\dpc\dpc-022-KTR-72502948.png,monolayer,no rouleaux,3,0,KTR-72502948,22,train,,,,0.1891456633,169.0,0.5522889594,0.08468260173,3.851913659,57.89722839,0.1315359694,0.1616404535,0.2157931951,0.3659066082,monolayer,0.3167975877,no rouleaux,False
tanzania-073026/dpc-023-KTR-72502948.png,tanzania-073026,dpc-023-KTR-72502948.png,C:\Users\owlem\Projects\fov-filtering-tool\crowding-crenation\data\raw\new\KTR-72502948\dpc\dpc-023-KTR-72502948.png,monolayer,no rouleaux,3,0,KTR-72502948,23,train,,,,0.1762746173,169.0,0.5594516053,0.0776574997,3.797332748,54.55128901,0.1258678571,0.1634304396,0.27421884,0.3469969947,monolayer,0.3048804865,no rouleaux,False
tanzania-073026/dpc-024-KTR-72502948.png,tanzania-073026,dpc-024-KTR-72502948.png,C:\Users\owlem\Projects\fov-filtering-tool\crowding-crenation\data\raw\new\KTR-72502948\dpc\dpc-024-KTR-72502948.png,monolayer,no rouleaux,3,0,KTR-72502948,24,train,,,,0.183102551,169.0,0.5549028029,0.08149843223,3.851157978,59.52813008,0.1363317602,0.1803954966,0.2391284087,0.3742550852,monolayer,0.3243804813,no rouleaux,False
tanzania-073026/dpc-025-KTR-72502948.png,tanzania-073026,dpc-025-KTR-72502948.png,C:\Users\owlem\Projects\fov-filtering-tool\crowding-crenation\data\raw\new\KTR-72502948\dpc\dpc-025-KTR-72502948.png,monolayer,no rouleaux,3,0,KTR-72502948,25,train,,,,0.1972545918,168.0,0.5452214086,0.08970716543,3.875070522,54.49258448,0.1273501276,0.1964022226,0.2520371839,0.3908945245,monolayer,0.3480381215,no rouleaux,False
tanzania-073026/dpc-026-KTR-72502948.png,tanzania-073026,dpc-026-KTR-72502948.png,C:\Users\owlem\Projects\fov-filtering-tool\crowding-crenation\data\raw\new\KTR-72502948\dpc\dpc-026-KTR-72502948.png,monolayer,no rouleaux,3,0,KTR-72502948,26,train,,,,0.2014522959,168.0,0.5632566983,0.08798294086,3.852518348,58.35043669,0.135280102,0.1844776338,0.2453716629,0.3986445415,monolayer,0.3506990395,no rouleaux,False
tanzania-073026/dpc-027-KTR-72502948.png,tanzania-073026,dpc-027-KTR-72502948.png,C:\Users\owlem\Projects\fov-filtering-tool\crowding-crenation\data\raw\new\KTR-72502948\dpc\dpc-027-KTR-72502948.png,monolayer,no rouleaux,3,0,KTR-72502948,27,train,,,,0.202292602,168.0,0.5568965584,0.08963654817,3.860105234,56.24184392,0.1306565051,0.2216720343,0.4408674324,0.4483970799,slightly dense,0.4201398434,slight rouleaux,False
tanzania-073026/dpc-028-KTR-72502948.png,tanzania-073026,dpc-028-KTR-72502948.png,C:\Users\owlem\Projects\fov-filtering-tool\crowding-crenation\data\raw\new\KTR-72502948\dpc\dpc-028-KTR-72502948.png,monolayer,no rouleaux,3,0,KTR-72502948,28,train,,,,0.1715494898,169.0,0.5622370644,0.07509800825,3.770454567,54.64137278,0.128494898,0.15562482,0.2712011927,0.3374161544,monolayer,0.2941297466,no rouleaux,False
tanzania-073026/dpc-029-KTR-72502948.png,tanzania-073026,dpc-029-KTR-72502948.png,C:\Users\owlem\Projects\fov-filtering-tool\crowding-crenation\data\raw\new\KTR-72502948\dpc\dpc-029-KTR-72502948.png,monolayer,no rouleaux,3,0,KTR-72502948,29,train,,,,0.1951806122,168.0,0.5520409118,0.08743292909,3.847206436,55.55256942,0.1294246173,0.1895794755,0.2396121558,0.3833596428,monolayer,0.3386736584,no rouleaux,False
tanzania-073026/dpc-030-KTR-72502948.png,tanzania-073026,dpc-030-KTR-72502948.png,C:\Users\owlem\Projects\fov-filtering-tool\crowding-crenation\data\raw\new\KTR-72502948\dpc\dpc-030-KTR-72502948.png,monolayer,no rouleaux,3,0,KTR-72502948,30,train,,,Crenated,0.2042860969,168.0,0.5715945335,0.08751728065,3.865767611,61.40874631,0.1465873724,0.1294459673,0.1774574148,0.3826829975,monolayer,0.3212860486,no rouleaux,False
tanzania-073026/dpc-031-KTR-72502948.png,tanzania-073026,dpc-031-KTR-72502948.png,C:\Users\owlem\Projects\fov-filtering-tool\crowding-crenation\data\raw\new\KTR-72502948\dpc\dpc-031-KTR-72502948.png,monolayer,no rouleaux,3,0,KTR-72502948,31,train,,,Crenated,0.2045475765,168.0,0.5841889319,0.08505314628,3.815835829,63.79972374,0.1510313776,0.1191610994,0.2830397359,0.4035528719,monolayer,0.3497800277,no rouleaux,False
tanzania-073026/dpc-032-KTR-72502948.png,tanzania-073026,dpc-032-KTR-72502948.png,C:\Users\owlem\Projects\fov-filtering-tool\crowding-crenation\data\raw\new\KTR-72502948\dpc\dpc-032-KTR-72502948.png,monolayer,slight rouleaux,3,1,KTR-72502948,32,train,,,Crenated,0.2079378827,168.0,0.5912235925,0.08500010065,3.830477703,65.21142356,0.1529785714,0.1221297145,0.3110183337,0.4180963171,monolayer,0.3643912154,no rouleaux,False
tanzania-073026/dpc-033-KTR-72502948.png,tanzania-073026,dpc-033-KTR-72502948.png,C:\Users\owlem\Projects\fov-filtering-tool\crowding-crenation\data\raw\new\KTR-72502948\dpc\dpc-033-KTR-72502948.png,slightly dense,slight rouleaux,4,1,KTR-72502948,33,train,,,Crenated,0.2146881378,168.0,0.593996916,0.08716404603,3.823807921,69.25670275,0.1594959184,0.1402916724,0.3776774342,0.4573623604,slightly dense,0.4082113425,slight rouleaux,False
tanzania-073026/dpc-034-KTR-72502948.png,tanzania-073026,dpc-034-KTR-72502948.png,C:\Users\owlem\Projects\fov-filtering-tool\crowding-crenation\data\raw\new\KTR-72502948\dpc\dpc-034-KTR-72502948.png,slightly dense,no rouleaux,4,0,KTR-72502948,34,train,,,,0.247321301,167.0,0.5891780519,0.1016050187,3.862929382,76.62080655,0.171377551,0.138627648,0.3092724815,0.5098628344,slightly dense,0.453973639,some rouleaux,False
tanzania-073026/dpc-035-KTR-72502948.png,tanzania-073026,dpc-035-KTR-72502948.png,C:\Users\owlem\Projects\fov-filtering-tool\crowding-crenation\data\raw\new\KTR-72502948\dpc\dpc-035-KTR-72502948.png,slightly dense,slight rouleaux,4,1,KTR-72502948,35,train,,,Crenated,0.2518313776,167.0,0.5980057445,0.1012347671,3.897248865,75.77395428,0.1748621173,0.1214518195,0.2490177574,0.4986676131,slightly dense,0.4325635643,slight rouleaux,False
tanzania-073026/dpc-036-KTR-72502948.png,tanzania-073026,dpc-036-KTR-72502948.png,C:\Users\owlem\Projects\fov-filtering-tool\crowding-crenation\data\raw\new\KTR-72502948\dpc\dpc-036-KTR-72502948.png,slightly dense,slight rouleaux,4,1,KTR-72502948,36,train,,,Crenated,0.2503215561,167.0,0.5903292022,0.1025494316,3.919981749,74.61656327,0.1716923469,0.1239963484,0.2457203242,0.4960544508,slightly dense,0.4308598925,slight rouleaux,False
tanzania-073026/dpc-037-KTR-72502948.png,tanzania-073026,dpc-037-KTR-72502948.png,C:\Users\owlem\Projects\fov-filtering-tool\crowding-crenation\data\raw\new\KTR-72502948\dpc\dpc-037-KTR-72502948.png,monolayer,no rouleaux,3,0,KTR-72502948,37,train,,,,0.2082955357,168.0,0.5435751323,0.09507126232,3.883973906,60.3083231,0.132597449,0.2699240743,0.3173622378,0.4581952022,slightly dense,0.4225663018,slight rouleaux,False
tanzania-073026/dpc-038-KTR-72502948.png,tanzania-073026,dpc-038-KTR-72502948.png,C:\Users\owlem\Projects\fov-filtering-tool\crowding-crenation\data\raw\new\KTR-72502948\dpc\dpc-038-KTR-72502948.png,monolayer,no rouleaux,3,0,KTR-72502948,38,train,,,,0.2048121173,168.0,0.5496609968,0.09223488477,3.875217,58.18261287,0.1335493622,0.2531644831,0.4899007689,0.480171982,slightly dense,0.4565745908,some rouleaux,False
tanzania-073026/dpc-039-KTR-72502948.png,tanzania-073026,dpc-039-KTR-72502948.png,C:\Users\owlem\Projects\fov-filtering-tool\crowding-crenation\data\raw\new\KTR-72502948\dpc\dpc-039-KTR-72502948.png,monolayer,no rouleaux,3,0,KTR-72502948,39,train,,,,0.1656674745,169.0,0.5400161668,0.07620435996,3.747010877,52.00570143,0.1151720663,0.2587950627,0.3469780161,0.366347902,monolayer,0.3419036968,no rouleaux,False
tanzania-073026/dpc-040-KTR-72502948.png,tanzania-073026,dpc-040-KTR-72502948.png,C:\Users\owlem\Projects\fov-filtering-tool\crowding-crenation\data\raw\new\KTR-72502948\dpc\dpc-040-KTR-72502948.png,monolayer,no rouleaux,3,0,KTR-72502948,40,train,,,,0.1670321429,169.0,0.5508175197,0.07502791222,3.767676757,54.24884892,0.1230818878,0.2200220142,0.3512859903,0.3657877248,monolayer,0.3346351513,no rouleaux,False
tanzania-073026/dpc-041-KTR-72502948.png,tanzania-073026,dpc-041-KTR-72502948.png,C:\Users\owlem\Projects\fov-filtering-tool\crowding-crenation\data\raw\new\KTR-72502948\dpc\dpc-041-KTR-72502948.png,monolayer,no rouleaux,3,0,KTR-72502948,41,train,,,,0.160075,169.0,0.5420562402,0.07330534735,3.746887868,50.11793912,0.1113395408,0.2594962558,0.2909617925,0.3406555888,monolayer,0.3118138488,no rouleaux,False
tanzania-073026/dpc-042-KTR-72502948.png,tanzania-073026,dpc-042-KTR-72502948.png,C:\Users\owlem\Projects\fov-filtering-tool\crowding-crenation\data\raw\new\KTR-72502948\dpc\dpc-042-KTR-72502948.png,monolayer,no rouleaux,3,0,KTR-72502948,42,train,,,,0.1767415816,169.0,0.5597705705,0.07780684565,3.810816109,53.9789015,0.1288882653,0.1977275807,0.187685223,0.3430056259,monolayer,0.2923264299,no rouleaux,False
tanzania-073026/dpc-043-KTR-72502948.png,tanzania-073026,dpc-043-KTR-72502948.png,C:\Users\owlem\Projects\fov-filtering-tool\crowding-crenation\data\raw\new\KTR-72502948\dpc\dpc-043-KTR-72502948.png,monolayer,no rouleaux,3,0,KTR-72502948,43,train,,,,0.1878065051,168.0,0.5415284492,0.08610393964,3.806640475,48.87702504,0.1124484694,0.2465176714,0.3552989065,0.3923249095,monolayer,0.3683774283,no rouleaux,False
tanzania-073026/dpc-044-KTR-72502948.png,tanzania-073026,dpc-044-KTR-72502948.png,C:\Users\owlem\Projects\fov-filtering-tool\crowding-crenation\data\raw\new\KTR-72502948\dpc\dpc-044-KTR-72502948.png,monolayer,no rouleaux,3,0,KTR-72502948,44,train,,,,0.1932256378,168.0,0.5558872242,0.08581397434,3.843729434,55.44679214,0.1318225765,0.2026609346,0.2554568467,0.3891493577,monolayer,0.3442452603,no rouleaux,False
tanzania-073026/dpc-045-KTR-72502948.png,tanzania-073026,dpc-045-KTR-72502948.png,C:\Users\owlem\Projects\fov-filtering-tool\crowding-crenation\data\raw\new\KTR-72502948\dpc\dpc-045-KTR-72502948.png,monolayer,no rouleaux,3,0,KTR-72502948,45,train,,,,0.191113648,168.0,0.5472965889,0.08651780033,3.813497542,53.43654219,0.12183125,0.2412692747,0.2306841106,0.3824668581,monolayer,0.3436416678,no rouleaux,False
tanzania-073026/dpc-046-KTR-72502948.png,tanzania-073026,dpc-046-KTR-72502948.png,C:\Users\owlem\Projects\fov-filtering-tool\crowding-crenation\data\raw\new\KTR-72502948\dpc\dpc-046-KTR-72502948.png,monolayer,no rouleaux,3,0,KTR-72502948,46,train,,,,0.1802100765,168.0,0.5453827014,0.08192661818,3.739277745,49.89032681,0.1145770408,0.2418270108,0.2088903006,0.3474930716,monolayer,0.3127137921,no rouleaux,False
tanzania-073026/dpc-047-KTR-72502948.png,tanzania-073026,dpc-047-KTR-72502948.png,C:\Users\owlem\Projects\fov-filtering-tool\crowding-crenation\data\raw\new\KTR-72502948\dpc\dpc-047-KTR-72502948.png,monolayer,no rouleaux,3,0,KTR-72502948,47,train,,,,0.163842602,169.0,0.545929825,0.07439603898,3.763141701,51.02160393,0.1191804847,0.220892724,0.3662870725,0.3572997236,monolayer,0.3292986757,no rouleaux,False
tanzania-073026/dpc-048-KTR-72502948.png,tanzania-073026,dpc-048-KTR-72502948.png,C:\Users\owlem\Projects\fov-filtering-tool\crowding-crenation\data\raw\new\KTR-72502948\dpc\dpc-048-KTR-72502948.png,monolayer,no rouleaux,3,0,KTR-72502948,48,train,,,Crenated,0.2026940051,168.0,0.5570768102,0.08977787529,3.86168461,60.87719474,0.140640051,0.2250844719,0.3130066699,0.437800861,monolayer,0.3952551079,slight rouleaux,False
tanzania-073026/dpc-049-KTR-72502948.png,tanzania-073026,dpc-049-KTR-72502948.png,C:\Users\owlem\Projects\fov-filtering-tool\crowding-crenation\data\raw\new\KTR-72502948\dpc\dpc-049-KTR-72502948.png,monolayer,slight rouleaux,3,1,KTR-72502948,49,train,,,Crenated,0.1990053571,168.0,0.5711219703,0.08534902547,3.825267992,63.29736398,0.145077551,0.2237337975,0.5241865057,0.4791263627,slightly dense,0.4515715897,some rouleaux,False
tanzania-073026/dpc-050-KTR-72502948.png,tanzania-073026,dpc-050-KTR-72502948.png,C:\Users\owlem\Projects\fov-filtering-tool\crowding-crenation\data\raw\new\KTR-72502948\dpc\dpc-050-KTR-72502948.png,monolayer,no rouleaux,3,0,KTR-72502948,50,train,,,Crenated,0.1951956633,168.0,0.5760908882,0.08274522024,3.789974944,62.42984505,0.1443506378,0.1956942568,0.3162230345,0.4157558907,monolayer,0.3710968792,no rouleaux,False
tanzania-073026/dpc-051-KTR-72502948.png,tanzania-073026,dpc-051-KTR-72502948.png,C:\Users\owlem\Projects\fov-filtering-tool\crowding-crenation\data\raw\new\KTR-72502948\dpc\dpc-051-KTR-72502948.png,monolayer,slight rouleaux,3,1,KTR-72502948,51,train,,,Crenated,0.1710540816,169.0,0.586171909,0.07078698406,3.707154332,57.79599121,0.1371235969,0.1766275587,0.3120089509,0.3566437192,monolayer,0.3133816312,no rouleaux,False
tanzania-073026/dpc-052-KTR-72502948.png,tanzania-073026,dpc-052-KTR-72502948.png,C:\Users\owlem\Projects\fov-filtering-tool\crowding-crenation\data\raw\new\KTR-72502948\dpc\dpc-052-KTR-72502948.png,monolayer,slight rouleaux,3,1,KTR-72502948,52,train,,,Crenated,0.2347214286,167.0,0.57624635,0.09946406208,3.859059212,71.54382368,0.1624436224,0.2061222382,0.336581779,0.5094292862,slightly dense,0.4615444028,some rouleaux,False
tanzania-073026/dpc-053-KTR-72502948.png,tanzania-073026,dpc-053-KTR-72502948.png,C:\Users\owlem\Projects\fov-filtering-tool\crowding-crenation\data\raw\new\KTR-72502948\dpc\dpc-053-KTR-72502948.png,slightly dense,slight rouleaux,4,1,KTR-72502948,53,train,,,Crenated,0.2469871173,167.0,0.5835399243,0.1028602736,3.921663682,74.37906051,0.1710816327,0.1731042329,0.2829118169,0.5167553995,slightly dense,0.4568220093,some rouleaux,False
tanzania-073026/dpc-054-KTR-72502948.png,tanzania-073026,dpc-054-KTR-72502948.png,C:\Users\owlem\Projects\fov-filtering-tool\crowding-crenation\data\raw\new\KTR-72502948\dpc\dpc-054-KTR-72502948.png,slightly dense,slight rouleaux,4,1,KTR-72502948,54,train,,,Crenated,0.2748721939,166.0,0.5837423207,0.1144176615,3.955329705,73.79777888,0.1725066327,0.1629320167,0.2667834454,0.5500652082,slightly dense,0.4896504193,some rouleaux,False
tanzania-073026/dpc-055-KTR-72502948.png,tanzania-073026,dpc-055-KTR-72502948.png,C:\Users\owlem\Projects\fov-filtering-tool\crowding-crenation\data\raw\new\KTR-72502948\dpc\dpc-055-KTR-72502948.png,monolayer,no rouleaux,3,0,KTR-72502948,55,train,,,,0.1463034439,169.0,0.5283232052,0.06900793947,3.711866047,45.78881744,0.1035084184,0.3128450032,0.5784597197,0.3856244039,monolayer,0.38717081,slight rouleaux,False
tanzania-073026/dpc-056-KTR-72502948.png,tanzania-073026,dpc-056-KTR-72502948.png,C:\Users\owlem\Projects\fov-filtering-tool\crowding-crenation\data\raw\new\KTR-72502948\dpc\dpc-056-KTR-72502948.png,monolayer,no rouleaux,3,0,KTR-72502948,56,train,,,,0.1438966837,169.0,0.5375705562,0.0665420634,3.69932075,43.52569608,0.1047155612,0.25623331,0.2949437124,0.300053102,monolayer,0.2745933952,no rouleaux,False
tanzania-073026/dpc-057-KTR-72502948.png,tanzania-073026,dpc-057-KTR-72502948.png,C:\Users\owlem\Projects\fov-filtering-tool\crowding-crenation\data\raw\new\KTR-72502948\dpc\dpc-057-KTR-72502948.png,monolayer,no rouleaux,3,0,KTR-72502948,57,train,,,,0.1416693878,169.0,0.5431357383,0.06472368024,3.66340378,44.93763866,0.107719898,0.2447156852,0.3665141074,0.3100114733,monolayer,0.289945863,no rouleaux,False
tanzania-073026/dpc-058-KTR-72502948.png,tanzania-073026,dpc-058-KTR-72502948.png,C:\Users\owlem\Projects\fov-filtering-tool\crowding-crenation\data\raw\new\KTR-72502948\dpc\dpc-058-KTR-72502948.png,monolayer,no rouleaux,3,0,KTR-72502948,58,train,,,,0.1292534439,169.0,0.5397671571,0.05948667993,3.590097803,38.75305724,0.09213048469,0.2633041091,0.3861176695,0.2770031312,sparser,0.2681038562,no rouleaux,False
tanzania-073026/dpc-059-KTR-72502948.png,tanzania-073026,dpc-059-KTR-72502948.png,C:\Users\owlem\Projects\fov-filtering-tool\crowding-crenation\data\raw\new\KTR-72502948\dpc\dpc-059-KTR-72502948.png,monolayer,no rouleaux,3,0,KTR-72502948,59,train,,,,0.1224320153,169.0,0.5569058167,0.05424891383,3.508419096,37.12997007,0.09154757653,0.2343877446,0.5656697664,0.2870197957,sparser,0.2932504602,no rouleaux,False
tanzania-073026/dpc-060-KTR-72502948.png,tanzania-073026,dpc-060-KTR-72502948.png,C:\Users\owlem\Projects\fov-filtering-tool\crowding-crenation\data\raw\new\KTR-72502948\dpc\dpc-060-KTR-72502948.png,monolayer,no rouleaux,3,0,KTR-72502948,60,train,,,,0.14103125,169.0,0.5496765412,0.06350968029,3.652118405,44.35103935,0.1076994898,0.2845371971,0.4340835812,0.3344262384,monolayer,0.3203161678,no rouleaux,False
tanzania-073026/dpc-061-KTR-72502948.png,tanzania-073026,dpc-061-KTR-72502948.png,C:\Users\owlem\Projects\fov-filtering-tool\crowding-crenation\data\raw\new\KTR-72502948\dpc\dpc-061-KTR-72502948.png,monolayer,no rouleaux,3,0,KTR-72502948,61,train,,,,0.1912580357,167.0,0.5349383591,0.08894677592,3.754555867,41.28905936,0.09771237245,0.3256362028,0.5956542924,0.4447248251,slightly dense,0.4524526871,some rouleaux,False
tanzania-073026/dpc-062-KTR-72502948.png,tanzania-073026,dpc-062-KTR-72502948.png,C:\Users\owlem\Projects\fov-filtering-tool\crowding-crenation\data\raw\new\KTR-72502948\dpc\dpc-062-KTR-72502948.png,monolayer,no rouleaux,3,0,KTR-72502948,62,train,,,,0.1635466837,168.0,0.5445147523,0.07449310173,3.714173316,43.51872632,0.1057540816,0.2647546195,0.3957353134,0.3532256233,monolayer,0.3366418641,no rouleaux,False
tanzania-073026/dpc-063-KTR-72502948.png,tanzania-073026,dpc-063-KTR-72502948.png,C:\Users\owlem\Projects\fov-filtering-tool\crowding-crenation\data\raw\new\KTR-72502948\dpc\dpc-063-KTR-72502948.png,monolayer,no rouleaux,3,0,KTR-72502948,63,train,,,,0.1593079082,168.0,0.5369250244,0.07377150569,3.678479526,43.15482198,0.1022414541,0.2937656496,0.3427434905,0.340999308,monolayer,0.3250897807,no rouleaux,False
tanzania-073026/dpc-064-KTR-72502948.png,tanzania-073026,dpc-064-KTR-72502948.png,C:\Users\owlem\Projects\fov-filtering-tool\crowding-crenation\data\raw\new\KTR-72502948\dpc\dpc-064-KTR-72502948.png,monolayer,no rouleaux,3,0,KTR-72502948,64,train,,,,0.1331681122,169.0,0.5439880091,0.06072625599,3.602010096,41.07757892,0.09989553571,0.2477252145,0.2719071871,0.2632721694,sparser,0.2405643617,no rouleaux,False
tanzania-073026/dpc-065-KTR-72502948.png,tanzania-073026,dpc-065-KTR-72502948.png,C:\Users\owlem\Projects\fov-filtering-tool\crowding-crenation\data\raw\new\KTR-72502948\dpc\dpc-065-KTR-72502948.png,monolayer,no rouleaux,3,0,KTR-72502948,65,train,,,,0.1895882653,167.0,0.5324964431,0.08863318838,3.753737239,42.52829949,0.0998127551,0.3240040113,0.6301056078,0.4534632801,slightly dense,0.4635596747,some rouleaux,False
tanzania-073026/dpc-066-KTR-72502948.png,tanzania-073026,dpc-066-KTR-72502948.png,C:\Users\owlem\Projects\fov-filtering-tool\crowding-crenation\data\raw\new\KTR-72502948\dpc\dpc-066-KTR-72502948.png,monolayer,no rouleaux,3,0,KTR-72502948,66,train,,,,0.1962130102,167.0,0.5507233755,0.08815391891,3.775862433,49.06775904,0.1153100765,0.2964458232,0.3621217974,0.4213108441,monolayer,0.3993134471,slight rouleaux,False
tanzania-073026/dpc-067-KTR-72502948.png,tanzania-073026,dpc-067-KTR-72502948.png,C:\Users\owlem\Projects\fov-filtering-tool\crowding-crenation\data\raw\new\KTR-72502948\dpc\dpc-067-KTR-72502948.png,monolayer,no rouleaux,3,0,KTR-72502948,67,train,,,,0.14818125,169.0,0.5666770065,0.06421034283,3.655184398,49.20493701,0.1175936224,0.2328145376,0.2563737887,0.3032686945,monolayer,0.2674027233,no rouleaux,False
tanzania-073026/dpc-068-KTR-72502948.png,tanzania-073026,dpc-068-KTR-72502948.png,C:\Users\owlem\Projects\fov-filtering-tool\crowding-crenation\data\raw\new\KTR-72502948\dpc\dpc-068-KTR-72502948.png,monolayer,no rouleaux,3,0,KTR-72502948,68,train,,,,0.1649127551,168.0,0.5726252811,0.07047954236,3.657412954,51.53522347,0.122122449,0.2387777944,0.4049895562,0.3662429038,monolayer,0.3424072001,no rouleaux,False
tanzania-073026/dpc-069-KTR-72502948.png,tanzania-073026,dpc-069-KTR-72502948.png,C:\Users\owlem\Projects\fov-filtering-tool\crowding-crenation\data\raw\new\KTR-72502948\dpc\dpc-069-KTR-72502948.png,monolayer,no rouleaux,3,0,KTR-72502948,69,train,,,,0.1647952806,168.0,0.5748063852,0.07006990106,3.652976673,50.27891501,0.1206610969,0.2228671695,0.3565489806,0.3470365991,monolayer,0.3190961091,no rouleaux,False
tanzania-073026/dpc-070-KTR-72502948.png,tanzania-073026,dpc-070-KTR-72502948.png,C:\Users\owlem\Projects\fov-filtering-tool\crowding-crenation\data\raw\new\KTR-72502948\dpc\dpc-070-KTR-72502948.png,monolayer,slight rouleaux,3,1,KTR-72502948,70,train,,,Crenated,0.1813255102,168.0,0.5753935044,0.07699198945,3.707147712,57.36054607,0.1335751276,0.2260627488,0.3689101361,0.3971302013,monolayer,0.3646846093,no rouleaux,False
tanzania-073026/dpc-071-KTR-72502948.png,tanzania-073026,dpc-071-KTR-72502948.png,C:\Users\owlem\Projects\fov-filtering-tool\crowding-crenation\data\raw\new\KTR-72502948\dpc\dpc-071-KTR-72502948.png,monolayer,slight rouleaux,3,1,KTR-72502948,71,train,,,Crenated;Artifact,0.2425642857,166.0,0.5481297049,0.1096075954,3.836013084,58.83291668,0.1381677296,0.251593869,0.2666881769,0.4885339853,slightly dense,0.4525036764,some rouleaux,False
tanzania-073026/dpc-072-KTR-72502948.png,tanzania-073026,dpc-072-KTR-72502948.png,C:\Users\owlem\Projects\fov-filtering-tool\crowding-crenation\data\raw\new\KTR-72502948\dpc\dpc-072-KTR-72502948.png,monolayer,no rouleaux,3,0,KTR-72502948,72,train,,,Crenated,0.2040303571,167.0,0.5717874865,0.08736835207,3.76271077,54.38972866,0.1291639031,0.2451673974,0.3227171809,0.42096801,monolayer,0.3871851343,slight rouleaux,False
tanzania-073026/dpc-073-KTR-72502948.png,tanzania-073026,dpc-073-KTR-72502948.png,C:\Users\owlem\Projects\fov-filtering-tool\crowding-crenation\data\raw\new\KTR-72502948\dpc\dpc-073-KTR-72502948.png,monolayer,no rouleaux,3,0,KTR-72502948,73,train,,,Crenated,0.1233396684,169.0,0.5428512235,0.05638457849,3.519978715,43.52617806,0.1001799745,0.1991417997,0.3055104386,0.2392987002,sparser,0.2220984585,no rouleaux,False
tanzania-073026/dpc-074-KTR-72502948.png,tanzania-073026,dpc-074-KTR-72502948.png,C:\Users\owlem\Projects\fov-filtering-tool\crowding-crenation\data\raw\new\KTR-72502948\dpc\dpc-074-KTR-72502948.png,monolayer,no rouleaux,3,0,KTR-72502948,74,train,,,,0.1071057398,170.0,0.5513257787,0.0480555844,3.459992136,38.29596979,0.09336096939,0.1732187816,0.3121966576,0.192115209,sparser,0.1768028337,no rouleaux,False
tanzania-073026/dpc-075-KTR-72502948.png,tanzania-073026,dpc-075-KTR-72502948.png,C:\Users\owlem\Projects\fov-filtering-tool\crowding-crenation\data\raw\new\KTR-72502948\dpc\dpc-075-KTR-72502948.png,monolayer,no rouleaux,3,0,KTR-72502948,75,train,,,,0.09889719388,170.0,0.5360638049,0.04588198783,3.41569841,36.05377931,0.08526415816,0.2108583335,0.3913004178,0.1975843013,sparser,0.1970088391,no rouleaux,False
tanzania-073026/dpc-076-KTR-72502948.png,tanzania-073026,dpc-076-KTR-72502948.png,C:\Users\owlem\Projects\fov-filtering-tool\crowding-crenation\data\raw\new\KTR-72502948\dpc\dpc-076-KTR-72502948.png,monolayer,no rouleaux,3,0,KTR-72502948,76,train,,,,0.08726122449,170.0,0.5413008618,0.04002664847,3.321537363,32.77736148,0.07734170918,0.1917439584,0.2397365221,0.1257664515,sparser,0.1181803668,no rouleaux,False
tanzania-073026/dpc-077-KTR-72502948.png,tanzania-073026,dpc-077-KTR-72502948.png,C:\Users\owlem\Projects\fov-filtering-tool\crowding-crenation\data\raw\new\KTR-72502948\dpc\dpc-077-KTR-72502948.png,monolayer,no rouleaux,3,0,KTR-72502948,77,train,,,,0.08585267857,170.0,0.5381717763,0.03964919004,3.3124519,32.36273021,0.07591045918,0.1986361134,0.4072303878,0.159176038,sparser,0.1670792411,no rouleaux,False
tanzania-073026/dpc-078-KTR-72502948.png,tanzania-073026,dpc-078-KTR-72502948.png,C:\Users\owlem\Projects\fov-filtering-tool\crowding-crenation\data\raw\new\KTR-72502948\dpc\dpc-078-KTR-72502948.png,monolayer,no rouleaux,3,0,KTR-72502948,78,train,,,,0.1012776786,170.0,0.547414719,0.04583678661,3.432933072,35.99471505,0.08785038265,0.1684108881,0.2955804953,0.1695032898,sparser,0.1561984054,no rouleaux,False
tanzania-073026/dpc-079-KTR-72502948.png,tanzania-073026,dpc-079-KTR-72502948.png,C:\Users\owlem\Projects\fov-filtering-tool\crowding-crenation\data\raw\new\KTR-72502948\dpc\dpc-079-KTR-72502948.png,monolayer,no rouleaux,3,0,KTR-72502948,79,train,,,,0.1488230867,167.0,0.51031947,0.07287576798,3.54386196,31.5283674,0.07426288265,0.2534439996,0.4196788537,0.2853041272,sparser,0.2955229607,no rouleaux,False
tanzania-073026/dpc-080-KTR-72502948.png,tanzania-073026,dpc-080-KTR-72502948.png,C:\Users\owlem\Projects\fov-filtering-tool\crowding-crenation\data\raw\new\KTR-72502948\dpc\dpc-080-KTR-72502948.png,monolayer,no rouleaux,3,0,KTR-72502948,80,train,,,,0.1396390306,168.0,0.5290137924,0.06576805746,3.591579211,36.5861105,0.08761517857,0.2392301972,0.5416455334,0.3111097326,monolayer,0.3194632996,no rouleaux,False
tanzania-073026/dpc-081-KTR-72502948.png,tanzania-073026,dpc-081-KTR-72502948.png,C:\Users\owlem\Projects\fov-filtering-tool\crowding-crenation\data\raw\new\KTR-72502948\dpc\dpc-081-KTR-72502948.png,monolayer,no rouleaux,3,0,KTR-72502948,81,train,,,,0.1874741071,166.0,0.5182612185,0.09031354794,3.630460197,31.65304601,0.0743067602,0.2573988197,0.4825049296,0.360272178,monolayer,0.3759824621,slight rouleaux,False
tanzania-073026/dpc-082-KTR-72502948.png,tanzania-073026,dpc-082-KTR-72502948.png,C:\Users\owlem\Projects\fov-filtering-tool\crowding-crenation\data\raw\new\KTR-72502948\dpc\dpc-082-KTR-72502948.png,monolayer,no rouleaux,3,0,KTR-72502948,82,train,,,,0.1254604592,168.0,0.5270543622,0.05933597689,3.501773939,32.28811766,0.07678915816,0.2333370008,0.4077761568,0.2401380872,sparser,0.244954227,no rouleaux,False
tanzania-073026/dpc-083-KTR-72502948.png,tanzania-073026,dpc-083-KTR-72502948.png,C:\Users\owlem\Projects\fov-filtering-tool\crowding-crenation\data\raw\new\KTR-72502948\dpc\dpc-083-KTR-72502948.png,monolayer,no rouleaux,3,0,KTR-72502948,83,train,,,,0.152519898,167.0,0.5334644148,0.07115595986,3.559283251,32.89971312,0.08045994898,0.2132152002,0.4163140321,0.2811867358,sparser,0.2841332631,no rouleaux,False
tanzania-073026/dpc-084-KTR-72502948.png,tanzania-073026,dpc-084-KTR-72502948.png,C:\Users\owlem\Projects\fov-filtering-tool\crowding-crenation\data\raw\new\KTR-72502948\dpc\dpc-084-KTR-72502948.png,monolayer,no rouleaux,3,0,KTR-72502948,84,train,,,,0.1667901786,167.0,0.5476882076,0.07544116462,3.623330379,39.87384033,0.0966755102,0.1978121534,0.3126325201,0.2997598468,monolayer,0.2833952065,no rouleaux,False
tanzania-073026/dpc-085-KTR-72502948.png,tanzania-073026,dpc-085-KTR-72502948.png,C:\Users\owlem\Projects\fov-filtering-tool\crowding-crenation\data\raw\new\KTR-72502948\dpc\dpc-085-KTR-72502948.png,monolayer,no rouleaux,3,0,KTR-72502948,85,train,,,,0.1502253827,168.0,0.5642525795,0.06546032298,3.596599881,43.82976664,0.1066477041,0.1472582585,0.2510719863,0.2569373807,sparser,0.226715611,no rouleaux,False
tanzania-073026/dpc-086-KTR-72502948.png,tanzania-073026,dpc-086-KTR-72502948.png,C:\Users\owlem\Projects\fov-filtering-tool\crowding-crenation\data\raw\new\KTR-72502948\dpc\dpc-086-KTR-72502948.png,monolayer,no rouleaux,3,0,KTR-72502948,86,train,,,,0.1716058673,167.0,0.5495538725,0.0772991984,3.623656588,41.99947513,0.1014644133,0.1687802021,0.1679737074,0.273059907,sparser,0.2425306647,no rouleaux,False
tanzania-073026/dpc-087-KTR-72502948.png,tanzania-073026,dpc-087-KTR-72502948.png,C:\Users\owlem\Projects\fov-filtering-tool\crowding-crenation\data\raw\new\KTR-72502948\dpc\dpc-087-KTR-72502948.png,monolayer,no rouleaux,3,0,KTR-72502948,87,train,,,,0.1678289541,167.0,0.5587144936,0.07406048499,3.557846543,42.36757519,0.1017209184,0.1673428546,0.4699979285,0.3267454338,monolayer,0.3229382001,no rouleaux,False
tanzania-073026/dpc-088-KTR-72502948.png,tanzania-073026,dpc-088-KTR-72502948.png,C:\Users\owlem\Projects\fov-filtering-tool\crowding-crenation\data\raw\new\KTR-72502948\dpc\dpc-088-KTR-72502948.png,monolayer,no rouleaux,3,0,KTR-72502948,88,train,,,,0.1848913265,167.0,0.5695160512,0.07959274834,3.641450893,49.89231078,0.118409949,0.1612927455,0.3896627224,0.3591048591,monolayer,0.3377887853,no rouleaux,False
tanzania-073026/dpc-089-KTR-72502948.png,tanzania-073026,dpc-089-KTR-72502948.png,C:\Users\owlem\Projects\fov-filtering-tool\crowding-crenation\data\raw\new\KTR-72502948\dpc\dpc-089-KTR-72502948.png,monolayer,no rouleaux,3,0,KTR-72502948,89,train,,,Crenated,0.1880133929,167.0,0.5591098258,0.08289325753,3.694182469,47.15627258,0.1130387755,0.2241103241,0.5132737217,0.4069569089,monolayer,0.3985787702,slight rouleaux,False
tanzania-073026/dpc-090-KTR-72502948.png,tanzania-073026,dpc-090-KTR-72502948.png,C:\Users\owlem\Projects\fov-filtering-tool\crowding-crenation\data\raw\new\KTR-72502948\dpc\dpc-090-KTR-72502948.png,monolayer,no rouleaux,3,0,KTR-72502948,90,train,,,,0.1746264031,167.0,0.5683557215,0.07537648776,3.609259144,44.41132203,0.1082082908,0.1446685624,0.3492436391,0.3130216062,monolayer,0.2922662647,no rouleaux,False
tanzania-073026/dpc-091-KTR-72502948.png,tanzania-073026,dpc-091-KTR-72502948.png,C:\Users\owlem\Projects\fov-filtering-tool\crowding-crenation\data\raw\new\KTR-72502948\dpc\dpc-091-KTR-72502948.png,sparser,no rouleaux,2,0,KTR-72502948,91,train,,,,0.07332895408,171.0,0.5533405517,0.03275307017,3.144719243,33.19071286,0.07142002551,0.2271279613,0.4426637982,0.1477903116,sparser,0.1673251672,no rouleaux,False
tanzania-073026/dpc-092-KTR-72502948.png,tanzania-073026,dpc-092-KTR-72502948.png,C:\Users\owlem\Projects\fov-filtering-tool\crowding-crenation\data\raw\new\KTR-72502948\dpc\dpc-092-KTR-72502948.png,sparser,no rouleaux,2,0,KTR-72502948,92,train,,,,0.06924681122,171.0,0.5420426056,0.03171208924,3.126542708,29.8454637,0.06541670918,0.220332778,0.4182686864,0.1279730725,sparser,0.150198423,no rouleaux,False
tanzania-073026/dpc-093-KTR-72502948.png,tanzania-073026,dpc-093-KTR-72502948.png,C:\Users\owlem\Projects\fov-filtering-tool\crowding-crenation\data\raw\new\KTR-72502948\dpc\dpc-093-KTR-72502948.png,sparser,no rouleaux,2,0,KTR-72502948,93,train,,,,0.06616147959,171.0,0.5306744783,0.03105127093,3.146299453,28.51311453,0.06275012755,0.234048746,0.4485951069,0.1342699,sparser,0.160905829,no rouleaux,False
tanzania-073026/dpc-094-KTR-72502948.png,tanzania-073026,dpc-094-KTR-72502948.png,C:\Users\owlem\Projects\fov-filtering-tool\crowding-crenation\data\raw\new\KTR-72502948\dpc\dpc-094-KTR-72502948.png,sparser,no rouleaux,2,0,KTR-72502948,94,train,,,,0.06055433673,171.0,0.5478561461,0.02737927118,3.022897958,26.32788803,0.05848290816,0.2097555409,0.4022491419,0.1123226301,sparser,0.1342912025,no rouleaux,False
tanzania-073026/dpc-095-KTR-72502948.png,tanzania-073026,dpc-095-KTR-72502948.png,C:\Users\owlem\Projects\fov-filtering-tool\crowding-crenation\data\raw\new\KTR-72502948\dpc\dpc-095-KTR-72502948.png,sparser,no rouleaux,2,0,KTR-72502948,95,train,,,,0.06386122449,170.0,0.5350943018,0.02968944716,3.058666716,25.31443224,0.05645535714,0.2259659287,0.6345899501,0.164920138,sparser,0.2084992087,no rouleaux,False
tanzania-073026/dpc-096-KTR-72502948.png,tanzania-073026,dpc-096-KTR-72502948.png,C:\Users\owlem\Projects\fov-filtering-tool\crowding-crenation\data\raw\new\KTR-72502948\dpc\dpc-096-KTR-72502948.png,sparser,no rouleaux,2,0,KTR-72502948,96,train,,,,0.07836454082,170.0,0.5498190038,0.03527822705,3.179278469,28.71467726,0.06900433673,0.1815257456,0.4719659115,0.1379369678,sparser,0.158206903,no rouleaux,False
tanzania-073026/dpc-097-KTR-72502948.png,tanzania-073026,dpc-097-KTR-72502948.png,C:\Users\owlem\Projects\fov-filtering-tool\crowding-crenation\data\raw\new\KTR-72502948\dpc\dpc-097-KTR-72502948.png,sparser,no rouleaux,2,0,KTR-72502948,97,train,,,,0.0877869898,169.0,0.5114797607,0.04288572126,3.26600446,27.08557223,0.06317244898,0.2467341572,0.4480973968,0.1665944291,sparser,0.1905732888,no rouleaux,False
tanzania-073026/dpc-098-KTR-72502948.png,tanzania-073026,dpc-098-KTR-72502948.png,C:\Users\owlem\Projects\fov-filtering-tool\crowding-crenation\data\raw\new\KTR-72502948\dpc\dpc-098-KTR-72502948.png,sparser,no rouleaux,2,0,KTR-72502948,98,train,,,,0.1065362245,168.0,0.5132557724,0.0518558923,3.331004307,28.8816433,0.06755663265,0.2510244224,0.3662452848,0.1881012648,sparser,0.2026513587,no rouleaux,False
tanzania-073026/dpc-099-KTR-72502948.png,tanzania-073026,dpc-099-KTR-72502948.png,C:\Users\owlem\Projects\fov-filtering-tool\crowding-crenation\data\raw\new\KTR-72502948\dpc\dpc-099-KTR-72502948.png,sparser,no rouleaux,2,0,KTR-72502948,99,train,,,Unfocused,0.1462446429,166.0,0.5068049103,0.07212713976,3.404083671,21.20395006,0.04517780612,0.260124382,0.634075693,0.3024398416,monolayer,0.3445151059,no rouleaux,False
tanzania-073026/dpc-100-KTR-72502948.png,tanzania-073026,dpc-100-KTR-72502948.png,C:\Users\owlem\Projects\fov-filtering-tool\crowding-crenation\data\raw\new\KTR-72502948\dpc\dpc-100-KTR-72502948.png,sparser,no rouleaux,2,0,KTR-72502948,100,train,,,,0.09449094388,168.0,0.5116578821,0.04614390766,3.228526754,24.22682667,0.05502627551,0.2536986763,0.4851025622,0.1805357424,sparser,0.2126599118,no rouleaux,False
tanzania-073026/dpc-101-KTR-72502948.png,tanzania-073026,dpc-101-KTR-72502948.png,C:\Users\owlem\Projects\fov-filtering-tool\crowding-crenation\data\raw\new\KTR-72502948\dpc\dpc-101-KTR-72502948.png,sparser,no rouleaux,2,0,KTR-72502948,101,train,,,,0.09639005102,168.0,0.5135229422,0.04689154842,3.283853292,26.57730123,0.06229221939,0.2676078097,0.5789079619,0.2132128176,sparser,0.2490750309,no rouleaux,False
tanzania-073026/dpc-102-KTR-72502948.png,tanzania-073026,dpc-102-KTR-72502948.png,C:\Users\owlem\Projects\fov-filtering-tool\crowding-crenation\data\raw\new\KTR-72502948\dpc\dpc-102-KTR-72502948.png,sparser,no rouleaux,2,0,KTR-72502948,102,train,,,,0.1090387755,168.0,0.5300552758,0.05124219729,3.361797519,29.79671025,0.07217933673,0.2389189857,0.4020736836,0.2011582538,sparser,0.21269317,no rouleaux,False
tanzania-073026/dpc-103-KTR-72502948.png,tanzania-073026,dpc-103-KTR-72502948.png,C:\Users\owlem\Projects\fov-filtering-tool\crowding-crenation\data\raw\new\KTR-72502948\dpc\dpc-103-KTR-72502948.png,monolayer,no rouleaux,3,0,KTR-72502948,103,train,,,,0.1135983418,168.0,0.5422697135,0.05199740156,3.381362697,34.09778843,0.08088788265,0.231840132,0.3342776376,0.2049311701,sparser,0.2049301867,no rouleaux,False
tanzania-073026/dpc-104-KTR-72502948.png,tanzania-073026,dpc-104-KTR-72502948.png,C:\Users\owlem\Projects\fov-filtering-tool\crowding-crenation\data\raw\new\KTR-72502948\dpc\dpc-104-KTR-72502948.png,sparser,no rouleaux,2,0,KTR-72502948,104,train,,,,0.1187783163,168.0,0.534984921,0.05523370815,3.416854893,34.5070159,0.08197538265,0.2492314323,0.3732361089,0.2302671264,sparser,0.2333869499,no rouleaux,False
tanzania-073026/dpc-105-KTR-72502948.png,tanzania-073026,dpc-105-KTR-72502948.png,C:\Users\owlem\Projects\fov-filtering-tool\crowding-crenation\data\raw\new\KTR-72502948\dpc\dpc-105-KTR-72502948.png,monolayer,no rouleaux,3,0,KTR-72502948,105,train,,,,0.1209209184,168.0,0.5431501296,0.05524270589,3.402800913,36.0128604,0.08457959184,0.2907282726,0.6928082879,0.3176728414,monolayer,0.3471865707,no rouleaux,False
tanzania-073026/dpc-106-KTR-72502948.png,tanzania-073026,dpc-106-KTR-72502948.png,C:\Users\owlem\Projects\fov-filtering-tool\crowding-crenation\data\raw\new\KTR-72502948\dpc\dpc-106-KTR-72502948.png,monolayer,slight rouleaux,3,1,KTR-72502948,106,train,,,Crenated,0.1429835459,168.0,0.5491536921,0.06446360376,3.529434189,42.50435968,0.09985841837,0.2629596988,0.4337400283,0.3137702863,monolayer,0.3099727408,no rouleaux,False
tanzania-073026/dpc-107-KTR-72502948.png,tanzania-073026,dpc-107-KTR-72502948.png,C:\Users\owlem\Projects\fov-filtering-tool\crowding-crenation\data\raw\new\KTR-72502948\dpc\dpc-107-KTR-72502948.png,monolayer,no rouleaux,3,0,KTR-72502948,107,train,,,,0.1371056122,168.0,0.5542838421,0.06111018671,3.503948387,39.8815984,0.09549094388,0.275154283,0.4793363328,0.3098823558,monolayer,0.3114740086,no rouleaux,False
tanzania-073026/dpc-108-KTR-72502948.png,tanzania-073026,dpc-108-KTR-72502948.png,C:\Users\owlem\Projects\fov-filtering-tool\crowding-crenation\data\raw\new\KTR-72502948\dpc\dpc-108-KTR-72502948.png,monolayer,no rouleaux,3,0,KTR-72502948,108,train,,,,0.1299971939,168.0,0.5516693587,0.0582817253,3.449998131,38.34067203,0.09040395408,0.2833316405,0.6379659405,0.3268162981,monolayer,0.34642893,no rouleaux,False
tanzania-073026/dpc-109-KTR-72502948.png,tanzania-073026,dpc-109-KTR-72502948.png,C:\Users\owlem\Projects\fov-filtering-tool\crowding-crenation\data\raw\new\KTR-72502948\dpc\dpc-109-KTR-72502948.png,monolayer,no rouleaux,3,0,KTR-72502948,109,train,,,,0.1378131378,169.0,0.5615933654,0.06041819393,3.594792505,46.94339874,0.1092252551,0.1555775457,0.4291183165,0.2868081704,sparser,0.2697250307,no rouleaux,False
tanzania-073026/dpc-110-KTR-72502948.png,tanzania-073026,dpc-110-KTR-72502948.png,C:\Users\owlem\Projects\fov-filtering-tool\crowding-crenation\data\raw\new\KTR-72502948\dpc\dpc-110-KTR-72502948.png,slightly dense,some rouleaux,4,2,KTR-72502948,110,train,,,,0.1567457908,169.0,0.5513940733,0.07031709075,3.694163777,54.63397018,0.1248346939,0.3497205797,1.197096663,0.5022222236,slightly dense,0.5237625322,some rouleaux,False
tanzania-073026/dpc-111-KTR-72502948.png,tanzania-073026,dpc-111-KTR-72502948.png,C:\Users\owlem\Projects\fov-filtering-tool\crowding-crenation\data\raw\new\KTR-72502948\dpc\dpc-111-KTR-72502948.png,sparser,no rouleaux,2,0,KTR-72502948,111,train,,,,0.09566594388,170.0,0.555600991,0.04251385065,3.326402067,34.31736422,0.07886568878,0.1978499685,0.4435027119,0.1864916415,sparser,0.1940973612,no rouleaux,False
tanzania-073026/dpc-112-KTR-72502948.png,tanzania-073026,dpc-112-KTR-72502948.png,C:\Users\owlem\Projects\fov-filtering-tool\crowding-crenation\data\raw\new\KTR-72502948\dpc\dpc-112-KTR-72502948.png,sparser,no rouleaux,2,0,KTR-72502948,112,train,,,,0.08991339286,170.0,0.5408960877,0.04127959043,3.310741646,31.42133323,0.07418290816,0.2228706355,0.4228144864,0.1734438623,sparser,0.1841038519,no rouleaux,False
tanzania-073026/dpc-113-KTR-72502948.png,tanzania-073026,dpc-113-KTR-72502948.png,C:\Users\owlem\Projects\fov-filtering-tool\crowding-crenation\data\raw\new\KTR-72502948\dpc\dpc-113-KTR-72502948.png,sparser,no rouleaux,2,0,KTR-72502948,113,train,,,,0.08971479592,170.0,0.56123216,0.03936396723,3.291898644,31.93382729,0.07432869898,0.2400502371,0.5406404383,0.2034683524,sparser,0.2220858095,no rouleaux,False
tanzania-073026/dpc-114-KTR-72502948.png,tanzania-073026,dpc-114-KTR-72502948.png,C:\Users\owlem\Projects\fov-filtering-tool\crowding-crenation\data\raw\new\KTR-72502948\dpc\dpc-114-KTR-72502948.png,sparser,no rouleaux,2,0,KTR-72502948,114,train,,,,0.1178753827,169.0,0.5468016368,0.05342093048,3.504311222,36.49698424,0.08757665816,0.2066606393,0.4792912376,0.2493523382,sparser,0.2506986396,no rouleaux,False
tanzania-073026/dpc-115-KTR-72502948.png,tanzania-073026,dpc-115-KTR-72502948.png,C:\Users\owlem\Projects\fov-filtering-tool\crowding-crenation\data\raw\new\KTR-72502948\dpc\dpc-115-KTR-72502948.png,sparser,no rouleaux,2,0,KTR-72502948,115,train,,,,0.1220455357,169.0,0.5336876096,0.0569113455,3.558189772,37.23230025,0.08782704082,0.2316543428,0.4666073024,0.2660638251,sparser,0.2666107113,no rouleaux,False
tanzania-073026/dpc-116-KTR-72502948.png,tanzania-073026,dpc-116-KTR-72502948.png,C:\Users\owlem\Projects\fov-filtering-tool\crowding-crenation\data\raw\new\KTR-72502948\dpc\dpc-116-KTR-72502948.png,monolayer,no rouleaux,3,0,KTR-72502948,116,train,,,,0.1682616071,167.0,0.5232267452,0.0802226341,3.671648141,36.16851935,0.08440535714,0.2531194291,0.5172069004,0.3544065431,monolayer,0.3629218717,no rouleaux,False
tanzania-073026/dpc-117-KTR-72502948.png,tanzania-073026,dpc-117-KTR-72502948.png,C:\Users\owlem\Projects\fov-filtering-tool\crowding-crenation\data\raw\new\KTR-72502948\dpc\dpc-117-KTR-72502948.png,monolayer,no rouleaux,3,0,KTR-72502948,117,train,,,,0.244551148,165.0,0.5340198628,0.1139559775,3.766914904,32.52366526,0.06958507653,0.3668024237,1.221518037,0.5588329193,slightly dense,0.6130111715,rouleaux,False
tanzania-073026/dpc-118-KTR-72502948.png,tanzania-073026,dpc-118-KTR-72502948.png,C:\Users\owlem\Projects\fov-filtering-tool\crowding-crenation\data\raw\new\KTR-72502948\dpc\dpc-118-KTR-72502948.png,sparser,no rouleaux,2,0,KTR-72502948,118,train,,,,0.1301772959,167.0,0.5155909591,0.06305905907,3.408975052,26.65385233,0.05721696429,0.2628074838,0.6839128923,0.2883928999,sparser,0.3317850002,no rouleaux,False
tanzania-073026/dpc-119-KTR-72502948.png,tanzania-073026,dpc-119-KTR-72502948.png,C:\Users\owlem\Projects\fov-filtering-tool\crowding-crenation\data\raw\new\KTR-72502948\dpc\dpc-119-KTR-72502948.png,sparser,no rouleaux,2,0,KTR-72502948,119,train,,,,0.1311149235,167.0,0.5261391378,0.06213023068,3.429666405,26.90833662,0.05967079082,0.2331548808,0.4884828816,0.2396324771,sparser,0.2631844775,no rouleaux,False
tanzania-073026/dpc-120-KTR-72502948.png,tanzania-073026,dpc-120-KTR-72502948.png,C:\Users\owlem\Projects\fov-filtering-tool\crowding-crenation\data\raw\new\KTR-72502948\dpc\dpc-120-KTR-72502948.png,sparser,no rouleaux,2,0,KTR-72502948,120,train,,,,0.1277140306,168.0,0.5398368274,0.05876929352,3.477124984,31.70139086,0.07465714286,0.2298403049,0.5325451391,0.2637861287,sparser,0.2793397898,no rouleaux,False
tanzania-073026/dpc-121-KTR-72502948.png,tanzania-073026,dpc-121-KTR-72502948.png,C:\Users\owlem\Projects\fov-filtering-tool\crowding-crenation\data\raw\new\KTR-72502948\dpc\dpc-121-KTR-72502948.png,sparser,no rouleaux,2,0,KTR-72502948,121,train,,,,0.1152653061,168.0,0.545399601,0.05239965415,3.381291555,30.46368667,0.07255165816,0.2406509272,0.5415715925,0.2420009782,sparser,0.2622599084,no rouleaux,False
tanzania-073026/dpc-122-KTR-72502948.png,tanzania-073026,dpc-122-KTR-72502948.png,C:\Users\owlem\Projects\fov-filtering-tool\crowding-crenation\data\raw\new\KTR-72502948\dpc\dpc-122-KTR-72502948.png,sparser,no rouleaux,2,0,KTR-72502948,122,train,,,,0.1119901786,168.0,0.5360484061,0.05195802185,3.373299696,30.20630127,0.07058686224,0.1703106233,0.4164571171,0.185588687,sparser,0.1961324521,no rouleaux,False
tanzania-073026/dpc-123-KTR-72502948.png,tanzania-073026,dpc-123-KTR-72502948.png,C:\Users\owlem\Projects\fov-filtering-tool\crowding-crenation\data\raw\new\KTR-72502948\dpc\dpc-123-KTR-72502948.png,sparser,no rouleaux,2,0,KTR-72502948,123,train,,,,0.1155332908,168.0,0.5399905081,0.05314641041,3.394607114,30.490684,0.07164119898,0.1716295821,0.6719226723,0.2475357102,sparser,0.2774685138,no rouleaux,False
tanzania-073026/dpc-124-KTR-72502948.png,tanzania-073026,dpc-124-KTR-72502948.png,C:\Users\owlem\Projects\fov-filtering-tool\crowding-crenation\data\raw\new\KTR-72502948\dpc\dpc-124-KTR-72502948.png,monolayer,no rouleaux,3,0,KTR-72502948,124,train,,,,0.1620272959,167.0,0.5494897808,0.0729949526,3.563899666,39.28675924,0.09477716837,0.1718835192,0.5426766502,0.3269965527,monolayer,0.3323599624,no rouleaux,False
tanzania-073026/dpc-125-KTR-72502948.png,tanzania-073026,dpc-125-KTR-72502948.png,C:\Users\owlem\Projects\fov-filtering-tool\crowding-crenation\data\raw\new\KTR-72502948\dpc\dpc-125-KTR-72502948.png,monolayer,no rouleaux,3,0,KTR-72502948,125,train,,,,0.1516889031,168.0,0.5611452004,0.06656940315,3.597608149,41.5567559,0.1025686224,0.1535663658,0.5046881729,0.3085660168,monolayer,0.3016821661,no rouleaux,False
tanzania-073026/dpc-126-KTR-72502948.png,tanzania-073026,dpc-126-KTR-72502948.png,C:\Users\owlem\Projects\fov-filtering-tool\crowding-crenation\data\raw\new\KTR-72502948\dpc\dpc-126-KTR-72502948.png,monolayer,no rouleaux,3,0,KTR-72502948,126,train,,,,0.1441644133,168.0,0.5651550576,0.06268916598,3.560654518,40.83057865,0.1001452806,0.1464661256,0.4573583895,0.2801293143,sparser,0.2705362832,no rouleaux,False
tanzania-073026/dpc-127-KTR-72502948.png,tanzania-073026,dpc-127-KTR-72502948.png,C:\Users\owlem\Projects\fov-filtering-tool\crowding-crenation\data\raw\new\KTR-72502948\dpc\dpc-127-KTR-72502948.png,monolayer,no rouleaux,3,0,KTR-72502948,127,train,,,Other Dimples,0.1091415816,170.0,0.5353313973,0.05071466623,3.436543402,42.59336714,0.09668584184,0.1382942723,0.3053349186,0.1900605592,sparser,0.1769101687,no rouleaux,False
tanzania-073026/dpc-128-KTR-72502948.png,tanzania-073026,dpc-128-KTR-72502948.png,C:\Users\owlem\Projects\fov-filtering-tool\crowding-crenation\data\raw\new\KTR-72502948\dpc\dpc-128-KTR-72502948.png,monolayer,no rouleaux,3,0,KTR-72502948,128,train,,,,0.1257665816,169.0,0.5369548611,0.05823560426,3.512292126,41.7349975,0.09793954082,0.1454311213,0.3266738518,0.2250334724,sparser,0.2107808139,no rouleaux,False
tanzania-073026/dpc-129-KTR-72502948.png,tanzania-073026,dpc-129-KTR-72502948.png,C:\Users\owlem\Projects\fov-filtering-tool\crowding-crenation\data\raw\new\KTR-72502948\dpc\dpc-129-KTR-72502948.png,monolayer,no rouleaux,3,0,KTR-72502948,129,train,,,,0.1151885204,170.0,0.5524682915,0.05155051534,3.478318843,43.88566164,0.1025239796,0.1525484018,0.3986438165,0.2314828234,sparser,0.2195381071,no rouleaux,False
tanzania-073026/dpc-130-KTR-72502948.png,tanzania-073026,dpc-130-KTR-72502948.png,C:\Users\owlem\Projects\fov-filtering-tool\crowding-crenation\data\raw\new\KTR-72502948\dpc\dpc-130-KTR-72502948.png,monolayer,no rouleaux,3,0,KTR-72502948,130,train,,,,0.09669477041,170.0,0.5457531882,0.04392329118,3.355157697,37.32319925,0.08731811224,0.1824265455,0.2202847637,0.1485786947,sparser,0.1340738148,no rouleaux,False
tanzania-073026/dpc-131-KTR-72502948.png,tanzania-073026,dpc-131-KTR-72502948.png,C:\Users\owlem\Projects\fov-filtering-tool\crowding-crenation\data\raw\new\KTR-72502948\dpc\dpc-131-KTR-72502948.png,monolayer,no rouleaux,3,0,KTR-72502948,131,train,,,,0.09115318878,170.0,0.5686362596,0.03932018046,3.256256023,35.59483043,0.08357295918,0.2035974546,0.4578927079,0.1864846516,sparser,0.1949126894,no rouleaux,False
tanzania-073026/dpc-132-KTR-72502948.png,tanzania-073026,dpc-132-KTR-72502948.png,C:\Users\owlem\Projects\fov-filtering-tool\crowding-crenation\data\raw\new\KTR-72502948\dpc\dpc-132-KTR-72502948.png,monolayer,no rouleaux,3,0,KTR-72502948,132,train,,,,0.09580714286,170.0,0.5305360324,0.04497800141,3.37761231,37.65072636,0.0884255102,0.2588145204,0.5849244825,0.2526014658,sparser,0.2708655229,no rouleaux,False
tanzania-073026/dpc-133-KTR-72502948.png,tanzania-073026,dpc-133-KTR-72502948.png,C:\Users\owlem\Projects\fov-filtering-tool\crowding-crenation\data\raw\new\KTR-72502948\dpc\dpc-133-KTR-72502948.png,sparser,some rouleaux,2,2,KTR-72502948,133,train,,,,0.1046627551,169.0,0.52267172,0.04995849287,3.28063841,40.49539106,0.08318239796,0.4724436492,1.85770154,0.3509667769,monolayer,0.4107021251,slight rouleaux,False
tanzania-073026/dpc-134-KTR-72502948.png,tanzania-073026,dpc-134-KTR-72502948.png,C:\Users\owlem\Projects\fov-filtering-tool\crowding-crenation\data\raw\new\KTR-72502948\dpc\dpc-134-KTR-72502948.png,sparser,no rouleaux,2,0,KTR-72502948,134,train,,,,0.09823545918,167.0,0.4967012309,0.04944178569,3.15504007,21.81415431,0.04636084184,0.1796025066,0.3471084731,0.1305375303,sparser,0.1545409707,no rouleaux,False
tanzania-073026/dpc-135-KTR-72502948.png,tanzania-073026,dpc-135-KTR-72502948.png,C:\Users\owlem\Projects\fov-filtering-tool\crowding-crenation\data\raw\new\KTR-72502948\dpc\dpc-135-KTR-72502948.png,sparser,no rouleaux,2,0,KTR-72502948,135,train,,,,0.09676160714,167.0,0.4961344146,0.04875484382,3.154360608,18.99583484,0.03709591837,0.2463212223,0.7893788192,0.2440084321,sparser,0.306186571,no rouleaux,False
tanzania-073026/dpc-136-KTR-72502948.png,tanzania-073026,dpc-136-KTR-72502948.png,C:\Users\owlem\Projects\fov-filtering-tool\crowding-crenation\data\raw\new\KTR-72502948\dpc\dpc-136-KTR-72502948.png,sparser,no rouleaux,2,0,KTR-72502948,136,train,,,,0.0669994898,168.0,0.5035522587,0.03326174538,2.948515127,18.62449933,0.03903584184,0.2367749106,0.7375648773,0.1874862257,sparser,0.2426751578,no rouleaux,True
tanzania-073026/dpc-137-KTR-72502948.png,tanzania-073026,dpc-137-KTR-72502948.png,C:\Users\owlem\Projects\fov-filtering-tool\crowding-crenation\data\raw\new\KTR-72502948\dpc\dpc-137-KTR-72502948.png,sparser,no rouleaux,2,0,KTR-72502948,137,train,,,,0.07958456633,168.0,0.5146725115,0.0386245777,3.07598421,22.9233953,0.05141058673,0.2350418547,0.6940166641,0.190091517,sparser,0.2428448201,no rouleaux,True
tanzania-073026/dpc-138-KTR-72502948.png,tanzania-073026,dpc-138-KTR-72502948.png,C:\Users\owlem\Projects\fov-filtering-tool\crowding-crenation\data\raw\new\KTR-72502948\dpc\dpc-138-KTR-72502948.png,sparser,no rouleaux,2,0,KTR-72502948,138,train,,,,0.07402614796,169.0,0.5305644221,0.03475050755,3.069767258,26.4125656,0.05893686224,0.2506860415,0.4626032698,0.1381837016,sparser,0.168997915,no rouleaux,False
tanzania-073026/dpc-139-KTR-72502948.png,tanzania-073026,dpc-139-KTR-72502948.png,C:\Users\owlem\Projects\fov-filtering-tool\crowding-crenation\data\raw\new\KTR-72502948\dpc\dpc-139-KTR-72502948.png,sparser,no rouleaux,2,0,KTR-72502948,139,train,,,Unfocused,0.07493163265,170.0,0.5464684785,0.03398385737,3.129877967,30.04144498,0.06811619898,0.2025023045,0.3815608909,0.1190594662,sparser,0.1359536675,no rouleaux,False
tanzania-073026/dpc-140-KTR-72502948.png,tanzania-073026,dpc-140-KTR-72502948.png,C:\Users\owlem\Projects\fov-filtering-tool\crowding-crenation\data\raw\new\KTR-72502948\dpc\dpc-140-KTR-72502948.png,sparser,no rouleaux,2,0,KTR-72502948,140,train,,,,0.08575561224,169.0,0.5365256567,0.03974552607,3.165997789,31.33796246,0.07176377551,0.2246532113,0.4422021631,0.1614864344,sparser,0.1835996662,no rouleaux,False
tanzania-073026/dpc-141-KTR-72502948.png,tanzania-073026,dpc-141-KTR-72502948.png,C:\Users\owlem\Projects\fov-filtering-tool\crowding-crenation\data\raw\new\KTR-72502948\dpc\dpc-141-KTR-72502948.png,sparser,no rouleaux,2,0,KTR-72502948,141,train,,,,0.06680114796,170.0,0.5429074413,0.03053430765,3.023884027,26.86549783,0.0602119898,0.24419688,0.4657397223,0.1375413113,sparser,0.1660008058,no rouleaux,False
tanzania-073026/dpc-142-KTR-72502948.png,tanzania-073026,dpc-142-KTR-72502948.png,C:\Users\owlem\Projects\fov-filtering-tool\crowding-crenation\data\raw\new\KTR-72502948\dpc\dpc-142-KTR-72502948.png,sparser,no rouleaux,2,0,KTR-72502948,142,train,,,,0.08415178571,169.0,0.538758162,0.03881432431,3.145134355,31.0570363,0.0698994898,0.2924746809,0.7485365845,0.2432823405,sparser,0.2939215366,no rouleaux,False
tanzania-073026/dpc-143-KTR-72502948.png,tanzania-073026,dpc-143-KTR-72502948.png,C:\Users\owlem\Projects\fov-filtering-tool\crowding-crenation\data\raw\new\KTR-72502948\dpc\dpc-143-KTR-72502948.png,sparser,no rouleaux,2,0,KTR-72502948,143,train,,,,0.09639221939,169.0,0.5504179498,0.04333621162,3.245240975,34.03381162,0.07866186224,0.2935292483,0.8251816249,0.2945444601,monolayer,0.342036801,no rouleaux,False
tanzania-073026/dpc-144-KTR-72502948.png,tanzania-073026,dpc-144-KTR-72502948.png,C:\Users\owlem\Projects\fov-filtering-tool\crowding-crenation\data\raw\new\KTR-72502948\dpc\dpc-144-KTR-72502948.png,sparser,no rouleaux,2,0,KTR-72502948,144,train,,,,0.1027459184,169.0,0.5629549599,0.04490459401,3.262085083,36.56621524,0.08455943878,0.2230779802,0.3973684941,0.1988140613,sparser,0.2046654802,no rouleaux,False
tanzania-073026/dpc-145-KTR-72502948.png,tanzania-073026,dpc-145-KTR-72502948.png,C:\Users\owlem\Projects\fov-filtering-tool\crowding-crenation\data\raw\new\KTR-72502948\dpc\dpc-145-KTR-72502948.png,monolayer,no rouleaux,3,0,KTR-72502948,145,train,,,,0.1107125,170.0,0.5208239111,0.05305078275,3.477428168,40.38809654,0.09130688776,0.1649754704,0.4165399931,0.220144207,sparser,0.2191574228,no rouleaux,False
tanzania-073026/dpc-146-KTR-72502948.png,tanzania-073026,dpc-146-KTR-72502948.png,C:\Users\owlem\Projects\fov-filtering-tool\crowding-crenation\data\raw\new\KTR-72502948\dpc\dpc-146-KTR-72502948.png,monolayer,no rouleaux,3,0,KTR-72502948,146,train,,,,0.1061772959,170.0,0.5268893408,0.05023361046,3.447477753,38.20887422,0.08867130102,0.1672617572,0.464410254,0.2171557882,sparser,0.2211092778,no rouleaux,False
tanzania-073026/dpc-147-KTR-72502948.png,tanzania-073026,dpc-147-KTR-72502948.png,C:\Users\owlem\Projects\fov-filtering-tool\crowding-crenation\data\raw\new\KTR-72502948\dpc\dpc-147-KTR-72502948.png,monolayer,no rouleaux,3,0,KTR-72502948,147,train,,,,0.1044829082,170.0,0.5287505185,0.0492375163,3.444042509,37.5659756,0.08815178571,0.1674681386,0.4688580714,0.2140994768,sparser,0.2181962607,no rouleaux,False
tanzania-073026/dpc-148-KTR-72502948.png,tanzania-073026,dpc-148-KTR-72502948.png,C:\Users\owlem\Projects\fov-filtering-tool\crowding-crenation\data\raw\new\KTR-72502948\dpc\dpc-148-KTR-72502948.png,monolayer,no rouleaux,3,0,KTR-72502948,148,train,,,,0.09574566327,170.0,0.5335617504,0.04465943958,3.36334708,35.79428526,0.08460918367,0.1542075354,0.2569842134,0.1419311126,sparser,0.1321279195,no rouleaux,False
tanzania-073026/dpc-149-KTR-72502948.png,tanzania-073026,dpc-149-KTR-72502948.png,C:\Users\owlem\Projects\fov-filtering-tool\crowding-crenation\data\raw\new\KTR-72502948\dpc\dpc-149-KTR-72502948.png,monolayer,no rouleaux,3,0,KTR-72502948,149,train,,,,0.08550012755,170.0,0.5433374104,0.03904470966,3.223724518,32.34260698,0.07659910714,0.1996442001,0.6435071848,0.2042772453,sparser,0.2358842747,no rouleaux,False
tanzania-073026/dpc-150-KTR-72502948.png,tanzania-073026,dpc-150-KTR-72502948.png,C:\Users\owlem\Projects\fov-filtering-tool\crowding-crenation\data\raw\new\KTR-72502948\dpc\dpc-150-KTR-72502948.png,monolayer,no rouleaux,3,0,KTR-72502948,150,train,,,,0.09282793367,170.0,0.5300973067,0.04362009605,3.349962559,32.94812412,0.08078584184,0.1566900592,0.2844927169,0.1364049614,sparser,0.1311281171,no rouleaux,False
tanzania-073026/dpc-151-KTR-72502948.png,tanzania-073026,dpc-151-KTR-72502948.png,C:\Users\owlem\Projects\fov-filtering-tool\crowding-crenation\data\raw\new\KTR-72502948\dpc\dpc-151-KTR-72502948.png,monolayer,no rouleaux,3,0,KTR-72502948,151,train,,,,0.09518188776,170.0,0.5320322935,0.04454204971,3.384881806,35.5710532,0.08404234694,0.1795952793,0.264896267,0.1516965422,sparser,0.1422838348,no rouleaux,False
tanzania-073026/dpc-152-KTR-72502948.png,tanzania-073026,dpc-152-KTR-72502948.png,C:\Users\owlem\Projects\fov-filtering-tool\crowding-crenation\data\raw\new\KTR-72502948\dpc\dpc-152-KTR-72502948.png,monolayer,no rouleaux,3,0,KTR-72502948,152,train,,,,0.09035357143,170.0,0.5298021384,0.04248405607,3.321066452,34.01071612,0.0794440051,0.2142535636,0.3875948143,0.1723903928,sparser,0.1792728028,no rouleaux,False
tanzania-073026/dpc-153-KTR-72502948.png,tanzania-073026,dpc-153-KTR-72502948.png,C:\Users\owlem\Projects\fov-filtering-tool\crowding-crenation\data\raw\new\KTR-72502948\dpc\dpc-153-KTR-72502948.png,monolayer,no rouleaux,3,0,KTR-72502948,153,train,,,,0.08996147959,169.0,0.516186497,0.04352457857,3.276402904,28.95592405,0.06790446429,0.2166373519,0.3649590126,0.1486789675,sparser,0.1628509577,no rouleaux,False
tanzania-073026/dpc-154-KTR-72502948.png,tanzania-073026,dpc-154-KTR-72502948.png,C:\Users\owlem\Projects\fov-filtering-tool\crowding-crenation\data\raw\new\KTR-72502948\dpc\dpc-154-KTR-72502948.png,monolayer,no rouleaux,3,0,KTR-72502948,154,train,,,,0.06646313776,170.0,0.5260607474,0.03149948984,3.096863164,26.04150961,0.05915727041,0.2082661104,0.3368225861,0.09468554575,sparser,0.1144860232,no rouleaux,False
tanzania-073026/dpc-155-KTR-72502948.png,tanzania-073026,dpc-155-KTR-72502948.png,C:\Users\owlem\Projects\fov-filtering-tool\crowding-crenation\data\raw\new\KTR-72502948\dpc\dpc-155-KTR-72502948.png,monolayer,no rouleaux,3,0,KTR-72502948,155,train,,,,0.07768673469,170.0,0.5309861742,0.03643615265,3.184453704,30.32550968,0.07049591837,0.2524836256,0.7946931932,0.2321978411,sparser,0.2832706908,no rouleaux,False
tanzania-073026/dpc-156-KTR-72502948.png,tanzania-073026,dpc-156-KTR-72502948.png,C:\Users\owlem\Projects\fov-filtering-tool\crowding-crenation\data\raw\new\KTR-72502948\dpc\dpc-156-KTR-72502948.png,slightly dense,slight rouleaux,4,1,KTR-72502948,156,train,,,,0.08101709184,170.0,0.5249445919,0.03848760762,3.216282692,34.2546607,0.07596619898,0.3545188885,0.9469923111,0.2977941265,monolayer,0.3596753991,no rouleaux,False
tanzania-073026/dpc-157-KTR-72502948.png,tanzania-073026,dpc-157-KTR-72502948.png,C:\Users\owlem\Projects\fov-filtering-tool\crowding-crenation\data\raw\new\KTR-72502948\dpc\dpc-157-KTR-72502948.png,sparser,no rouleaux,2,0,KTR-72502948,157,train,,,,0.07224298469,170.0,0.5348642357,0.0336027959,3.058319857,31.30077184,0.06786377551,0.240012328,0.6868817157,0.1943075305,sparser,0.2395406978,no rouleaux,False
tanzania-073026/dpc-158-KTR-72502948.png,tanzania-073026,dpc-158-KTR-72502948.png,C:\Users\owlem\Projects\fov-filtering-tool\crowding-crenation\data\raw\new\KTR-72502948\dpc\dpc-158-KTR-72502948.png,sparser,no rouleaux,2,0,KTR-72502948,158,train,,,,0.05733290816,170.0,0.5237146981,0.02730682147,2.976480848,24.23585106,0.05284209184,0.1749225989,0.4219358429,0.1013371968,sparser,0.1277275587,no rouleaux,False
tanzania-073026/dpc-159-KTR-72502948.png,tanzania-073026,dpc-159-KTR-72502948.png,C:\Users\owlem\Projects\fov-filtering-tool\crowding-crenation\data\raw\new\KTR-72502948\dpc\dpc-159-KTR-72502948.png,sparser,no rouleaux,2,0,KTR-72502948,159,train,,,,0.06626543367,170.0,0.5367940206,0.03069454511,3.031498381,28.09555068,0.06041096939,0.2320827411,0.8010973427,0.2055385261,sparser,0.2625596393,no rouleaux,False
tanzania-073026/dpc-160-KTR-72502948.png,tanzania-073026,dpc-160-KTR-72502948.png,C:\Users\owlem\Projects\fov-filtering-tool\crowding-crenation\data\raw\new\KTR-72502948\dpc\dpc-160-KTR-72502948.png,sparser,no rouleaux,2,0,KTR-72502948,160,train,,,,0.06704464286,169.0,0.5122008952,0.03270431677,3.044063741,24.85210083,0.05483367347,0.2254996266,0.600356933,0.1547227877,sparser,0.1982476834,no rouleaux,True
tanzania-073026/dpc-161-KTR-72502948.png,tanzania-073026,dpc-161-KTR-72502948.png,C:\Users\owlem\Projects\fov-filtering-tool\crowding-crenation\data\raw\new\KTR-72502948\dpc\dpc-161-KTR-72502948.png,sparser,no rouleaux,2,0,KTR-72502948,161,train,,,,0.07006607143,170.0,0.5259786921,0.03321281082,3.105696721,28.61405615,0.06356007653,0.2477904404,0.8960252864,0.2324561183,sparser,0.298059919,no rouleaux,False
tanzania-073026/dpc-162-KTR-72502948.png,tanzania-073026,dpc-162-KTR-72502948.png,C:\Users\owlem\Projects\fov-filtering-tool\crowding-crenation\data\raw\new\KTR-72502948\dpc\dpc-162-KTR-72502948.png,sparser,no rouleaux,2,0,KTR-72502948,162,train,,,,0.05201836735,170.0,0.5289906377,0.02450113803,2.899196128,21.74850575,0.04761084184,0.2302049393,0.5637932203,0.1504116201,sparser,0.1891451264,no rouleaux,False
tanzania-073026/dpc-163-KTR-72502948.png,tanzania-073026,dpc-163-KTR-72502948.png,C:\Users\owlem\Projects\fov-filtering-tool\crowding-crenation\data\raw\new\KTR-72502948\dpc\dpc-163-KTR-72502948.png,monolayer,slight rouleaux,3,1,KTR-72502948,163,train,,,,0.1552090561,169.0,0.5478453114,0.07017850244,3.6566652,56.86608888,0.1274852041,0.1481017775,0.2136310473,0.2972491672,monolayer,0.2567827287,no rouleaux,False
tanzania-073026/dpc-164-KTR-72502948.png,tanzania-073026,dpc-164-KTR-72502948.png,C:\Users\owlem\Projects\fov-filtering-tool\crowding-crenation\data\raw\new\KTR-72502948\dpc\dpc-164-KTR-72502948.png,monolayer,no rouleaux,3,0,KTR-72502948,164,train,,,,0.1604086735,169.0,0.5570969989,0.07104548289,3.666897059,58.13705309,0.1319860969,0.1515326214,0.2917927807,0.3272228069,monolayer,0.2900426894,no rouleaux,False
tanzania-073026/dpc-165-KTR-72502948.png,tanzania-073026,dpc-165-KTR-72502948.png,C:\Users\owlem\Projects\fov-filtering-tool\crowding-crenation\data\raw\new\KTR-72502948\dpc\dpc-165-KTR-72502948.png,monolayer,slight rouleaux,3,1,KTR-72502948,165,train,,,,0.1491604592,169.0,0.5591702693,0.06575436506,3.578700902,53.94435683,0.1233616071,0.1318101363,0.2071875603,0.2685771114,sparser,0.2303296616,no rouleaux,False
tanzania-073026/dpc-166-KTR-72502948.png,tanzania-073026,dpc-166-KTR-72502948.png,C:\Users\owlem\Projects\fov-filtering-tool\crowding-crenation\data\raw\new\KTR-72502948\dpc\dpc-166-KTR-72502948.png,sparser,slight rouleaux,2,1,KTR-72502948,166,train,,,,0.1199866071,170.0,0.5544431951,0.05346084931,3.470783417,46.37401681,0.1067964286,0.1424639517,0.3890455755,0.2393620566,sparser,0.2256769064,no rouleaux,False
tanzania-073026/dpc-167-KTR-72502948.png,tanzania-073026,dpc-167-KTR-72502948.png,C:\Users\owlem\Projects\fov-filtering-tool\crowding-crenation\data\raw\new\KTR-72502948\dpc\dpc-167-KTR-72502948.png,monolayer,no rouleaux,3,0,KTR-72502948,167,train,,,,0.1102668367,170.0,0.5503412158,0.04958245174,3.420578367,42.20341129,0.09874744898,0.1662821566,0.4119060855,0.2230587654,sparser,0.2170530346,no rouleaux,False
tanzania-073026/dpc-168-KTR-72502948.png,tanzania-073026,dpc-168-KTR-72502948.png,C:\Users\owlem\Projects\fov-filtering-tool\crowding-crenation\data\raw\new\KTR-72502948\dpc\dpc-168-KTR-72502948.png,monolayer,slight rouleaux,3,1,KTR-72502948,168,train,,,,0.1527005102,169.0,0.5690023002,0.06581356865,3.589382272,55.78518656,0.1258441327,0.1753032086,0.3088248355,0.3136161919,monolayer,0.2822258157,no rouleaux,False
tanzania-073026/dpc-169-KTR-72502948.png,tanzania-073026,dpc-169-KTR-72502948.png,C:\Users\owlem\Projects\fov-filtering-tool\crowding-crenation\data\raw\new\KTR-72502948\dpc\dpc-169-KTR-72502948.png,monolayer,slight rouleaux,3,1,KTR-72502948,169,train,,,,0.1555135204,169.0,0.5505683156,0.06989270342,3.618481172,59.15520657,0.1297265306,0.1705153324,0.4667937765,0.3611905082,monolayer,0.343501362,no rouleaux,False
tanzania-073026/dpc-170-KTR-72502948.png,tanzania-073026,dpc-170-KTR-72502948.png,C:\Users\owlem\Projects\fov-filtering-tool\crowding-crenation\data\raw\new\KTR-72502948\dpc\dpc-170-KTR-72502948.png,monolayer,slight rouleaux,3,1,KTR-72502948,170,train,,,,0.1446214286,169.0,0.569901296,0.06220148901,3.542414603,54.11320943,0.1223058673,0.2039369952,0.557627803,0.3564241002,monolayer,0.3491909504,no rouleaux,False
tanzania-073026/dpc-171-KTR-72502948.png,tanzania-073026,dpc-171-KTR-72502948.png,C:\Users\owlem\Projects\fov-filtering-tool\crowding-crenation\data\raw\new\KTR-72502948\dpc\dpc-171-KTR-72502948.png,monolayer,no rouleaux,3,0,KTR-72502948,171,train,,,,0.137382398,169.0,0.5627998757,0.06006360147,3.505413146,49.72651773,0.1137778061,0.1828781255,0.5254084462,0.3178567285,monolayer,0.3129196461,no rouleaux,False
tanzania-073026/dpc-172-KTR-72502948.png,tanzania-073026,dpc-172-KTR-72502948.png,C:\Users\owlem\Projects\fov-filtering-tool\crowding-crenation\data\raw\new\KTR-72502948\dpc\dpc-172-KTR-72502948.png,monolayer,no rouleaux,3,0,KTR-72502948,172,train,,,,0.1113667092,170.0,0.5662369193,0.04830676686,3.364930327,45.12246129,0.1023586735,0.1424487199,0.378448543,0.2128535938,sparser,0.2031439339,no rouleaux,False
tanzania-073026/dpc-173-KTR-72502948.png,tanzania-073026,dpc-173-KTR-72502948.png,C:\Users\owlem\Projects\fov-filtering-tool\crowding-crenation\data\raw\new\KTR-72502948\dpc\dpc-173-KTR-72502948.png,monolayer,no rouleaux,3,0,KTR-72502948,173,train,,,,0.111567602,170.0,0.5674691607,0.04825642855,3.405765875,42.64632346,0.1003241071,0.1489346263,0.2713181944,0.189765753,sparser,0.1692194656,no rouleaux,False
tanzania-073026/dpc-174-KTR-72502948.png,tanzania-073026,dpc-174-KTR-72502948.png,C:\Users\owlem\Projects\fov-filtering-tool\crowding-crenation\data\raw\new\KTR-72502948\dpc\dpc-174-KTR-72502948.png,monolayer,no rouleaux,3,0,KTR-72502948,174,train,,,,0.1184794643,170.0,0.571468729,0.05077215542,3.423696315,45.98925177,0.1033443878,0.2209162207,0.8077326147,0.3447618115,monolayer,0.3689407161,no rouleaux,False
tanzania-073026/dpc-175-KTR-72502948.png,tanzania-073026,dpc-175-KTR-72502948.png,C:\Users\owlem\Projects\fov-filtering-tool\crowding-crenation\data\raw\new\KTR-72502948\dpc\dpc-175-KTR-72502948.png,sparser,no rouleaux,2,0,KTR-72502948,175,train,,,,0.0972567602,170.0,0.5817948402,0.04067327894,3.24253685,38.35253327,0.08640969388,0.2011900794,0.77602809,0.2667196614,sparser,0.3001634174,no rouleaux,False
tanzania-073026/dpc-176-KTR-72502948.png,tanzania-073026,dpc-176-KTR-72502948.png,C:\Users\owlem\Projects\fov-filtering-tool\crowding-crenation\data\raw\new\KTR-72502948\dpc\dpc-176-KTR-72502948.png,monolayer,no rouleaux,3,0,KTR-72502948,176,train,,,Crenated,0.106715051,170.0,0.572006195,0.04567338074,3.30770441,42.50272132,0.09603762755,0.148363821,0.3508452508,0.1900646033,sparser,0.1823836158,no rouleaux,False
tanzania-073026/dpc-177-KTR-72502948.png,tanzania-073026,dpc-177-KTR-72502948.png,C:\Users\owlem\Projects\fov-filtering-tool\crowding-crenation\data\raw\new\KTR-72502948\dpc\dpc-177-KTR-72502948.png,monolayer,no rouleaux,3,0,KTR-72502948,177,train,,,Crenated,0.1075071429,170.0,0.5838055538,0.04474387579,3.304374808,42.75014433,0.09450905612,0.1918620429,0.370231283,0.2081725135,sparser,0.2022308315,no rouleaux,False
tanzania-073026/dpc-178-KTR-72502948.png,tanzania-073026,dpc-178-KTR-72502948.png,C:\Users\owlem\Projects\fov-filtering-tool\crowding-crenation\data\raw\new\KTR-72502948\dpc\dpc-178-KTR-72502948.png,monolayer,no rouleaux,3,0,KTR-72502948,178,train,,,Crenated,0.1287779337,169.0,0.5676229604,0.05568062173,3.417549349,48.40221438,0.1048839286,0.1440410014,0.3273491362,0.236519145,sparser,0.2211181589,no rouleaux,False
tanzania-073026/dpc-179-KTR-72502948.png,tanzania-073026,dpc-179-KTR-72502948.png,C:\Users\owlem\Projects\fov-filtering-tool\crowding-crenation\data\raw\new\KTR-72502948\dpc\dpc-179-KTR-72502948.png,monolayer,slight rouleaux,3,1,KTR-72502948,179,train,,,Crenated,0.136905102,169.0,0.5801291936,0.0574824556,3.433094953,51.67199835,0.1098033163,0.1617380846,0.2396314883,0.2436195652,sparser,0.217790203,no rouleaux,False
tanzania-073026/dpc-180-KTR-72502948.png,tanzania-073026,dpc-180-KTR-72502948.png,C:\Users\owlem\Projects\fov-filtering-tool\crowding-crenation\data\raw\new\KTR-72502948\dpc\dpc-180-KTR-72502948.png,monolayer,no rouleaux,3,0,KTR-72502948,180,train,,,Crenated,0.1156080357,170.0,0.5792161666,0.04864599243,3.377626731,46.18205506,0.1009690051,0.1764929134,0.2809561647,0.2099171893,sparser,0.1914067821,no rouleaux,False
tanzania-073026/dpc-181-KTR-72502948.png,tanzania-073026,dpc-181-KTR-72502948.png,C:\Users\owlem\Projects\fov-filtering-tool\crowding-crenation\data\raw\new\KTR-72502948\dpc\dpc-181-KTR-72502948.png,dense,rouleaux,5,3,KTR-72502948,181,train,,,,0.2328514031,167.0,0.5494789804,0.1049044515,3.851421931,73.81171958,0.1538672194,0.3257264968,1.010450222,0.6705657965,dense,0.6842577183,heavy rouleaux,False
tanzania-073026/dpc-182-KTR-72502948.png,tanzania-073026,dpc-182-KTR-72502948.png,C:\Users\owlem\Projects\fov-filtering-tool\crowding-crenation\data\raw\new\KTR-72502948\dpc\dpc-182-KTR-72502948.png,slightly dense,some rouleaux,4,2,KTR-72502948,182,train,,,,0.187378699,168.0,0.5538477867,0.08359942127,3.769375759,58.25848174,0.1352739796,0.1659836061,0.5077956967,0.4249930318,monolayer,0.4029937095,slight rouleaux,False
tanzania-073026/dpc-183-KTR-72502948.png,tanzania-073026,dpc-183-KTR-72502948.png,C:\Users\owlem\Projects\fov-filtering-tool\crowding-crenation\data\raw\new\KTR-72502948\dpc\dpc-183-KTR-72502948.png,slightly dense,some rouleaux,4,2,KTR-72502948,183,train,,,,0.1725858418,169.0,0.5642355139,0.07520678067,3.739287798,57.44259646,0.1371492347,0.1964422001,0.4941923409,0.4083859445,monolayer,0.3828614226,slight rouleaux,False
tanzania-073026/dpc-184-KTR-72502948.png,tanzania-073026,dpc-184-KTR-72502948.png,C:\Users\owlem\Projects\fov-filtering-tool\crowding-crenation\data\raw\new\KTR-72502948\dpc\dpc-184-KTR-72502948.png,slightly dense,some rouleaux,4,2,KTR-72502948,184,train,,,,0.1579044643,169.0,0.5549796676,0.07027069718,3.657225103,51.48288289,0.1219016582,0.2085310002,0.4384695272,0.3555263671,monolayer,0.3359293831,no rouleaux,False
tanzania-073026/dpc-185-KTR-72502948.png,tanzania-073026,dpc-185-KTR-72502948.png,C:\Users\owlem\Projects\fov-filtering-tool\crowding-crenation\data\raw\new\KTR-72502948\dpc\dpc-185-KTR-72502948.png,slightly dense,some rouleaux,4,2,KTR-72502948,185,train,,,,0.1587038265,169.0,0.5627491861,0.06939337733,3.61765402,55.07490437,0.1271080357,0.2247288704,0.5143710871,0.3841519496,monolayer,0.3706264998,no rouleaux,False
tanzania-073026/dpc-186-KTR-72502948.png,tanzania-073026,dpc-186-KTR-72502948.png,C:\Users\owlem\Projects\fov-filtering-tool\crowding-crenation\data\raw\new\KTR-72502948\dpc\dpc-186-KTR-72502948.png,slightly dense,some rouleaux,4,2,KTR-72502948,186,train,,,,0.166648852,169.0,0.5626901419,0.07287718584,3.668069612,58.88963626,0.1348182398,0.2099685028,0.5328359717,0.4089683833,monolayer,0.3919327187,slight rouleaux,False
tanzania-073026/dpc-187-KTR-72502948.png,tanzania-073026,dpc-187-KTR-72502948.png,C:\Users\owlem\Projects\fov-filtering-tool\crowding-crenation\data\raw\new\KTR-72502948\dpc\dpc-187-KTR-72502948.png,slightly dense,some rouleaux,4,2,KTR-72502948,187,train,,,,0.1649188776,169.0,0.5680632594,0.07123452243,3.681437875,59.86870636,0.1365039541,0.1683035432,0.4060410922,0.3688325978,monolayer,0.3376592578,no rouleaux,False
tanzania-073026/dpc-188-KTR-72502948.png,tanzania-073026,dpc-188-KTR-72502948.png,C:\Users\owlem\Projects\fov-filtering-tool\crowding-crenation\data\raw\new\KTR-72502948\dpc\dpc-188-KTR-72502948.png,slightly dense,slight rouleaux,4,1,KTR-72502948,188,train,,,,0.191826148,168.0,0.5761627911,0.08130305915,3.705067474,63.05384221,0.1465422194,0.1327715297,0.2593598663,0.3759215078,monolayer,0.3286805068,no rouleaux,False
tanzania-073026/dpc-189-KTR-72502948.png,tanzania-073026,dpc-189-KTR-72502948.png,C:\Users\owlem\Projects\fov-filtering-tool\crowding-crenation\data\raw\new\KTR-72502948\dpc\dpc-189-KTR-72502948.png,slightly dense,slight rouleaux,4,1,KTR-72502948,189,train,,,,0.1840391582,168.0,0.575263858,0.07816808202,3.690644775,61.12905261,0.1423382653,0.1290871721,0.3602939099,0.378532546,monolayer,0.3410622969,no rouleaux,False
tanzania-073026/dpc-190-KTR-72502948.png,tanzania-073026,dpc-190-KTR-72502948.png,C:\Users\owlem\Projects\fov-filtering-tool\crowding-crenation\data\raw\new\KTR-72502948\dpc\dpc-190-KTR-72502948.png,slightly dense,slight rouleaux,4,1,KTR-72502948,190,train,,,,0.1581066327,169.0,0.5926576777,0.06440352292,3.57917655,55.2651148,0.1311710459,0.1909021248,0.4380260625,0.3536855609,monolayer,0.3281614932,no rouleaux,False
tanzania-073026/dpc-191-KTR-72502948.png,tanzania-073026,dpc-191-KTR-72502948.png,C:\Users\owlem\Projects\fov-filtering-tool\crowding-crenation\data\raw\new\KTR-72502948\dpc\dpc-191-KTR-72502948.png,slightly dense,slight rouleaux,4,1,KTR-72502948,191,train,,,,0.1575544643,169.0,0.5706330422,0.06764868102,3.594804096,57.22564925,0.1294039541,0.1889392162,0.5368066821,0.378150551,monolayer,0.3647400263,no rouleaux,False
tanzania-073026/dpc-192-KTR-72502948.png,tanzania-073026,dpc-192-KTR-72502948.png,C:\Users\owlem\Projects\fov-filtering-tool\crowding-crenation\data\raw\new\KTR-72502948\dpc\dpc-192-KTR-72502948.png,slightly dense,some rouleaux,4,2,KTR-72502948,192,train,,,,0.1683669643,169.0,0.5683514077,0.07267536312,3.610814142,68.35068427,0.140722449,0.3003665516,0.9325091501,0.5400524827,slightly dense,0.5599847866,rouleaux,False
tanzania-073026/dpc-193-KTR-72502948.png,tanzania-073026,dpc-193-KTR-72502948.png,C:\Users\owlem\Projects\fov-filtering-tool\crowding-crenation\data\raw\new\KTR-72502948\dpc\dpc-193-KTR-72502948.png,monolayer,slight rouleaux,3,1,KTR-72502948,193,train,,,,0.1151983418,170.0,0.5574261124,0.05098377799,3.371212993,46.54596433,0.1022914541,0.2677540293,1.042556,0.3799235543,monolayer,0.4213457942,slight rouleaux,False
tanzania-073026/dpc-194-KTR-72502948.png,tanzania-073026,dpc-194-KTR-72502948.png,C:\Users\owlem\Projects\fov-filtering-tool\crowding-crenation\data\raw\new\KTR-72502948\dpc\dpc-194-KTR-72502948.png,monolayer,slight rouleaux,3,1,KTR-72502948,194,train,,,,0.09533673469,170.0,0.5522266881,0.04268924544,3.242348828,38.30630161,0.08798622449,0.2382447799,0.7076742889,0.2634000919,sparser,0.2960309396,no rouleaux,False
tanzania-073026/dpc-195-KTR-72502948.png,tanzania-073026,dpc-195-KTR-72502948.png,C:\Users\owlem\Projects\fov-filtering-tool\crowding-crenation\data\raw\new\KTR-72502948\dpc\dpc-195-KTR-72502948.png,monolayer,some rouleaux,3,2,KTR-72502948,195,train,,,,0.1352896684,169.0,0.5679311646,0.05845444945,3.432762778,51.12567121,0.1110042092,0.3246195586,1.225933025,0.4388678516,monolayer,0.4756344797,some rouleaux,False
tanzania-073026/dpc-196-KTR-72502948.png,tanzania-073026,dpc-196-KTR-72502948.png,C:\Users\owlem\Projects\fov-filtering-tool\crowding-crenation\data\raw\new\KTR-72502948\dpc\dpc-196-KTR-72502948.png,slightly dense,slight rouleaux,4,1,KTR-72502948,196,train,,,,0.1480028061,169.0,0.562428815,0.06476176325,3.487917042,55.88738005,0.1196973214,0.2047566734,0.5696969724,0.3619054246,monolayer,0.3621718587,no rouleaux,False
tanzania-073026/dpc-197-KTR-72502948.png,tanzania-073026,dpc-197-KTR-72502948.png,C:\Users\owlem\Projects\fov-filtering-tool\crowding-crenation\data\raw\new\KTR-72502948\dpc\dpc-197-KTR-72502948.png,monolayer,slight rouleaux,3,1,KTR-72502948,197,train,,,,0.1173586735,170.0,0.5681324921,0.05068339784,3.389762231,45.95815741,0.1023063776,0.2530686888,0.5410954822,0.2946621702,monolayer,0.300401305,no rouleaux,False
tanzania-073026/dpc-198-KTR-72502948.png,tanzania-073026,dpc-198-KTR-72502948.png,C:\Users\owlem\Projects\fov-filtering-tool\crowding-crenation\data\raw\new\KTR-72502948\dpc\dpc-198-KTR-72502948.png,monolayer,slight rouleaux,3,1,KTR-72502948,198,train,,,,0.1311331633,169.0,0.558094245,0.05794849952,3.440716679,47.17675895,0.1038605867,0.2057864821,0.4834949149,0.2926902534,monolayer,0.2926200576,no rouleaux,False
tanzania-073026/dpc-199-KTR-72502948.png,tanzania-073026,dpc-199-KTR-72502948.png,C:\Users\owlem\Projects\fov-filtering-tool\crowding-crenation\data\raw\new\KTR-72502948\dpc\dpc-199-KTR-72502948.png,dense,rouleaux,5,3,KTR-72502948,199,train,,,,0.3282122449,164.0,0.548758372,0.1481030277,4.073220334,58.3262639,0.1368266582,0.2155128822,0.5281063752,0.6654197642,dense,0.6488380574,rouleaux,False
tanzania-073026/dpc-200-KTR-72502948.png,tanzania-073026,dpc-200-KTR-72502948.png,C:\Users\owlem\Projects\fov-filtering-tool\crowding-crenation\data\raw\new\KTR-72502948\dpc\dpc-200-KTR-72502948.png,dense,rouleaux,5,3,KTR-72502948,200,train,,,,0.3690604592,163.0,0.5561230379,0.1638174355,4.105924341,62.0021987,0.1443663265,0.2360543169,0.35982918,0.7042314761,dense,0.6738630532,heavy rouleaux,False
tanzania-073026/dpc-201-KTR-72502948.png,tanzania-073026,dpc-201-KTR-72502948.png,C:\Users\owlem\Projects\fov-filtering-tool\crowding-crenation\data\raw\new\KTR-72502948\dpc\dpc-201-KTR-72502948.png,dense,rouleaux,5,3,KTR-72502948,201,train,,,,0.2990285714,165.0,0.5556777045,0.1328650613,4.045774816,64.34615588,0.1534264031,0.2367634045,0.6629974,0.677557845,dense,0.662325509,rouleaux,False
tanzania-073026/dpc-202-KTR-72502948.png,tanzania-073026,dpc-202-KTR-72502948.png,C:\Users\owlem\Projects\fov-filtering-tool\crowding-crenation\data\raw\new\KTR-72502948\dpc\dpc-202-KTR-72502948.png,dense,rouleaux,5,3,KTR-72502948,202,train,,,,0.3356151786,164.0,0.5583930507,0.1482099951,4.053462906,64.91563851,0.15424375,0.2506029929,0.4863791809,0.6969255856,dense,0.6713546904,heavy rouleaux,False
tanzania-073026/dpc-203-KTR-72502948.png,tanzania-073026,dpc-203-KTR-72502948.png,C:\Users\owlem\Projects\fov-filtering-tool\crowding-crenation\data\raw\new\KTR-72502948\dpc\dpc-203-KTR-72502948.png,very dense,no rouleaux,6,0,KTR-72502948,203,train,,,,0.3061459184,165.0,0.5575965551,0.1354400089,4.039608552,64.1312625,0.152511352,0.2629837606,0.5792369004,0.6763576892,dense,0.6562074943,rouleaux,False
tanzania-073026/dpc-204-KTR-72502948.png,tanzania-073026,dpc-204-KTR-72502948.png,C:\Users\owlem\Projects\fov-filtering-tool\crowding-crenation\data\raw\new\KTR-72502948\dpc\dpc-204-KTR-72502948.png,very dense,heavy rouleaux,6,4,KTR-72502948,204,train,,,,0.2556577806,166.0,0.5456651532,0.1161542386,3.963321598,58.5815543,0.1394982143,0.2983217906,0.9344926794,0.6727715858,dense,0.6874224928,heavy rouleaux,False
tanzania-073026/dpc-205-KTR-72502948.png,tanzania-073026,dpc-205-KTR-72502948.png,C:\Users\owlem\Projects\fov-filtering-tool\crowding-crenation\data\raw\new\KTR-72502948\dpc\dpc-205-KTR-72502948.png,very dense,heavy rouleaux,6,4,KTR-72502948,205,train,,,,0.297408801,165.0,0.5592318382,0.1310883305,4.023508229,66.33164421,0.1531139031,0.2766747573,0.7571760636,0.7084240357,dense,0.7028529208,heavy rouleaux,False
tanzania-073026/dpc-206-KTR-72502948.png,tanzania-073026,dpc-206-KTR-72502948.png,C:\Users\owlem\Projects\fov-filtering-tool\crowding-crenation\data\raw\new\KTR-72502948\dpc\dpc-206-KTR-72502948.png,very dense,heavy rouleaux,6,4,KTR-72502948,206,train,,,,0.3139883929,165.0,0.5734012938,0.1339470422,4.029292334,77.33677365,0.1758126276,0.2429306445,0.5821630448,0.7124569158,very dense,0.6824021136,heavy rouleaux,False
tanzania-073026/dpc-207-KTR-72502948.png,tanzania-073026,dpc-207-KTR-72502948.png,C:\Users\owlem\Projects\fov-filtering-tool\crowding-crenation\data\raw\new\KTR-72502948\dpc\dpc-207-KTR-72502948.png,very dense,heavy rouleaux,6,4,KTR-72502948,207,train,,,,0.3090862245,165.0,0.5727486725,0.1320574997,3.987299005,76.93200208,0.1769730867,0.2262419911,0.5815943906,0.6981780827,dense,0.6690196723,heavy rouleaux,False
tanzania-073026/dpc-208-KTR-72502948.png,tanzania-073026,dpc-208-KTR-72502948.png,C:\Users\owlem\Projects\fov-filtering-tool\crowding-crenation\data\raw\new\KTR-72502948\dpc\dpc-208-KTR-72502948.png,dense,rouleaux,5,3,KTR-72502948,208,train,,,,0.2591795918,166.0,0.5586098041,0.1143993308,3.908010638,68.42152462,0.1571377551,0.2798765379,0.9191738139,0.6898590867,dense,0.6978872606,heavy rouleaux,False
tanzania-073026/dpc-209-KTR-72502948.png,tanzania-073026,dpc-209-KTR-72502948.png,C:\Users\owlem\Projects\fov-filtering-tool\crowding-crenation\data\raw\new\KTR-72502948\dpc\dpc-209-KTR-72502948.png,dense,rouleaux,5,3,KTR-72502948,209,train,,,,0.2617089286,166.0,0.5612367716,0.1148282544,3.913528735,71.62193414,0.1616167092,0.2349586636,0.6214095439,0.6233242649,dense,0.6035877341,rouleaux,False
tanzania-073026/dpc-210-KTR-72502948.png,tanzania-073026,dpc-210-KTR-72502948.png,C:\Users\owlem\Projects\fov-filtering-tool\crowding-crenation\data\raw\new\KTR-72502948\dpc\dpc-210-KTR-72502948.png,very dense,heavy rouleaux,6,4,KTR-72502948,210,train,,,,0.2664355867,166.0,0.557340103,0.1179403494,3.928640252,73.54019715,0.161947449,0.277823611,0.7088316395,0.6676999959,dense,0.6569692608,rouleaux,False
tanzania-073026/dpc-211-KTR-72502948.png,tanzania-073026,dpc-211-KTR-72502948.png,C:\Users\owlem\Projects\fov-filtering-tool\crowding-crenation\data\raw\new\KTR-72502948\dpc\dpc-211-KTR-72502948.png,very dense,heavy rouleaux,6,4,KTR-72502948,211,train,,,,0.2705093112,166.0,0.5516222441,0.1212903579,3.913234139,78.09850356,0.1623229592,0.3378561135,0.8279748871,0.7174007593,very dense,0.7205638391,heavy rouleaux,False
tanzania-073026/dpc-212-KTR-72502948.png,tanzania-073026,dpc-212-KTR-72502948.png,C:\Users\owlem\Projects\fov-filtering-tool\crowding-crenation\data\raw\new\KTR-72502948\dpc\dpc-212-KTR-72502948.png,dense,rouleaux,5,3,KTR-72502948,212,train,,,,0.2123764031,167.0,0.5482661601,0.09593760805,3.828143487,58.16787883,0.1299987245,0.2787107753,0.7507930392,0.5491498662,slightly dense,0.5535674503,rouleaux,False
tanzania-073026/dpc-213-KTR-72502948.png,tanzania-073026,dpc-213-KTR-72502948.png,C:\Users\owlem\Projects\fov-filtering-tool\crowding-crenation\data\raw\new\KTR-72502948\dpc\dpc-213-KTR-72502948.png,very dense,heavy rouleaux,6,4,KTR-72502948,213,train,,,,0.259836352,166.0,0.5544941924,0.1157586039,3.916839723,68.54479126,0.148478699,0.2384241816,0.5683563831,0.5978049672,dense,0.5799330848,rouleaux,False
tanzania-073026/dpc-214-KTR-72502948.png,tanzania-073026,dpc-214-KTR-72502948.png,C:\Users\owlem\Projects\fov-filtering-tool\crowding-crenation\data\raw\new\KTR-72502948\dpc\dpc-214-KTR-72502948.png,very dense,heavy rouleaux,6,4,KTR-72502948,214,train,,,,0.2833456633,166.0,0.568910185,0.1221474296,3.932377378,78.97572254,0.169232398,0.1614209105,0.2871764421,0.5738158038,slightly dense,0.522797852,some rouleaux,False
tanzania-073026/dpc-215-KTR-72502948.png,tanzania-073026,dpc-215-KTR-72502948.png,C:\Users\owlem\Projects\fov-filtering-tool\crowding-crenation\data\raw\new\KTR-72502948\dpc\dpc-215-KTR-72502948.png,very dense,heavy rouleaux,6,4,KTR-72502948,215,train,,,,0.2935618622,166.0,0.566627535,0.1272216279,3.96526293,78.75330978,0.1681095663,0.1850164251,0.3864780137,0.6182775721,dense,0.5764836537,rouleaux,False
tanzania-073026/dpc-216-KTR-72502948.png,tanzania-073026,dpc-216-KTR-72502948.png,C:\Users\owlem\Projects\fov-filtering-tool\crowding-crenation\data\raw\new\KTR-72502948\dpc\dpc-216-KTR-72502948.png,very dense,heavy rouleaux,6,4,KTR-72502948,216,train,,,,0.2843514031,166.0,0.5624713625,0.1244118819,3.94241111,78.82527503,0.1608919643,0.2781727038,0.5978180071,0.6753444356,dense,0.6574911772,rouleaux,False
tanzania-073026/dpc-217-KTR-72502948.png,tanzania-073026,dpc-217-KTR-72502948.png,C:\Users\owlem\Projects\fov-filtering-tool\crowding-crenation\data\raw\new\KTR-72502948\dpc\dpc-217-KTR-72502948.png,monolayer,no rouleaux,3,0,KTR-72502948,217,train,,,,0.2433952806,167.0,0.5562289199,0.1080117866,3.976770145,66.0651158,0.1442557398,0.2483578785,0.4205746477,0.5428145767,slightly dense,0.5081444753,some rouleaux,False
tanzania-073026/dpc-218-KTR-72502948.png,tanzania-073026,dpc-218-KTR-72502948.png,C:\Users\owlem\Projects\fov-filtering-tool\crowding-crenation\data\raw\new\KTR-72502948\dpc\dpc-218-KTR-72502948.png,monolayer,no rouleaux,3,0,KTR-72502948,218,train,,,,0.2083975765,168.0,0.5587630709,0.09195270671,3.901315549,59.19601311,0.1374283163,0.2158146389,0.6251713783,0.5058157616,slightly dense,0.4882461204,some rouleaux,False
tanzania-073026/dpc-219-KTR-72502948.png,tanzania-073026,dpc-219-KTR-72502948.png,C:\Users\owlem\Projects\fov-filtering-tool\crowding-crenation\data\raw\new\KTR-72502948\dpc\dpc-219-KTR-72502948.png,monolayer,no rouleaux,3,0,KTR-72502948,219,train,,,Crenated,0.1926075255,168.0,0.5545977156,0.08578783185,3.835409352,56.02232035,0.1342278061,0.171741477,0.5341053854,0.4395466227,monolayer,0.4166572486,slight rouleaux,False
tanzania-073026/dpc-220-KTR-72502948.png,tanzania-073026,dpc-220-KTR-72502948.png,C:\Users\owlem\Projects\fov-filtering-tool\crowding-crenation\data\raw\new\KTR-72502948\dpc\dpc-220-KTR-72502948.png,monolayer,no rouleaux,3,0,KTR-72502948,220,train,,,Crenated,0.1911352041,168.0,0.5507838039,0.08586102932,3.816978852,54.16457695,0.1261538265,0.229495043,0.393533233,0.4171954759,monolayer,0.3889472867,slight rouleaux,False
tanzania-073026/dpc-221-KTR-72502948.png,tanzania-073026,dpc-221-KTR-72502948.png,C:\Users\owlem\Projects\fov-filtering-tool\crowding-crenation\data\raw\new\KTR-72502948\dpc\dpc-221-KTR-72502948.png,monolayer,no rouleaux,3,0,KTR-72502948,221,train,,,,0.1916822704,168.0,0.5482155755,0.08659906422,3.854538233,53.40063794,0.124952551,0.2482013021,0.4858733067,0.4443086212,slightly dense,0.4229025795,slight rouleaux,False
tanzania-073026/dpc-222-KTR-72502948.png,tanzania-073026,dpc-222-KTR-72502948.png,C:\Users\owlem\Projects\fov-filtering-tool\crowding-crenation\data\raw\new\KTR-72502948\dpc\dpc-222-KTR-72502948.png,monolayer,no rouleaux,3,0,KTR-72502948,222,train,,,Crenated,0.1991204082,168.0,0.559484024,0.08771572093,3.882862896,57.8516867,0.1367515306,0.1899093026,0.2993169539,0.4115876988,monolayer,0.3660618039,no rouleaux,False
tanzania-073026/dpc-223-KTR-72502948.png,tanzania-073026,dpc-223-KTR-72502948.png,C:\Users\owlem\Projects\fov-filtering-tool\crowding-crenation\data\raw\new\KTR-72502948\dpc\dpc-223-KTR-72502948.png,monolayer,no rouleaux,3,0,KTR-72502948,223,train,,,Crenated,0.2031954082,168.0,0.5649938204,0.08839125823,3.862508474,62.95831555,0.1460977041,0.187507811,0.2824974791,0.4255306776,monolayer,0.3760054561,slight rouleaux,False
tanzania-073026/dpc-224-KTR-72502948.png,tanzania-073026,dpc-224-KTR-72502948.png,C:\Users\owlem\Projects\fov-filtering-tool\crowding-crenation\data\raw\new\KTR-72502948\dpc\dpc-224-KTR-72502948.png,monolayer,no rouleaux,3,0,KTR-72502948,224,train,,,Crenated,0.209538648,168.0,0.5711395234,0.08986284443,3.904644285,63.41673249,0.1513692602,0.1719671554,0.3492336766,0.4494656316,slightly dense,0.4000802324,slight rouleaux,False
tanzania-073026/dpc-225-KTR-72502948.png,tanzania-073026,dpc-225-KTR-72502948.png,C:\Users\owlem\Projects\fov-filtering-tool\crowding-crenation\data\raw\new\KTR-72502948\dpc\dpc-225-KTR-72502948.png,monolayer,no rouleaux,3,0,KTR-72502948,225,train,,,Crenated,0.2070596939,168.0,0.572181234,0.08858402271,3.870446994,62.4979495,0.1463566327,0.2400371695,0.4911086856,0.4909532655,slightly dense,0.4586093855,some rouleaux,False
tanzania-073026/dpc-226-KTR-72502948.png,tanzania-073026,dpc-226-KTR-72502948.png,C:\Users\owlem\Projects\fov-filtering-tool\crowding-crenation\data\raw\new\KTR-72502948\dpc\dpc-226-KTR-72502948.png,monolayer,slight rouleaux,3,1,KTR-72502948,226,train,,,Crenated,0.1769628827,169.0,0.5767640736,0.07489704958,3.756256312,60.35926687,0.1434428571,0.1736711525,0.3666924177,0.3883568788,monolayer,0.3467340487,no rouleaux,False
tanzania-073026/dpc-227-KTR-72502948.png,tanzania-073026,dpc-227-KTR-72502948.png,C:\Users\owlem\Projects\fov-filtering-tool\crowding-crenation\data\raw\new\KTR-72502948\dpc\dpc-227-KTR-72502948.png,monolayer,no rouleaux,3,0,KTR-72502948,227,train,,,Crenated,0.2029410714,168.0,0.5623418028,0.08881882346,3.882633959,61.53915619,0.1457909439,0.227935998,0.4091452649,0.4647459865,slightly dense,0.4258857219,slight rouleaux,False
tanzania-073026/dpc-228-KTR-72502948.png,tanzania-073026,dpc-228-KTR-72502948.png,C:\Users\owlem\Projects\fov-filtering-tool\crowding-crenation\data\raw\new\KTR-72502948\dpc\dpc-228-KTR-72502948.png,slightly dense,slight rouleaux,4,1,KTR-72502948,228,train,,,Crenated,0.2047193878,168.0,0.5720128448,0.08761726837,3.843609458,67.05900324,0.1561635204,0.180934806,0.4203624498,0.4661489819,slightly dense,0.4241404758,slight rouleaux,False
tanzania-073026/dpc-229-KTR-72502948.png,tanzania-073026,dpc-229-KTR-72502948.png,C:\Users\owlem\Projects\fov-filtering-tool\crowding-crenation\data\raw\new\KTR-72502948\dpc\dpc-229-KTR-72502948.png,slightly dense,slight rouleaux,4,1,KTR-72502948,229,train,,,Crenated,0.2393770408,167.0,0.5641110415,0.104341809,3.924410144,70.75707574,0.1639141582,0.2231239368,0.4346246964,0.5492262623,slightly dense,0.5081567781,some rouleaux,False
tanzania-073026/dpc-230-KTR-72502948.png,tanzania-073026,dpc-230-KTR-72502948.png,C:\Users\owlem\Projects\fov-filtering-tool\crowding-crenation\data\raw\new\KTR-72502948\dpc\dpc-230-KTR-72502948.png,slightly dense,slight rouleaux,4,1,KTR-72502948,230,train,,,Crenated,0.2401283163,167.0,0.5726871298,0.1026099201,3.884240101,74.99572178,0.1686608418,0.1988305935,0.4232274564,0.5451705279,slightly dense,0.502014092,some rouleaux,False
tanzania-073026/dpc-231-KTR-72502948.png,tanzania-073026,dpc-231-KTR-72502948.png,C:\Users\owlem\Projects\fov-filtering-tool\crowding-crenation\data\raw\new\KTR-72502948\dpc\dpc-231-KTR-72502948.png,slightly dense,slight rouleaux,4,1,KTR-72502948,231,train,,,Crenated,0.26983125,166.0,0.5678513558,0.1166072088,3.92364167,75.9683807,0.1682103316,0.2250665481,0.4653926942,0.6085047299,dense,0.5726289338,rouleaux,False
tanzania-073026/dpc-232-KTR-72502948.png,tanzania-073026,dpc-232-KTR-72502948.png,C:\Users\owlem\Projects\fov-filtering-tool\crowding-crenation\data\raw\new\KTR-72502948\dpc\dpc-232-KTR-72502948.png,slightly dense,slight rouleaux,4,1,KTR-72502948,232,train,,,Crenated,0.2830252551,166.0,0.5747316425,0.1203616854,3.93935543,82.38038409,0.1785401786,0.1903657822,0.3846717729,0.6144414878,dense,0.5670412989,rouleaux,False
tanzania-073026/dpc-233-KTR-72502948.png,tanzania-073026,dpc-233-KTR-72502948.png,C:\Users\owlem\Projects\fov-filtering-tool\crowding-crenation\data\raw\new\KTR-72502948\dpc\dpc-233-KTR-72502948.png,dense,some rouleaux,5,2,KTR-72502948,233,train,,,,0.3170535714,165.0,0.5611344222,0.1391438988,3.987776715,78.71334185,0.1702030612,0.3203600013,1.11929574,0.8134978774,very dense,0.8224208664,heavy rouleaux,False
tanzania-073026/dpc-234-KTR-72502948.png,tanzania-073026,dpc-234-KTR-72502948.png,C:\Users\owlem\Projects\fov-filtering-tool\crowding-crenation\data\raw\new\KTR-72502948\dpc\dpc-234-KTR-72502948.png,slightly dense,some rouleaux,4,2,KTR-72502948,234,train,,,Crenated,0.2007728316,168.0,0.5565427302,0.08903417177,3.801301527,64.09622806,0.1429475765,0.3242616331,1.199701825,0.5980058379,dense,0.6120439733,rouleaux,False
tanzania-073026/dpc-235-KTR-72502948.png,tanzania-073026,dpc-235-KTR-72502948.png,C:\Users\owlem\Projects\fov-filtering-tool\crowding-crenation\data\raw\new\KTR-72502948\dpc\dpc-235-KTR-72502948.png,monolayer,no rouleaux,3,0,KTR-72502948,235,train,,,Crenated,0.2028137755,168.0,0.5521605593,0.0908280078,3.844774058,61.10038877,0.1324002551,0.1957956731,0.3392141058,0.4275139169,monolayer,0.3920481523,slight rouleaux,False
tanzania-073026/dpc-236-KTR-72502948.png,tanzania-073026,dpc-236-KTR-72502948.png,C:\Users\owlem\Projects\fov-filtering-tool\crowding-crenation\data\raw\new\KTR-72502948\dpc\dpc-236-KTR-72502948.png,monolayer,no rouleaux,3,0,KTR-72502948,236,train,,,,0.1822594388,169.0,0.5494292859,0.08212076548,3.842068463,57.78156541,0.1322121173,0.1566799661,0.2010924501,0.3516908445,monolayer,0.3010256969,no rouleaux,False
tanzania-073026/dpc-237-KTR-72502948.png,tanzania-073026,dpc-237-KTR-72502948.png,C:\Users\owlem\Projects\fov-filtering-tool\crowding-crenation\data\raw\new\KTR-72502948\dpc\dpc-237-KTR-72502948.png,monolayer,no rouleaux,3,0,KTR-72502948,237,train,,,,0.1963714286,168.0,0.5561520165,0.08715906258,3.861973987,54.27531479,0.1293932398,0.1577611728,0.1651734722,0.3570279723,monolayer,0.3037278363,no rouleaux,False
tanzania-073026/dpc-238-KTR-72502948.png,tanzania-073026,dpc-238-KTR-72502948.png,C:\Users\owlem\Projects\fov-filtering-tool\crowding-crenation\data\raw\new\KTR-72502948\dpc\dpc-238-KTR-72502948.png,monolayer,no rouleaux,3,0,KTR-72502948,238,train,,,,0.1905766582,168.0,0.5438958946,0.08692279618,3.833548418,49.04532318,0.1169978316,0.1756988224,0.2867797126,0.3634819482,monolayer,0.3284649998,no rouleaux,False
tanzania-073026/dpc-239-KTR-72502948.png,tanzania-073026,dpc-239-KTR-72502948.png,C:\Users\owlem\Projects\fov-filtering-tool\crowding-crenation\data\raw\new\KTR-72502948\dpc\dpc-239-KTR-72502948.png,monolayer,no rouleaux,3,0,KTR-72502948,239,train,,,,0.1712760204,169.0,0.5560611686,0.07603607634,3.830378129,51.32107463,0.1224469388,0.1637294146,0.3884825137,0.3593180274,monolayer,0.3256065052,no rouleaux,False
tanzania-073026/dpc-240-KTR-72502948.png,tanzania-073026,dpc-240-KTR-72502948.png,C:\Users\owlem\Projects\fov-filtering-tool\crowding-crenation\data\raw\new\KTR-72502948\dpc\dpc-240-KTR-72502948.png,monolayer,no rouleaux,3,0,KTR-72502948,240,train,,,Crenated,0.1957256378,168.0,0.5525269349,0.08758195104,3.880897277,55.58504852,0.1291237245,0.1961811943,0.221391142,0.384175458,monolayer,0.336264158,no rouleaux,False
tanzania-073026/dpc-241-KTR-72502948.png,tanzania-073026,dpc-241-KTR-72502948.png,C:\Users\owlem\Projects\fov-filtering-tool\crowding-crenation\data\raw\new\KTR-72502948\dpc\dpc-241-KTR-72502948.png,monolayer,no rouleaux,3,0,KTR-72502948,241,train,,,Crenated,0.1797482143,169.0,0.5616179868,0.07879838404,3.8384332,59.43209626,0.1374404337,0.1641945058,0.2576797147,0.3670639077,monolayer,0.3168912825,no rouleaux,False
tanzania-073026/dpc-242-KTR-72502948.png,tanzania-073026,dpc-242-KTR-72502948.png,C:\Users\owlem\Projects\fov-filtering-tool\crowding-crenation\data\raw\new\KTR-72502948\dpc\dpc-242-KTR-72502948.png,monolayer,no rouleaux,3,0,KTR-72502948,242,train,,,Crenated,0.2007515306,168.0,0.5627445737,0.0877796961,3.870959993,59.87992094,0.1390908163,0.1833284225,0.2475252532,0.4042129248,monolayer,0.3538629646,no rouleaux,False
tanzania-073026/dpc-243-KTR-72502948.png,tanzania-073026,dpc-243-KTR-72502948.png,C:\Users\owlem\Projects\fov-filtering-tool\crowding-crenation\data\raw\new\KTR-72502948\dpc\dpc-243-KTR-72502948.png,monolayer,no rouleaux,3,0,KTR-72502948,243,train,,,Crenated,0.1990979592,168.0,0.5563780477,0.08832422535,3.876601864,57.24992842,0.1350469388,0.190593553,0.3048813431,0.4109346959,monolayer,0.3674840319,no rouleaux,False
tanzania-073026/dpc-244-KTR-72502948.png,tanzania-073026,dpc-244-KTR-72502948.png,C:\Users\owlem\Projects\fov-filtering-tool\crowding-crenation\data\raw\new\KTR-72502948\dpc\dpc-244-KTR-72502948.png,monolayer,no rouleaux,3,0,KTR-72502948,244,train,,,,0.1652565051,169.0,0.5670821381,0.07154249285,3.747238052,54.7734457,0.1290042092,0.14247179,0.3270831156,0.3347155552,monolayer,0.2951638366,no rouleaux,False
tanzania-073026/dpc-245-KTR-72502948.png,tanzania-073026,dpc-245-KTR-72502948.png,C:\Users\owlem\Projects\fov-filtering-tool\crowding-crenation\data\raw\new\KTR-72502948\dpc\dpc-245-KTR-72502948.png,monolayer,no rouleaux,3,0,KTR-72502948,245,train,,,Crenated,0.1770497449,169.0,0.5662217929,0.0768003209,3.814416389,58.95406093,0.1393318878,0.1440890493,0.3237289995,0.3693414625,monolayer,0.323453014,no rouleaux,False
tanzania-073026/dpc-246-KTR-72502948.png,tanzania-073026,dpc-246-KTR-72502948.png,C:\Users\owlem\Projects\fov-filtering-tool\crowding-crenation\data\raw\new\KTR-72502948\dpc\dpc-246-KTR-72502948.png,monolayer,no rouleaux,3,0,KTR-72502948,246,train,,,Crenated,0.2309075255,167.0,0.5582546748,0.1020023199,3.925324577,62.52749131,0.1451022959,0.1989984478,0.1979870723,0.4538772231,slightly dense,0.399454169,slight rouleaux,False
tanzania-073026/dpc-247-KTR-72502948.png,tanzania-073026,dpc-247-KTR-72502948.png,C:\Users\owlem\Projects\fov-filtering-tool\crowding-crenation\data\raw\new\KTR-72502948\dpc\dpc-247-KTR-72502948.png,monolayer,no rouleaux,3,0,KTR-72502948,247,train,,,Crenated,0.2362058673,167.0,0.5732173747,0.1008085602,3.907972747,69.81051059,0.159946301,0.1720634208,0.3405535758,0.5002232125,slightly dense,0.4505164096,slight rouleaux,False
tanzania-073026/dpc-248-KTR-72502948.png,tanzania-073026,dpc-248-KTR-72502948.png,C:\Users\owlem\Projects\fov-filtering-tool\crowding-crenation\data\raw\new\KTR-72502948\dpc\dpc-248-KTR-72502948.png,monolayer,no rouleaux,3,0,KTR-72502948,248,train,,,Crenated,0.2440089286,167.0,0.5625824452,0.1067337889,3.964097038,68.67959139,0.1566355867,0.2098910013,0.2236407209,0.5005656679,slightly dense,0.4431518551,slight rouleaux,False
tanzania-073026/dpc-249-KTR-72502948.png,tanzania-073026,dpc-249-KTR-72502948.png,C:\Users\owlem\Projects\fov-filtering-tool\crowding-crenation\data\raw\new\KTR-72502948\dpc\dpc-249-KTR-72502948.png,monolayer,slight rouleaux,3,1,KTR-72502948,249,train,,,Crenated,0.2758839286,166.0,0.5737086399,0.1176069351,3.976565505,70.80477141,0.1623996173,0.2080072613,0.2284795501,0.550246978,slightly dense,0.4926093754,some rouleaux,False
tanzania-073026/dpc-250-KTR-72502948.png,tanzania-073026,dpc-250-KTR-72502948.png,C:\Users\owlem\Projects\fov-filtering-tool\crowding-crenation\data\raw\new\KTR-72502948\dpc\dpc-250-KTR-72502948.png,slightly dense,slight rouleaux,4,1,KTR-72502948,250,train,,,Crenated,0.3214924745,165.0,0.5729464339,0.1372945077,4.034260598,74.24177296,0.1681482143,0.2185456071,0.273154031,0.6391646717,dense,0.5866305653,rouleaux,False
tanzania-073026/dpc-251-KTR-72502948.png,tanzania-073026,dpc-251-KTR-72502948.png,C:\Users\owlem\Projects\fov-filtering-tool\crowding-crenation\data\raw\new\KTR-72502948\dpc\dpc-251-KTR-72502948.png,slightly dense,slight rouleaux,4,1,KTR-72502948,251,train,,,Crenated,0.3204918367,165.0,0.5806532671,0.1343972047,3.996512704,76.53148723,0.1721042092,0.2203129165,0.2881835109,0.6427410551,dense,0.5906697369,rouleaux,False
tanzania-073026/dpc-252-KTR-72502948.png,tanzania-073026,dpc-252-KTR-72502948.png,C:\Users\owlem\Projects\fov-filtering-tool\crowding-crenation\data\raw\new\KTR-72502948\dpc\dpc-252-KTR-72502948.png,slightly dense,slight rouleaux,4,1,KTR-72502948,252,train,,,Crenated,0.3230431122,165.0,0.5797595146,0.1357557943,4.010624763,74.41370597,0.1697857143,0.2232678621,0.2856391678,0.6429252318,dense,0.5910996237,rouleaux,False
tanzania-073026/dpc-253-KTR-72502948.png,tanzania-073026,dpc-253-KTR-72502948.png,C:\Users\owlem\Projects\fov-filtering-tool\crowding-crenation\data\raw\new\KTR-72502948\dpc\dpc-253-KTR-72502948.png,monolayer,no rouleaux,3,0,KTR-72502948,253,train,,,,0.1787348214,169.0,0.5629903088,0.07810884912,3.8011021,60.56194372,0.1341934949,0.1323368366,0.2276025658,0.3453647887,monolayer,0.2953726112,no rouleaux,False
tanzania-073026/dpc-254-KTR-72502948.png,tanzania-073026,dpc-254-KTR-72502948.png,C:\Users\owlem\Projects\fov-filtering-tool\crowding-crenation\data\raw\new\KTR-72502948\dpc\dpc-254-KTR-72502948.png,monolayer,no rouleaux,3,0,KTR-72502948,254,train,,,,0.175516199,169.0,0.551951666,0.07863974054,3.808117269,56.17143273,0.1268117347,0.1564696672,0.2271826853,0.3385415577,monolayer,0.292779373,no rouleaux,False
tanzania-073026/dpc-255-KTR-72502948.png,tanzania-073026,dpc-255-KTR-72502948.png,C:\Users\owlem\Projects\fov-filtering-tool\crowding-crenation\data\raw\new\KTR-72502948\dpc\dpc-255-KTR-72502948.png,monolayer,no rouleaux,3,0,KTR-72502948,255,train,,,,0.1924905612,168.0,0.5521169765,0.08621325457,3.828668144,53.40068432,0.1243332908,0.1541739084,0.1827797657,0.3475301503,monolayer,0.2998723278,no rouleaux,False
tanzania-073026/dpc-256-KTR-72502948.png,tanzania-073026,dpc-256-KTR-72502948.png,C:\Users\owlem\Projects\fov-filtering-tool\crowding-crenation\data\raw\new\KTR-72502948\dpc\dpc-256-KTR-72502948.png,monolayer,no rouleaux,3,0,KTR-72502948,256,train,,,,0.1698553571,169.0,0.5555602405,0.07549047408,3.766007026,51.83385642,0.1218715561,0.1268582393,0.2436009331,0.3110014843,monolayer,0.2684144171,no rouleaux,False
tanzania-073026/dpc-257-KTR-72502948.png,tanzania-073026,dpc-257-KTR-72502948.png,C:\Users\owlem\Projects\fov-filtering-tool\crowding-crenation\data\raw\new\KTR-72502948\dpc\dpc-257-KTR-72502948.png,monolayer,no rouleaux,3,0,KTR-72502948,257,train,,,,0.1652196429,169.0,0.5595632074,0.07276880957,3.761670345,50.28721831,0.1206186224,0.1480734254,0.3184017283,0.323299139,monolayer,0.2866362993,no rouleaux,False
tanzania-073026/dpc-258-KTR-72502948.png,tanzania-073026,dpc-258-KTR-72502948.png,C:\Users\owlem\Projects\fov-filtering-tool\crowding-crenation\data\raw\new\KTR-72502948\dpc\dpc-258-KTR-72502948.png,monolayer,no rouleaux,3,0,KTR-72502948,258,train,,,,0.1491228316,169.0,0.5541817153,0.06648168501,3.682396021,43.87773713,0.106221301,0.2395262043,0.1808008661,0.2768727688,sparser,0.239793414,no rouleaux,False
tanzania-073026/dpc-259-KTR-72502948.png,tanzania-073026,dpc-259-KTR-72502948.png,C:\Users\owlem\Projects\fov-filtering-tool\crowding-crenation\data\raw\new\KTR-72502948\dpc\dpc-259-KTR-72502948.png,monolayer,no rouleaux,3,0,KTR-72502948,259,train,,,,0.1522352041,169.0,0.552489013,0.06812692644,3.73075094,47.82798669,0.1143352041,0.2232581831,0.31392612,0.3193494039,monolayer,0.2878016454,no rouleaux,False
tanzania-073026/dpc-260-KTR-72502948.png,tanzania-073026,dpc-260-KTR-72502948.png,C:\Users\owlem\Projects\fov-filtering-tool\crowding-crenation\data\raw\new\KTR-72502948\dpc\dpc-260-KTR-72502948.png,monolayer,no rouleaux,3,0,KTR-72502948,260,train,,,,0.1740163265,169.0,0.568053373,0.07516576529,3.792650849,53.3025674,0.1282354592,0.1220559521,0.1983700807,0.3126828321,monolayer,0.2604119024,no rouleaux,False
tanzania-073026/dpc-261-KTR-72502948.png,tanzania-073026,dpc-261-KTR-72502948.png,C:\Users\owlem\Projects\fov-filtering-tool\crowding-crenation\data\raw\new\KTR-72502948\dpc\dpc-261-KTR-72502948.png,monolayer,no rouleaux,3,0,KTR-72502948,261,train,,,Crenated,0.178205102,169.0,0.561327636,0.07817365339,3.836505129,58.08397519,0.1356649235,0.1239984662,0.1724133554,0.3301480467,monolayer,0.2724219745,no rouleaux,False
tanzania-073026/dpc-262-KTR-72502948.png,tanzania-073026,dpc-262-KTR-72502948.png,C:\Users\owlem\Projects\fov-filtering-tool\crowding-crenation\data\raw\new\KTR-72502948\dpc\dpc-262-KTR-72502948.png,monolayer,no rouleaux,3,0,KTR-72502948,262,train,,,,0.1507112245,170.0,0.5679871254,0.06510918932,3.743385392,53.89582972,0.1268858418,0.1147359351,0.2046084741,0.2761946425,sparser,0.2246031704,no rouleaux,False
tanzania-073026/dpc-263-KTR-72502948.png,tanzania-073026,dpc-263-KTR-72502948.png,C:\Users\owlem\Projects\fov-filtering-tool\crowding-crenation\data\raw\new\KTR-72502948\dpc\dpc-263-KTR-72502948.png,monolayer,no rouleaux,3,0,KTR-72502948,263,train,,,Crenated,0.1942621173,168.0,0.554542442,0.08653552841,3.853795907,56.79192643,0.1334042092,0.1682607481,0.3730129582,0.4081877373,monolayer,0.3714912249,no rouleaux,False
tanzania-073026/dpc-264-KTR-72502948.png,tanzania-073026,dpc-264-KTR-72502948.png,C:\Users\owlem\Projects\fov-filtering-tool\crowding-crenation\data\raw\new\KTR-72502948\dpc\dpc-264-KTR-72502948.png,monolayer,no rouleaux,3,0,KTR-72502948,264,train,,,Crenated,0.2084348214,168.0,0.5661672152,0.09042585904,3.908956061,63.2294132,0.146998852,0.1426395487,0.3264654799,0.4309416454,monolayer,0.3813566319,slight rouleaux,False
tanzania-073026/dpc-265-KTR-72502948.png,tanzania-073026,dpc-265-KTR-72502948.png,C:\Users\owlem\Projects\fov-filtering-tool\crowding-crenation\data\raw\new\KTR-72502948\dpc\dpc-265-KTR-72502948.png,monolayer,no rouleaux,3,0,KTR-72502948,265,train,,,Crenated,0.2651867347,166.0,0.5577086723,0.117289793,3.950724798,62.08753321,0.1428508929,0.2129770641,0.3370021613,0.5351475707,slightly dense,0.4970372713,some rouleaux,False
tanzania-073026/dpc-266-KTR-72502948.png,tanzania-073026,dpc-266-KTR-72502948.png,C:\Users\owlem\Projects\fov-filtering-tool\crowding-crenation\data\raw\new\KTR-72502948\dpc\dpc-266-KTR-72502948.png,monolayer,no rouleaux,3,0,KTR-72502948,266,train,,,Crenated,0.2386830357,167.0,0.5603980708,0.104925523,3.91921278,65.32159485,0.1480095663,0.1965318077,0.3130990536,0.4937782015,slightly dense,0.4490791816,slight rouleaux,False
tanzania-073026/dpc-267-KTR-72502948.png,tanzania-073026,dpc-267-KTR-72502948.png,C:\Users\owlem\Projects\fov-filtering-tool\crowding-crenation\data\raw\new\KTR-72502948\dpc\dpc-267-KTR-72502948.png,monolayer,no rouleaux,3,0,KTR-72502948,267,train,,,Crenated,0.3039625,165.0,0.5588871707,0.1340817584,3.969187506,61.2447345,0.1399881378,0.2390545328,0.3203126524,0.5917036243,dense,0.55821608,rouleaux,False
tanzania-073026/dpc-268-KTR-72502948.png,tanzania-073026,dpc-268-KTR-72502948.png,C:\Users\owlem\Projects\fov-filtering-tool\crowding-crenation\data\raw\new\KTR-72502948\dpc\dpc-268-KTR-72502948.png,monolayer,slight rouleaux,3,1,KTR-72502948,268,train,,,Crenated,0.310627551,165.0,0.5708419586,0.1333083114,3.988395759,67.4420166,0.1537368622,0.2358807637,0.2873236411,0.6096096349,dense,0.565617257,rouleaux,False
tanzania-073026/dpc-269-KTR-72502948.png,tanzania-073026,dpc-269-KTR-72502948.png,C:\Users\owlem\Projects\fov-filtering-tool\crowding-crenation\data\raw\new\KTR-72502948\dpc\dpc-269-KTR-72502948.png,monolayer,slight rouleaux,3,1,KTR-72502948,269,train,,,Crenated,0.3171145408,165.0,0.5742549087,0.1350099591,4.007970082,64.86623672,0.1494160714,0.2360341284,0.2339965477,0.5999564975,dense,0.5521168521,some rouleaux,False
tanzania-073026/dpc-270-KTR-72502948.png,tanzania-073026,dpc-270-KTR-72502948.png,C:\Users\owlem\Projects\fov-filtering-tool\crowding-crenation\data\raw\new\KTR-72502948\dpc\dpc-270-KTR-72502948.png,monolayer,slight rouleaux,3,1,KTR-72502948,270,train,,,Crenated,0.310822449,165.0,0.5745590633,0.1322365938,3.996721233,68.80499654,0.1580346939,0.2172840879,0.318928516,0.6149336753,dense,0.5702000744,rouleaux,False
tanzania-073026/dpc-271-KTR-72502948.png,tanzania-073026,dpc-271-KTR-72502948.png,C:\Users\owlem\Projects\fov-filtering-tool\crowding-crenation\data\raw\new\KTR-72502948\dpc\dpc-271-KTR-72502948.png,monolayer,no rouleaux,3,0,KTR-72502948,271,train,,,,0.1846756378,169.0,0.5679251947,0.07979369023,3.833865748,63.62820252,0.139177551,0.1546193068,0.3573000569,0.3980218274,monolayer,0.3556294133,no rouleaux,False
tanzania-073026/dpc-272-KTR-72502948.png,tanzania-073026,dpc-272-KTR-72502948.png,C:\Users\owlem\Projects\fov-filtering-tool\crowding-crenation\data\raw\new\KTR-72502948\dpc\dpc-272-KTR-72502948.png,monolayer,no rouleaux,3,0,KTR-72502948,272,train,,,,0.198209949,168.0,0.5639406672,0.08643129811,3.83552591,61.02697126,0.1337239796,0.210219201,0.3548371537,0.4272880691,monolayer,0.3906204687,slight rouleaux,False
tanzania-073026/dpc-273-KTR-72502948.png,tanzania-073026,dpc-273-KTR-72502948.png,C:\Users\owlem\Projects\fov-filtering-tool\crowding-crenation\data\raw\new\KTR-72502948\dpc\dpc-273-KTR-72502948.png,monolayer,no rouleaux,3,0,KTR-72502948,273,train,,,,0.1819020408,169.0,0.5663449649,0.0788827359,3.841657587,58.06271988,0.1339733418,0.151808887,0.2711689781,0.3635093138,monolayer,0.3147389713,no rouleaux,False
tanzania-073026/dpc-274-KTR-72502948.png,tanzania-073026,dpc-274-KTR-72502948.png,C:\Users\owlem\Projects\fov-filtering-tool\crowding-crenation\data\raw\new\KTR-72502948\dpc\dpc-274-KTR-72502948.png,monolayer,no rouleaux,3,0,KTR-72502948,274,train,,,,0.1726571429,169.0,0.5547249008,0.07687992642,3.804152275,53.94973323,0.1236653061,0.1729608564,0.3013887189,0.3492838325,monolayer,0.3104589375,no rouleaux,False
tanzania-073026/dpc-275-KTR-72502948.png,tanzania-073026,dpc-275-KTR-72502948.png,C:\Users\owlem\Projects\fov-filtering-tool\crowding-crenation\data\raw\new\KTR-72502948\dpc\dpc-275-KTR-72502948.png,monolayer,no rouleaux,3,0,KTR-72502948,275,train,,,,0.1714160714,169.0,0.5667140888,0.0742721687,3.789148971,53.86659416,0.1267696429,0.1412935646,0.3643998822,0.3502003023,monolayer,0.3130060648,no rouleaux,False
tanzania-073026/dpc-276-KTR-72502948.png,tanzania-073026,dpc-276-KTR-72502948.png,C:\Users\owlem\Projects\fov-filtering-tool\crowding-crenation\data\raw\new\KTR-72502948\dpc\dpc-276-KTR-72502948.png,monolayer,no rouleaux,3,0,KTR-72502948,276,train,,,,0.1798043367,169.0,0.5754859222,0.0763294722,3.832380663,56.80927892,0.1350209184,0.1192010896,0.234783685,0.3391833817,monolayer,0.2845330042,no rouleaux,False
tanzania-073026/dpc-277-KTR-72502948.png,tanzania-073026,dpc-277-KTR-72502948.png,C:\Users\owlem\Projects\fov-filtering-tool\crowding-crenation\data\raw\new\KTR-72502948\dpc\dpc-277-KTR-72502948.png,monolayer,no rouleaux,3,0,KTR-72502948,277,train,,,Crenated,0.1820230867,169.0,0.5793268892,0.07657221814,3.830517709,59.35832142,0.1396530612,0.127290167,0.2117876554,0.3467100118,monolayer,0.2884371127,no rouleaux,False
tanzania-073026/dpc-278-KTR-72502948.png,tanzania-073026,dpc-278-KTR-72502948.png,C:\Users\owlem\Projects\fov-filtering-tool\crowding-crenation\data\raw\new\KTR-72502948\dpc\dpc-278-KTR-72502948.png,monolayer,no rouleaux,3,0,KTR-72502948,278,train,,,Crenated,0.1870405612,169.0,0.5741680373,0.0796478493,3.865171058,60.71835783,0.1415034439,0.1351844276,0.227429718,0.3658564944,monolayer,0.3080406739,no rouleaux,False
tanzania-073026/dpc-279-KTR-72502948.png,tanzania-073026,dpc-279-KTR-72502948.png,C:\Users\owlem\Projects\fov-filtering-tool\crowding-crenation\data\raw\new\KTR-72502948\dpc\dpc-279-KTR-72502948.png,monolayer,no rouleaux,3,0,KTR-72502948,279,train,,,Crenated,0.1842673469,169.0,0.5757564031,0.07817424205,3.846695334,62.90136586,0.1452804847,0.1293101315,0.2857812784,0.3772898017,monolayer,0.3232670839,no rouleaux,False
tanzania-073026/dpc-280-KTR-72502948.png,tanzania-073026,dpc-280-KTR-72502948.png,C:\Users\owlem\Projects\fov-filtering-tool\crowding-crenation\data\raw\new\KTR-72502948\dpc\dpc-280-KTR-72502948.png,monolayer,no rouleaux,3,0,KTR-72502948,280,train,,,,0.1695614796,169.0,0.5717357244,0.07261712423,3.78788725,54.67458647,0.1274854592,0.1419251438,0.2986078401,0.3348883561,monolayer,0.2909850399,no rouleaux,False
tanzania-073026/dpc-281-KTR-72502948.png,tanzania-073026,dpc-281-KTR-72502948.png,C:\Users\owlem\Projects\fov-filtering-tool\crowding-crenation\data\raw\new\KTR-72502948\dpc\dpc-281-KTR-72502948.png,monolayer,no rouleaux,3,0,KTR-72502948,281,train,,,Crenated,0.180369898,169.0,0.5663730926,0.07821324104,3.843697451,60.91980947,0.1412401786,0.1506638943,0.3264036367,0.3827793636,monolayer,0.3354456941,no rouleaux,False
tanzania-073026/dpc-282-KTR-72502948.png,tanzania-073026,dpc-282-KTR-72502948.png,C:\Users\owlem\Projects\fov-filtering-tool\crowding-crenation\data\raw\new\KTR-72502948\dpc\dpc-282-KTR-72502948.png,monolayer,no rouleaux,3,0,KTR-72502948,282,train,,,Crenated,0.2108561224,168.0,0.5677432652,0.09114397899,3.936909681,62.7651287,0.1455789541,0.1716175921,0.2770946713,0.4329419222,monolayer,0.3789255092,slight rouleaux,False
tanzania-073026/dpc-283-KTR-72502948.png,tanzania-073026,dpc-283-KTR-72502948.png,C:\Users\owlem\Projects\fov-filtering-tool\crowding-crenation\data\raw\new\KTR-72502948\dpc\dpc-283-KTR-72502948.png,monolayer,no rouleaux,3,0,KTR-72502948,283,train,,,Crenated,0.2396705357,167.0,0.5610590387,0.1052012153,3.95484247,64.05410435,0.1444961735,0.2015177375,0.2429752664,0.4792606355,slightly dense,0.4281207849,slight rouleaux,False
tanzania-073026/dpc-284-KTR-72502948.png,tanzania-073026,dpc-284-KTR-72502948.png,C:\Users\owlem\Projects\fov-filtering-tool\crowding-crenation\data\raw\new\KTR-72502948\dpc\dpc-284-KTR-72502948.png,monolayer,no rouleaux,3,0,KTR-72502948,284,train,,,Crenated,0.23750625,167.0,0.5640259011,0.1035465733,3.937230363,65.39602872,0.1484288265,0.186902042,0.1722534063,0.4597397155,slightly dense,0.4010180734,slight rouleaux,False
tanzania-073026/dpc-285-KTR-72502948.png,tanzania-073026,dpc-285-KTR-72502948.png,C:\Users\owlem\Projects\fov-filtering-tool\crowding-crenation\data\raw\new\KTR-72502948\dpc\dpc-285-KTR-72502948.png,monolayer,no rouleaux,3,0,KTR-72502948,285,train,,,Crenated,0.3080335459,165.0,0.5622694866,0.1348356822,4.003834346,62.59300376,0.1421156888,0.2340946713,0.2710440164,0.5897891486,dense,0.5492086686,some rouleaux,False
tanzania-073026/dpc-286-KTR-72502948.png,tanzania-073026,dpc-286-KTR-72502948.png,C:\Users\owlem\Projects\fov-filtering-tool\crowding-crenation\data\raw\new\KTR-72502948\dpc\dpc-286-KTR-72502948.png,monolayer,no rouleaux,3,0,KTR-72502948,286,train,,,Crenated,0.3049427296,165.0,0.5700927564,0.1310970883,3.948680228,67.66819449,0.1509294643,0.2224018763,0.3815641183,0.6132560317,dense,0.5797488135,rouleaux,False
tanzania-073026/dpc-287-KTR-72502948.png,tanzania-073026,dpc-287-KTR-72502948.png,C:\Users\owlem\Projects\fov-filtering-tool\crowding-crenation\data\raw\new\KTR-72502948\dpc\dpc-287-KTR-72502948.png,monolayer,no rouleaux,3,0,KTR-72502948,287,train,,,Crenated,0.3180158163,165.0,0.5789027305,0.1339155919,4.029878523,70.68841552,0.1608843112,0.2179808916,0.2365564201,0.6128870717,dense,0.5585400979,rouleaux,False
tanzania-073026/dpc-288-KTR-72502948.png,tanzania-073026,dpc-288-KTR-72502948.png,C:\Users\owlem\Projects\fov-filtering-tool\crowding-crenation\data\raw\new\KTR-72502948\dpc\dpc-288-KTR-72502948.png,monolayer,no rouleaux,3,0,KTR-72502948,288,train,,,Crenated,0.3182584184,165.0,0.5773778901,0.1345030443,4.014484798,65.90032772,0.1508845663,0.2467807187,0.4776260214,0.6584791326,dense,0.6297819746,rouleaux,False
tanzania-073026/dpc-289-KTR-72502948.png,tanzania-073026,dpc-289-KTR-72502948.png,C:\Users\owlem\Projects\fov-filtering-tool\crowding-crenation\data\raw\new\KTR-72502948\dpc\dpc-289-KTR-72502948.png,monolayer,no rouleaux,3,0,KTR-72502948,289,train,,,,0.1841479592,169.0,0.5627439919,0.08051980153,3.831380915,61.88280464,0.1361855867,0.1459273391,0.2295961666,0.3631632423,monolayer,0.3120124177,no rouleaux,False
tanzania-073026/dpc-290-KTR-72502948.png,tanzania-073026,dpc-290-KTR-72502948.png,C:\Users\owlem\Projects\fov-filtering-tool\crowding-crenation\data\raw\new\KTR-72502948\dpc\dpc-290-KTR-72502948.png,monolayer,no rouleaux,3,0,KTR-72502948,290,train,,,,0.1859118622,169.0,0.5679872774,0.08031628977,3.841413989,62.16352517,0.1418038265,0.1242790544,0.2121811011,0.3594242828,monolayer,0.3025428644,no rouleaux,False
tanzania-073026/dpc-291-KTR-72502948.png,tanzania-073026,dpc-291-KTR-72502948.png,C:\Users\owlem\Projects\fov-filtering-tool\crowding-crenation\data\raw\new\KTR-72502948\dpc\dpc-291-KTR-72502948.png,monolayer,no rouleaux,3,0,KTR-72502948,291,train,,,,0.1830816327,169.0,0.5689225959,0.07892235495,3.841093924,59.35618924,0.1366691327,0.123902024,0.1987638115,0.3441916357,monolayer,0.287469132,no rouleaux,False
tanzania-073026/dpc-292-KTR-72502948.png,tanzania-073026,dpc-292-KTR-72502948.png,C:\Users\owlem\Projects\fov-filtering-tool\crowding-crenation\data\raw\new\KTR-72502948\dpc\dpc-292-KTR-72502948.png,monolayer,no rouleaux,3,0,KTR-72502948,292,train,,,,0.1790432398,169.0,0.5561550278,0.0794674418,3.828030059,54.25357098,0.1251048469,0.1596477102,0.1886675016,0.3328063615,monolayer,0.2829459142,no rouleaux,False
tanzania-073026/dpc-293-KTR-72502948.png,tanzania-073026,dpc-293-KTR-72502948.png,C:\Users\owlem\Projects\fov-filtering-tool\crowding-crenation\data\raw\new\KTR-72502948\dpc\dpc-293-KTR-72502948.png,monolayer,no rouleaux,3,0,KTR-72502948,293,train,,,,0.1772214286,169.0,0.573610483,0.07556535932,3.797647073,54.96769825,0.1307348214,0.1233479547,0.2975204772,0.3424015356,monolayer,0.296710975,no rouleaux,False
tanzania-073026/dpc-294-KTR-72502948.png,tanzania-073026,dpc-294-KTR-72502948.png,C:\Users\owlem\Projects\fov-filtering-tool\crowding-crenation\data\raw\new\KTR-72502948\dpc\dpc-294-KTR-72502948.png,monolayer,no rouleaux,3,0,KTR-72502948,294,train,,,,0.1796264031,169.0,0.5808253814,0.075294829,3.82599151,57.58648654,0.1365165816,0.1116232919,0.2482835951,0.3404094099,monolayer,0.2855515324,no rouleaux,False
tanzania-073026/dpc-295-KTR-72502948.png,tanzania-073026,dpc-295-KTR-72502948.png,C:\Users\owlem\Projects\fov-filtering-tool\crowding-crenation\data\raw\new\KTR-72502948\dpc\dpc-295-KTR-72502948.png,monolayer,no rouleaux,3,0,KTR-72502948,295,train,,,Crenated,0.1814017857,169.0,0.5850946951,0.07526456321,3.808210047,60.30437929,0.1416535714,0.1120244254,0.2276033695,0.3449013293,monolayer,0.2870330305,no rouleaux,False
tanzania-073026/dpc-296-KTR-72502948.png,tanzania-073026,dpc-296-KTR-72502948.png,C:\Users\owlem\Projects\fov-filtering-tool\crowding-crenation\data\raw\new\KTR-72502948\dpc\dpc-296-KTR-72502948.png,monolayer,no rouleaux,3,0,KTR-72502948,296,train,,,Crenated,0.1870552296,169.0,0.5790053668,0.07874924777,3.860371985,61.21256586,0.143469898,0.1317240012,0.2692023878,0.3747690617,monolayer,0.3189542556,no rouleaux,False
tanzania-073026/dpc-297-KTR-72502948.png,tanzania-073026,dpc-297-KTR-72502948.png,C:\Users\owlem\Projects\fov-filtering-tool\crowding-crenation\data\raw\new\KTR-72502948\dpc\dpc-297-KTR-72502948.png,monolayer,no rouleaux,3,0,KTR-72502948,297,train,,,Crenated,0.1834914541,169.0,0.5805719595,0.07696146103,3.870872428,60.63724144,0.1422964286,0.108326642,0.2359577495,0.3537421632,monolayer,0.2936123514,no rouleaux,False
tanzania-073026/dpc-298-KTR-72502948.png,tanzania-073026,dpc-298-KTR-72502948.png,C:\Users\owlem\Projects\fov-filtering-tool\crowding-crenation\data\raw\new\KTR-72502948\dpc\dpc-298-KTR-72502948.png,monolayer,no rouleaux,3,0,KTR-72502948,298,train,,,,0.1689158163,169.0,0.584339483,0.07021163554,3.752601415,54.40243735,0.1308956633,0.1211040814,0.2265361958,0.3103806308,monolayer,0.2581929709,no rouleaux,False
tanzania-073026/dpc-299-KTR-72502948.png,tanzania-073026,dpc-299-KTR-72502948.png,C:\Users\owlem\Projects\fov-filtering-tool\crowding-crenation\data\raw\new\KTR-72502948\dpc\dpc-299-KTR-72502948.png,monolayer,no rouleaux,3,0,KTR-72502948,299,train,,,,0.1817483418,169.0,0.5727174618,0.07765789282,3.850471779,60.94888953,0.1416014031,0.1496345804,0.2683030846,0.3717794769,monolayer,0.3180982431,no rouleaux,False
tanzania-073026/dpc-300-KTR-72502948.png,tanzania-073026,dpc-300-KTR-72502948.png,C:\Users\owlem\Projects\fov-filtering-tool\crowding-crenation\data\raw\new\KTR-72502948\dpc\dpc-300-KTR-72502948.png,monolayer,no rouleaux,3,0,KTR-72502948,300,train,,,Crenated,0.2122770408,168.0,0.5714431202,0.09097278626,3.899657505,67.18499215,0.1513484694,0.1446182732,0.212898644,0.4204335835,monolayer,0.3603100322,no rouleaux,False
tanzania-073026/dpc-301-KTR-72502948.png,tanzania-073026,dpc-301-KTR-72502948.png,C:\Users\owlem\Projects\fov-filtering-tool\crowding-crenation\data\raw\new\KTR-72502948\dpc\dpc-301-KTR-72502948.png,monolayer,no rouleaux,3,0,KTR-72502948,301,train,,,Crenated,0.2407404337,167.0,0.5677814954,0.1040524702,3.94484019,66.31765984,0.1504049745,0.1732811699,0.2833345846,0.4856474272,slightly dense,0.4343735068,slight rouleaux,False
tanzania-073026/dpc-302-KTR-72502948.png,tanzania-073026,dpc-302-KTR-72502948.png,C:\Users\owlem\Projects\fov-filtering-tool\crowding-crenation\data\raw\new\KTR-72502948\dpc\dpc-302-KTR-72502948.png,monolayer,no rouleaux,3,0,KTR-72502948,302,train,,,Crenated,0.2387526786,167.0,0.5707890806,0.1024752567,3.946905484,67.53945467,0.1539026786,0.1692572839,0.2978534335,0.4885670247,slightly dense,0.4360676849,slight rouleaux,False
tanzania-073026/dpc-303-KTR-72502948.png,tanzania-073026,dpc-303-KTR-72502948.png,C:\Users\owlem\Projects\fov-filtering-tool\crowding-crenation\data\raw\new\KTR-72502948\dpc\dpc-303-KTR-72502948.png,monolayer,no rouleaux,3,0,KTR-72502948,303,train,,,Crenated,0.2750696429,166.0,0.564945171,0.1196703764,3.987828233,65.88084255,0.1496567602,0.1941160207,0.2799785536,0.5415551342,slightly dense,0.4936348232,some rouleaux,False
tanzania-073026/dpc-304-KTR-72502948.png,tanzania-073026,dpc-304-KTR-72502948.png,C:\Users\owlem\Projects\fov-filtering-tool\crowding-crenation\data\raw\new\KTR-72502948\dpc\dpc-304-KTR-72502948.png,monolayer,slight rouleaux,3,1,KTR-72502948,304,train,,,Crenated,0.2776920918,166.0,0.572925288,0.1185952701,3.97351072,73.73058479,0.1628903061,0.2219879098,0.2766518018,0.5722440999,slightly dense,0.5197974289,some rouleaux,False
tanzania-073026/dpc-305-KTR-72502948.png,tanzania-073026,dpc-305-KTR-72502948.png,C:\Users\owlem\Projects\fov-filtering-tool\crowding-crenation\data\raw\new\KTR-72502948\dpc\dpc-305-KTR-72502948.png,monolayer,slight rouleaux,3,1,KTR-72502948,305,train,,,Crenated,0.2624394133,166.0,0.5724148905,0.1122151853,3.940927796,69.27198618,0.1552409439,0.1818446645,0.2333759551,0.5144773603,slightly dense,0.4600168014,some rouleaux,False
tanzania-073026/dpc-306-KTR-72502948.png,tanzania-073026,dpc-306-KTR-72502948.png,C:\Users\owlem\Projects\fov-filtering-tool\crowding-crenation\data\raw\new\KTR-72502948\dpc\dpc-306-KTR-72502948.png,monolayer,slight rouleaux,3,1,KTR-72502948,306,train,,,Crenated,0.2821822704,166.0,0.5756002525,0.1197580843,3.997532082,72.0864574,0.1650543367,0.1954091836,0.4052945897,0.5967729239,dense,0.5517885038,some rouleaux,False
tanzania-073026/dpc-307-KTR-72502948.png,tanzania-073026,dpc-307-KTR-72502948.png,C:\Users\owlem\Projects\fov-filtering-tool\crowding-crenation\data\raw\new\KTR-72502948\dpc\dpc-307-KTR-72502948.png,monolayer,no rouleaux,3,0,KTR-72502948,307,train,,,,0.2101572704,168.0,0.5623995095,0.09196492461,3.867736576,64.92008309,0.1408994898,0.1702876943,0.289940161,0.4306113618,monolayer,0.3850688683,slight rouleaux,False
tanzania-073026/dpc-308-KTR-72502948.png,tanzania-073026,dpc-308-KTR-72502948.png,C:\Users\owlem\Projects\fov-filtering-tool\crowding-crenation\data\raw\new\KTR-72502948\dpc\dpc-308-KTR-72502948.png,monolayer,no rouleaux,3,0,KTR-72502948,308,train,,,,0.2087332908,168.0,0.5581963424,0.09221913134,3.90244477,63.1441171,0.1391516582,0.1544135719,0.2970515573,0.4238484794,monolayer,0.377491857,slight rouleaux,False
tanzania-073026/dpc-309-KTR-72502948.png,tanzania-073026,dpc-309-KTR-72502948.png,C:\Users\owlem\Projects\fov-filtering-tool\crowding-crenation\data\raw\new\KTR-72502948\dpc\dpc-309-KTR-72502948.png,monolayer,no rouleaux,3,0,KTR-72502948,309,train,,,,0.190477551,169.0,0.5549712322,0.08476798982,3.907723206,60.54908457,0.134888648,0.1855153087,0.2178386702,0.3854870025,monolayer,0.3324605691,no rouleaux,False
tanzania-073026/dpc-310-KTR-72502948.png,tanzania-073026,dpc-310-KTR-72502948.png,C:\Users\owlem\Projects\fov-filtering-tool\crowding-crenation\data\raw\new\KTR-72502948\dpc\dpc-310-KTR-72502948.png,monolayer,no rouleaux,3,0,KTR-72502948,310,train,,,,0.1792700255,169.0,0.5621325584,0.07849650743,3.819395118,56.84653782,0.1294105867,0.1603523459,0.2007889972,0.3416907011,monolayer,0.2908347219,no rouleaux,False
tanzania-073026/dpc-311-KTR-72502948.png,tanzania-073026,dpc-311-KTR-72502948.png,C:\Users\owlem\Projects\fov-filtering-tool\crowding-crenation\data\raw\new\KTR-72502948\dpc\dpc-311-KTR-72502948.png,monolayer,no rouleaux,3,0,KTR-72502948,311,train,,,,0.1770306122,169.0,0.5660695571,0.07681897197,3.834454759,55.58437586,0.129988648,0.1562315959,0.3175235464,0.3608555815,monolayer,0.3172001021,no rouleaux,False
tanzania-073026/dpc-312-KTR-72502948.png,tanzania-073026,dpc-312-KTR-72502948.png,C:\Users\owlem\Projects\fov-filtering-tool\crowding-crenation\data\raw\new\KTR-72502948\dpc\dpc-312-KTR-72502948.png,monolayer,no rouleaux,3,0,KTR-72502948,312,train,,,,0.1830846939,169.0,0.5804316844,0.07681653663,3.865022327,58.05488258,0.1382326531,0.1212261137,0.1851158757,0.3393617918,monolayer,0.2770408308,no rouleaux,False
tanzania-073026/dpc-313-KTR-72502948.png,tanzania-073026,dpc-313-KTR-72502948.png,C:\Users\owlem\Projects\fov-filtering-tool\crowding-crenation\data\raw\new\KTR-72502948\dpc\dpc-313-KTR-72502948.png,monolayer,no rouleaux,3,0,KTR-72502948,313,train,,,,0.2046419643,168.0,0.571572349,0.08767427606,3.88175465,58.86068465,0.1371438776,0.171612961,0.3704704062,0.4276416602,monolayer,0.3862018347,slight rouleaux,False
tanzania-073026/dpc-314-KTR-72502948.png,tanzania-073026,dpc-314-KTR-72502948.png,C:\Users\owlem\Projects\fov-filtering-tool\crowding-crenation\data\raw\new\KTR-72502948\dpc\dpc-314-KTR-72502948.png,monolayer,no rouleaux,3,0,KTR-72502948,314,train,,,Crenated,0.1863160714,169.0,0.5853113366,0.07726316264,3.866748256,59.72662199,0.1420645408,0.125961868,0.2480328329,0.3634263544,monolayer,0.3044782959,no rouleaux,False
tanzania-073026/dpc-315-KTR-72502948.png,tanzania-073026,dpc-315-KTR-72502948.png,C:\Users\owlem\Projects\fov-filtering-tool\crowding-crenation\data\raw\new\KTR-72502948\dpc\dpc-315-KTR-72502948.png,monolayer,no rouleaux,3,0,KTR-72502948,315,train,,,Crenated,0.1842211735,169.0,0.5842008609,0.07659900533,3.84774691,58.93690897,0.1418355867,0.1254777845,0.2624853232,0.3612111528,monolayer,0.3044636464,no rouleaux,False
tanzania-073026/dpc-316-KTR-72502948.png,tanzania-073026,dpc-316-KTR-72502948.png,C:\Users\owlem\Projects\fov-filtering-tool\crowding-crenation\data\raw\new\KTR-72502948\dpc\dpc-316-KTR-72502948.png,monolayer,no rouleaux,3,0,KTR-72502948,316,train,,,,0.1717533163,169.0,0.5795759003,0.07220923339,3.787239209,53.50739015,0.1287591837,0.133291678,0.2890015452,0.331202615,monolayer,0.2844844586,no rouleaux,False
tanzania-073026/dpc-317-KTR-72502948.png,tanzania-073026,dpc-317-KTR-72502948.png,C:\Users\owlem\Projects\fov-filtering-tool\crowding-crenation\data\raw\new\KTR-72502948\dpc\dpc-317-KTR-72502948.png,monolayer,no rouleaux,3,0,KTR-72502948,317,train,,,,0.1977063776,168.0,0.5726924415,0.0844814295,3.865818717,58.13199631,0.1365352041,0.1606679958,0.2790480948,0.3924235241,monolayer,0.3430462814,no rouleaux,False
tanzania-073026/dpc-318-KTR-72502948.png,tanzania-073026,dpc-318-KTR-72502948.png,C:\Users\owlem\Projects\fov-filtering-tool\crowding-crenation\data\raw\new\KTR-72502948\dpc\dpc-318-KTR-72502948.png,monolayer,no rouleaux,3,0,KTR-72502948,318,train,,,,0.2349616071,167.0,0.5668142892,0.1017820108,3.931092812,63.84745973,0.146336352,0.1772879393,0.3231001025,0.479972692,slightly dense,0.4336898359,slight rouleaux,False
tanzania-073026/dpc-319-KTR-72502948.png,tanzania-073026,dpc-319-KTR-72502948.png,C:\Users\owlem\Projects\fov-filtering-tool\crowding-crenation\data\raw\new\KTR-72502948\dpc\dpc-319-KTR-72502948.png,monolayer,no rouleaux,3,0,KTR-72502948,319,train,,,,0.2095352041,168.0,0.5740738682,0.08924651894,3.893934206,63.37424432,0.146032398,0.1483019274,0.3005052633,0.4257496286,monolayer,0.3742059073,slight rouleaux,False
tanzania-073026/dpc-320-KTR-72502948.png,tanzania-073026,dpc-320-KTR-72502948.png,C:\Users\owlem\Projects\fov-filtering-tool\crowding-crenation\data\raw\new\KTR-72502948\dpc\dpc-320-KTR-72502948.png,monolayer,no rouleaux,3,0,KTR-72502948,320,train,,,,0.2366612245,167.0,0.560666822,0.1039731279,3.939078444,60.4137974,0.1388270408,0.2010062916,0.2160520236,0.4585367681,slightly dense,0.4076671543,slight rouleaux,False
tanzania-073026/dpc-321-KTR-72502948.png,tanzania-073026,dpc-321-KTR-72502948.png,C:\Users\owlem\Projects\fov-filtering-tool\crowding-crenation\data\raw\new\KTR-72502948\dpc\dpc-321-KTR-72502948.png,monolayer,no rouleaux,3,0,KTR-72502948,321,train,,,Crenated,0.2404647959,167.0,0.5731249401,0.1026484242,3.925286434,65.73415292,0.150377551,0.1730875322,0.417731734,0.5102306851,slightly dense,0.4701400235,some rouleaux,False
tanzania-073026/dpc-322-KTR-72502948.png,tanzania-073026,dpc-322-KTR-72502948.png,C:\Users\owlem\Projects\fov-filtering-tool\crowding-crenation\data\raw\new\KTR-72502948\dpc\dpc-322-KTR-72502948.png,monolayer,slight rouleaux,3,1,KTR-72502948,322,train,,,Crenated,0.2747357143,166.0,0.5710507997,0.1178476649,3.9804409,68.49176156,0.1530433673,0.2260688591,0.3420034037,0.5688844971,slightly dense,0.5250301783,some rouleaux,False
tanzania-073026/dpc-323-KTR-72502948.png,tanzania-073026,dpc-323-KTR-72502948.png,C:\Users\owlem\Projects\fov-filtering-tool\crowding-crenation\data\raw\new\KTR-72502948\dpc\dpc-323-KTR-72502948.png,monolayer,slight rouleaux,3,1,KTR-72502948,323,train,,,Crenated,0.2831042092,166.0,0.5753114093,0.1202311276,4.014407109,70.74663004,0.1577067602,0.1971956922,0.243997159,0.5577561605,slightly dense,0.5016708673,some rouleaux,False
tanzania-073026/dpc-324-KTR-72502948.png,tanzania-073026,dpc-324-KTR-72502948.png,C:\Users\owlem\Projects\fov-filtering-tool\crowding-crenation\data\raw\new\KTR-72502948\dpc\dpc-324-KTR-72502948.png,monolayer,no rouleaux,3,0,KTR-72502948,324,train,,,Crenated,0.2705130102,166.0,0.5822894114,0.1129961487,3.944555267,68.87101646,0.1591118622,0.1676314164,0.2606662828,0.526342484,slightly dense,0.4710200838,some rouleaux,False
tanzania-080526/dpc-001-KTR-72502946.png,tanzania-080526,dpc-001-KTR-72502946.png,gs://tanzania_02032026/TZ2025-Box5/KTR-72502946/dpc-001-KTR-72502946.png,monolayer,no rouleaux,3,0,KTR-72502946,1,train,,,,0.2512269133,168.0,0.569781728,0.1080824085,3.963105362,80.68459669,0.1629938776,0.07263899802,0.1594105808,0.4721365411,slightly dense,0.4048338449,slight rouleaux,False
tanzania-080526/dpc-002-KTR-72502946.png,tanzania-080526,dpc-002-KTR-72502946.png,gs://tanzania_02032026/TZ2025-Box5/KTR-72502946/dpc-002-KTR-72502946.png,monolayer,no rouleaux,3,0,KTR-72502946,2,train,,,,0.2256030612,169.0,0.5796702359,0.09482768151,3.970774826,71.5761807,0.1607327806,0.05939755681,0.1469687272,0.413684205,monolayer,0.3386822584,no rouleaux,False
tanzania-080526/dpc-003-KTR-72502946.png,tanzania-080526,dpc-003-KTR-72502946.png,gs://tanzania_02032026/TZ2025-Box5/KTR-72502946/dpc-003-KTR-72502946.png,monolayer,no rouleaux,3,0,KTR-72502946,3,train,,,,0.2217505102,169.0,0.5786291156,0.09343920861,3.946284417,70.69388072,0.1581769133,0.05611550357,0.1219670652,0.3991733362,monolayer,0.324434416,no rouleaux,False
tanzania-080526/dpc-004-KTR-72502946.png,tanzania-080526,dpc-004-KTR-72502946.png,gs://tanzania_02032026/TZ2025-Box5/KTR-72502946/dpc-004-KTR-72502946.png,monolayer,no rouleaux,3,0,KTR-72502946,4,train,,,,0.2043771684,170.0,0.5759770506,0.08666060972,3.956534302,69.34360268,0.1570257653,0.06142683849,0.1667802645,0.3826100153,monolayer,0.309094312,no rouleaux,False
tanzania-080526/dpc-005-KTR-72502946.png,tanzania-080526,dpc-005-KTR-72502946.png,gs://tanzania_02032026/TZ2025-Box5/KTR-72502946/dpc-005-KTR-72502946.png,monolayer,no rouleaux,3,0,KTR-72502946,5,train,,,,0.2165145408,169.0,0.5732668086,0.09239394099,3.934196416,68.35844033,0.1566227041,0.07435769087,0.1500778895,0.3973664085,monolayer,0.326331576,no rouleaux,False
tanzania-080526/dpc-006-KTR-72502946.png,tanzania-080526,dpc-006-KTR-72502946.png,gs://tanzania_02032026/TZ2025-Box5/KTR-72502946/dpc-006-KTR-72502946.png,monolayer,no rouleaux,3,0,KTR-72502946,6,train,,,,0.2243005102,169.0,0.5754053574,0.09523679496,3.959259721,68.26236878,0.1594135204,0.07247766399,0.1376788565,0.4079196706,monolayer,0.333755821,no rouleaux,False
tanzania-080526/dpc-007-KTR-72502946.png,tanzania-080526,dpc-007-KTR-72502946.png,gs://tanzania_02032026/TZ2025-Box5/KTR-72502946/dpc-007-KTR-72502946.png,monolayer,no rouleaux,3,0,KTR-72502946,7,train,,,,0.2177992347,169.0,0.5712563443,0.09338004009,3.967765273,73.48164555,0.1634702806,0.08217644753,0.1629846672,0.4197985545,monolayer,0.3463641136,no rouleaux,False
tanzania-080526/dpc-008-KTR-72502946.png,tanzania-080526,dpc-008-KTR-72502946.png,gs://tanzania_02032026/TZ2025-Box5/KTR-72502946/dpc-008-KTR-72502946.png,monolayer,no rouleaux,3,0,KTR-72502946,8,train,,,,0.2504228316,168.0,0.5742429717,0.1066192806,3.975363194,70.13815396,0.1616306122,0.06596687401,0.120347478,0.4446134935,slightly dense,0.3714633947,no rouleaux,False
tanzania-080526/dpc-009-KTR-72502946.png,tanzania-080526,dpc-009-KTR-72502946.png,gs://tanzania_02032026/TZ2025-Box5/KTR-72502946/dpc-009-KTR-72502946.png,monolayer,no rouleaux,3,0,KTR-72502946,9,train,,,,0.2505424745,168.0,0.5724064027,0.1071303579,3.994886587,69.67851331,0.1623135204,0.06882166264,0.1312155376,0.448646943,slightly dense,0.3749290713,slight rouleaux,False
tanzania-080526/dpc-010-KTR-72502946.png,tanzania-080526,dpc-010-KTR-72502946.png,gs://tanzania_02032026/TZ2025-Box5/KTR-72502946/dpc-010-KTR-72502946.png,monolayer,no rouleaux,3,0,KTR-72502946,10,train,,,,0.2455289541,168.0,0.5613974689,0.1076896207,3.995834056,70.19191247,0.1603639031,0.09015001003,0.1801025449,0.4613234186,slightly dense,0.3944615542,slight rouleaux,False
tanzania-080526/dpc-011-KTR-72502946.png,tanzania-080526,dpc-011-KTR-72502946.png,gs://tanzania_02032026/TZ2025-Box5/KTR-72502946/dpc-011-KTR-72502946.png,monolayer,no rouleaux,3,0,KTR-72502946,11,train,,,,0.2196778061,169.0,0.5689252448,0.09469755649,3.975035829,69.01662325,0.1612130102,0.05229470115,0.1172681323,0.4002332165,monolayer,0.3236595352,no rouleaux,False
tanzania-080526/dpc-012-KTR-72502946.png,tanzania-080526,dpc-012-KTR-72502946.png,gs://tanzania_02032026/TZ2025-Box5/KTR-72502946/dpc-012-KTR-72502946.png,monolayer,no rouleaux,3,0,KTR-72502946,12,train,,,,0.2422608418,168.0,0.5676183222,0.1047491493,3.994368753,69.38116895,0.1638982143,0.05676167147,0.1324861003,0.4372600909,monolayer,0.3624836427,no rouleaux,False
tanzania-080526/dpc-013-KTR-72502946.png,tanzania-080526,dpc-013-KTR-72502946.png,gs://tanzania_02032026/TZ2025-Box5/KTR-72502946/dpc-013-KTR-72502946.png,monolayer,no rouleaux,3,0,KTR-72502946,13,train,,,,0.236173852,168.0,0.569296192,0.1017209774,3.978477478,74.50562767,0.166965051,0.08287173806,0.1638374548,0.4509452662,slightly dense,0.3785313688,slight rouleaux,False
tanzania-080526/dpc-014-KTR-72502946.png,tanzania-080526,dpc-014-KTR-72502946.png,gs://tanzania_02032026/TZ2025-Box5/KTR-72502946/dpc-014-KTR-72502946.png,monolayer,no rouleaux,3,0,KTR-72502946,14,train,,,,0.2121089286,169.0,0.5631907176,0.09265114888,3.949848567,73.38478045,0.1632672194,0.07433243882,0.1731695225,0.4118538941,monolayer,0.3408919284,no rouleaux,False
tanzania-080526/dpc-015-KTR-72502946.png,tanzania-080526,dpc-015-KTR-72502946.png,gs://tanzania_02032026/TZ2025-Box5/KTR-72502946/dpc-015-KTR-72502946.png,monolayer,no rouleaux,3,0,KTR-72502946,15,train,,,,0.2148529337,169.0,0.5626197847,0.09397242239,3.984608074,70.28242311,0.1611567602,0.07918985067,0.1096468285,0.4030315654,monolayer,0.3270304738,no rouleaux,False
tanzania-080526/dpc-016-KTR-72502946.png,tanzania-080526,dpc-016-KTR-72502946.png,gs://tanzania_02032026/TZ2025-Box5/KTR-72502946/dpc-016-KTR-72502946.png,slightly dense,no rouleaux,4,0,KTR-72502946,16,train,,,,0.236878699,168.0,0.5703241659,0.1017810526,3.984679735,74.23646685,0.1669452806,0.09031383157,0.128973762,0.4467003192,slightly dense,0.3710804769,no rouleaux,False
tanzania-080526/dpc-017-KTR-72502946.png,tanzania-080526,dpc-017-KTR-72502946.png,gs://tanzania_02032026/TZ2025-Box5/KTR-72502946/dpc-017-KTR-72502946.png,slightly dense,no rouleaux,4,0,KTR-72502946,17,train,,,,0.2421501276,168.0,0.5751991121,0.1028655892,4.001219032,69.723626,0.1657029337,0.09107390351,0.2127808884,0.4641374936,slightly dense,0.3941482303,slight rouleaux,False
tanzania-080526/dpc-018-KTR-72502946.png,tanzania-080526,dpc-018-KTR-72502946.png,gs://tanzania_02032026/TZ2025-Box5/KTR-72502946/dpc-018-KTR-72502946.png,slightly dense,no rouleaux,4,0,KTR-72502946,18,train,,,,0.2283843112,168.0,0.5734557239,0.09741602072,3.935392507,69.88336855,0.1621335459,0.1235958715,0.1992768537,0.4470040145,slightly dense,0.3806299299,slight rouleaux,False
tanzania-080526/dpc-019-KTR-72502946.png,tanzania-080526,dpc-019-KTR-72502946.png,gs://tanzania_02032026/TZ2025-Box5/KTR-72502946/dpc-019-KTR-72502946.png,monolayer,no rouleaux,3,0,KTR-72502946,19,train,,,,0.2855955357,167.0,0.5668655234,0.1237012729,4.026845441,65.85571024,0.1482733418,0.06789355002,0.1009411656,0.4821734331,slightly dense,0.4176503983,slight rouleaux,False
tanzania-080526/dpc-020-KTR-72502946.png,tanzania-080526,dpc-020-KTR-72502946.png,gs://tanzania_02032026/TZ2025-Box5/KTR-72502946/dpc-020-KTR-72502946.png,monolayer,no rouleaux,3,0,KTR-72502946,20,train,,,,0.2469325255,168.0,0.570942135,0.1059483422,4.006066847,65.37316359,0.152361352,0.05468691778,0.1310808516,0.4281727008,monolayer,0.3571057647,no rouleaux,False
tanzania-080526/dpc-021-KTR-72502946.png,tanzania-080526,dpc-021-KTR-72502946.png,gs://tanzania_02032026/TZ2025-Box5/KTR-72502946/dpc-021-KTR-72502946.png,monolayer,no rouleaux,3,0,KTR-72502946,21,train,,,,0.2213482143,169.0,0.5725124902,0.09462359693,3.99775319,64.3753461,0.1535489796,0.05409786004,0.1333779161,0.3920469591,monolayer,0.3170693074,no rouleaux,False
tanzania-080526/dpc-022-KTR-72502946.png,tanzania-080526,dpc-022-KTR-72502946.png,gs://tanzania_02032026/TZ2025-Box5/KTR-72502946/dpc-022-KTR-72502946.png,monolayer,no rouleaux,3,0,KTR-72502946,22,train,,,,0.2166420918,169.0,0.5721304024,0.09269456465,3.972034839,64.29096971,0.1534193878,0.0675895315,0.1949072244,0.3988393586,monolayer,0.3300942428,no rouleaux,False
tanzania-080526/dpc-023-KTR-72502946.png,tanzania-080526,dpc-023-KTR-72502946.png,gs://tanzania_02032026/TZ2025-Box5/KTR-72502946/dpc-023-KTR-72502946.png,monolayer,no rouleaux,3,0,KTR-72502946,23,train,,,,0.2185660714,169.0,0.5719484346,0.09355754903,3.968436744,62.24495296,0.1515915816,0.07330859543,0.1470653906,0.3886471871,monolayer,0.3170748353,no rouleaux,False
tanzania-080526/dpc-024-KTR-72502946.png,tanzania-080526,dpc-024-KTR-72502946.png,gs://tanzania_02032026/TZ2025-Box5/KTR-72502946/dpc-024-KTR-72502946.png,monolayer,no rouleaux,3,0,KTR-72502946,24,train,,,Unfocused,0.2486343112,168.0,0.572888264,0.1061946323,4.029020973,67.93585773,0.1619053571,0.06526560563,0.1304863232,0.4437438437,slightly dense,0.367380964,no rouleaux,False
tanzania-080526/dpc-025-KTR-72502946.png,tanzania-080526,dpc-025-KTR-72502946.png,gs://tanzania_02032026/TZ2025-Box5/KTR-72502946/dpc-025-KTR-72502946.png,monolayer,slight rouleaux,3,1,KTR-72502946,25,train,,,,0.2718443878,167.0,0.5703063716,0.1168098013,4.014545406,70.84973419,0.1641232143,0.07490009624,0.2274483828,0.5053088068,slightly dense,0.441348477,slight rouleaux,False
tanzania-080526/dpc-026-KTR-72502946.png,tanzania-080526,dpc-026-KTR-72502946.png,gs://tanzania_02032026/TZ2025-Box5/KTR-72502946/dpc-026-KTR-72502946.png,monolayer,slight rouleaux,3,1,KTR-72502946,26,train,,,,0.2469709184,168.0,0.5712866974,0.1058797181,4.01247688,72.98741336,0.1676454082,0.07666751809,0.130195177,0.4565245708,slightly dense,0.3797396902,slight rouleaux,False
tanzania-080526/dpc-027-KTR-72502946.png,tanzania-080526,dpc-027-KTR-72502946.png,gs://tanzania_02032026/TZ2025-Box5/KTR-72502946/dpc-027-KTR-72502946.png,slightly dense,slight rouleaux,4,1,KTR-72502946,27,train,,,,0.2764104592,167.0,0.5712263512,0.1185175212,4.044084948,74.22411281,0.1687219388,0.09047234687,0.2505696179,0.5316818014,slightly dense,0.4672336057,some rouleaux,False
tanzania-080526/dpc-028-KTR-72502946.png,tanzania-080526,dpc-028-KTR-72502946.png,gs://tanzania_02032026/TZ2025-Box5/KTR-72502946/dpc-028-KTR-72502946.png,slightly dense,slight rouleaux,4,1,KTR-72502946,28,train,,,,0.270286352,167.0,0.566449522,0.1171827771,4.023203626,75.13675556,0.1689446429,0.07400967001,0.1861058817,0.5059015101,slightly dense,0.4370464805,slight rouleaux,False
tanzania-080526/dpc-029-KTR-72502946.png,tanzania-080526,dpc-029-KTR-72502946.png,gs://tanzania_02032026/TZ2025-Box5/KTR-72502946/dpc-029-KTR-72502946.png,slightly dense,slight rouleaux,4,1,KTR-72502946,29,train,,,,0.2391154337,168.0,0.5689136636,0.1030793963,3.998784077,68.70913308,0.1633753827,0.07758501026,0.1714639969,0.4449126951,slightly dense,0.3729333823,no rouleaux,False
tanzania-080526/dpc-030-KTR-72502946.png,tanzania-080526,dpc-030-KTR-72502946.png,gs://tanzania_02032026/TZ2025-Box5/KTR-72502946/dpc-030-KTR-72502946.png,slightly dense,slight rouleaux,4,1,KTR-72502946,30,train,,,,0.2407336735,168.0,0.5702213289,0.1034621983,4.013143405,69.8104309,0.1680098214,0.08488835765,0.2657170856,0.475336114,slightly dense,0.4085990161,slight rouleaux,False
tanzania-080526/dpc-031-KTR-72502946.png,tanzania-080526,dpc-031-KTR-72502946.png,gs://tanzania_02032026/TZ2025-Box5/KTR-72502946/dpc-031-KTR-72502946.png,slightly dense,slight rouleaux,4,1,KTR-72502946,31,train,,,,0.2932702806,166.0,0.5707391871,0.1258894391,4.022441604,77.41897633,0.1758918367,0.0736277154,0.1207687356,0.5319742819,slightly dense,0.4577565943,some rouleaux,False
tanzania-080526/dpc-032-KTR-72502946.png,tanzania-080526,dpc-032-KTR-72502946.png,gs://tanzania_02032026/TZ2025-Box5/KTR-72502946/dpc-032-KTR-72502946.png,slightly dense,slight rouleaux,4,1,KTR-72502946,32,train,,,,0.2651396684,167.0,0.5703932377,0.1139057945,4.019843059,73.23662932,0.1707548469,0.06437816775,0.1615483604,0.4877005711,slightly dense,0.4141642672,slight rouleaux,False
tanzania-080526/dpc-033-KTR-72502946.png,tanzania-080526,dpc-033-KTR-72502946.png,gs://tanzania_02032026/TZ2025-Box5/KTR-72502946/dpc-033-KTR-72502946.png,slightly dense,some rouleaux,4,2,KTR-72502946,33,train,,,,0.2622929847,167.0,0.5671999188,0.1135204251,3.992817542,74.63338586,0.1727270408,0.07864039637,0.2142781287,0.5025840386,slightly dense,0.4349447812,slight rouleaux,False
tanzania-080526/dpc-034-KTR-72502946.png,tanzania-080526,dpc-034-KTR-72502946.png,gs://tanzania_02032026/TZ2025-Box5/KTR-72502946/dpc-034-KTR-72502946.png,slightly dense,some rouleaux,4,2,KTR-72502946,34,train,,,,0.2917423469,166.0,0.580472356,0.1223939795,4.024541537,77.63806637,0.180913648,0.08450534669,0.1685379256,0.5438252177,slightly dense,0.4690593131,some rouleaux,False
tanzania-080526/dpc-035-KTR-72502946.png,tanzania-080526,dpc-035-KTR-72502946.png,gs://tanzania_02032026/TZ2025-Box5/KTR-72502946/dpc-035-KTR-72502946.png,slightly dense,some rouleaux,4,2,KTR-72502946,35,train,,,,0.3262503827,165.0,0.5809198353,0.1367250641,4.01803498,79.47709156,0.1811860969,0.08222209566,0.2323459011,0.6058623951,dense,0.5416524584,some rouleaux,False
tanzania-080526/dpc-036-KTR-72502946.png,tanzania-080526,dpc-036-KTR-72502946.png,gs://tanzania_02032026/TZ2025-Box5/KTR-72502946/dpc-036-KTR-72502946.png,slightly dense,some rouleaux,4,2,KTR-72502946,36,train,,,,0.2849432398,166.0,0.5758811106,0.1208498104,3.976329967,75.43449897,0.1754202806,0.08468004415,0.1765016202,0.5273776597,slightly dense,0.4581841871,some rouleaux,False
tanzania-080526/dpc-037-KTR-72502946.png,tanzania-080526,dpc-037-KTR-72502946.png,gs://tanzania_02032026/TZ2025-Box5/KTR-72502946/dpc-037-KTR-72502946.png,monolayer,no rouleaux,3,0,KTR-72502946,37,train,,,,0.2802678571,167.0,0.5668880248,0.1213873652,3.972514083,70.18148205,0.1524741071,0.07960721791,0.1611910172,0.492766438,slightly dense,0.4328691974,slight rouleaux,False
tanzania-080526/dpc-038-KTR-72502946.png,tanzania-080526,dpc-038-KTR-72502946.png,gs://tanzania_02032026/TZ2025-Box5/KTR-72502946/dpc-038-KTR-72502946.png,monolayer,no rouleaux,3,0,KTR-72502946,38,train,,,,0.2485891582,168.0,0.5740992876,0.1058742996,3.952216707,65.88287526,0.1532735969,0.06159934278,0.1273859549,0.4270734611,monolayer,0.3582201287,no rouleaux,False
tanzania-080526/dpc-039-KTR-72502946.png,tanzania-080526,dpc-039-KTR-72502946.png,gs://tanzania_02032026/TZ2025-Box5/KTR-72502946/dpc-039-KTR-72502946.png,monolayer,no rouleaux,3,0,KTR-72502946,39,train,,,,0.2225367347,169.0,0.5769721506,0.0941392363,3.935267409,65.85590839,0.1531621173,0.07325265175,0.1716087215,0.4026540092,monolayer,0.3346099999,no rouleaux,False
tanzania-080526/dpc-040-KTR-72502946.png,tanzania-080526,dpc-040-KTR-72502946.png,gs://tanzania_02032026/TZ2025-Box5/KTR-72502946/dpc-040-KTR-72502946.png,monolayer,no rouleaux,3,0,KTR-72502946,40,train,,,,0.2215325255,169.0,0.5712326129,0.09498592212,3.931102747,65.9190123,0.1535567602,0.06068183822,0.1547820896,0.3953924851,monolayer,0.32667306,no rouleaux,False
tanzania-080526/dpc-041-KTR-72502946.png,tanzania-080526,dpc-041-KTR-72502946.png,gs://tanzania_02032026/TZ2025-Box5/KTR-72502946/dpc-041-KTR-72502946.png,monolayer,no rouleaux,3,0,KTR-72502946,41,train,,,,0.2178128827,169.0,0.5720679616,0.09320911087,3.940320125,66.76315878,0.1554413265,0.07469517056,0.179222707,0.402802902,monolayer,0.3345006293,no rouleaux,False
tanzania-080526/dpc-042-KTR-72502946.png,tanzania-080526,dpc-042-KTR-72502946.png,gs://tanzania_02032026/TZ2025-Box5/KTR-72502946/dpc-042-KTR-72502946.png,monolayer,no rouleaux,3,0,KTR-72502946,42,train,,,,0.244707398,168.0,0.5714999863,0.1048571234,3.980599785,69.85153759,0.161865051,0.07123910396,0.1853324262,0.4521516303,slightly dense,0.3834116762,slight rouleaux,False
tanzania-080526/dpc-043-KTR-72502946.png,tanzania-080526,dpc-043-KTR-72502946.png,gs://tanzania_02032026/TZ2025-Box5/KTR-72502946/dpc-043-KTR-72502946.png,monolayer,no rouleaux,3,0,KTR-72502946,43,train,,,,0.2396478316,168.0,0.5649996165,0.1042468987,3.96876184,72.28809546,0.1565252551,0.0933417032,0.2004252365,0.4558916365,slightly dense,0.3929447153,slight rouleaux,False
tanzania-080526/dpc-044-KTR-72502946.png,tanzania-080526,dpc-044-KTR-72502946.png,gs://tanzania_02032026/TZ2025-Box5/KTR-72502946/dpc-044-KTR-72502946.png,monolayer,no rouleaux,3,0,KTR-72502946,44,train,,,,0.2461117347,168.0,0.5688685722,0.1061065036,3.985642241,72.38199566,0.1594552296,0.08549350263,0.164037391,0.4570253775,slightly dense,0.388755007,slight rouleaux,False
tanzania-080526/dpc-045-KTR-72502946.png,tanzania-080526,dpc-045-KTR-72502946.png,gs://tanzania_02032026/TZ2025-Box5/KTR-72502946/dpc-045-KTR-72502946.png,slightly dense,no rouleaux,4,0,KTR-72502946,45,train,,,,0.283534949,167.0,0.570827437,0.1216854207,4.062675361,71.6420876,0.1584170918,0.07769481372,0.1400311785,0.5031232747,slightly dense,0.4333359635,slight rouleaux,False
tanzania-080526/dpc-046-KTR-72502946.png,tanzania-080526,dpc-046-KTR-72502946.png,gs://tanzania_02032026/TZ2025-Box5/KTR-72502946/dpc-046-KTR-72502946.png,slightly dense,no rouleaux,4,0,KTR-72502946,46,train,,,,0.2705797194,167.0,0.5654287064,0.1175861787,4.015718476,72.06692189,0.1594110969,0.0711943332,0.124713622,0.4801683235,slightly dense,0.4105847528,slight rouleaux,False
tanzania-080526/dpc-047-KTR-72502946.png,tanzania-080526,dpc-047-KTR-72502946.png,gs://tanzania_02032026/TZ2025-Box5/KTR-72502946/dpc-047-KTR-72502946.png,slightly dense,slight rouleaux,4,1,KTR-72502946,47,train,,,,0.2700994898,167.0,0.5650469164,0.117480606,4.014177965,72.86618242,0.1627978316,0.06969011621,0.215492202,0.5021163505,slightly dense,0.4387441702,slight rouleaux,False
tanzania-080526/dpc-048-KTR-72502946.png,tanzania-080526,dpc-048-KTR-72502946.png,gs://tanzania_02032026/TZ2025-Box5/KTR-72502946/dpc-048-KTR-72502946.png,slightly dense,slight rouleaux,4,1,KTR-72502946,48,train,,,,0.2680832908,167.0,0.5632571807,0.1170834522,4.013476991,75.07291482,0.1655450255,0.07248353067,0.1795636896,0.498539652,slightly dense,0.4314906577,slight rouleaux,False
tanzania-080526/dpc-049-KTR-72502946.png,tanzania-080526,dpc-049-KTR-72502946.png,gs://tanzania_02032026/TZ2025-Box5/KTR-72502946/dpc-049-KTR-72502946.png,slightly dense,some rouleaux,4,2,KTR-72502946,49,train,,,,0.296475,166.0,0.5718407923,0.1269385011,4.05489894,77.90974722,0.1729193878,0.08250991077,0.2834050712,0.5727813325,slightly dense,0.5116575981,some rouleaux,False
tanzania-080526/dpc-050-KTR-72502946.png,tanzania-080526,dpc-050-KTR-72502946.png,gs://tanzania_02032026/TZ2025-Box5/KTR-72502946/dpc-050-KTR-72502946.png,slightly dense,some rouleaux,4,2,KTR-72502946,50,train,,,,0.2611191327,167.0,0.5696583868,0.1123704288,4.022762016,75.76189489,0.1684423469,0.09090357011,0.2806224381,0.5183077546,slightly dense,0.4561509748,some rouleaux,False
tanzania-080526/dpc-051-KTR-72502946.png,tanzania-080526,dpc-051-KTR-72502946.png,gs://tanzania_02032026/TZ2025-Box5/KTR-72502946/dpc-051-KTR-72502946.png,slightly dense,some rouleaux,4,2,KTR-72502946,51,train,,,,0.2600553571,167.0,0.5675029654,0.1124731708,4.015438188,74.84126816,0.1652642857,0.1189673665,0.2192064805,0.5094182489,slightly dense,0.4448266563,slight rouleaux,False
tanzania-080526/dpc-052-KTR-72502946.png,tanzania-080526,dpc-052-KTR-72502946.png,gs://tanzania_02032026/TZ2025-Box5/KTR-72502946/dpc-052-KTR-72502946.png,slightly dense,some rouleaux,4,2,KTR-72502946,52,train,,,,0.2981135204,166.0,0.5766967536,0.126192421,4.049828801,81.13768118,0.174942602,0.1015406121,0.2361927528,0.5755854101,slightly dense,0.5102171494,some rouleaux,False
tanzania-080526/dpc-053-KTR-72502946.png,tanzania-080526,dpc-053-KTR-72502946.png,gs://tanzania_02032026/TZ2025-Box5/KTR-72502946/dpc-053-KTR-72502946.png,dense,some rouleaux,5,2,KTR-72502946,53,train,,,,0.3191887755,165.0,0.5751413874,0.1356101003,4.030730314,82.44353437,0.1797358418,0.136192623,0.3542027364,0.6460573236,dense,0.5938231259,rouleaux,False
tanzania-080526/dpc-054-KTR-72502946.png,tanzania-080526,dpc-054-KTR-72502946.png,gs://tanzania_02032026/TZ2025-Box5/KTR-72502946/dpc-054-KTR-72502946.png,slightly dense,some rouleaux,4,2,KTR-72502946,54,train,,,Overexposed,0.3203852041,165.0,0.5786812359,0.1349842982,4.026481035,81.71462702,0.1817484694,0.1147460935,0.2208922456,0.6108200222,dense,0.5459580619,some rouleaux,False
tanzania-080526/dpc-055-KTR-72502946.png,tanzania-080526,dpc-055-KTR-72502946.png,gs://tanzania_02032026/TZ2025-Box5/KTR-72502946/dpc-055-KTR-72502946.png,monolayer,no rouleaux,3,0,KTR-72502946,55,train,,,,0.2594334184,167.0,0.5615549207,0.1137473057,3.958426872,65.62163934,0.1464621173,0.08624225365,0.1586524314,0.4548474521,slightly dense,0.3957439696,slight rouleaux,False
tanzania-080526/dpc-056-KTR-72502946.png,tanzania-080526,dpc-056-KTR-72502946.png,gs://tanzania_02032026/TZ2025-Box5/KTR-72502946/dpc-056-KTR-72502946.png,slightly dense,no rouleaux,4,0,KTR-72502946,56,train,,,,0.2314394133,168.0,0.5630999979,0.1011158801,3.968660567,60.53631278,0.1433256378,0.07515504289,0.1658185309,0.4040188643,monolayer,0.3409112258,no rouleaux,False
tanzania-080526/dpc-057-KTR-72502946.png,tanzania-080526,dpc-057-KTR-72502946.png,gs://tanzania_02032026/TZ2025-Box5/KTR-72502946/dpc-057-KTR-72502946.png,slightly dense,no rouleaux,4,0,KTR-72502946,57,train,,,,0.2252927296,168.0,0.5614005853,0.09881325933,3.978296096,56.73957671,0.1383681122,0.08208385749,0.2671173039,0.4106886517,monolayer,0.3566150505,no rouleaux,False
tanzania-080526/dpc-058-KTR-72502946.png,tanzania-080526,dpc-058-KTR-72502946.png,gs://tanzania_02032026/TZ2025-Box5/KTR-72502946/dpc-058-KTR-72502946.png,slightly dense,no rouleaux,4,0,KTR-72502946,58,train,,,,0.219736352,168.0,0.5499778017,0.09888623619,3.945427004,59.72791747,0.138963648,0.1009635957,0.1334796666,0.3862909885,monolayer,0.3250989595,no rouleaux,False
tanzania-080526/dpc-059-KTR-72502946.png,tanzania-080526,dpc-059-KTR-72502946.png,gs://tanzania_02032026/TZ2025-Box5/KTR-72502946/dpc-059-KTR-72502946.png,dense,rouleaux,5,3,KTR-72502946,59,train,,,,0.2580918367,167.0,0.5525407407,0.1154855821,4.020625988,63.66384242,0.1488621173,0.103138255,0.2668255568,0.4868533471,slightly dense,0.4335791756,slight rouleaux,False
tanzania-080526/dpc-060-KTR-72502946.png,tanzania-080526,dpc-060-KTR-72502946.png,gs://tanzania_02032026/TZ2025-Box5/KTR-72502946/dpc-060-KTR-72502946.png,very dense,heavy rouleaux,6,4,KTR-72502946,60,train,,,,0.362391199,164.0,0.5704577942,0.155662315,4.119137475,75.37587299,0.1670024235,0.1362033391,0.381895114,0.6981779421,dense,0.654541952,rouleaux,False
tanzania-080526/dpc-061-KTR-72502946.png,tanzania-080526,dpc-061-KTR-72502946.png,gs://tanzania_02032026/TZ2025-Box5/KTR-72502946/dpc-061-KTR-72502946.png,very dense,heavy rouleaux,6,4,KTR-72502946,61,train,,,,0.3656535714,164.0,0.5682620954,0.1578665068,4.130509892,78.02243152,0.1677420918,0.1815285164,0.4354591087,0.7351208165,very dense,0.6973945382,heavy rouleaux,False
tanzania-080526/dpc-062-KTR-72502946.png,tanzania-080526,dpc-062-KTR-72502946.png,gs://tanzania_02032026/TZ2025-Box5/KTR-72502946/dpc-062-KTR-72502946.png,very dense,heavy rouleaux,6,4,KTR-72502946,62,train,,,,0.3710506378,164.0,0.5705868555,0.1593340211,4.140742081,78.06876491,0.1620091837,0.2549870222,0.8211395225,0.8434279437,very dense,0.8417584944,heavy rouleaux,False
tanzania-080526/dpc-063-KTR-72502946.png,tanzania-080526,dpc-063-KTR-72502946.png,gs://tanzania_02032026/TZ2025-Box5/KTR-72502946/dpc-063-KTR-72502946.png,very dense,heavy rouleaux,6,4,KTR-72502946,63,train,,,,0.4025502551,163.0,0.5786109705,0.1696302613,4.153787495,77.27110182,0.1648621173,0.208788331,0.6344512912,0.8297115187,very dense,0.8119667759,heavy rouleaux,False
tanzania-080526/dpc-064-KTR-72502946.png,tanzania-080526,dpc-064-KTR-72502946.png,gs://tanzania_02032026/TZ2025-Box5/KTR-72502946/dpc-064-KTR-72502946.png,very dense,heavy rouleaux,6,4,KTR-72502946,64,train,,,,0.3935642857,163.0,0.5642270245,0.1715046798,4.125997731,83.45412707,0.1709859694,0.2362401169,0.8400770203,0.8897255729,very dense,0.891444875,heavy rouleaux,False
tanzania-080526/dpc-065-KTR-72502946.png,tanzania-080526,dpc-065-KTR-72502946.png,gs://tanzania_02032026/TZ2025-Box5/KTR-72502946/dpc-065-KTR-72502946.png,dense,rouleaux,5,3,KTR-72502946,65,train,,,,0.2740815051,166.0,0.5400313881,0.1260688895,3.977362916,60.59506697,0.1394456633,0.2833300914,1.102379424,0.6995088245,dense,0.7170666343,heavy rouleaux,False
tanzania-080526/dpc-066-KTR-72502946.png,tanzania-080526,dpc-066-KTR-72502946.png,gs://tanzania_02032026/TZ2025-Box5/KTR-72502946/dpc-066-KTR-72502946.png,dense,rouleaux,5,3,KTR-72502946,66,train,,,,0.2579684949,166.0,0.5376664232,0.119267497,3.94158739,49.19131666,0.123119898,0.1798887871,0.3028693169,0.4776403262,slightly dense,0.4459073761,slight rouleaux,False
tanzania-080526/dpc-067-KTR-72502946.png,tanzania-080526,dpc-067-KTR-72502946.png,gs://tanzania_02032026/TZ2025-Box5/KTR-72502946/dpc-067-KTR-72502946.png,slightly dense,some rouleaux,4,2,KTR-72502946,67,train,,,,0.2581341837,166.0,0.5368078823,0.1195657192,3.922341578,55.23129119,0.1344420918,0.2149245294,0.3521324562,0.5167991644,slightly dense,0.4872948654,some rouleaux,False
tanzania-080526/dpc-068-KTR-72502946.png,tanzania-080526,dpc-068-KTR-72502946.png,gs://tanzania_02032026/TZ2025-Box5/KTR-72502946/dpc-068-KTR-72502946.png,slightly dense,some rouleaux,4,2,KTR-72502946,68,train,,,,0.223588648,167.0,0.534880239,0.1039954985,3.90165268,55.47731072,0.1334516582,0.2160440791,0.3803706923,0.472285098,slightly dense,0.4421636647,slight rouleaux,False
tanzania-080526/dpc-069-KTR-72502946.png,tanzania-080526,dpc-069-KTR-72502946.png,gs://tanzania_02032026/TZ2025-Box5/KTR-72502946/dpc-069-KTR-72502946.png,slightly dense,some rouleaux,4,2,KTR-72502946,69,train,,,,0.2213924745,167.0,0.5338773656,0.1031960435,3.863208564,57.13783272,0.1366033163,0.2441118613,0.2121757326,0.4456582242,slightly dense,0.4032970967,slight rouleaux,False
tanzania-080526/dpc-070-KTR-72502946.png,tanzania-080526,dpc-070-KTR-72502946.png,gs://tanzania_02032026/TZ2025-Box5/KTR-72502946/dpc-070-KTR-72502946.png,slightly dense,some rouleaux,4,2,KTR-72502946,70,train,,,,0.2238996173,167.0,0.5419522682,0.1025567119,3.907603205,60.49327969,0.1428086735,0.2201814883,0.339984056,0.4790382628,slightly dense,0.4406928722,slight rouleaux,False
tanzania-080526/dpc-071-KTR-72502946.png,tanzania-080526,dpc-071-KTR-72502946.png,gs://tanzania_02032026/TZ2025-Box5/KTR-72502946/dpc-071-KTR-72502946.png,slightly dense,some rouleaux,4,2,KTR-72502946,71,train,,,,0.2318998724,167.0,0.5379277973,0.1071544849,3.913508189,59.97093032,0.1426082908,0.257623534,0.3676537808,0.5090996812,slightly dense,0.4755489324,some rouleaux,False
tanzania-080526/dpc-072-KTR-72502946.png,tanzania-080526,dpc-072-KTR-72502946.png,gs://tanzania_02032026/TZ2025-Box5/KTR-72502946/dpc-072-KTR-72502946.png,slightly dense,some rouleaux,4,2,KTR-72502946,72,train,,,,0.2254455357,167.0,0.5386001088,0.1040205457,3.885795329,60.81441003,0.14361875,0.2360429892,0.3929027918,0.4982816354,slightly dense,0.4665593513,some rouleaux,False
tanzania-080526/dpc-073-KTR-72502946.png,tanzania-080526,dpc-073-KTR-72502946.png,gs://tanzania_02032026/TZ2025-Box5/KTR-72502946/dpc-073-KTR-72502946.png,monolayer,no rouleaux,3,0,KTR-72502946,73,train,,,,0.2807061224,167.0,0.5681776934,0.1212151653,3.999372613,67.68766226,0.1508269133,0.07424075621,0.1740904592,0.4905769551,slightly dense,0.4301556854,slight rouleaux,False
tanzania-080526/dpc-074-KTR-72502946.png,tanzania-080526,dpc-074-KTR-72502946.png,gs://tanzania_02032026/TZ2025-Box5/KTR-72502946/dpc-074-KTR-72502946.png,monolayer,no rouleaux,3,0,KTR-72502946,74,train,,,,0.246109949,168.0,0.5758818532,0.1043796955,3.988589687,64.82700242,0.1531038265,0.07871334285,0.2152656335,0.4478830981,slightly dense,0.3837918018,slight rouleaux,False
tanzania-080526/dpc-075-KTR-72502946.png,tanzania-080526,dpc-075-KTR-72502946.png,gs://tanzania_02032026/TZ2025-Box5/KTR-72502946/dpc-075-KTR-72502946.png,monolayer,no rouleaux,3,0,KTR-72502946,75,train,,,,0.2146751276,169.0,0.572475346,0.09177890963,3.933573025,63.09943446,0.1472298469,0.08285640542,0.1653532776,0.3858628896,monolayer,0.3195599229,no rouleaux,False
tanzania-080526/dpc-076-KTR-72502946.png,tanzania-080526,dpc-076-KTR-72502946.png,gs://tanzania_02032026/TZ2025-Box5/KTR-72502946/dpc-076-KTR-72502946.png,monolayer,no rouleaux,3,0,KTR-72502946,76,train,,,,0.2125540816,169.0,0.5719883021,0.09097563338,3.946732301,62.88104084,0.1466565051,0.07315084806,0.2018333202,0.3875726141,monolayer,0.3232823208,no rouleaux,False
tanzania-080526/dpc-077-KTR-72502946.png,tanzania-080526,dpc-077-KTR-72502946.png,gs://tanzania_02032026/TZ2025-Box5/KTR-72502946/dpc-077-KTR-72502946.png,monolayer,no rouleaux,3,0,KTR-72502946,77,train,,,,0.2021681122,169.0,0.5578453875,0.08938956332,3.902864423,63.01351325,0.1419091837,0.1106904835,0.3863353539,0.4212329768,monolayer,0.3790480316,slight rouleaux,False
tanzania-080526/dpc-078-KTR-72502946.png,tanzania-080526,dpc-078-KTR-72502946.png,gs://tanzania_02032026/TZ2025-Box5/KTR-72502946/dpc-078-KTR-72502946.png,dense,rouleaux,5,3,KTR-72502946,78,train,,,,0.2710336735,167.0,0.5581841993,0.1197469595,4.056636777,76.21932582,0.1642545918,0.1469780723,0.4998239677,0.5998015232,dense,0.5607630474,rouleaux,False
tanzania-080526/dpc-079-KTR-72502946.png,tanzania-080526,dpc-079-KTR-72502946.png,gs://tanzania_02032026/TZ2025-Box5/KTR-72502946/dpc-079-KTR-72502946.png,very dense,heavy rouleaux,6,4,KTR-72502946,79,train,,,,0.358058801,164.0,0.5587228605,0.1580031635,4.108341317,79.13408968,0.1668237245,0.1840463257,0.3563066377,0.7126363518,very dense,0.6712092037,heavy rouleaux,False
tanzania-080526/dpc-080-KTR-72502946.png,tanzania-080526,dpc-080-KTR-72502946.png,gs://tanzania_02032026/TZ2025-Box5/KTR-72502946/dpc-080-KTR-72502946.png,very dense,heavy rouleaux,6,4,KTR-72502946,80,train,,,,0.3713655612,164.0,0.5665545554,0.1609667108,4.1333592,84.66134795,0.1721696429,0.1856278498,0.3333259942,0.7369157776,very dense,0.6909214616,heavy rouleaux,False
tanzania-080526/dpc-081-KTR-72502946.png,tanzania-080526,dpc-081-KTR-72502946.png,gs://tanzania_02032026/TZ2025-Box5/KTR-72502946/dpc-081-KTR-72502946.png,very dense,heavy rouleaux,6,4,KTR-72502946,81,train,,,,0.4054053571,163.0,0.5811784323,0.1697925072,4.18167033,78.66324252,0.1646872449,0.2290900685,0.3733494201,0.7871966877,very dense,0.7467869348,heavy rouleaux,False
tanzania-080526/dpc-082-KTR-72502946.png,tanzania-080526,dpc-082-KTR-72502946.png,gs://tanzania_02032026/TZ2025-Box5/KTR-72502946/dpc-082-KTR-72502946.png,very dense,heavy rouleaux,6,4,KTR-72502946,82,train,,,,0.4014716837,163.0,0.5840621278,0.1669872779,4.181364181,89.91177492,0.1788855867,0.2107559819,0.3187431685,0.7862842782,very dense,0.7347907877,heavy rouleaux,False
tanzania-080526/dpc-083-KTR-72502946.png,tanzania-080526,dpc-083-KTR-72502946.png,gs://tanzania_02032026/TZ2025-Box5/KTR-72502946/dpc-083-KTR-72502946.png,dense,rouleaux,5,3,KTR-72502946,83,train,,,,0.3092983418,165.0,0.5444045296,0.1409149235,4.017304133,65.09261303,0.1514108418,0.3045224809,0.9568137334,0.7737491817,very dense,0.7891235966,heavy rouleaux,False
tanzania-080526/dpc-084-KTR-72502946.png,tanzania-080526,dpc-084-KTR-72502946.png,gs://tanzania_02032026/TZ2025-Box5/KTR-72502946/dpc-084-KTR-72502946.png,monolayer,slight rouleaux,3,1,KTR-72502946,84,train,,,Other Dimples,0.2875872449,165.0,0.5450199118,0.13084647,3.907851077,55.84470768,0.1402117347,0.1776219584,0.3904976545,0.5567830259,slightly dense,0.5306362397,some rouleaux,False
tanzania-080526/dpc-085-KTR-72502946.png,tanzania-080526,dpc-085-KTR-72502946.png,gs://tanzania_02032026/TZ2025-Box5/KTR-72502946/dpc-085-KTR-72502946.png,slightly dense,slight rouleaux,4,1,KTR-72502946,85,train,,,Other Dimples,0.2585670918,166.0,0.5555073712,0.1149311664,3.869686191,58.94886798,0.1469891582,0.1459196848,0.307936016,0.4921658646,slightly dense,0.4519232607,some rouleaux,False
tanzania-080526/dpc-086-KTR-72502946.png,tanzania-080526,dpc-086-KTR-72502946.png,gs://tanzania_02032026/TZ2025-Box5/KTR-72502946/dpc-086-KTR-72502946.png,monolayer,slight rouleaux,3,1,KTR-72502946,86,train,,,Other Dimples,0.2221482143,167.0,0.5599602657,0.09775404118,3.805353632,56.94207949,0.141002551,0.1290090553,0.4495770831,0.4528447711,slightly dense,0.4240537435,slight rouleaux,False
tanzania-080526/dpc-087-KTR-72502946.png,tanzania-080526,dpc-087-KTR-72502946.png,gs://tanzania_02032026/TZ2025-Box5/KTR-72502946/dpc-087-KTR-72502946.png,monolayer,slight rouleaux,3,1,KTR-72502946,87,train,,,Other Dimples,0.2137941327,167.0,0.5586462161,0.09435884943,3.788813189,56.65377534,0.1378866071,0.1073855941,0.2620889726,0.3907296372,monolayer,0.34722178,no rouleaux,False
tanzania-080526/dpc-088-KTR-72502946.png,tanzania-080526,dpc-088-KTR-72502946.png,gs://tanzania_02032026/TZ2025-Box5/KTR-72502946/dpc-088-KTR-72502946.png,monolayer,slight rouleaux,3,1,KTR-72502946,88,train,,,Other Dimples,0.227841199,167.0,0.5623048432,0.09972498931,3.827052067,63.50949787,0.1502403061,0.1066138651,0.2262742427,0.4237952358,monolayer,0.3719579704,no rouleaux,False
tanzania-080526/dpc-089-KTR-72502946.png,tanzania-080526,dpc-089-KTR-72502946.png,gs://tanzania_02032026/TZ2025-Box5/KTR-72502946/dpc-089-KTR-72502946.png,monolayer,slight rouleaux,3,1,KTR-72502946,89,train,,,Other Dimples,0.2396964286,166.0,0.5652767729,0.1042016049,3.788443477,54.49807984,0.1384258929,0.1113021337,0.289210142,0.4295911494,monolayer,0.3903201136,slight rouleaux,False
tanzania-080526/dpc-090-KTR-72502946.png,tanzania-080526,dpc-090-KTR-72502946.png,gs://tanzania_02032026/TZ2025-Box5/KTR-72502946/dpc-090-KTR-72502946.png,monolayer,no rouleaux,3,0,KTR-72502946,90,train,,,Other Dimples,0.2126424745,167.0,0.5659931336,0.09228829402,3.751132891,51.86391817,0.1319281888,0.1157532179,0.3349248857,0.3917817509,monolayer,0.3571280382,no rouleaux,False
tanzania-080526/dpc-091-KTR-72502946.png,tanzania-080526,dpc-091-KTR-72502946.png,gs://tanzania_02032026/TZ2025-Box5/KTR-72502946/dpc-091-KTR-72502946.png,monolayer,no rouleaux,3,0,KTR-72502946,91,train,,,,0.2746360969,167.0,0.5642899195,0.1196617159,3.975379487,68.05391038,0.1519225765,0.07453059009,0.09436785812,0.4730422335,slightly dense,0.4094252552,slight rouleaux,False
tanzania-080526/dpc-092-KTR-72502946.png,tanzania-080526,dpc-092-KTR-72502946.png,gs://tanzania_02032026/TZ2025-Box5/KTR-72502946/dpc-092-KTR-72502946.png,monolayer,no rouleaux,3,0,KTR-72502946,92,train,,,,0.2373485969,168.0,0.5706370547,0.1019086926,3.933904755,68.32652114,0.15734375,0.07339508174,0.2665743423,0.4515252979,slightly dense,0.3932518567,slight rouleaux,False
tanzania-080526/dpc-093-KTR-72502946.png,tanzania-080526,dpc-093-KTR-72502946.png,gs://tanzania_02032026/TZ2025-Box5/KTR-72502946/dpc-093-KTR-72502946.png,monolayer,no rouleaux,3,0,KTR-72502946,93,train,,,,0.2192014031,169.0,0.575444017,0.09306326716,3.945864262,64.48079923,0.1540340561,0.06990570977,0.1737500239,0.3971185918,monolayer,0.3277394838,no rouleaux,False
tanzania-080526/dpc-094-KTR-72502946.png,tanzania-080526,dpc-094-KTR-72502946.png,gs://tanzania_02032026/TZ2025-Box5/KTR-72502946/dpc-094-KTR-72502946.png,monolayer,no rouleaux,3,0,KTR-72502946,94,train,,,,0.219513648,169.0,0.5848062806,0.09114068795,3.966322327,62.05168124,0.1518483418,0.06623952009,0.1590646824,0.3870838084,monolayer,0.3140662054,no rouleaux,False
tanzania-080526/dpc-095-KTR-72502946.png,tanzania-080526,dpc-095-KTR-72502946.png,gs://tanzania_02032026/TZ2025-Box5/KTR-72502946/dpc-095-KTR-72502946.png,monolayer,no rouleaux,3,0,KTR-72502946,95,train,,,,0.219716199,169.0,0.5932303371,0.08937388419,3.966140654,59.75644801,0.1493243622,0.08678682742,0.2609929949,0.4084712896,monolayer,0.3436512919,no rouleaux,False
tanzania-080526/dpc-096-KTR-72502946.png,tanzania-080526,dpc-096-KTR-72502946.png,gs://tanzania_02032026/TZ2025-Box5/KTR-72502946/dpc-096-KTR-72502946.png,slightly dense,slight rouleaux,4,1,KTR-72502946,96,train,,,,0.2754630102,167.0,0.5780174117,0.116240594,4.058588127,68.57886717,0.1631378827,0.08328731069,0.2490330404,0.5137234792,slightly dense,0.4482253092,slight rouleaux,False
tanzania-080526/dpc-097-KTR-72502946.png,tanzania-080526,dpc-097-KTR-72502946.png,gs://tanzania_02032026/TZ2025-Box5/KTR-72502946/dpc-097-KTR-72502946.png,slightly dense,slight rouleaux,4,1,KTR-72502946,97,train,,,,0.3024302296,166.0,0.5716969354,0.1295317942,4.062360163,72.01591134,0.1648095663,0.1089449974,0.1882954769,0.5550373761,slightly dense,0.4897561892,some rouleaux,False
tanzania-080526/dpc-098-KTR-72502946.png,tanzania-080526,dpc-098-KTR-72502946.png,gs://tanzania_02032026/TZ2025-Box5/KTR-72502946/dpc-098-KTR-72502946.png,very dense,heavy rouleaux,6,4,KTR-72502946,98,train,,,,0.3713530612,164.0,0.5621896408,0.1625822171,4.146631883,80.98182227,0.1693508929,0.2611762173,0.2403424603,0.7374689807,very dense,0.6864069013,heavy rouleaux,False
tanzania-080526/dpc-099-KTR-72502946.png,tanzania-080526,dpc-099-KTR-72502946.png,gs://tanzania_02032026/TZ2025-Box5/KTR-72502946/dpc-099-KTR-72502946.png,very dense,heavy rouleaux,6,4,KTR-72502946,99,train,,,,0.4459241071,162.0,0.5925837328,0.1816767352,4.210338189,87.60279875,0.1774610969,0.2383355599,0.3351923761,0.8432439365,very dense,0.7963794441,heavy rouleaux,False
tanzania-080526/dpc-100-KTR-72502946.png,tanzania-080526,dpc-100-KTR-72502946.png,gs://tanzania_02032026/TZ2025-Box5/KTR-72502946/dpc-100-KTR-72502946.png,very dense,heavy rouleaux,6,4,KTR-72502946,100,train,,,,0.4924894133,160.0,0.6175345056,0.1883602069,4.25819736,86.37347537,0.1722339286,0.1929635805,0.4492009154,0.8501363368,very dense,0.8108243275,heavy rouleaux,False
tanzania-080526/dpc-101-KTR-72502946.png,tanzania-080526,dpc-101-KTR-72502946.png,gs://tanzania_02032026/TZ2025-Box5/KTR-72502946/dpc-101-KTR-72502946.png,dense,rouleaux,5,3,KTR-72502946,101,train,,,,0.4017303571,163.0,0.5720145361,0.1719347532,4.18395827,65.81946049,0.1485816327,0.2873071237,0.8865913356,0.8835677136,very dense,0.8935742536,heavy rouleaux,False
tanzania-080526/dpc-102-KTR-72502946.png,tanzania-080526,dpc-102-KTR-72502946.png,gs://tanzania_02032026/TZ2025-Box5/KTR-72502946/dpc-102-KTR-72502946.png,slightly dense,slight rouleaux,4,1,KTR-72502946,102,train,,,,0.348483801,164.0,0.5563788246,0.1545947934,4.069602093,55.78273761,0.1430835459,0.1464410084,0.2903611292,0.6187442861,dense,0.5791048217,rouleaux,False
tanzania-080526/dpc-103-KTR-72502946.png,tanzania-080526,dpc-103-KTR-72502946.png,gs://tanzania_02032026/TZ2025-Box5/KTR-72502946/dpc-103-KTR-72502946.png,slightly dense,slight rouleaux,4,1,KTR-72502946,103,train,,,,0.3022322704,165.0,0.5580396186,0.1335746895,3.996559092,63.6819494,0.1577674745,0.1664545468,0.3846218936,0.5986508684,dense,0.559458264,rouleaux,False
tanzania-080526/dpc-104-KTR-72502946.png,tanzania-080526,dpc-104-KTR-72502946.png,gs://tanzania_02032026/TZ2025-Box5/KTR-72502946/dpc-104-KTR-72502946.png,slightly dense,slight rouleaux,4,1,KTR-72502946,104,train,,,,0.2709554847,166.0,0.5640717382,0.1181171535,3.948842014,60.21316755,0.1523581633,0.1488161978,0.4341528147,0.5454256406,slightly dense,0.508950658,some rouleaux,False
tanzania-080526/dpc-105-KTR-72502946.png,tanzania-080526,dpc-105-KTR-72502946.png,gs://tanzania_02032026/TZ2025-Box5/KTR-72502946/dpc-105-KTR-72502946.png,slightly dense,slight rouleaux,4,1,KTR-72502946,105,train,,,Other Dimples,0.270030102,166.0,0.5706464616,0.1159383798,3.910065823,58.10225,0.1508297194,0.1283022401,0.2548243336,0.4907812971,slightly dense,0.4401660952,slight rouleaux,False
tanzania-080526/dpc-106-KTR-72502946.png,tanzania-080526,dpc-106-KTR-72502946.png,gs://tanzania_02032026/TZ2025-Box5/KTR-72502946/dpc-106-KTR-72502946.png,slightly dense,slight rouleaux,4,1,KTR-72502946,106,train,,,,0.2664498724,166.0,0.5677421388,0.115175052,3.915779671,68.90540329,0.1637746173,0.132341839,0.194183038,0.5015893951,slightly dense,0.4417463145,slight rouleaux,False
tanzania-080526/dpc-107-KTR-72502946.png,tanzania-080526,dpc-107-KTR-72502946.png,gs://tanzania_02032026/TZ2025-Box5/KTR-72502946/dpc-107-KTR-72502946.png,slightly dense,no rouleaux,4,0,KTR-72502946,107,train,,,,0.3008932398,165.0,0.5680288797,0.1299771899,3.939810681,69.49847908,0.166392602,0.1255130094,0.3741508059,0.5893803136,dense,0.5466225949,some rouleaux,False
tanzania-080526/dpc-108-KTR-72502946.png,tanzania-080526,dpc-108-KTR-72502946.png,gs://tanzania_02032026/TZ2025-Box5/KTR-72502946/dpc-108-KTR-72502946.png,slightly dense,slight rouleaux,4,1,KTR-72502946,108,train,,,,0.2733030612,166.0,0.5722859225,0.1168955667,3.898088567,66.79377033,0.1619395408,0.1095689276,0.3117524412,0.5214236546,slightly dense,0.4723910863,some rouleaux,False
tanzania-080526/dpc-109-KTR-72502946.png,tanzania-080526,dpc-109-KTR-72502946.png,gs://tanzania_02032026/TZ2025-Box5/KTR-72502946/dpc-109-KTR-72502946.png,monolayer,no rouleaux,3,0,KTR-72502946,109,train,,,,0.2266728316,169.0,0.5796558066,0.09528060859,3.933561663,81.55697547,0.1712932398,0.06706621472,0.126550882,0.4332754833,monolayer,0.3560000954,no rouleaux,False
tanzania-080526/dpc-110-KTR-72502946.png,tanzania-080526,dpc-110-KTR-72502946.png,gs://tanzania_02032026/TZ2025-Box5/KTR-72502946/dpc-110-KTR-72502946.png,monolayer,no rouleaux,3,0,KTR-72502946,110,train,,,,0.2215658163,169.0,0.592754688,0.09023163999,3.945213884,74.40061379,0.1672201531,0.08062536011,0.1904678954,0.4284072407,monolayer,0.3535832041,no rouleaux,False
tanzania-080526/dpc-111-KTR-72502946.png,tanzania-080526,dpc-111-KTR-72502946.png,gs://tanzania_02032026/TZ2025-Box5/KTR-72502946/dpc-111-KTR-72502946.png,monolayer,no rouleaux,3,0,KTR-72502946,111,train,,,,0.1995919643,170.0,0.5948247615,0.08086972173,3.916988267,70.9961282,0.1619658163,0.1064392191,0.2327353667,0.4051860472,monolayer,0.3345716435,no rouleaux,False
tanzania-080526/dpc-112-KTR-72502946.png,tanzania-080526,dpc-112-KTR-72502946.png,gs://tanzania_02032026/TZ2025-Box5/KTR-72502946/dpc-112-KTR-72502946.png,monolayer,no rouleaux,3,0,KTR-72502946,112,train,,,,0.210832398,169.0,0.602828357,0.08373664989,3.928060275,66.5889491,0.1593821429,0.09367961766,0.1854716414,0.3965416861,monolayer,0.3215383317,no rouleaux,False
tanzania-080526/dpc-113-KTR-72502946.png,tanzania-080526,dpc-113-KTR-72502946.png,gs://tanzania_02032026/TZ2025-Box5/KTR-72502946/dpc-113-KTR-72502946.png,monolayer,no rouleaux,3,0,KTR-72502946,113,train,,,,0.2132639031,169.0,0.6077283383,0.08365738564,3.949460788,63.7429488,0.1571193878,0.1224740197,0.3635125747,0.441247121,monolayer,0.3804293694,slight rouleaux,False
tanzania-080526/dpc-114-KTR-72502946.png,tanzania-080526,dpc-114-KTR-72502946.png,gs://tanzania_02032026/TZ2025-Box5/KTR-72502946/dpc-114-KTR-72502946.png,slightly dense,some rouleaux,4,2,KTR-72502946,114,train,,,,0.26364375,167.0,0.5863760706,0.1090493638,4.067844383,72.22001419,0.171198852,0.09735113727,0.2122006242,0.5042105046,slightly dense,0.4291940623,slight rouleaux,False
tanzania-080526/dpc-115-KTR-72502946.png,tanzania-080526,dpc-115-KTR-72502946.png,gs://tanzania_02032026/TZ2025-Box5/KTR-72502946/dpc-115-KTR-72502946.png,slightly dense,slight rouleaux,4,1,KTR-72502946,115,train,,,,0.3028545918,166.0,0.5774756592,0.1279634368,4.098714802,73.85612495,0.1680241071,0.1033996787,0.2052465689,0.562673166,slightly dense,0.4942787376,some rouleaux,False
tanzania-080526/dpc-116-KTR-72502946.png,tanzania-080526,dpc-116-KTR-72502946.png,gs://tanzania_02032026/TZ2025-Box5/KTR-72502946/dpc-116-KTR-72502946.png,dense,rouleaux,5,3,KTR-72502946,116,train,,,,0.329907398,165.0,0.5519645343,0.1478102147,4.103992124,69.84596886,0.1543719388,0.2005137007,0.4939206533,0.6868962199,dense,0.6589273829,rouleaux,False
tanzania-080526/dpc-117-KTR-72502946.png,tanzania-080526,dpc-117-KTR-72502946.png,gs://tanzania_02032026/TZ2025-Box5/KTR-72502946/dpc-117-KTR-72502946.png,very dense,heavy rouleaux,6,4,KTR-72502946,117,train,,,,0.3736825255,164.0,0.5714185809,0.1601533871,4.189810104,77.98256513,0.1624554847,0.2206140698,0.3377863563,0.7361560313,very dense,0.6905913929,heavy rouleaux,False
tanzania-080526/dpc-118-KTR-72502946.png,tanzania-080526,dpc-118-KTR-72502946.png,gs://tanzania_02032026/TZ2025-Box5/KTR-72502946/dpc-118-KTR-72502946.png,very dense,heavy rouleaux,6,4,KTR-72502946,118,train,,,,0.4545403061,161.0,0.598269413,0.182602744,4.236372762,86.93625301,0.1745289541,0.1881687407,0.2413422848,0.8050813139,very dense,0.7496051373,heavy rouleaux,False
tanzania-080526/dpc-119-KTR-72502946.png,tanzania-080526,dpc-119-KTR-72502946.png,gs://tanzania_02032026/TZ2025-Box5/KTR-72502946/dpc-119-KTR-72502946.png,dense,heavy rouleaux,5,4,KTR-72502946,119,train,,,,0.4308649235,162.0,0.5939769985,0.1749410695,4.215057007,78.39031126,0.1713232143,0.1877592928,0.4789772296,0.829256397,very dense,0.7931031085,heavy rouleaux,False
tanzania-080526/dpc-120-KTR-72502946.png,tanzania-080526,dpc-120-KTR-72502946.png,gs://tanzania_02032026/TZ2025-Box5/KTR-72502946/dpc-120-KTR-72502946.png,dense,some rouleaux,5,2,KTR-72502946,120,train,,,,0.392190051,163.0,0.575142971,0.1666246999,4.135454541,68.3576021,0.1661202806,0.09115052755,0.2530471966,0.6848072426,dense,0.6308582939,rouleaux,False
tanzania-080526/dpc-121-KTR-72502946.png,tanzania-080526,dpc-121-KTR-72502946.png,gs://tanzania_02032026/TZ2025-Box5/KTR-72502946/dpc-121-KTR-72502946.png,slightly dense,slight rouleaux,4,1,KTR-72502946,121,train,,,,0.3076829082,165.0,0.5672065962,0.1331631331,4.008308452,74.52387862,0.1748067602,0.1091978012,0.2994555293,0.595990096,dense,0.5407431373,some rouleaux,False
tanzania-080526/dpc-122-KTR-72502946.png,tanzania-080526,dpc-122-KTR-72502946.png,gs://tanzania_02032026/TZ2025-Box5/KTR-72502946/dpc-122-KTR-72502946.png,slightly dense,some rouleaux,4,2,KTR-72502946,122,train,,,,0.2773404337,166.0,0.5736808424,0.1182355401,3.926235193,76.57378711,0.1745063776,0.0930962383,0.22223018,0.5280604395,slightly dense,0.4658063818,some rouleaux,False
tanzania-080526/dpc-123-KTR-72502946.png,tanzania-080526,dpc-123-KTR-72502946.png,gs://tanzania_02032026/TZ2025-Box5/KTR-72502946/dpc-123-KTR-72502946.png,slightly dense,some rouleaux,4,2,KTR-72502946,123,train,,,,0.2376043367,167.0,0.5809387166,0.09957077829,3.84710104,71.25618252,0.1665480867,0.1103043156,0.2464603859,0.4636369771,slightly dense,0.4042568398,slight rouleaux,False
tanzania-080526/dpc-124-KTR-72502946.png,tanzania-080526,dpc-124-KTR-72502946.png,gs://tanzania_02032026/TZ2025-Box5/KTR-72502946/dpc-124-KTR-72502946.png,slightly dense,slight rouleaux,4,1,KTR-72502946,124,train,,,,0.2702452806,166.0,0.5795607212,0.1136217309,3.89176383,80.44634784,0.1784246173,0.09931513312,0.2070626391,0.5220285362,slightly dense,0.4574759313,some rouleaux,False
tanzania-080526/dpc-125-KTR-72502946.png,tanzania-080526,dpc-125-KTR-72502946.png,gs://tanzania_02032026/TZ2025-Box5/KTR-72502946/dpc-125-KTR-72502946.png,slightly dense,slight rouleaux,4,1,KTR-72502946,125,train,,,,0.3019679847,165.0,0.5759338696,0.1280543948,3.873232829,77.99671961,0.1788007653,0.1011270129,0.1930042241,0.559885442,slightly dense,0.4999029447,some rouleaux,False
tanzania-080526/dpc-126-KTR-72502946.png,tanzania-080526,dpc-126-KTR-72502946.png,gs://tanzania_02032026/TZ2025-Box5/KTR-72502946/dpc-126-KTR-72502946.png,slightly dense,some rouleaux,4,2,KTR-72502946,126,train,,,,0.2706752551,166.0,0.5780491664,0.1142116495,3.856520136,75.75232706,0.1737253827,0.1248073814,0.2852217349,0.5353784938,slightly dense,0.481723721,some rouleaux,False
tanzania-080526/dpc-127-KTR-72502946.png,tanzania-080526,dpc-127-KTR-72502946.png,gs://tanzania_02032026/TZ2025-Box5/KTR-72502946/dpc-127-KTR-72502946.png,monolayer,no rouleaux,3,0,KTR-72502946,127,train,,,,0.2192343112,169.0,0.5741786779,0.09335464425,3.921603498,77.2734377,0.1625044643,0.07127549957,0.1242521837,0.4113941066,monolayer,0.3379762448,no rouleaux,False
tanzania-080526/dpc-128-KTR-72502946.png,tanzania-080526,dpc-128-KTR-72502946.png,gs://tanzania_02032026/TZ2025-Box5/KTR-72502946/dpc-128-KTR-72502946.png,monolayer,no rouleaux,3,0,KTR-72502946,128,train,,,,0.1997359694,170.0,0.5863742984,0.08261593048,3.932237112,72.18624115,0.1601140306,0.05705144575,0.1479200518,0.3754327251,monolayer,0.2983424765,no rouleaux,False
tanzania-080526/dpc-129-KTR-72502946.png,tanzania-080526,dpc-129-KTR-72502946.png,gs://tanzania_02032026/TZ2025-Box5/KTR-72502946/dpc-129-KTR-72502946.png,monolayer,no rouleaux,3,0,KTR-72502946,129,train,,,,0.1908457908,170.0,0.5941150774,0.07746142903,3.869843968,63.89062357,0.1486653061,0.0924084734,0.2054381652,0.3594369511,monolayer,0.2927140545,no rouleaux,False
tanzania-080526/dpc-130-KTR-72502946.png,tanzania-080526,dpc-130-KTR-72502946.png,gs://tanzania_02032026/TZ2025-Box5/KTR-72502946/dpc-130-KTR-72502946.png,monolayer,no rouleaux,3,0,KTR-72502946,130,train,,,,0.1854984694,170.0,0.5959328235,0.07495384277,3.860889935,64.79522637,0.1510983418,0.08800247503,0.2699215364,0.3668976816,monolayer,0.3039490466,no rouleaux,False
tanzania-080526/dpc-131-KTR-72502946.png,tanzania-080526,dpc-131-KTR-72502946.png,gs://tanzania_02032026/TZ2025-Box5/KTR-72502946/dpc-131-KTR-72502946.png,monolayer,no rouleaux,3,0,KTR-72502946,131,train,,,,0.1865896684,170.0,0.5980532349,0.0749991136,3.89892801,61.90101023,0.1492625,0.09525063256,0.2201598671,0.3564638549,monolayer,0.2874146355,no rouleaux,False
tanzania-080526/dpc-132-KTR-72502946.png,tanzania-080526,dpc-132-KTR-72502946.png,gs://tanzania_02032026/TZ2025-Box5/KTR-72502946/dpc-132-KTR-72502946.png,monolayer,no rouleaux,3,0,KTR-72502946,132,train,,,,0.2107352041,169.0,0.5793190051,0.08865229531,4.019240571,65.18351317,0.1552993622,0.09836123096,0.2324026056,0.4129171551,monolayer,0.3423879705,no rouleaux,False
tanzania-080526/dpc-133-KTR-72502946.png,tanzania-080526,dpc-133-KTR-72502946.png,gs://tanzania_02032026/TZ2025-Box5/KTR-72502946/dpc-133-KTR-72502946.png,slightly dense,rouleaux,4,3,KTR-72502946,133,train,,,,0.3006352041,166.0,0.571267583,0.1288920577,4.102311521,71.70749724,0.1609751276,0.08731353918,0.2398609653,0.5553522519,slightly dense,0.4929237852,some rouleaux,False
tanzania-080526/dpc-134-KTR-72502946.png,tanzania-080526,dpc-134-KTR-72502946.png,gs://tanzania_02032026/TZ2025-Box5/KTR-72502946/dpc-134-KTR-72502946.png,slightly dense,rouleaux,4,3,KTR-72502946,134,train,,,,0.3647242347,164.0,0.5719502297,0.1561201249,4.143967384,74.31575958,0.1612137755,0.1159059894,0.3789816871,0.6886771925,dense,0.6452450014,rouleaux,False
tanzania-080526/dpc-135-KTR-72502946.png,tanzania-080526,dpc-135-KTR-72502946.png,gs://tanzania_02032026/TZ2025-Box5/KTR-72502946/dpc-135-KTR-72502946.png,dense,heavy rouleaux,5,4,KTR-72502946,135,train,,,,0.4390880102,162.0,0.5816179283,0.1837065514,4.218936158,71.44978607,0.1581521684,0.1137806297,0.3579838497,0.7671327312,very dense,0.7267832126,heavy rouleaux,False
tanzania-080526/dpc-136-KTR-72502946.png,tanzania-080526,dpc-136-KTR-72502946.png,gs://tanzania_02032026/TZ2025-Box5/KTR-72502946/dpc-136-KTR-72502946.png,very dense,heavy rouleaux,6,4,KTR-72502946,136,train,,,,0.5081165816,159.0,0.6315209542,0.1872303132,4.267188561,100.9875046,0.1872295918,0.1702434249,0.2943580741,0.8180656113,very dense,0.7614897721,heavy rouleaux,False
tanzania-080526/dpc-137-KTR-72502946.png,tanzania-080526,dpc-137-KTR-72502946.png,gs://tanzania_02032026/TZ2025-Box5/KTR-72502946/dpc-137-KTR-72502946.png,very dense,heavy rouleaux,6,4,KTR-72502946,137,train,,,,0.4366710459,162.0,0.6146219325,0.1682834438,4.223868786,97.48683078,0.1952547194,0.1726168877,0.3652527562,0.815846633,very dense,0.7635575054,heavy rouleaux,False
tanzania-080526/dpc-138-KTR-72502946.png,tanzania-080526,dpc-138-KTR-72502946.png,gs://tanzania_02032026/TZ2025-Box5/KTR-72502946/dpc-138-KTR-72502946.png,dense,heavy rouleaux,5,4,KTR-72502946,138,train,,,,0.3922834184,163.0,0.5825735912,0.1637494585,4.125960127,85.87059515,0.1854572704,0.09803883111,0.2783146908,0.7255464334,very dense,0.6690312442,heavy rouleaux,False
tanzania-080526/dpc-139-KTR-72502946.png,tanzania-080526,dpc-139-KTR-72502946.png,gs://tanzania_02032026/TZ2025-Box5/KTR-72502946/dpc-139-KTR-72502946.png,dense,rouleaux,5,3,KTR-72502946,139,train,,,,0.3142832908,165.0,0.566528208,0.1362329413,4.023434558,75.52848709,0.173342602,0.1707801816,0.3199642437,0.6312461478,dense,0.5802152947,rouleaux,False
tanzania-080526/dpc-140-KTR-72502946.png,tanzania-080526,dpc-140-KTR-72502946.png,gs://tanzania_02032026/TZ2025-Box5/KTR-72502946/dpc-140-KTR-72502946.png,dense,rouleaux,5,3,KTR-72502946,140,train,,,,0.2706045918,166.0,0.5623897443,0.1184193446,3.933146195,72.14929326,0.1667542092,0.190474863,0.4440908223,0.5892110074,dense,0.5513325848,some rouleaux,False
tanzania-080526/dpc-141-KTR-72502946.png,tanzania-080526,dpc-141-KTR-72502946.png,gs://tanzania_02032026/TZ2025-Box5/KTR-72502946/dpc-141-KTR-72502946.png,dense,some rouleaux,5,2,KTR-72502946,141,train,,,,0.239278699,167.0,0.567822098,0.1034109661,3.916639269,69.46321179,0.1627441327,0.1790530314,0.3806942357,0.518895468,slightly dense,0.4723197056,some rouleaux,False
tanzania-080526/dpc-142-KTR-72502946.png,tanzania-080526,dpc-142-KTR-72502946.png,gs://tanzania_02032026/TZ2025-Box5/KTR-72502946/dpc-142-KTR-72502946.png,dense,some rouleaux,5,2,KTR-72502946,142,train,,,,0.2410339286,167.0,0.5689411453,0.1038998092,3.907525699,72.93923454,0.1660280612,0.2073059823,0.3534269091,0.5317135353,slightly dense,0.4832600876,some rouleaux,False
tanzania-080526/dpc-143-KTR-72502946.png,tanzania-080526,dpc-143-KTR-72502946.png,gs://tanzania_02032026/TZ2025-Box5/KTR-72502946/dpc-143-KTR-72502946.png,dense,some rouleaux,5,2,KTR-72502946,143,train,,,,0.2600512755,166.0,0.5677435007,0.112408854,3.859720606,69.76026121,0.1630243622,0.2267815093,0.4227927294,0.5695958728,slightly dense,0.5339699726,some rouleaux,False
tanzania-080526/dpc-144-KTR-72502946.png,tanzania-080526,dpc-144-KTR-72502946.png,gs://tanzania_02032026/TZ2025-Box5/KTR-72502946/dpc-144-KTR-72502946.png,slightly dense,no rouleaux,4,0,KTR-72502946,144,train,,,,0.2353928571,167.0,0.5761357335,0.09977462073,3.84713712,66.42901918,0.1601798469,0.1733829638,0.3166432224,0.4854150718,slightly dense,0.4360636993,slight rouleaux,False
tanzania-080526/dpc-145-KTR-72502946.png,tanzania-080526,dpc-145-KTR-72502946.png,gs://tanzania_02032026/TZ2025-Box5/KTR-72502946/dpc-145-KTR-72502946.png,monolayer,no rouleaux,3,0,KTR-72502946,145,train,,,,0.2455144133,168.0,0.5653574696,0.1067110058,3.951397151,72.2789667,0.1569043367,0.07579631984,0.1407542607,0.4447763449,slightly dense,0.3780734439,slight rouleaux,False
tanzania-080526/dpc-146-KTR-72502946.png,tanzania-080526,dpc-146-KTR-72502946.png,gs://tanzania_02032026/TZ2025-Box5/KTR-72502946/dpc-146-KTR-72502946.png,monolayer,no rouleaux,3,0,KTR-72502946,146,train,,,,0.2161075255,169.0,0.5718204229,0.09253282888,3.946334826,68.72319537,0.1550844388,0.0987352838,0.1673162196,0.4088365435,monolayer,0.3400684538,no rouleaux,False
tanzania-080526/dpc-147-KTR-72502946.png,tanzania-080526,dpc-147-KTR-72502946.png,gs://tanzania_02032026/TZ2025-Box5/KTR-72502946/dpc-147-KTR-72502946.png,monolayer,no rouleaux,3,0,KTR-72502946,147,train,,,,0.2120326531,169.0,0.5742480538,0.0902733147,3.931229456,63.59404632,0.1475389031,0.09418961196,0.1848977877,0.390556383,monolayer,0.3255401566,no rouleaux,False
tanzania-080526/dpc-148-KTR-72502946.png,tanzania-080526,dpc-148-KTR-72502946.png,gs://tanzania_02032026/TZ2025-Box5/KTR-72502946/dpc-148-KTR-72502946.png,monolayer,no rouleaux,3,0,KTR-72502946,148,train,,,,0.191648852,170.0,0.58169455,0.0801677593,3.915407307,60.1196212,0.145375,0.0936649071,0.1895939353,0.3543737428,monolayer,0.2868602035,no rouleaux,False
tanzania-080526/dpc-149-KTR-72502946.png,tanzania-080526,dpc-149-KTR-72502946.png,gs://tanzania_02032026/TZ2025-Box5/KTR-72502946/dpc-149-KTR-72502946.png,monolayer,no rouleaux,3,0,KTR-72502946,149,train,,,,0.2026047194,169.0,0.5738679077,0.08633637298,3.954637868,58.66750311,0.1445943878,0.1003055825,0.2468692635,0.3847220206,monolayer,0.322856378,no rouleaux,False
tanzania-080526/dpc-150-KTR-72502946.png,tanzania-080526,dpc-150-KTR-72502946.png,gs://tanzania_02032026/TZ2025-Box5/KTR-72502946/dpc-150-KTR-72502946.png,slightly dense,no rouleaux,4,0,KTR-72502946,150,train,,,,0.2359348214,168.0,0.5636400177,0.1029525145,4.06339285,63.35699341,0.15099375,0.09516289427,0.1683852944,0.4331657514,monolayer,0.3627040995,no rouleaux,False
tanzania-080526/dpc-151-KTR-72502946.png,tanzania-080526,dpc-151-KTR-72502946.png,gs://tanzania_02032026/TZ2025-Box5/KTR-72502946/dpc-151-KTR-72502946.png,slightly dense,slight rouleaux,4,1,KTR-72502946,151,train,,,,0.2642932398,167.0,0.5706644818,0.1134704751,4.061132937,63.03577485,0.1532303571,0.1218468906,0.4370338693,0.5373685866,slightly dense,0.4916326707,some rouleaux,False
tanzania-080526/dpc-152-KTR-72502946.png,tanzania-080526,dpc-152-KTR-72502946.png,gs://tanzania_02032026/TZ2025-Box5/KTR-72502946/dpc-152-KTR-72502946.png,slightly dense,rouleaux,4,3,KTR-72502946,152,train,,,Other,0.3062186224,166.0,0.5657216769,0.1329841099,4.102585628,65.86460953,0.1561131378,0.1632244212,0.432605787,0.6186201134,dense,0.5771531608,rouleaux,False
tanzania-080526/dpc-153-KTR-72502946.png,tanzania-080526,dpc-153-KTR-72502946.png,gs://tanzania_02032026/TZ2025-Box5/KTR-72502946/dpc-153-KTR-72502946.png,very dense,heavy rouleaux,6,4,KTR-72502946,153,train,,,,0.3991978316,163.0,0.5751601654,0.1695951408,4.203658688,67.19355394,0.1519255102,0.1414606153,0.3590546678,0.7243915199,very dense,0.6836027048,heavy rouleaux,False
tanzania-080526/dpc-154-KTR-72502946.png,tanzania-080526,dpc-154-KTR-72502946.png,gs://tanzania_02032026/TZ2025-Box5/KTR-72502946/dpc-154-KTR-72502946.png,very dense,heavy rouleaux,6,4,KTR-72502946,154,train,,,,0.4358188776,162.0,0.5934030908,0.1772026086,4.22546933,82.88464932,0.1737952806,0.1802569985,0.489214493,0.8444115488,very dense,0.809360184,heavy rouleaux,False
tanzania-080526/dpc-155-KTR-72502946.png,tanzania-080526,dpc-155-KTR-72502946.png,gs://tanzania_02032026/TZ2025-Box5/KTR-72502946/dpc-155-KTR-72502946.png,very dense,heavy rouleaux,6,4,KTR-72502946,155,train,,,,0.4325664541,162.0,0.6002440025,0.1729210343,4.232495239,79.21080733,0.1701107143,0.1883396863,0.6284961778,0.8599088302,very dense,0.8357197138,heavy rouleaux,False
tanzania-080526/dpc-156-KTR-72502946.png,tanzania-080526,dpc-156-KTR-72502946.png,gs://tanzania_02032026/TZ2025-Box5/KTR-72502946/dpc-156-KTR-72502946.png,very dense,heavy rouleaux,6,4,KTR-72502946,156,train,,,,0.4240109694,162.0,0.5845221947,0.176167147,4.18930033,70.75695712,0.1636110969,0.07774761585,0.2353806983,0.7195793581,very dense,0.6645778026,rouleaux,False
tanzania-080526/dpc-157-KTR-72502946.png,tanzania-080526,dpc-157-KTR-72502946.png,gs://tanzania_02032026/TZ2025-Box5/KTR-72502946/dpc-157-KTR-72502946.png,dense,heavy rouleaux,5,4,KTR-72502946,157,train,,,,0.3901966837,163.0,0.5734801489,0.1664266314,4.147828455,73.6204725,0.1696737245,0.09921680949,0.2426731955,0.694605262,dense,0.6386040536,rouleaux,False
tanzania-080526/dpc-158-KTR-72502946.png,tanzania-080526,dpc-158-KTR-72502946.png,gs://tanzania_02032026/TZ2025-Box5/KTR-72502946/dpc-158-KTR-72502946.png,dense,rouleaux,5,3,KTR-72502946,158,train,,,,0.3499378827,164.0,0.5634514657,0.1527648698,4.063832108,72.86829442,0.1685455357,0.1100109116,0.2302556475,0.6376952882,dense,0.5827025587,rouleaux,False
tanzania-080526/dpc-159-KTR-72502946.png,tanzania-080526,dpc-159-KTR-72502946.png,gs://tanzania_02032026/TZ2025-Box5/KTR-72502946/dpc-159-KTR-72502946.png,dense,rouleaux,5,3,KTR-72502946,159,train,,,,0.3057090561,165.0,0.5565133042,0.1355778992,3.988758823,70.43889868,0.1646892857,0.1091107637,0.2885968873,0.5797005652,slightly dense,0.5304000008,some rouleaux,False
tanzania-080526/dpc-160-KTR-72502946.png,tanzania-080526,dpc-160-KTR-72502946.png,gs://tanzania_02032026/TZ2025-Box5/KTR-72502946/dpc-160-KTR-72502946.png,dense,rouleaux,5,3,KTR-72502946,160,train,,,,0.3117056122,165.0,0.564632794,0.1357064015,4.010920098,76.13946197,0.1722279337,0.08928316604,0.2110056589,0.5776732852,slightly dense,0.5169345867,some rouleaux,False
tanzania-080526/dpc-161-KTR-72502946.png,tanzania-080526,dpc-161-KTR-72502946.png,gs://tanzania_02032026/TZ2025-Box5/KTR-72502946/dpc-161-KTR-72502946.png,dense,some rouleaux,5,2,KTR-72502946,161,train,,,,0.3072255102,165.0,0.5656640275,0.1334390907,3.979149909,70.92442887,0.1691371173,0.1105499336,0.2873856775,0.582328421,slightly dense,0.5300325203,some rouleaux,False
tanzania-080526/dpc-162-KTR-72502946.png,tanzania-080526,dpc-162-KTR-72502946.png,gs://tanzania_02032026/TZ2025-Box5/KTR-72502946/dpc-162-KTR-72502946.png,slightly dense,some rouleaux,4,2,KTR-72502946,162,train,,,,0.301484949,165.0,0.5636765597,0.1315449501,3.968771261,67.94358212,0.164001148,0.1171724753,0.2688983194,0.5643059275,slightly dense,0.5126395941,some rouleaux,False
tanzania-080526/dpc-163-KTR-72502946.png,tanzania-080526,dpc-163-KTR-72502946.png,gs://tanzania_02032026/TZ2025-Box5/KTR-72502946/dpc-163-KTR-72502946.png,monolayer,no rouleaux,3,0,KTR-72502946,163,train,,,,0.2148116071,169.0,0.5703481784,0.09229419831,3.876245443,73.38986959,0.1566970663,0.07010804139,0.1832055634,0.4051570125,monolayer,0.3413038048,no rouleaux,False
tanzania-080526/dpc-164-KTR-72502946.png,tanzania-080526,dpc-164-KTR-72502946.png,gs://tanzania_02032026/TZ2025-Box5/KTR-72502946/dpc-164-KTR-72502946.png,monolayer,no rouleaux,3,0,KTR-72502946,164,train,,,,0.1931127551,170.0,0.5879011261,0.07958154891,3.883235772,62.84199165,0.1490857143,0.06756115211,0.1843502103,0.350530709,monolayer,0.2817220762,no rouleaux,False
tanzania-080526/dpc-165-KTR-72502946.png,tanzania-080526,dpc-165-KTR-72502946.png,gs://tanzania_02032026/TZ2025-Box5/KTR-72502946/dpc-165-KTR-72502946.png,monolayer,no rouleaux,3,0,KTR-72502946,165,train,,,,0.186078699,170.0,0.5804659558,0.07806634912,3.867900933,62.93336467,0.1460858418,0.07086415748,0.2185524761,0.3474183892,monolayer,0.2841580108,no rouleaux,False
tanzania-080526/dpc-166-KTR-72502946.png,tanzania-080526,dpc-166-KTR-72502946.png,gs://tanzania_02032026/TZ2025-Box5/KTR-72502946/dpc-166-KTR-72502946.png,monolayer,no rouleaux,3,0,KTR-72502946,166,train,,,,0.1818225765,170.0,0.5817760158,0.07604256238,3.847745633,59.94164835,0.1423151786,0.06965750264,0.1302224484,0.3137613536,monolayer,0.2447062213,no rouleaux,False
tanzania-080526/dpc-167-KTR-72502946.png,tanzania-080526,dpc-167-KTR-72502946.png,gs://tanzania_02032026/TZ2025-Box5/KTR-72502946/dpc-167-KTR-72502946.png,monolayer,no rouleaux,3,0,KTR-72502946,167,train,,,,0.1790103316,170.0,0.5755179017,0.07598668118,3.862116861,58.1487315,0.1401030612,0.1070200491,0.2908530836,0.3537222286,monolayer,0.2994856928,no rouleaux,False
tanzania-080526/dpc-168-KTR-72502946.png,tanzania-080526,dpc-168-KTR-72502946.png,gs://tanzania_02032026/TZ2025-Box5/KTR-72502946/dpc-168-KTR-72502946.png,monolayer,no rouleaux,3,0,KTR-72502946,168,train,,,,0.1860417092,170.0,0.5775753942,0.07858859566,3.897412781,58.89633495,0.1439977041,0.09899899424,0.3181090857,0.3724467189,monolayer,0.3171734392,no rouleaux,False
tanzania-080526/dpc-169-KTR-72502946.png,tanzania-080526,dpc-169-KTR-72502946.png,gs://tanzania_02032026/TZ2025-Box5/KTR-72502946/dpc-169-KTR-72502946.png,monolayer,no rouleaux,3,0,KTR-72502946,169,train,,,,0.2000144133,169.0,0.5776866976,0.0844687474,3.928923882,58.99687387,0.1459066327,0.1076618301,0.3543791597,0.4056188968,monolayer,0.3527967167,no rouleaux,False
tanzania-080526/dpc-170-KTR-72502946.png,tanzania-080526,dpc-170-KTR-72502946.png,gs://tanzania_02032026/TZ2025-Box5/KTR-72502946/dpc-170-KTR-72502946.png,slightly dense,no rouleaux,4,0,KTR-72502946,170,train,,,,0.2065040816,169.0,0.5793886042,0.08685797002,3.977182693,58.50350538,0.1467353316,0.1231705233,0.2707761595,0.4043975071,monolayer,0.3422966201,no rouleaux,False
tanzania-080526/dpc-171-KTR-72502946.png,tanzania-080526,dpc-171-KTR-72502946.png,gs://tanzania_02032026/TZ2025-Box5/KTR-72502946/dpc-171-KTR-72502946.png,slightly dense,slight rouleaux,4,1,KTR-72502946,171,train,,,,0.2397090561,168.0,0.5794843715,0.1008014044,4.055861213,67.06921293,0.1569016582,0.1084634748,0.2135893355,0.4579510115,slightly dense,0.387546587,slight rouleaux,False
tanzania-080526/dpc-172-KTR-72502946.png,tanzania-080526,dpc-172-KTR-72502946.png,gs://tanzania_02032026/TZ2025-Box5/KTR-72502946/dpc-172-KTR-72502946.png,very dense,heavy rouleaux,6,4,KTR-72502946,172,train,,,,0.3014895408,166.0,0.5702822568,0.1295554051,4.108099795,77.03404513,0.1692395408,0.1684444742,0.4082192162,0.6339919336,dense,0.5846996747,rouleaux,False
tanzania-080526/dpc-173-KTR-72502946.png,tanzania-080526,dpc-173-KTR-72502946.png,gs://tanzania_02032026/TZ2025-Box5/KTR-72502946/dpc-173-KTR-72502946.png,very dense,heavy rouleaux,6,4,KTR-72502946,173,train,,,,0.390280102,163.0,0.5919749674,0.1592440513,4.202759468,76.73495941,0.1653725765,0.1679034984,0.4344474151,0.7527887808,very dense,0.7096663984,heavy rouleaux,False
tanzania-080526/dpc-174-KTR-72502946.png,tanzania-080526,dpc-174-KTR-72502946.png,gs://tanzania_02032026/TZ2025-Box5/KTR-72502946/dpc-174-KTR-72502946.png,very dense,heavy rouleaux,6,4,KTR-72502946,174,train,,,,0.4207845663,162.0,0.6052977448,0.1660846173,4.219595373,77.84437848,0.1688521684,0.1428128058,0.3509372124,0.7646250217,very dense,0.7139129797,heavy rouleaux,False
tanzania-080526/dpc-175-KTR-72502946.png,tanzania-080526,dpc-175-KTR-72502946.png,gs://tanzania_02032026/TZ2025-Box5/KTR-72502946/dpc-175-KTR-72502946.png,very dense,heavy rouleaux,6,4,KTR-72502946,175,train,,,,0.421533801,162.0,0.6066779913,0.1657985214,4.208871373,79.09839626,0.1704744898,0.117665566,0.1864575539,0.724830717,very dense,0.6591326893,rouleaux,False
tanzania-080526/dpc-176-KTR-72502946.png,tanzania-080526,dpc-176-KTR-72502946.png,gs://tanzania_02032026/TZ2025-Box5/KTR-72502946/dpc-176-KTR-72502946.png,dense,heavy rouleaux,5,4,KTR-72502946,176,train,,,,0.3881631378,163.0,0.5923602591,0.1582307209,4.186713658,75.75402636,0.1662840561,0.1355937879,0.30333582,0.7096920034,very dense,0.654900025,rouleaux,False
tanzania-080526/dpc-177-KTR-72502946.png,tanzania-080526,dpc-177-KTR-72502946.png,gs://tanzania_02032026/TZ2025-Box5/KTR-72502946/dpc-177-KTR-72502946.png,dense,heavy rouleaux,5,4,KTR-72502946,177,train,,,,0.3809909439,163.0,0.5796357008,0.1601549911,4.138916853,77.87714828,0.16848125,0.09907179586,0.2359075312,0.682079614,dense,0.6246824293,rouleaux,False
tanzania-080526/dpc-178-KTR-72502946.png,tanzania-080526,dpc-178-KTR-72502946.png,gs://tanzania_02032026/TZ2025-Box5/KTR-72502946/dpc-178-KTR-72502946.png,dense,rouleaux,5,3,KTR-72502946,178,train,,,,0.3773,163.0,0.5763547466,0.1598413541,4.108469068,82.39820726,0.1743255102,0.08952527602,0.1780704432,0.6726898227,dense,0.6103732742,rouleaux,False
tanzania-080526/dpc-179-KTR-72502946.png,tanzania-080526,dpc-179-KTR-72502946.png,gs://tanzania_02032026/TZ2025-Box5/KTR-72502946/dpc-179-KTR-72502946.png,dense,heavy rouleaux,5,4,KTR-72502946,179,train,,,,0.3543186224,164.0,0.5682629977,0.1529724599,4.094282823,78.74445475,0.1741673469,0.114593044,0.2617766331,0.6646231595,dense,0.6086314427,rouleaux,False
tanzania-080526/dpc-180-KTR-72502946.png,tanzania-080526,dpc-180-KTR-72502946.png,gs://tanzania_02032026/TZ2025-Box5/KTR-72502946/dpc-180-KTR-72502946.png,dense,heavy rouleaux,5,4,KTR-72502946,180,train,,,,0.3467701531,164.0,0.5651238132,0.1508020819,4.066785112,74.17782471,0.1678272959,0.1110931234,0.2541119109,0.6394539975,dense,0.5860323654,rouleaux,False
tanzania-080526/dpc-181-KTR-72502946.png,tanzania-080526,dpc-181-KTR-72502946.png,gs://tanzania_02032026/TZ2025-Box5/KTR-72502946/dpc-181-KTR-72502946.png,monolayer,no rouleaux,3,0,KTR-72502946,181,train,,,,0.2154007653,169.0,0.5600896691,0.09475702194,3.9394098,74.82414311,0.1525033163,0.06404586693,0.1475193723,0.4011134815,monolayer,0.3344649095,no rouleaux,False
tanzania-080526/dpc-182-KTR-72502946.png,tanzania-080526,dpc-182-KTR-72502946.png,gs://tanzania_02032026/TZ2025-Box5/KTR-72502946/dpc-182-KTR-72502946.png,monolayer,no rouleaux,3,0,KTR-72502946,182,train,,,,0.1920381378,170.0,0.5800027519,0.0806554894,3.910063164,68.03913052,0.1520715561,0.07248320391,0.1710423008,0.3608023681,monolayer,0.2902094201,no rouleaux,False
tanzania-080526/dpc-183-KTR-72502946.png,tanzania-080526,dpc-183-KTR-72502946.png,gs://tanzania_02032026/TZ2025-Box5/KTR-72502946/dpc-183-KTR-72502946.png,monolayer,no rouleaux,3,0,KTR-72502946,183,train,,,,0.1950126276,170.0,0.5731353146,0.08324400391,3.931099315,65.94701775,0.1468174745,0.05226847808,0.1170800887,0.3467770777,monolayer,0.274484311,no rouleaux,False
tanzania-080526/dpc-184-KTR-72502946.png,tanzania-080526,dpc-184-KTR-72502946.png,gs://tanzania_02032026/TZ2025-Box5/KTR-72502946/dpc-184-KTR-72502946.png,monolayer,no rouleaux,3,0,KTR-72502946,184,train,,,,0.1875059949,170.0,0.5713888624,0.08036715778,3.915067632,63.9248023,0.1428644133,0.05249625541,0.1247673143,0.3297080598,monolayer,0.2590634202,no rouleaux,False
tanzania-080526/dpc-185-KTR-72502946.png,tanzania-080526,dpc-185-KTR-72502946.png,gs://tanzania_02032026/TZ2025-Box5/KTR-72502946/dpc-185-KTR-72502946.png,monolayer,no rouleaux,3,0,KTR-72502946,185,train,,,,0.1870841837,170.0,0.5768609058,0.07916263202,3.926846899,58.33754584,0.139736352,0.07252661911,0.1443302935,0.3259984236,monolayer,0.2559799511,no rouleaux,False
tanzania-080526/dpc-186-KTR-72502946.png,tanzania-080526,dpc-186-KTR-72502946.png,gs://tanzania_02032026/TZ2025-Box5/KTR-72502946/dpc-186-KTR-72502946.png,monolayer,no rouleaux,3,0,KTR-72502946,186,train,,,,0.1901354592,170.0,0.5727439143,0.08123653204,3.924617839,65.23890707,0.1488389031,0.06165388786,0.1708481761,0.350111625,monolayer,0.2803986021,no rouleaux,False
tanzania-080526/dpc-187-KTR-72502946.png,tanzania-080526,dpc-187-KTR-72502946.png,gs://tanzania_02032026/TZ2025-Box5/KTR-72502946/dpc-187-KTR-72502946.png,monolayer,no rouleaux,3,0,KTR-72502946,187,train,,,,0.185532398,170.0,0.5794375017,0.07802796881,3.925148601,59.18843543,0.1435052296,0.06422757303,0.1560262921,0.3273372165,monolayer,0.2559618921,no rouleaux,False
tanzania-080526/dpc-188-KTR-72502946.png,tanzania-080526,dpc-188-KTR-72502946.png,gs://tanzania_02032026/TZ2025-Box5/KTR-72502946/dpc-188-KTR-72502946.png,monolayer,no rouleaux,3,0,KTR-72502946,188,train,,,,0.1865049745,170.0,0.6096046232,0.0728106798,3.922224053,60.44389227,0.1463727041,0.1137888902,0.2931781365,0.372955847,monolayer,0.3079973469,no rouleaux,False
tanzania-080526/dpc-189-KTR-72502946.png,tanzania-080526,dpc-189-KTR-72502946.png,gs://tanzania_02032026/TZ2025-Box5/KTR-72502946/dpc-189-KTR-72502946.png,slightly dense,no rouleaux,4,0,KTR-72502946,189,train,,,,0.2060927296,169.0,0.6053040602,0.0813439636,3.968056721,58.14554524,0.1451702806,0.1156493547,0.3195369022,0.4041582932,monolayer,0.3423003609,no rouleaux,False
tanzania-080526/dpc-190-KTR-72502946.png,tanzania-080526,dpc-190-KTR-72502946.png,gs://tanzania_02032026/TZ2025-Box5/KTR-72502946/dpc-190-KTR-72502946.png,dense,heavy rouleaux,5,4,KTR-72502946,190,train,,,,0.2649929847,167.0,0.5728991207,0.1131787368,4.055114592,69.28942562,0.1590014031,0.1666346429,0.393016602,0.5564556754,slightly dense,0.5066541748,some rouleaux,False
tanzania-080526/dpc-191-KTR-72502946.png,tanzania-080526,dpc-191-KTR-72502946.png,gs://tanzania_02032026/TZ2025-Box5/KTR-72502946/dpc-191-KTR-72502946.png,very dense,heavy rouleaux,6,4,KTR-72502946,191,train,,,,0.4235906888,162.0,0.6127503226,0.1640353576,4.202283549,81.31082316,0.173990051,0.1405147649,0.3876504989,0.7801367979,very dense,0.7295383916,heavy rouleaux,False
tanzania-080526/dpc-192-KTR-72502946.png,tanzania-080526,dpc-192-KTR-72502946.png,gs://tanzania_02032026/TZ2025-Box5/KTR-72502946/dpc-192-KTR-72502946.png,very dense,heavy rouleaux,6,4,KTR-72502946,192,train,,,,0.4469043367,161.0,0.6207023717,0.169509755,4.227734325,83.44488566,0.1776095663,0.1374718645,0.3925391406,0.8052271526,very dense,0.7556422918,heavy rouleaux,False
tanzania-080526/dpc-193-KTR-72502946.png,tanzania-080526,dpc-193-KTR-72502946.png,gs://tanzania_02032026/TZ2025-Box5/KTR-72502946/dpc-193-KTR-72502946.png,very dense,heavy rouleaux,6,4,KTR-72502946,193,train,,,,0.3902045918,163.0,0.6077056008,0.1530750759,4.181302473,81.49829844,0.1792265306,0.163873411,0.3614916532,0.7445486445,very dense,0.6878120306,heavy rouleaux,False
tanzania-080526/dpc-194-KTR-72502946.png,tanzania-080526,dpc-194-KTR-72502946.png,gs://tanzania_02032026/TZ2025-Box5/KTR-72502946/dpc-194-KTR-72502946.png,dense,heavy rouleaux,5,4,KTR-72502946,194,train,,,,0.3886243622,163.0,0.5907512307,0.159044042,4.15233414,81.03093582,0.1766735969,0.1482257172,0.2708623533,0.7223566367,very dense,0.6638636543,rouleaux,False
tanzania-080526/dpc-195-KTR-72502946.png,tanzania-080526,dpc-195-KTR-72502946.png,gs://tanzania_02032026/TZ2025-Box5/KTR-72502946/dpc-195-KTR-72502946.png,dense,heavy rouleaux,5,4,KTR-72502946,195,train,,,,0.3437473214,164.0,0.5735494879,0.1465912213,4.119921677,78.45778102,0.1725664541,0.1576074198,0.2314492349,0.6553099209,dense,0.5944319501,rouleaux,False
tanzania-080526/dpc-196-KTR-72502946.png,tanzania-080526,dpc-196-KTR-72502946.png,gs://tanzania_02032026/TZ2025-Box5/KTR-72502946/dpc-196-KTR-72502946.png,dense,rouleaux,5,3,KTR-72502946,196,train,,,,0.3210100765,165.0,0.5737533624,0.1368294658,4.080612127,83.47766178,0.1777007653,0.1570558032,0.200422879,0.6262825956,dense,0.560445533,rouleaux,False
tanzania-080526/dpc-197-KTR-72502946.png,tanzania-080526,dpc-197-KTR-72502946.png,gs://tanzania_02032026/TZ2025-Box5/KTR-72502946/dpc-197-KTR-72502946.png,dense,rouleaux,5,3,KTR-72502946,197,train,,,,0.3076455357,165.0,0.5639595238,0.1341459059,3.99679512,78.42026262,0.1770397959,0.1642621021,0.3605699777,0.6350144907,dense,0.5871697178,rouleaux,False
tanzania-080526/dpc-198-KTR-72502946.png,tanzania-080526,dpc-198-KTR-72502946.png,gs://tanzania_02032026/TZ2025-Box5/KTR-72502946/dpc-198-KTR-72502946.png,dense,some rouleaux,5,2,KTR-72502946,198,train,,,Overexposed,0.2832547194,166.0,0.5684319675,0.1222436819,3.994716629,74.39630148,0.172719898,0.1571810008,0.2652212453,0.5676805513,slightly dense,0.5087999467,some rouleaux,False
tanzania-080526/dpc-199-KTR-72502946.png,tanzania-080526,dpc-199-KTR-72502946.png,gs://tanzania_02032026/TZ2025-Box5/KTR-72502946/dpc-199-KTR-72502946.png,monolayer,no rouleaux,3,0,KTR-72502946,199,train,,,Large,0.2661821429,167.0,0.5597724816,0.1171807042,3.979879998,67.45330066,0.1446681122,0.08284975107,0.3065640481,0.4974777939,slightly dense,0.451688852,some rouleaux,False
tanzania-080526/dpc-200-KTR-72502946.png,tanzania-080526,dpc-200-KTR-72502946.png,gs://tanzania_02032026/TZ2025-Box5/KTR-72502946/dpc-200-KTR-72502946.png,monolayer,no rouleaux,3,0,KTR-72502946,200,train,,,,0.2158151786,169.0,0.5719202525,0.09238610714,3.931800393,63.56760842,0.145296301,0.1000835954,0.1910003647,0.3976899367,monolayer,0.3352495017,no rouleaux,False
tanzania-080526/dpc-201-KTR-72502946.png,tanzania-080526,dpc-201-KTR-72502946.png,gs://tanzania_02032026/TZ2025-Box5/KTR-72502946/dpc-201-KTR-72502946.png,monolayer,no rouleaux,3,0,KTR-72502946,201,train,,,,0.1927608418,170.0,0.5716260419,0.08257372479,3.886937264,60.82727194,0.1373633929,0.1314848562,0.1580922673,0.3564002098,monolayer,0.2945715198,no rouleaux,False
tanzania-080526/dpc-202-KTR-72502946.png,tanzania-080526,dpc-202-KTR-72502946.png,gs://tanzania_02032026/TZ2025-Box5/KTR-72502946/dpc-202-KTR-72502946.png,monolayer,no rouleaux,3,0,KTR-72502946,202,train,,,,0.1838130102,170.0,0.5667488502,0.07963719802,3.856339679,57.16061241,0.1318376276,0.1321439872,0.1575473878,0.3334077101,monolayer,0.2748513197,no rouleaux,False
tanzania-080526/dpc-203-KTR-72502946.png,tanzania-080526,dpc-203-KTR-72502946.png,gs://tanzania_02032026/TZ2025-Box5/KTR-72502946/dpc-203-KTR-72502946.png,monolayer,no rouleaux,3,0,KTR-72502946,203,train,,,,0.1773065051,170.0,0.5675766638,0.07667147047,3.853011412,57.18750902,0.1348298469,0.1365838116,0.1769812778,0.3320855093,monolayer,0.2730493293,no rouleaux,False
tanzania-080526/dpc-204-KTR-72502946.png,tanzania-080526,dpc-204-KTR-72502946.png,gs://tanzania_02032026/TZ2025-Box5/KTR-72502946/dpc-204-KTR-72502946.png,monolayer,no rouleaux,3,0,KTR-72502946,204,train,,,,0.2006672194,169.0,0.570380782,0.08621049387,3.927147638,57.03482763,0.1386375,0.09756452275,0.1845383691,0.3598519396,monolayer,0.2971362571,no rouleaux,False
tanzania-080526/dpc-205-KTR-72502946.png,tanzania-080526,dpc-205-KTR-72502946.png,gs://tanzania_02032026/TZ2025-Box5/KTR-72502946/dpc-205-KTR-72502946.png,monolayer,no rouleaux,3,0,KTR-72502946,205,train,,,,0.1819793367,170.0,0.568328126,0.07855536132,3.890277776,61.05462447,0.1429701531,0.09082269486,0.1969791259,0.3419063526,monolayer,0.2787034875,no rouleaux,False
tanzania-080526/dpc-206-KTR-72502946.png,tanzania-080526,dpc-206-KTR-72502946.png,gs://tanzania_02032026/TZ2025-Box5/KTR-72502946/dpc-206-KTR-72502946.png,slightly dense,slight rouleaux,4,1,KTR-72502946,206,train,,,,0.1834309949,170.0,0.5958521189,0.07413324791,3.884654616,61.36633776,0.1469802296,0.1238384618,0.2794077928,0.3711359703,monolayer,0.3094545393,no rouleaux,False
tanzania-080526/dpc-207-KTR-72502946.png,tanzania-080526,dpc-207-KTR-72502946.png,gs://tanzania_02032026/TZ2025-Box5/KTR-72502946/dpc-207-KTR-72502946.png,dense,some rouleaux,5,2,KTR-72502946,207,train,,,,0.2281684949,168.0,0.578191557,0.09624339756,3.996970039,60.6351185,0.1481960459,0.1540504003,0.4581572724,0.4895269906,slightly dense,0.4455116837,slight rouleaux,False
tanzania-080526/dpc-208-KTR-72502946.png,tanzania-080526,dpc-208-KTR-72502946.png,gs://tanzania_02032026/TZ2025-Box5/KTR-72502946/dpc-208-KTR-72502946.png,very dense,heavy rouleaux,6,4,KTR-72502946,208,train,,,,0.398441199,163.0,0.5984368644,0.1599992972,4.159775274,87.69856179,0.1835155612,0.1974191494,0.4245373463,0.7930828065,very dense,0.7468390687,heavy rouleaux,False
tanzania-080526/dpc-209-KTR-72502946.png,tanzania-080526,dpc-209-KTR-72502946.png,gs://tanzania_02032026/TZ2025-Box5/KTR-72502946/dpc-209-KTR-72502946.png,very dense,heavy rouleaux,6,4,KTR-72502946,209,train,,,,0.4221733418,162.0,0.6056663084,0.1664771724,4.168820473,87.14811966,0.1790875,0.2116802965,0.2927213666,0.7962654118,very dense,0.7415043591,heavy rouleaux,False
tanzania-080526/dpc-210-KTR-72502946.png,tanzania-080526,dpc-210-KTR-72502946.png,gs://tanzania_02032026/TZ2025-Box5/KTR-72502946/dpc-210-KTR-72502946.png,very dense,heavy rouleaux,6,4,KTR-72502946,210,train,,,,0.4235965561,162.0,0.598588194,0.1700366586,4.160312318,86.2646081,0.179872449,0.171184488,0.3139423194,0.79221785,very dense,0.7399578512,heavy rouleaux,False
tanzania-080526/dpc-211-KTR-72502946.png,tanzania-080526,dpc-211-KTR-72502946.png,gs://tanzania_02032026/TZ2025-Box5/KTR-72502946/dpc-211-KTR-72502946.png,very dense,heavy rouleaux,6,4,KTR-72502946,211,train,,,,0.4239197704,162.0,0.5903587351,0.173655031,4.181779583,81.10915217,0.1716405612,0.1608091889,0.4273111652,0.8051419611,very dense,0.7654067373,heavy rouleaux,False
tanzania-080526/dpc-212-KTR-72502946.png,tanzania-080526,dpc-212-KTR-72502946.png,gs://tanzania_02032026/TZ2025-Box5/KTR-72502946/dpc-212-KTR-72502946.png,very dense,heavy rouleaux,6,4,KTR-72502946,212,train,,,,0.3907931122,163.0,0.5783314946,0.1647851476,4.152595354,75.96152427,0.1634405612,0.1890578323,0.5457882354,0.7854150445,very dense,0.7587280341,heavy rouleaux,False
tanzania-080526/dpc-213-KTR-72502946.png,tanzania-080526,dpc-213-KTR-72502946.png,gs://tanzania_02032026/TZ2025-Box5/KTR-72502946/dpc-213-KTR-72502946.png,very dense,heavy rouleaux,6,4,KTR-72502946,213,train,,,,0.3815936224,163.0,0.5683472214,0.1647159474,4.136061247,73.0029819,0.1577442602,0.199512264,0.3985994932,0.7403053962,very dense,0.7055146235,heavy rouleaux,False
tanzania-080526/dpc-214-KTR-72502946.png,tanzania-080526,dpc-214-KTR-72502946.png,gs://tanzania_02032026/TZ2025-Box5/KTR-72502946/dpc-214-KTR-72502946.png,very dense,heavy rouleaux,6,4,KTR-72502946,214,train,,,,0.3920380102,163.0,0.5759556842,0.1662414898,4.139708902,77.25491044,0.164761352,0.2135708299,0.4792423141,0.7845186697,very dense,0.7539851236,heavy rouleaux,False
tanzania-080526/dpc-215-KTR-72502946.png,tanzania-080526,dpc-215-KTR-72502946.png,gs://tanzania_02032026/TZ2025-Box5/KTR-72502946/dpc-215-KTR-72502946.png,very dense,heavy rouleaux,6,4,KTR-72502946,215,train,,,,0.3954752551,163.0,0.5719751578,0.1692732336,4.146599902,73.1799722,0.1645233418,0.2014673762,0.5092219407,0.787980986,very dense,0.7599922559,heavy rouleaux,False
tanzania-080526/dpc-216-KTR-72502946.png,tanzania-080526,dpc-216-KTR-72502946.png,gs://tanzania_02032026/TZ2025-Box5/KTR-72502946/dpc-216-KTR-72502946.png,very dense,heavy rouleaux,6,4,KTR-72502946,216,train,,,,0.3907253827,163.0,0.5697799355,0.1680978993,4.130499371,71.82591826,0.1627492347,0.153979647,0.2981928149,0.7178879236,very dense,0.6725350285,heavy rouleaux,False
tanzania-080526/dpc-217-KTR-72502946.png,tanzania-080526,dpc-217-KTR-72502946.png,gs://tanzania_02032026/TZ2025-Box5/KTR-72502946/dpc-217-KTR-72502946.png,monolayer,no rouleaux,3,0,KTR-72502946,217,train,,,,0.2290117347,168.0,0.5573356103,0.1013753398,3.931535095,67.10935423,0.1416090561,0.08351036502,0.1763530031,0.4129407979,monolayer,0.3556934973,no rouleaux,False
tanzania-080526/dpc-218-KTR-72502946.png,tanzania-080526,dpc-218-KTR-72502946.png,gs://tanzania_02032026/TZ2025-Box5/KTR-72502946/dpc-218-KTR-72502946.png,monolayer,no rouleaux,3,0,KTR-72502946,218,train,,,,0.1943264031,170.0,0.5742600662,0.08273250998,3.88830419,63.37705954,0.1446521684,0.06511699801,0.1482117857,0.3436970015,monolayer,0.2762309276,no rouleaux,False
tanzania-080526/dpc-219-KTR-72502946.png,tanzania-080526,dpc-219-KTR-72502946.png,gs://tanzania_02032026/TZ2025-Box5/KTR-72502946/dpc-219-KTR-72502946.png,monolayer,no rouleaux,3,0,KTR-72502946,219,train,,,,0.1849752551,170.0,0.5693963795,0.07965101455,3.864138853,62.06593075,0.1389045918,0.08941668022,0.2894249459,0.3616239431,monolayer,0.3098238716,no rouleaux,False
tanzania-080526/dpc-220-KTR-72502946.png,tanzania-080526,dpc-220-KTR-72502946.png,gs://tanzania_02032026/TZ2025-Box5/KTR-72502946/dpc-220-KTR-72502946.png,monolayer,no rouleaux,3,0,KTR-72502946,220,train,,,,0.1806804847,170.0,0.5739851231,0.07697257445,3.882921928,56.86684334,0.1348542092,0.06443489583,0.1262396366,0.3025260855,monolayer,0.234975883,no rouleaux,False
tanzania-080526/dpc-221-KTR-72502946.png,tanzania-080526,dpc-221-KTR-72502946.png,gs://tanzania_02032026/TZ2025-Box5/KTR-72502946/dpc-221-KTR-72502946.png,monolayer,no rouleaux,3,0,KTR-72502946,221,train,,,,0.1801438776,170.0,0.5835449233,0.07502183234,3.852475253,55.80888878,0.1378137755,0.0730044202,0.2011080626,0.3179976774,monolayer,0.2554070094,no rouleaux,False
tanzania-080526/dpc-222-KTR-72502946.png,tanzania-080526,dpc-222-KTR-72502946.png,gs://tanzania_02032026/TZ2025-Box5/KTR-72502946/dpc-222-KTR-72502946.png,monolayer,no rouleaux,3,0,KTR-72502946,222,train,,,,0.1835197704,170.0,0.5777021964,0.07749999596,3.913488366,58.82365499,0.1430975765,0.08109304955,0.202562606,0.3387412117,monolayer,0.2724921595,no rouleaux,False
tanzania-080526/dpc-223-KTR-72502946.png,tanzania-080526,dpc-223-KTR-72502946.png,gs://tanzania_02032026/TZ2025-Box5/KTR-72502946/dpc-223-KTR-72502946.png,monolayer,no rouleaux,3,0,KTR-72502946,223,train,,,,0.1855931122,170.0,0.5744835225,0.07897292737,3.875177911,60.70368955,0.1426803571,0.06417515441,0.211367051,0.338492356,monolayer,0.2761987871,no rouleaux,False
tanzania-080526/dpc-224-KTR-72502946.png,tanzania-080526,dpc-224-KTR-72502946.png,gs://tanzania_02032026/TZ2025-Box5/KTR-72502946/dpc-224-KTR-72502946.png,monolayer,slight rouleaux,3,1,KTR-72502946,224,train,,,,0.2016184949,169.0,0.5742994721,0.08582909972,3.932643255,64.23616609,0.15171875,0.08716013219,0.2224420429,0.3862406647,monolayer,0.3208472347,no rouleaux,False
tanzania-080526/dpc-225-KTR-72502946.png,tanzania-080526,dpc-225-KTR-72502946.png,gs://tanzania_02032026/TZ2025-Box5/KTR-72502946/dpc-225-KTR-72502946.png,monolayer,no rouleaux,3,0,KTR-72502946,225,train,,,,0.188458801,170.0,0.5805723337,0.07904483511,3.91954312,61.79503196,0.1452559949,0.09007043226,0.2883696546,0.3725232624,monolayer,0.3129532915,no rouleaux,False
tanzania-080526/dpc-226-KTR-72502946.png,tanzania-080526,dpc-226-KTR-72502946.png,gs://tanzania_02032026/TZ2025-Box5/KTR-72502946/dpc-226-KTR-72502946.png,slightly dense,rouleaux,4,3,KTR-72502946,226,train,,,,0.2356360969,168.0,0.562881286,0.1030009477,3.952429038,69.97716177,0.1537466837,0.2612771659,1.170087251,0.6550342414,dense,0.6587883184,rouleaux,False
tanzania-080526/dpc-227-KTR-72502946.png,tanzania-080526,dpc-227-KTR-72502946.png,gs://tanzania_02032026/TZ2025-Box5/KTR-72502946/dpc-227-KTR-72502946.png,dense,heavy rouleaux,5,4,KTR-72502946,227,train,,,,0.2746628827,167.0,0.5695475786,0.1182293029,3.996644866,76.62210413,0.1659100765,0.2362940379,0.7455967031,0.681116923,dense,0.6659082325,rouleaux,False
tanzania-080526/dpc-228-KTR-72502946.png,tanzania-080526,dpc-228-KTR-72502946.png,gs://tanzania_02032026/TZ2025-Box5/KTR-72502946/dpc-228-KTR-72502946.png,dense,heavy rouleaux,5,4,KTR-72502946,228,train,,,,0.2931563776,166.0,0.5586329483,0.1293895661,4.02554364,76.7289753,0.1641559949,0.2410702005,0.7524423878,0.713961902,very dense,0.7032764821,heavy rouleaux,False
tanzania-080526/dpc-229-KTR-72502946.png,tanzania-080526,dpc-229-KTR-72502946.png,gs://tanzania_02032026/TZ2025-Box5/KTR-72502946/dpc-229-KTR-72502946.png,dense,heavy rouleaux,5,4,KTR-72502946,229,train,,,,0.2905502551,166.0,0.5651267627,0.12635253,4.065505407,75.88919695,0.167233801,0.1690661922,0.5896251081,0.6534747368,dense,0.6219586348,rouleaux,False
tanzania-080526/dpc-230-KTR-72502946.png,tanzania-080526,dpc-230-KTR-72502946.png,gs://tanzania_02032026/TZ2025-Box5/KTR-72502946/dpc-230-KTR-72502946.png,dense,rouleaux,5,3,KTR-72502946,230,train,,,,0.3235493622,165.0,0.5625539802,0.1415353807,4.086211012,74.68617809,0.1651114796,0.1719602186,0.5763138691,0.6962513606,dense,0.6684260949,heavy rouleaux,False
tanzania-080526/dpc-231-KTR-72502946.png,tanzania-080526,dpc-231-KTR-72502946.png,gs://tanzania_02032026/TZ2025-Box5/KTR-72502946/dpc-231-KTR-72502946.png,dense,heavy rouleaux,5,4,KTR-72502946,231,train,,,,0.3217854592,165.0,0.5622463623,0.1408627553,4.064182641,76.4123859,0.1673246173,0.1652629748,0.4129452536,0.6600900181,dense,0.6189612948,rouleaux,False
tanzania-080526/dpc-232-KTR-72502946.png,tanzania-080526,dpc-232-KTR-72502946.png,gs://tanzania_02032026/TZ2025-Box5/KTR-72502946/dpc-232-KTR-72502946.png,dense,rouleaux,5,3,KTR-72502946,232,train,,,,0.3523992347,164.0,0.5658535254,0.1529928854,4.081157612,79.45185338,0.1712928571,0.161909099,0.3889629945,0.7035324561,dense,0.6616694216,rouleaux,False
tanzania-080526/dpc-233-KTR-72502946.png,tanzania-080526,dpc-233-KTR-72502946.png,gs://tanzania_02032026/TZ2025-Box5/KTR-72502946/dpc-233-KTR-72502946.png,dense,rouleaux,5,3,KTR-72502946,233,train,,,,0.3261677296,165.0,0.5631934323,0.1424722065,4.067270664,70.89812874,0.1655730867,0.1690418375,0.4463372227,0.6649209616,dense,0.6267876216,rouleaux,False
tanzania-080526/dpc-234-KTR-72502946.png,tanzania-080526,dpc-234-KTR-72502946.png,gs://tanzania_02032026/TZ2025-Box5/KTR-72502946/dpc-234-KTR-72502946.png,dense,rouleaux,5,3,KTR-72502946,234,train,,,,0.320242602,165.0,0.5619051449,0.1402966363,4.044217539,67.42815384,0.1637405612,0.1245608771,0.3260367935,0.6091688657,dense,0.5609893444,rouleaux,False
tanzania-080526/dpc-235-KTR-72502946.png,tanzania-080526,dpc-235-KTR-72502946.png,gs://tanzania_02032026/TZ2025-Box5/KTR-72502946/dpc-235-KTR-72502946.png,monolayer,no rouleaux,3,0,KTR-72502946,235,train,,,,0.2202635204,169.0,0.5706809656,0.0945633219,3.906601674,82.2126052,0.1581508929,0.08083013685,0.1759342079,0.4303551555,monolayer,0.3658566042,no rouleaux,False
tanzania-080526/dpc-236-KTR-72502946.png,tanzania-080526,dpc-236-KTR-72502946.png,gs://tanzania_02032026/TZ2025-Box5/KTR-72502946/dpc-236-KTR-72502946.png,monolayer,no rouleaux,3,0,KTR-72502946,236,train,,,,0.2024298469,170.0,0.592172233,0.08255651245,3.905150365,74.13569472,0.157933801,0.06951035711,0.1820632415,0.3871894213,monolayer,0.3153442801,no rouleaux,False
tanzania-080526/dpc-237-KTR-72502946.png,tanzania-080526,dpc-237-KTR-72502946.png,gs://tanzania_02032026/TZ2025-Box5/KTR-72502946/dpc-237-KTR-72502946.png,monolayer,no rouleaux,3,0,KTR-72502946,237,train,,,,0.1969258929,170.0,0.5966193908,0.07943608663,3.851046243,68.65213285,0.1518809949,0.07771604411,0.161552445,0.3613294075,monolayer,0.2914462804,no rouleaux,False
tanzania-080526/dpc-238-KTR-72502946.png,tanzania-080526,dpc-238-KTR-72502946.png,gs://tanzania_02032026/TZ2025-Box5/KTR-72502946/dpc-238-KTR-72502946.png,monolayer,no rouleaux,3,0,KTR-72502946,238,train,,,,0.193,170.0,0.5935063849,0.07845326772,3.859057408,67.56341521,0.1502077806,0.07740290707,0.252216484,0.3732897957,monolayer,0.3110369317,no rouleaux,False
tanzania-080526/dpc-239-KTR-72502946.png,tanzania-080526,dpc-239-KTR-72502946.png,gs://tanzania_02032026/TZ2025-Box5/KTR-72502946/dpc-239-KTR-72502946.png,monolayer,no rouleaux,3,0,KTR-72502946,239,train,,,,0.1918968112,170.0,0.5975063802,0.07723724218,3.874852259,64.53833365,0.1496223214,0.08643592176,0.2144036435,0.362175619,monolayer,0.2949606783,no rouleaux,False
tanzania-080526/dpc-240-KTR-72502946.png,tanzania-080526,dpc-240-KTR-72502946.png,gs://tanzania_02032026/TZ2025-Box5/KTR-72502946/dpc-240-KTR-72502946.png,monolayer,no rouleaux,3,0,KTR-72502946,240,train,,,Medium,0.1993105867,170.0,0.5861420451,0.08248627182,3.957344164,67.97738157,0.1546924745,0.08101724675,0.1921867049,0.3816760891,monolayer,0.3089538405,no rouleaux,False
tanzania-080526/dpc-241-KTR-72502946.png,tanzania-080526,dpc-241-KTR-72502946.png,gs://tanzania_02032026/TZ2025-Box5/KTR-72502946/dpc-241-KTR-72502946.png,monolayer,no rouleaux,3,0,KTR-72502946,241,train,,,,0.1976579082,170.0,0.5897133002,0.08109641083,3.915471096,68.25347499,0.1548451531,0.09265310476,0.1504260898,0.3718061322,monolayer,0.2975007278,no rouleaux,False
tanzania-080526/dpc-242-KTR-72502946.png,tanzania-080526,dpc-242-KTR-72502946.png,gs://tanzania_02032026/TZ2025-Box5/KTR-72502946/dpc-242-KTR-72502946.png,monolayer,no rouleaux,3,0,KTR-72502946,242,train,,,,0.2155219388,169.0,0.5939199919,0.08751915065,3.977225047,64.45654942,0.1539427296,0.09906161308,0.2294289899,0.4112414559,monolayer,0.3414493367,no rouleaux,False
tanzania-080526/dpc-243-KTR-72502946.png,tanzania-080526,dpc-243-KTR-72502946.png,gs://tanzania_02032026/TZ2025-Box5/KTR-72502946/dpc-243-KTR-72502946.png,monolayer,no rouleaux,3,0,KTR-72502946,243,train,,,,0.2173445153,169.0,0.5890686624,0.08931367241,4.018709876,62.20249106,0.1480262755,0.08319054049,0.1703903035,0.3914762824,monolayer,0.3173376842,no rouleaux,False
tanzania-080526/dpc-244-KTR-72502946.png,tanzania-080526,dpc-244-KTR-72502946.png,gs://tanzania_02032026/TZ2025-Box5/KTR-72502946/dpc-244-KTR-72502946.png,slightly dense,slight rouleaux,4,1,KTR-72502946,244,train,,,,0.2193139031,169.0,0.5821250236,0.09164579207,4.025702778,66.55994397,0.1519993622,0.08950123299,0.1584197029,0.4051422427,monolayer,0.3302472253,no rouleaux,False
tanzania-080526/dpc-245-KTR-72502946.png,tanzania-080526,dpc-245-KTR-72502946.png,gs://tanzania_02032026/TZ2025-Box5/KTR-72502946/dpc-245-KTR-72502946.png,slightly dense,slight rouleaux,4,1,KTR-72502946,245,train,,,,0.2152219388,169.0,0.5805689065,0.09027077313,3.973562023,66.94758026,0.1541376276,0.0837283591,0.1926649462,0.4044279873,monolayer,0.3341633096,no rouleaux,False
tanzania-080526/dpc-246-KTR-72502946.png,tanzania-080526,dpc-246-KTR-72502946.png,gs://tanzania_02032026/TZ2025-Box5/KTR-72502946/dpc-246-KTR-72502946.png,slightly dense,slight rouleaux,4,1,KTR-72502946,246,train,,,,0.2331521684,168.0,0.5829011962,0.09724749054,4.012506292,67.91181624,0.1590045918,0.07373141675,0.2103110345,0.4363277982,monolayer,0.3650157948,no rouleaux,False
tanzania-080526/dpc-247-KTR-72502946.png,tanzania-080526,dpc-247-KTR-72502946.png,gs://tanzania_02032026/TZ2025-Box5/KTR-72502946/dpc-247-KTR-72502946.png,slightly dense,slight rouleaux,4,1,KTR-72502946,247,train,,,,0.2553410714,167.0,0.5770168471,0.1080049715,4.028530208,75.06893872,0.1695377551,0.06801025931,0.1589199245,0.4751363475,slightly dense,0.3991494909,slight rouleaux,False
tanzania-080526/dpc-248-KTR-72502946.png,tanzania-080526,dpc-248-KTR-72502946.png,gs://tanzania_02032026/TZ2025-Box5/KTR-72502946/dpc-248-KTR-72502946.png,slightly dense,slight rouleaux,4,1,KTR-72502946,248,train,,,,0.2498284439,167.0,0.572198912,0.1068768801,3.975939501,77.3816049,0.1703534439,0.09410583733,0.2583735622,0.499456138,slightly dense,0.4356556861,slight rouleaux,False
tanzania-080526/dpc-249-KTR-72502946.png,tanzania-080526,dpc-249-KTR-72502946.png,gs://tanzania_02032026/TZ2025-Box5/KTR-72502946/dpc-249-KTR-72502946.png,slightly dense,some rouleaux,4,2,KTR-72502946,249,train,,,,0.2276789541,168.0,0.5745475797,0.09686656206,3.955115554,74.92338135,0.1669125,0.1103130579,0.1999700913,0.4538426221,slightly dense,0.3844105845,slight rouleaux,False
tanzania-080526/dpc-250-KTR-72502946.png,tanzania-080526,dpc-250-KTR-72502946.png,gs://tanzania_02032026/TZ2025-Box5/KTR-72502946/dpc-250-KTR-72502946.png,slightly dense,some rouleaux,4,2,KTR-72502946,250,train,,,,0.2803042092,166.0,0.5779258374,0.1183091644,4.001861525,83.95244913,0.1811433673,0.1060429532,0.2199967728,0.5550565444,slightly dense,0.4862702974,some rouleaux,False
tanzania-080526/dpc-251-KTR-72502946.png,tanzania-080526,dpc-251-KTR-72502946.png,gs://tanzania_02032026/TZ2025-Box5/KTR-72502946/dpc-251-KTR-72502946.png,slightly dense,slight rouleaux,4,1,KTR-72502946,251,train,,,,0.2551580357,167.0,0.580112746,0.107137607,3.982147987,78.54845184,0.1769119898,0.1243320869,0.2312075963,0.5160886544,slightly dense,0.4469241614,slight rouleaux,False
tanzania-080526/dpc-252-KTR-72502946.png,tanzania-080526,dpc-252-KTR-72502946.png,gs://tanzania_02032026/TZ2025-Box5/KTR-72502946/dpc-252-KTR-72502946.png,slightly dense,some rouleaux,4,2,KTR-72502946,252,train,,,,0.2538846939,167.0,0.5762696776,0.1075786432,3.942390651,75.89292509,0.17445,0.1359457488,0.2094320233,0.5064747878,slightly dense,0.4393778262,slight rouleaux,False
tanzania-080526/dpc-253-KTR-72502946.png,tanzania-080526,dpc-253-KTR-72502946.png,gs://tanzania_02032026/TZ2025-Box5/KTR-72502946/dpc-253-KTR-72502946.png,monolayer,no rouleaux,3,0,KTR-72502946,253,train,,,,0.2012210459,170.0,0.5859610781,0.08331334491,3.820775889,83.7515375,0.1606292092,0.1020264371,0.1575506038,0.4033682261,monolayer,0.3366547711,no rouleaux,False
tanzania-080526/dpc-254-KTR-72502946.png,tanzania-080526,dpc-254-KTR-72502946.png,gs://tanzania_02032026/TZ2025-Box5/KTR-72502946/dpc-254-KTR-72502946.png,monolayer,no rouleaux,3,0,KTR-72502946,254,train,,,,0.2085603316,170.0,0.5991120552,0.08360932272,3.883971865,78.30693942,0.1642797194,0.089307937,0.2398437721,0.4226297233,monolayer,0.3547560958,no rouleaux,False
tanzania-080526/dpc-255-KTR-72502946.png,tanzania-080526,dpc-255-KTR-72502946.png,gs://tanzania_02032026/TZ2025-Box5/KTR-72502946/dpc-255-KTR-72502946.png,monolayer,no rouleaux,3,0,KTR-72502946,255,train,,,,0.2011144133,170.0,0.6073301606,0.07897156435,3.838761548,74.72381883,0.1597618622,0.1036854365,0.2801506649,0.4129179749,monolayer,0.350351578,no rouleaux,False
tanzania-080526/dpc-256-KTR-72502946.png,tanzania-080526,dpc-256-KTR-72502946.png,gs://tanzania_02032026/TZ2025-Box5/KTR-72502946/dpc-256-KTR-72502946.png,monolayer,no rouleaux,3,0,KTR-72502946,256,train,,,,0.1975127551,170.0,0.6051673943,0.07798447576,3.830623765,70.93611153,0.1543954082,0.08455111857,0.204009149,0.3758730583,monolayer,0.3086782537,no rouleaux,False
tanzania-080526/dpc-257-KTR-72502946.png,tanzania-080526,dpc-257-KTR-72502946.png,gs://tanzania_02032026/TZ2025-Box5/KTR-72502946/dpc-257-KTR-72502946.png,monolayer,no rouleaux,3,0,KTR-72502946,257,train,,,,0.1993326531,170.0,0.6187352804,0.07599850807,3.852668034,66.08778966,0.1544154337,0.09564612469,0.272577179,0.3872305265,monolayer,0.3226293865,no rouleaux,False
tanzania-080526/dpc-258-KTR-72502946.png,tanzania-080526,dpc-258-KTR-72502946.png,gs://tanzania_02032026/TZ2025-Box5/KTR-72502946/dpc-258-KTR-72502946.png,monolayer,no rouleaux,3,0,KTR-72502946,258,train,,,,0.2084822704,170.0,0.6034426047,0.08267518611,3.932289656,69.76442633,0.1615947704,0.09242285737,0.2369341096,0.4104064887,monolayer,0.3384886098,no rouleaux,False
tanzania-080526/dpc-259-KTR-72502946.png,tanzania-080526,dpc-259-KTR-72502946.png,gs://tanzania_02032026/TZ2025-Box5/KTR-72502946/dpc-259-KTR-72502946.png,monolayer,no rouleaux,3,0,KTR-72502946,259,train,,,,0.2078780612,170.0,0.5923901831,0.08473313848,3.93182082,76.72502798,0.1635239796,0.07316206785,0.1508986437,0.3988883015,monolayer,0.3216008719,no rouleaux,False
tanzania-080526/dpc-260-KTR-72502946.png,tanzania-080526,dpc-260-KTR-72502946.png,gs://tanzania_02032026/TZ2025-Box5/KTR-72502946/dpc-260-KTR-72502946.png,monolayer,no rouleaux,3,0,KTR-72502946,260,train,,,,0.2080983418,170.0,0.5896760804,0.08538772728,3.949241727,73.14257348,0.1602243622,0.0896115899,0.1406042308,0.3961935573,monolayer,0.3188365389,no rouleaux,False
tanzania-080526/dpc-261-KTR-72502946.png,tanzania-080526,dpc-261-KTR-72502946.png,gs://tanzania_02032026/TZ2025-Box5/KTR-72502946/dpc-261-KTR-72502946.png,monolayer,no rouleaux,3,0,KTR-72502946,261,train,,,,0.2338428571,169.0,0.5769531219,0.09892649068,4.020260979,70.77545953,0.1556247449,0.07540846898,0.1658561291,0.4317843866,monolayer,0.3595477978,no rouleaux,False
tanzania-080526/dpc-262-KTR-72502946.png,tanzania-080526,dpc-262-KTR-72502946.png,gs://tanzania_02032026/TZ2025-Box5/KTR-72502946/dpc-262-KTR-72502946.png,monolayer,no rouleaux,3,0,KTR-72502946,262,train,,,,0.2307105867,169.0,0.5744782767,0.09817236646,4.027245065,68.15195788,0.1540247449,0.08233086984,0.2264218706,0.4385375456,monolayer,0.3713897958,no rouleaux,False
tanzania-080526/dpc-263-KTR-72502946.png,tanzania-080526,dpc-263-KTR-72502946.png,gs://tanzania_02032026/TZ2025-Box5/KTR-72502946/dpc-263-KTR-72502946.png,monolayer,no rouleaux,3,0,KTR-72502946,263,train,,,,0.2503252551,168.0,0.5721548878,0.1071004369,4.021823989,68.78279125,0.1532063776,0.06040647646,0.1355364282,0.4400118213,monolayer,0.368804527,no rouleaux,False
tanzania-080526/dpc-264-KTR-72502946.png,tanzania-080526,dpc-264-KTR-72502946.png,gs://tanzania_02032026/TZ2025-Box5/KTR-72502946/dpc-264-KTR-72502946.png,monolayer,no rouleaux,3,0,KTR-72502946,264,train,,,,0.2238001276,169.0,0.5743295415,0.09526510291,3.994126322,69.85104802,0.1570876276,0.06279941085,0.09055213443,0.4040578306,monolayer,0.327927698,no rouleaux,False
tanzania-080526/dpc-265-KTR-72502946.png,tanzania-080526,dpc-265-KTR-72502946.png,gs://tanzania_02032026/TZ2025-Box5/KTR-72502946/dpc-265-KTR-72502946.png,monolayer,no rouleaux,3,0,KTR-72502946,265,train,,,,0.2182772959,169.0,0.5784722879,0.09200992915,3.985841267,72.1941681,0.1601807398,0.07781550872,0.2569604643,0.4338852721,monolayer,0.3670534111,no rouleaux,False
tanzania-080526/dpc-266-KTR-72502946.png,tanzania-080526,dpc-266-KTR-72502946.png,gs://tanzania_02032026/TZ2025-Box5/KTR-72502946/dpc-266-KTR-72502946.png,monolayer,no rouleaux,3,0,KTR-72502946,266,train,,,,0.2099832908,169.0,0.5783502999,0.08853939159,3.926258122,72.05732797,0.1596225765,0.08395992594,0.1929720328,0.4068735699,monolayer,0.3375216823,no rouleaux,False
tanzania-080526/dpc-267-KTR-72502946.png,tanzania-080526,dpc-267-KTR-72502946.png,gs://tanzania_02032026/TZ2025-Box5/KTR-72502946/dpc-267-KTR-72502946.png,monolayer,no rouleaux,3,0,KTR-72502946,267,train,,,,0.1978271684,170.0,0.5808630885,0.08291666836,3.936409536,71.45365175,0.1580651786,0.08016164078,0.1980525907,0.3881046494,monolayer,0.3169117127,no rouleaux,False
tanzania-080526/dpc-268-KTR-72502946.png,tanzania-080526,dpc-268-KTR-72502946.png,gs://tanzania_02032026/TZ2025-Box5/KTR-72502946/dpc-268-KTR-72502946.png,monolayer,slight rouleaux,3,1,KTR-72502946,268,train,,,,0.2341206633,168.0,0.5747774495,0.09955338556,3.981661163,76.30045511,0.1643057398,0.07617528124,0.1485443417,0.4419562926,monolayer,0.3680793578,no rouleaux,False
tanzania-080526/dpc-269-KTR-72502946.png,tanzania-080526,dpc-269-KTR-72502946.png,gs://tanzania_02032026/TZ2025-Box5/KTR-72502946/dpc-269-KTR-72502946.png,monolayer,slight rouleaux,3,1,KTR-72502946,269,train,,,,0.2357104592,168.0,0.5722510815,0.100824894,3.962209628,75.19960201,0.1632118622,0.09314744461,0.2447896021,0.4671160384,slightly dense,0.4038099174,slight rouleaux,False
tanzania-080526/dpc-270-KTR-72502946.png,tanzania-080526,dpc-270-KTR-72502946.png,gs://tanzania_02032026/TZ2025-Box5/KTR-72502946/dpc-270-KTR-72502946.png,monolayer,slight rouleaux,3,1,KTR-72502946,270,train,,,,0.2058894133,169.0,0.5781236076,0.0868598829,3.905086537,70.49426475,0.1588125,0.07981962011,0.1191902317,0.3813409529,monolayer,0.3070590934,no rouleaux,False
tanzania-080526/dpc-271-KTR-72502946.png,tanzania-080526,dpc-271-KTR-72502946.png,gs://tanzania_02032026/TZ2025-Box5/KTR-72502946/dpc-271-KTR-72502946.png,sparser,no rouleaux,2,0,KTR-72502946,271,train,,,Other,0.1639952806,171.0,0.5737863976,0.06989701933,3.680441405,74.54984009,0.1336235969,0.1277519672,0.2929559645,0.348387302,monolayer,0.3094238735,no rouleaux,False
tanzania-080526/dpc-272-KTR-72502946.png,tanzania-080526,dpc-272-KTR-72502946.png,gs://tanzania_02032026/TZ2025-Box5/KTR-72502946/dpc-272-KTR-72502946.png,monolayer,no rouleaux,3,0,KTR-72502946,272,train,,,Other,0.1814192602,171.0,0.601147211,0.07235957792,3.769462456,73.85051715,0.1451711735,0.101799977,0.2335100502,0.3603852876,monolayer,0.3028302967,no rouleaux,False
tanzania-080526/dpc-273-KTR-72502946.png,tanzania-080526,dpc-273-KTR-72502946.png,gs://tanzania_02032026/TZ2025-Box5/KTR-72502946/dpc-273-KTR-72502946.png,monolayer,no rouleaux,3,0,KTR-72502946,273,train,,,Other,0.1829614796,171.0,0.5984299407,0.07347185222,3.782179538,75.78220235,0.1481975765,0.108976217,0.1784650188,0.3595696875,monolayer,0.2965319223,no rouleaux,False
tanzania-080526/dpc-274-KTR-72502946.png,tanzania-080526,dpc-274-KTR-72502946.png,gs://tanzania_02032026/TZ2025-Box5/KTR-72502946/dpc-274-KTR-72502946.png,monolayer,no rouleaux,3,0,KTR-72502946,274,train,,,Other,0.1819753827,171.0,0.6051204735,0.07185835293,3.785518961,73.21717615,0.1475853316,0.08090836404,0.2095843999,0.3505035737,monolayer,0.2876726289,no rouleaux,False
tanzania-080526/dpc-275-KTR-72502946.png,tanzania-080526,dpc-275-KTR-72502946.png,gs://tanzania_02032026/TZ2025-Box5/KTR-72502946/dpc-275-KTR-72502946.png,monolayer,no rouleaux,3,0,KTR-72502946,275,train,,,Other,0.2009516582,170.0,0.6202728257,0.07630680533,3.81219159,66.51122432,0.1477826531,0.09904245154,0.2353565274,0.3749295714,monolayer,0.3129314933,no rouleaux,False
tanzania-080526/dpc-276-KTR-72502946.png,tanzania-080526,dpc-276-KTR-72502946.png,gs://tanzania_02032026/TZ2025-Box5/KTR-72502946/dpc-276-KTR-72502946.png,monolayer,no rouleaux,3,0,KTR-72502946,276,train,,,,0.2106542092,170.0,0.6044454891,0.08332522268,3.879292953,75.20798622,0.1601419643,0.09193020067,0.2151301149,0.4118545991,monolayer,0.3429204379,no rouleaux,False
tanzania-080526/dpc-277-KTR-72502946.png,tanzania-080526,dpc-277-KTR-72502946.png,gs://tanzania_02032026/TZ2025-Box5/KTR-72502946/dpc-277-KTR-72502946.png,monolayer,no rouleaux,3,0,KTR-72502946,277,train,,,,0.2059975765,170.0,0.5943949837,0.08355365039,3.866253122,80.76071644,0.1634084184,0.07149917387,0.1961825434,0.4068443844,monolayer,0.3372630921,no rouleaux,False
tanzania-080526/dpc-278-KTR-72502946.png,tanzania-080526,dpc-278-KTR-72502946.png,gs://tanzania_02032026/TZ2025-Box5/KTR-72502946/dpc-278-KTR-72502946.png,monolayer,no rouleaux,3,0,KTR-72502946,278,train,,,,0.2114857143,170.0,0.5850060685,0.08776528802,3.931708913,67.9738309,0.1509693878,0.09455342151,0.2151101971,0.4031851097,monolayer,0.3377870457,no rouleaux,False
tanzania-080526/dpc-279-KTR-72502946.png,tanzania-080526,dpc-279-KTR-72502946.png,gs://tanzania_02032026/TZ2025-Box5/KTR-72502946/dpc-279-KTR-72502946.png,monolayer,no rouleaux,3,0,KTR-72502946,279,train,,,,0.2431405612,169.0,0.5771512911,0.1028116724,4.001135294,69.24812737,0.1517471939,0.06227206998,0.1160290416,0.4249504975,monolayer,0.3528614508,no rouleaux,False
tanzania-080526/dpc-280-KTR-72502946.png,tanzania-080526,dpc-280-KTR-72502946.png,gs://tanzania_02032026/TZ2025-Box5/KTR-72502946/dpc-280-KTR-72502946.png,monolayer,no rouleaux,3,0,KTR-72502946,280,train,,,,0.2325876276,169.0,0.5756357583,0.09870187219,3.98611209,68.41426468,0.1523466837,0.1184554933,0.2990289951,0.4647072249,slightly dense,0.407768858,slight rouleaux,False
tanzania-080526/dpc-281-KTR-72502946.png,tanzania-080526,dpc-281-KTR-72502946.png,gs://tanzania_02032026/TZ2025-Box5/KTR-72502946/dpc-281-KTR-72502946.png,monolayer,no rouleaux,3,0,KTR-72502946,281,train,,,,0.2315440051,169.0,0.5700751492,0.09954652185,3.972533475,72.57903659,0.1544369898,0.06566451957,0.1622084663,0.4251448987,monolayer,0.3569940566,no rouleaux,False
tanzania-080526/dpc-282-KTR-72502946.png,tanzania-080526,dpc-282-KTR-72502946.png,gs://tanzania_02032026/TZ2025-Box5/KTR-72502946/dpc-282-KTR-72502946.png,monolayer,no rouleaux,3,0,KTR-72502946,282,train,,,,0.208302551,170.0,0.5793920827,0.08761370216,3.968107478,70.38399926,0.1567878827,0.08399813433,0.1693728809,0.3971796563,monolayer,0.3239419332,no rouleaux,False
tanzania-080526/dpc-283-KTR-72502946.png,tanzania-080526,dpc-283-KTR-72502946.png,gs://tanzania_02032026/TZ2025-Box5/KTR-72502946/dpc-283-KTR-72502946.png,monolayer,no rouleaux,3,0,KTR-72502946,283,train,,,,0.1999610969,170.0,0.5824630518,0.08349114618,3.912637556,69.71473644,0.1556520408,0.09255385635,0.1390335494,0.3764360266,monolayer,0.3028687859,no rouleaux,False
tanzania-080526/dpc-284-KTR-72502946.png,tanzania-080526,dpc-284-KTR-72502946.png,gs://tanzania_02032026/TZ2025-Box5/KTR-72502946/dpc-284-KTR-72502946.png,monolayer,no rouleaux,3,0,KTR-72502946,284,train,,,,0.1965994898,170.0,0.5816962594,0.08223830197,3.889948981,69.46693579,0.1540108418,0.09934046882,0.1661567329,0.3769644879,monolayer,0.3075293929,no rouleaux,False
tanzania-080526/dpc-285-KTR-72502946.png,tanzania-080526,dpc-285-KTR-72502946.png,gs://tanzania_02032026/TZ2025-Box5/KTR-72502946/dpc-285-KTR-72502946.png,monolayer,no rouleaux,3,0,KTR-72502946,285,train,,,,0.1874688776,170.0,0.5888920945,0.0770699376,3.86188226,65.61879229,0.1529330357,0.1055578484,0.1979639574,0.3640066931,monolayer,0.2963190918,no rouleaux,False
tanzania-080526/dpc-286-KTR-72502946.png,tanzania-080526,dpc-286-KTR-72502946.png,gs://tanzania_02032026/TZ2025-Box5/KTR-72502946/dpc-286-KTR-72502946.png,monolayer,no rouleaux,3,0,KTR-72502946,286,train,,,,0.1914793367,170.0,0.5870172003,0.07907767257,3.916895688,69.69409251,0.1591547194,0.09070519958,0.1842772158,0.3761089076,monolayer,0.3024250855,no rouleaux,False
tanzania-080526/dpc-287-KTR-72502946.png,tanzania-080526,dpc-287-KTR-72502946.png,gs://tanzania_02032026/TZ2025-Box5/KTR-72502946/dpc-287-KTR-72502946.png,monolayer,no rouleaux,3,0,KTR-72502946,287,train,,,,0.2035293367,169.0,0.5866412291,0.08413063647,3.867140469,63.81482031,0.1541647959,0.08576217826,0.194749252,0.3775680161,monolayer,0.3106006307,no rouleaux,False
tanzania-080526/dpc-288-KTR-72502946.png,tanzania-080526,dpc-288-KTR-72502946.png,gs://tanzania_02032026/TZ2025-Box5/KTR-72502946/dpc-288-KTR-72502946.png,monolayer,no rouleaux,3,0,KTR-72502946,288,train,,,,0.1862545918,170.0,0.5863366851,0.07704669187,3.894570531,63.20661912,0.1514452806,0.08771375199,0.1536764077,0.3447923619,monolayer,0.2716015051,no rouleaux,False
tanzania-080526/dpc-289-KTR-72502946.png,tanzania-080526,dpc-289-KTR-72502946.png,gs://tanzania_02032026/TZ2025-Box5/KTR-72502946/dpc-289-KTR-72502946.png,sparser,no rouleaux,2,0,KTR-72502946,289,train,,,Other,0.1351193878,171.0,0.5626225177,0.05909817762,3.48529492,66.85384974,0.1101660714,0.1920202559,0.4905205499,0.3310629652,monolayer,0.3287700562,no rouleaux,False
tanzania-080526/dpc-290-KTR-72502946.png,tanzania-080526,dpc-290-KTR-72502946.png,gs://tanzania_02032026/TZ2025-Box5/KTR-72502946/dpc-290-KTR-72502946.png,monolayer,no rouleaux,3,0,KTR-72502946,290,train,,,Other,0.1624802296,171.0,0.5984036069,0.06525147415,3.634860728,68.13091753,0.1295309949,0.1274190043,0.2928349612,0.3277728143,monolayer,0.2877312555,no rouleaux,False
tanzania-080526/dpc-291-KTR-72502946.png,tanzania-080526,dpc-291-KTR-72502946.png,gs://tanzania_02032026/TZ2025-Box5/KTR-72502946/dpc-291-KTR-72502946.png,monolayer,no rouleaux,3,0,KTR-72502946,291,train,,,Other,0.1706932398,171.0,0.6108263294,0.06642931467,3.692932924,64.5684845,0.1310442602,0.1281561085,0.3698702699,0.3530304617,monolayer,0.313603078,no rouleaux,False
tanzania-080526/dpc-292-KTR-72502946.png,tanzania-080526,dpc-292-KTR-72502946.png,gs://tanzania_02032026/TZ2025-Box5/KTR-72502946/dpc-292-KTR-72502946.png,monolayer,no rouleaux,3,0,KTR-72502946,292,train,,,Other,0.1674489796,171.0,0.6097411714,0.06534844262,3.673285885,65.61035897,0.1322128827,0.1428573651,0.3565393988,0.3522326425,monolayer,0.312637061,no rouleaux,False
tanzania-080526/dpc-293-KTR-72502946.png,tanzania-080526,dpc-293-KTR-72502946.png,gs://tanzania_02032026/TZ2025-Box5/KTR-72502946/dpc-293-KTR-72502946.png,monolayer,no rouleaux,3,0,KTR-72502946,293,train,,,,0.189517602,170.0,0.6224961685,0.07154362091,3.758300478,64.25019273,0.1403174745,0.1393855707,0.2818336909,0.3700970449,monolayer,0.3175330722,no rouleaux,False
tanzania-080526/dpc-294-KTR-72502946.png,tanzania-080526,dpc-294-KTR-72502946.png,gs://tanzania_02032026/TZ2025-Box5/KTR-72502946/dpc-294-KTR-72502946.png,monolayer,no rouleaux,3,0,KTR-72502946,294,train,,,,0.1903766582,171.0,0.6058051569,0.07504549689,3.837990347,73.43118351,0.1551163265,0.1147315104,0.2024856576,0.3806138327,monolayer,0.312602678,no rouleaux,False
tanzania-080526/dpc-295-KTR-72502946.png,tanzania-080526,dpc-295-KTR-72502946.png,gs://tanzania_02032026/TZ2025-Box5/KTR-72502946/dpc-295-KTR-72502946.png,monolayer,no rouleaux,3,0,KTR-72502946,295,train,,,,0.193438648,171.0,0.6022556409,0.07693913105,3.858124123,75.30063536,0.1574478316,0.09548579866,0.1445090375,0.3724390506,monolayer,0.298264783,no rouleaux,False
tanzania-080526/dpc-296-KTR-72502946.png,tanzania-080526,dpc-296-KTR-72502946.png,gs://tanzania_02032026/TZ2025-Box5/KTR-72502946/dpc-296-KTR-72502946.png,monolayer,no rouleaux,3,0,KTR-72502946,296,train,,,,0.1924803571,171.0,0.590422353,0.07883565178,3.896956096,65.89883727,0.1476721939,0.09370369841,0.3035878638,0.3872092577,monolayer,0.3287104457,no rouleaux,False
tanzania-080526/dpc-297-KTR-72502946.png,tanzania-080526,dpc-297-KTR-72502946.png,gs://tanzania_02032026/TZ2025-Box5/KTR-72502946/dpc-297-KTR-72502946.png,monolayer,no rouleaux,3,0,KTR-72502946,297,train,,,,0.2129871173,170.0,0.5863953617,0.08809245962,3.988018029,67.92643791,0.1541159439,0.07680061767,0.2102356706,0.4038398414,monolayer,0.3327848639,no rouleaux,False
tanzania-080526/dpc-298-KTR-72502946.png,tanzania-080526,dpc-298-KTR-72502946.png,gs://tanzania_02032026/TZ2025-Box5/KTR-72502946/dpc-298-KTR-72502946.png,monolayer,no rouleaux,3,0,KTR-72502946,298,train,,,,0.2087427296,170.0,0.5782646227,0.08803419383,3.948411041,71.1658344,0.1521085459,0.1163549218,0.3090679178,0.434468061,monolayer,0.3772793501,slight rouleaux,False
tanzania-080526/dpc-299-KTR-72502946.png,tanzania-080526,dpc-299-KTR-72502946.png,gs://tanzania_02032026/TZ2025-Box5/KTR-72502946/dpc-299-KTR-72502946.png,monolayer,no rouleaux,3,0,KTR-72502946,299,train,,,,0.2021311224,170.0,0.5774043041,0.08541974235,3.954230268,67.2876121,0.1522934949,0.08135269101,0.1946815123,0.3847155021,monolayer,0.3153363231,no rouleaux,False
tanzania-080526/dpc-300-KTR-72502946.png,tanzania-080526,dpc-300-KTR-72502946.png,gs://tanzania_02032026/TZ2025-Box5/KTR-72502946/dpc-300-KTR-72502946.png,monolayer,no rouleaux,3,0,KTR-72502946,300,train,,,,0.2023730867,170.0,0.5823850703,0.08451402239,3.942253918,65.72628781,0.1522192602,0.06798560402,0.1233719574,0.3618248141,monolayer,0.2859268447,no rouleaux,False
tanzania-080526/dpc-301-KTR-72502946.png,tanzania-080526,dpc-301-KTR-72502946.png,gs://tanzania_02032026/TZ2025-Box5/KTR-72502946/dpc-301-KTR-72502946.png,monolayer,no rouleaux,3,0,KTR-72502946,301,train,,,,0.1919192602,170.0,0.5872946621,0.07920610313,3.90424692,65.13844856,0.1511595663,0.09314569562,0.2109822626,0.3693507412,monolayer,0.3015289841,no rouleaux,False
tanzania-080526/dpc-302-KTR-72502946.png,tanzania-080526,dpc-302-KTR-72502946.png,gs://tanzania_02032026/TZ2025-Box5/KTR-72502946/dpc-302-KTR-72502946.png,monolayer,no rouleaux,3,0,KTR-72502946,302,train,,,,0.178591199,171.0,0.5932014591,0.07265063917,3.875861869,65.95805596,0.1523170918,0.1014310243,0.2103214535,0.3534621639,monolayer,0.284195164,no rouleaux,False
tanzania-080526/dpc-303-KTR-72502946.png,tanzania-080526,dpc-303-KTR-72502946.png,gs://tanzania_02032026/TZ2025-Box5/KTR-72502946/dpc-303-KTR-72502946.png,monolayer,no rouleaux,3,0,KTR-72502946,303,train,,,,0.1796417092,171.0,0.5953831015,0.07268607121,3.88029559,62.78528823,0.1491251276,0.07193630113,0.1689894221,0.3291555308,monolayer,0.2561233227,no rouleaux,False
tanzania-080526/dpc-304-KTR-72502946.png,tanzania-080526,dpc-304-KTR-72502946.png,gs://tanzania_02032026/TZ2025-Box5/KTR-72502946/dpc-304-KTR-72502946.png,monolayer,no rouleaux,3,0,KTR-72502946,304,train,,,,0.1764585459,171.0,0.6026016854,0.07012432875,3.862933378,64.28248004,0.1527128827,0.09284870058,0.1982518512,0.3409258887,monolayer,0.2687938306,no rouleaux,False
tanzania-080526/dpc-305-KTR-72502946.png,tanzania-080526,dpc-305-KTR-72502946.png,gs://tanzania_02032026/TZ2025-Box5/KTR-72502946/dpc-305-KTR-72502946.png,monolayer,no rouleaux,3,0,KTR-72502946,305,train,,,,0.1634931122,171.0,0.601871983,0.06509118858,3.788889978,59.57429661,0.145403699,0.1074179471,0.2032543002,0.3126259681,monolayer,0.2465327666,no rouleaux,False
tanzania-080526/dpc-306-KTR-72502946.png,tanzania-080526,dpc-306-KTR-72502946.png,gs://tanzania_02032026/TZ2025-Box5/KTR-72502946/dpc-306-KTR-72502946.png,monolayer,no rouleaux,3,0,KTR-72502946,306,train,,,,0.1816320153,170.0,0.6011803617,0.07243841465,3.834638327,60.56213263,0.1485215561,0.08530207586,0.1854325195,0.3323647516,monolayer,0.2628893378,no rouleaux,False
tanzania-080526/dpc-307-KTR-72502946.png,tanzania-080526,dpc-307-KTR-72502946.png,gs://tanzania_02032026/TZ2025-Box5/KTR-72502946/dpc-307-KTR-72502946.png,sparser,no rouleaux,2,0,KTR-72502946,307,train,,,,0.08397219388,171.0,0.5223616218,0.0401083425,3.141725347,45.32201487,0.06809094388,0.300793085,0.6044184845,0.2341431183,sparser,0.2790344202,no rouleaux,False
tanzania-080526/dpc-308-KTR-72502946.png,tanzania-080526,dpc-308-KTR-72502946.png,gs://tanzania_02032026/TZ2025-Box5/KTR-72502946/dpc-308-KTR-72502946.png,sparser,no rouleaux,2,0,KTR-72502946,308,train,,,,0.1421142857,171.0,0.5884535259,0.0584866332,3.531031279,58.30525909,0.1087350765,0.1656395921,0.3018551135,0.2790004518,sparser,0.2534421214,no rouleaux,False
tanzania-080526/dpc-309-KTR-72502946.png,tanzania-080526,dpc-309-KTR-72502946.png,gs://tanzania_02032026/TZ2025-Box5/KTR-72502946/dpc-309-KTR-72502946.png,sparser,no rouleaux,2,0,KTR-72502946,309,train,,,,0.1378519133,171.0,0.6004990723,0.05507196723,3.486536067,55.52576344,0.1052003827,0.1520461213,0.3392843053,0.2661635477,sparser,0.2444786832,no rouleaux,False
tanzania-080526/dpc-310-KTR-72502946.png,tanzania-080526,dpc-310-KTR-72502946.png,gs://tanzania_02032026/TZ2025-Box5/KTR-72502946/dpc-310-KTR-72502946.png,sparser,no rouleaux,2,0,KTR-72502946,310,train,,,,0.1458903061,171.0,0.6089004261,0.05705763655,3.539189476,56.00829385,0.11104375,0.1749203316,0.4317929047,0.3116697976,monolayer,0.2922037281,no rouleaux,False
tanzania-080526/dpc-311-KTR-72502946.png,tanzania-080526,dpc-311-KTR-72502946.png,gs://tanzania_02032026/TZ2025-Box5/KTR-72502946/dpc-311-KTR-72502946.png,monolayer,no rouleaux,3,0,KTR-72502946,311,train,,,,0.1653299745,171.0,0.6314125196,0.06093855873,3.626288043,54.70175123,0.1211024235,0.1534200852,0.3938567896,0.3276110331,monolayer,0.29611273,no rouleaux,False
tanzania-080526/dpc-312-KTR-72502946.png,tanzania-080526,dpc-312-KTR-72502946.png,gs://tanzania_02032026/TZ2025-Box5/KTR-72502946/dpc-312-KTR-72502946.png,monolayer,no rouleaux,3,0,KTR-72502946,312,train,,,,0.1804125,171.0,0.6228669192,0.06803952194,3.739984684,65.66380634,0.1414853316,0.1278731414,0.3272966737,0.3659471391,monolayer,0.316446873,no rouleaux,False
tanzania-080526/dpc-313-KTR-72502946.png,tanzania-080526,dpc-313-KTR-72502946.png,gs://tanzania_02032026/TZ2025-Box5/KTR-72502946/dpc-313-KTR-72502946.png,monolayer,no rouleaux,3,0,KTR-72502946,313,train,,,,0.1876206633,170.0,0.6237927849,0.07058424721,3.753151681,64.54025293,0.1427839286,0.1278001913,0.2832286015,0.3657950739,monolayer,0.3120235646,no rouleaux,False
tanzania-080526/dpc-314-KTR-72502946.png,tanzania-080526,dpc-314-KTR-72502946.png,gs://tanzania_02032026/TZ2025-Box5/KTR-72502946/dpc-314-KTR-72502946.png,monolayer,no rouleaux,3,0,KTR-72502946,314,train,,,,0.1787396684,171.0,0.6149199833,0.06882907448,3.774276884,63.91891587,0.1434082908,0.132968592,0.4015334409,0.3846675056,monolayer,0.3382635516,no rouleaux,False
tanzania-080526/dpc-315-KTR-72502946.png,tanzania-080526,dpc-315-KTR-72502946.png,gs://tanzania_02032026/TZ2025-Box5/KTR-72502946/dpc-315-KTR-72502946.png,monolayer,no rouleaux,3,0,KTR-72502946,315,train,,,,0.2011320153,170.0,0.6136372632,0.0777099159,3.858242204,63.59095681,0.1501502551,0.1087970576,0.2720839592,0.388848492,monolayer,0.3260933181,no rouleaux,False
tanzania-080526/dpc-316-KTR-72502946.png,tanzania-080526,dpc-316-KTR-72502946.png,gs://tanzania_02032026/TZ2025-Box5/KTR-72502946/dpc-316-KTR-72502946.png,monolayer,no rouleaux,3,0,KTR-72502946,316,train,,,,0.1836028061,171.0,0.5971168016,0.07397048576,3.852926376,68.77303184,0.1531214286,0.1245203559,0.3768546093,0.4057709793,monolayer,0.352349101,no rouleaux,False
tanzania-080526/dpc-317-KTR-72502946.png,tanzania-080526,dpc-317-KTR-72502946.png,gs://tanzania_02032026/TZ2025-Box5/KTR-72502946/dpc-317-KTR-72502946.png,monolayer,no rouleaux,3,0,KTR-72502946,317,train,,,,0.201997449,170.0,0.5877195502,0.08327959913,3.904692934,70.47914089,0.1547612245,0.07446227346,0.1420432293,0.3727690031,monolayer,0.2993234871,no rouleaux,False
tanzania-080526/dpc-318-KTR-72502946.png,tanzania-080526,dpc-318-KTR-72502946.png,gs://tanzania_02032026/TZ2025-Box5/KTR-72502946/dpc-318-KTR-72502946.png,monolayer,no rouleaux,3,0,KTR-72502946,318,train,,,,0.1826991071,171.0,0.5887674167,0.0751318258,3.876827479,69.2358101,0.1542609694,0.06850408764,0.1982367696,0.3526156415,monolayer,0.282501372,no rouleaux,False
tanzania-080526/dpc-319-KTR-72502946.png,tanzania-080526,dpc-319-KTR-72502946.png,gs://tanzania_02032026/TZ2025-Box5/KTR-72502946/dpc-319-KTR-72502946.png,monolayer,no rouleaux,3,0,KTR-72502946,319,train,,,,0.1780835459,171.0,0.5968463748,0.07179502712,3.820052726,69.30022197,0.1546619898,0.1058132653,0.1924102265,0.3532760457,monolayer,0.2847351196,no rouleaux,False
tanzania-080526/dpc-320-KTR-72502946.png,tanzania-080526,dpc-320-KTR-72502946.png,gs://tanzania_02032026/TZ2025-Box5/KTR-72502946/dpc-320-KTR-72502946.png,monolayer,no rouleaux,3,0,KTR-72502946,320,train,,,,0.1788507653,171.0,0.6021279689,0.07115971725,3.842500284,67.43490032,0.1535214286,0.07363461855,0.1332123626,0.3280541026,monolayer,0.2518311699,no rouleaux,False
tanzania-080526/dpc-321-KTR-72502946.png,tanzania-080526,dpc-321-KTR-72502946.png,gs://tanzania_02032026/TZ2025-Box5/KTR-72502946/dpc-321-KTR-72502946.png,monolayer,no rouleaux,3,0,KTR-72502946,321,train,,,,0.1757766582,171.0,0.6034527387,0.06970375239,3.85104217,65.17310358,0.150523852,0.09816531656,0.2053192275,0.3419734039,monolayer,0.2721446585,no rouleaux,False
tanzania-080526/dpc-322-KTR-72502946.png,tanzania-080526,dpc-322-KTR-72502946.png,gs://tanzania_02032026/TZ2025-Box5/KTR-72502946/dpc-322-KTR-72502946.png,monolayer,no rouleaux,3,0,KTR-72502946,322,train,,,,0.1696090561,171.0,0.6161433257,0.06510556822,3.794386371,63.94702819,0.1503188776,0.1122006229,0.2339926683,0.336874463,monolayer,0.2705199375,no rouleaux,False
tanzania-080526/dpc-323-KTR-72502946.png,tanzania-080526,dpc-323-KTR-72502946.png,gs://tanzania_02032026/TZ2025-Box5/KTR-72502946/dpc-323-KTR-72502946.png,monolayer,no rouleaux,3,0,KTR-72502946,323,train,,,,0.1786292092,170.0,0.6004951183,0.07136324109,3.830618827,62.56284555,0.1512020408,0.0906724517,0.2398139805,0.346576144,monolayer,0.2808292335,no rouleaux,False
tanzania-080526/dpc-324-KTR-72502946.png,tanzania-080526,dpc-324-KTR-72502946.png,gs://tanzania_02032026/TZ2025-Box5/KTR-72502946/dpc-324-KTR-72502946.png,monolayer,no rouleaux,3,0,KTR-72502946,324,train,,,,0.1647112245,171.0,0.6056438913,0.06495487754,3.793327493,61.5787282,0.1482205357,0.1016375404,0.2151687472,0.3197898078,monolayer,0.2528486858,no rouleaux,False
