fov_key,dataset,filename,image_path,density_label,overlap_label,density_ord,overlap_ord,slide,fov_id,split,density_sub,overlap_sub,quality_tags
tanzania-combinedv3/dpc-001-KIT-62500670.png,tanzania-combinedv3,dpc-001-KIT-62500670.png,gs://tanzania_02032026/TZ2025-Box1/KIT-62500670/dpc-001-KIT-62500670.png,monolayer,no rouleaux,3,0,KIT-62500670,1,train,,,
tanzania-combinedv3/dpc-004-KIT-62500670.png,tanzania-combinedv3,dpc-004-KIT-62500670.png,gs://tanzania_02032026/TZ2025-Box1/KIT-62500670/dpc-004-KIT-62500670.png,monolayer,no rouleaux,3,0,KIT-62500670,4,train,,,
tanzania-combinedv3/dpc-008-KIT-62500670.png,tanzania-combinedv3,dpc-008-KIT-62500670.png,gs://tanzania_02032026/TZ2025-Box1/KIT-62500670/dpc-008-KIT-62500670.png,monolayer,no rouleaux,3,0,KIT-62500670,8,train,,,
tanzania-combinedv3/dpc-012-KIT-62500670.png,tanzania-combinedv3,dpc-012-KIT-62500670.png,gs://tanzania_02032026/TZ2025-Box1/KIT-62500670/dpc-012-KIT-62500670.png,monolayer,no rouleaux,3,0,KIT-62500670,12,train,,,Overexposed
tanzania-combinedv3/dpc-016-KIT-62500670.png,tanzania-combinedv3,dpc-016-KIT-62500670.png,gs://tanzania_02032026/TZ2025-Box1/KIT-62500670/dpc-016-KIT-62500670.png,slightly dense,slight rouleaux,4,1,KIT-62500670,16,train,,,
tanzania-combinedv3/dpc-020-KIT-62500670.png,tanzania-combinedv3,dpc-020-KIT-62500670.png,gs://tanzania_02032026/TZ2025-Box1/KIT-62500670/dpc-020-KIT-62500670.png,monolayer,no rouleaux,3,0,KIT-62500670,20,train,,,Overexposed
tanzania-combinedv3/dpc-024-KIT-62500670.png,tanzania-combinedv3,dpc-024-KIT-62500670.png,gs://tanzania_02032026/TZ2025-Box1/KIT-62500670/dpc-024-KIT-62500670.png,dense,some rouleaux,5,2,KIT-62500670,24,train,,,
tanzania-combinedv3/dpc-028-KIT-62500670.png,tanzania-combinedv3,dpc-028-KIT-62500670.png,gs://tanzania_02032026/TZ2025-Box1/KIT-62500670/dpc-028-KIT-62500670.png,dense,rouleaux,5,3,KIT-62500670,28,train,,low,
tanzania-combinedv3/dpc-031-KIT-62500670.png,tanzania-combinedv3,dpc-031-KIT-62500670.png,gs://tanzania_02032026/TZ2025-Box1/KIT-62500670/dpc-031-KIT-62500670.png,slightly dense,rouleaux,4,3,KIT-62500670,31,train,,,Overexposed
tanzania-combinedv3/dpc-032-KIT-62500670.png,tanzania-combinedv3,dpc-032-KIT-62500670.png,gs://tanzania_02032026/TZ2025-Box1/KIT-62500670/dpc-032-KIT-62500670.png,few cells,rouleaux,1,3,KIT-62500670,32,train,,,
tanzania-combinedv3/dpc-036-KIT-62500670.png,tanzania-combinedv3,dpc-036-KIT-62500670.png,gs://tanzania_02032026/TZ2025-Box1/KIT-62500670/dpc-036-KIT-62500670.png,no cells,no rouleaux,0,0,KIT-62500670,36,train,,,
tanzania-combinedv3/dpc-040-KIT-62500670.png,tanzania-combinedv3,dpc-040-KIT-62500670.png,gs://tanzania_02032026/TZ2025-Box1/KIT-62500670/dpc-040-KIT-62500670.png,slightly dense,slight rouleaux,4,1,KIT-62500670,40,train,,,
tanzania-combinedv3/dpc-044-KIT-62500670.png,tanzania-combinedv3,dpc-044-KIT-62500670.png,gs://tanzania_02032026/TZ2025-Box1/KIT-62500670/dpc-044-KIT-62500670.png,dense,some rouleaux,5,2,KIT-62500670,44,train,,,
tanzania-combinedv3/dpc-048-KIT-62500670.png,tanzania-combinedv3,dpc-048-KIT-62500670.png,gs://tanzania_02032026/TZ2025-Box1/KIT-62500670/dpc-048-KIT-62500670.png,dense,rouleaux,5,3,KIT-62500670,48,train,,,
tanzania-combinedv3/dpc-053-KIT-62500670.png,tanzania-combinedv3,dpc-053-KIT-62500670.png,gs://tanzania_02032026/TZ2025-Box1/KIT-62500670/dpc-053-KIT-62500670.png,no cells,no rouleaux,0,0,KIT-62500670,53,train,,,
tanzania-combinedv3/dpc-056-KIT-62500670.png,tanzania-combinedv3,dpc-056-KIT-62500670.png,gs://tanzania_02032026/TZ2025-Box1/KIT-62500670/dpc-056-KIT-62500670.png,monolayer,no rouleaux,3,0,KIT-62500670,56,train,,,
tanzania-combinedv3/dpc-060-KIT-62500670.png,tanzania-combinedv3,dpc-060-KIT-62500670.png,gs://tanzania_02032026/TZ2025-Box1/KIT-62500670/dpc-060-KIT-62500670.png,slightly dense,slight rouleaux,4,1,KIT-62500670,60,train,,,
tanzania-combinedv3/dpc-064-KIT-62500670.png,tanzania-combinedv3,dpc-064-KIT-62500670.png,gs://tanzania_02032026/TZ2025-Box1/KIT-62500670/dpc-064-KIT-62500670.png,dense,rouleaux,5,3,KIT-62500670,64,train,,low,
tanzania-combinedv3/dpc-068-KIT-62500670.png,tanzania-combinedv3,dpc-068-KIT-62500670.png,gs://tanzania_02032026/TZ2025-Box1/KIT-62500670/dpc-068-KIT-62500670.png,few cells,rouleaux,1,3,KIT-62500670,68,train,,,
tanzania-combinedv3/dpc-072-KIT-62500670.png,tanzania-combinedv3,dpc-072-KIT-62500670.png,gs://tanzania_02032026/TZ2025-Box1/KIT-62500670/dpc-072-KIT-62500670.png,no cells,no rouleaux,0,0,KIT-62500670,72,train,,,
tanzania-combinedv3/dpc-076-KIT-62500670.png,tanzania-combinedv3,dpc-076-KIT-62500670.png,gs://tanzania_02032026/TZ2025-Box1/KIT-62500670/dpc-076-KIT-62500670.png,slightly dense,slight rouleaux,4,1,KIT-62500670,76,train,,,
tanzania-combinedv3/dpc-080-KIT-62500670.png,tanzania-combinedv3,dpc-080-KIT-62500670.png,gs://tanzania_02032026/TZ2025-Box1/KIT-62500670/dpc-080-KIT-62500670.png,slightly dense,some rouleaux,4,2,KIT-62500670,80,train,,,
tanzania-combinedv3/dpc-084-KIT-62500670.png,tanzania-combinedv3,dpc-084-KIT-62500670.png,gs://tanzania_02032026/TZ2025-Box1/KIT-62500670/dpc-084-KIT-62500670.png,dense,rouleaux,5,3,KIT-62500670,84,train,,,
tanzania-combinedv3/dpc-088-KIT-62500670.png,tanzania-combinedv3,dpc-088-KIT-62500670.png,gs://tanzania_02032026/TZ2025-Box1/KIT-62500670/dpc-088-KIT-62500670.png,no cells,no rouleaux,0,0,KIT-62500670,88,train,,,
tanzania-combinedv3/dpc-092-KIT-62500670.png,tanzania-combinedv3,dpc-092-KIT-62500670.png,gs://tanzania_02032026/TZ2025-Box1/KIT-62500670/dpc-092-KIT-62500670.png,monolayer,no rouleaux,3,0,KIT-62500670,92,train,,,Overexposed
tanzania-combinedv3/dpc-096-KIT-62500670.png,tanzania-combinedv3,dpc-096-KIT-62500670.png,gs://tanzania_02032026/TZ2025-Box1/KIT-62500670/dpc-096-KIT-62500670.png,slightly dense,some rouleaux,4,2,KIT-62500670,96,train,,,
tanzania-combinedv3/dpc-100-KIT-62500670.png,tanzania-combinedv3,dpc-100-KIT-62500670.png,gs://tanzania_02032026/TZ2025-Box1/KIT-62500670/dpc-100-KIT-62500670.png,dense,rouleaux,5,3,KIT-62500670,100,train,,,
tanzania-combinedv3/dpc-104-KIT-62500670.png,tanzania-combinedv3,dpc-104-KIT-62500670.png,gs://tanzania_02032026/TZ2025-Box1/KIT-62500670/dpc-104-KIT-62500670.png,sparser,rouleaux,2,3,KIT-62500670,104,train,,,
tanzania-combinedv3/dpc-108-KIT-62500670.png,tanzania-combinedv3,dpc-108-KIT-62500670.png,gs://tanzania_02032026/TZ2025-Box1/KIT-62500670/dpc-108-KIT-62500670.png,no cells,no rouleaux,0,0,KIT-62500670,108,train,,,
tanzania-combinedv3/dpc-112-KIT-62500670.png,tanzania-combinedv3,dpc-112-KIT-62500670.png,gs://tanzania_02032026/TZ2025-Box1/KIT-62500670/dpc-112-KIT-62500670.png,slightly dense,slight rouleaux,4,1,KIT-62500670,112,train,,,
tanzania-combinedv3/dpc-116-KIT-62500670.png,tanzania-combinedv3,dpc-116-KIT-62500670.png,gs://tanzania_02032026/TZ2025-Box1/KIT-62500670/dpc-116-KIT-62500670.png,dense,rouleaux,5,3,KIT-62500670,116,train,,,
tanzania-combinedv3/dpc-120-KIT-62500670.png,tanzania-combinedv3,dpc-120-KIT-62500670.png,gs://tanzania_02032026/TZ2025-Box1/KIT-62500670/dpc-120-KIT-62500670.png,very dense,heavy rouleaux,6,4,KIT-62500670,120,train,,,
tanzania-combinedv3/dpc-123-KIT-62500670.png,tanzania-combinedv3,dpc-123-KIT-62500670.png,gs://tanzania_02032026/TZ2025-Box1/KIT-62500670/dpc-123-KIT-62500670.png,no cells,no rouleaux,0,0,KIT-62500670,123,train,,,
tanzania-combinedv3/dpc-128-KIT-62500670.png,tanzania-combinedv3,dpc-128-KIT-62500670.png,gs://tanzania_02032026/TZ2025-Box1/KIT-62500670/dpc-128-KIT-62500670.png,slightly dense,slight rouleaux,4,1,KIT-62500670,128,train,,,Overexposed
tanzania-combinedv3/dpc-132-KIT-62500670.png,tanzania-combinedv3,dpc-132-KIT-62500670.png,gs://tanzania_02032026/TZ2025-Box1/KIT-62500670/dpc-132-KIT-62500670.png,slightly dense,some rouleaux,4,2,KIT-62500670,132,train,,,
tanzania-combinedv3/dpc-136-KIT-62500670.png,tanzania-combinedv3,dpc-136-KIT-62500670.png,gs://tanzania_02032026/TZ2025-Box1/KIT-62500670/dpc-136-KIT-62500670.png,dense,rouleaux,5,3,KIT-62500670,136,train,,,
tanzania-combinedv3/dpc-140-KIT-62500670.png,tanzania-combinedv3,dpc-140-KIT-62500670.png,gs://tanzania_02032026/TZ2025-Box1/KIT-62500670/dpc-140-KIT-62500670.png,sparser,rouleaux,2,3,KIT-62500670,140,train,,,
tanzania-combinedv3/dpc-145-KIT-62500670.png,tanzania-combinedv3,dpc-145-KIT-62500670.png,gs://tanzania_02032026/TZ2025-Box1/KIT-62500670/dpc-145-KIT-62500670.png,slightly dense,slight rouleaux,4,1,KIT-62500670,145,train,,,
tanzania-combinedv3/dpc-148-KIT-62500670.png,tanzania-combinedv3,dpc-148-KIT-62500670.png,gs://tanzania_02032026/TZ2025-Box1/KIT-62500670/dpc-148-KIT-62500670.png,slightly dense,slight rouleaux,4,1,KIT-62500670,148,train,,,
tanzania-combinedv3/dpc-152-KIT-62500670.png,tanzania-combinedv3,dpc-152-KIT-62500670.png,gs://tanzania_02032026/TZ2025-Box1/KIT-62500670/dpc-152-KIT-62500670.png,dense,rouleaux,5,3,KIT-62500670,152,train,,low,
tanzania-combinedv3/dpc-156-KIT-62500670.png,tanzania-combinedv3,dpc-156-KIT-62500670.png,gs://tanzania_02032026/TZ2025-Box1/KIT-62500670/dpc-156-KIT-62500670.png,slightly dense,rouleaux,4,3,KIT-62500670,156,train,,,
tanzania-combinedv3/dpc-160-KIT-62500670.png,tanzania-combinedv3,dpc-160-KIT-62500670.png,gs://tanzania_02032026/TZ2025-Box1/KIT-62500670/dpc-160-KIT-62500670.png,no cells,no rouleaux,0,0,KIT-62500670,160,train,,,
tanzania-combinedv3/dpc-164-KIT-62500670.png,tanzania-combinedv3,dpc-164-KIT-62500670.png,gs://tanzania_02032026/TZ2025-Box1/KIT-62500670/dpc-164-KIT-62500670.png,slightly dense,slight rouleaux,4,1,KIT-62500670,164,train,,,
tanzania-combinedv3/dpc-168-KIT-62500670.png,tanzania-combinedv3,dpc-168-KIT-62500670.png,gs://tanzania_02032026/TZ2025-Box1/KIT-62500670/dpc-168-KIT-62500670.png,slightly dense,some rouleaux,4,2,KIT-62500670,168,train,,,
tanzania-combinedv3/dpc-172-KIT-62500670.png,tanzania-combinedv3,dpc-172-KIT-62500670.png,gs://tanzania_02032026/TZ2025-Box1/KIT-62500670/dpc-172-KIT-62500670.png,dense,rouleaux,5,3,KIT-62500670,172,train,,,
tanzania-combinedv3/dpc-176-KIT-62500670.png,tanzania-combinedv3,dpc-176-KIT-62500670.png,gs://tanzania_02032026/TZ2025-Box1/KIT-62500670/dpc-176-KIT-62500670.png,few cells,no rouleaux,1,0,KIT-62500670,176,train,,,
tanzania-combinedv3/dpc-180-KIT-62500670.png,tanzania-combinedv3,dpc-180-KIT-62500670.png,gs://tanzania_02032026/TZ2025-Box1/KIT-62500670/dpc-180-KIT-62500670.png,no cells,no rouleaux,0,0,KIT-62500670,180,train,,,
tanzania-combinedv3/dpc-184-KIT-62500670.png,tanzania-combinedv3,dpc-184-KIT-62500670.png,gs://tanzania_02032026/TZ2025-Box1/KIT-62500670/dpc-184-KIT-62500670.png,slightly dense,slight rouleaux,4,1,KIT-62500670,184,train,,,Overexposed
tanzania-combinedv3/dpc-188-KIT-62500670.png,tanzania-combinedv3,dpc-188-KIT-62500670.png,gs://tanzania_02032026/TZ2025-Box1/KIT-62500670/dpc-188-KIT-62500670.png,dense,rouleaux,5,3,KIT-62500670,188,train,,low,
tanzania-combinedv3/dpc-192-KIT-62500670.png,tanzania-combinedv3,dpc-192-KIT-62500670.png,gs://tanzania_02032026/TZ2025-Box1/KIT-62500670/dpc-192-KIT-62500670.png,slightly dense,rouleaux,4,3,KIT-62500670,192,train,,,
tanzania-combinedv3/dpc-196-KIT-62500670.png,tanzania-combinedv3,dpc-196-KIT-62500670.png,gs://tanzania_02032026/TZ2025-Box1/KIT-62500670/dpc-196-KIT-62500670.png,no cells,no rouleaux,0,0,KIT-62500670,196,train,,,
tanzania-combinedv3/dpc-200-KIT-62500670.png,tanzania-combinedv3,dpc-200-KIT-62500670.png,gs://tanzania_02032026/TZ2025-Box1/KIT-62500670/dpc-200-KIT-62500670.png,monolayer,slight rouleaux,3,1,KIT-62500670,200,train,,,Overexposed
tanzania-combinedv3/dpc-204-KIT-62500670.png,tanzania-combinedv3,dpc-204-KIT-62500670.png,gs://tanzania_02032026/TZ2025-Box1/KIT-62500670/dpc-204-KIT-62500670.png,slightly dense,some rouleaux,4,2,KIT-62500670,204,train,,,Overexposed
tanzania-combinedv3/dpc-208-KIT-62500670.png,tanzania-combinedv3,dpc-208-KIT-62500670.png,gs://tanzania_02032026/TZ2025-Box1/KIT-62500670/dpc-208-KIT-62500670.png,slightly dense,some rouleaux,4,2,KIT-62500670,208,train,,,
tanzania-combinedv3/dpc-212-KIT-62500670.png,tanzania-combinedv3,dpc-212-KIT-62500670.png,gs://tanzania_02032026/TZ2025-Box1/KIT-62500670/dpc-212-KIT-62500670.png,sparser,heavy rouleaux,2,4,KIT-62500670,212,train,,,
tanzania-combinedv3/dpc-218-KIT-62500670.png,tanzania-combinedv3,dpc-218-KIT-62500670.png,gs://tanzania_02032026/TZ2025-Box1/KIT-62500670/dpc-218-KIT-62500670.png,slightly dense,slight rouleaux,4,1,KIT-62500670,218,train,,,
tanzania-combinedv3/dpc-220-KIT-62500670.png,tanzania-combinedv3,dpc-220-KIT-62500670.png,gs://tanzania_02032026/TZ2025-Box1/KIT-62500670/dpc-220-KIT-62500670.png,slightly dense,slight rouleaux,4,1,KIT-62500670,220,train,,,
tanzania-combinedv3/dpc-224-KIT-62500670.png,tanzania-combinedv3,dpc-224-KIT-62500670.png,gs://tanzania_02032026/TZ2025-Box1/KIT-62500670/dpc-224-KIT-62500670.png,slightly dense,some rouleaux,4,2,KIT-62500670,224,train,,,
tanzania-combinedv3/dpc-228-KIT-62500670.png,tanzania-combinedv3,dpc-228-KIT-62500670.png,gs://tanzania_02032026/TZ2025-Box1/KIT-62500670/dpc-228-KIT-62500670.png,dense,heavy rouleaux,5,4,KIT-62500670,228,train,,,
tanzania-combinedv3/dpc-235-KIT-62500670.png,tanzania-combinedv3,dpc-235-KIT-62500670.png,gs://tanzania_02032026/TZ2025-Box1/KIT-62500670/dpc-235-KIT-62500670.png,monolayer,no rouleaux,3,0,KIT-62500670,235,train,,,
tanzania-combinedv3/dpc-236-KIT-62500670.png,tanzania-combinedv3,dpc-236-KIT-62500670.png,gs://tanzania_02032026/TZ2025-Box1/KIT-62500670/dpc-236-KIT-62500670.png,slightly dense,slight rouleaux,4,1,KIT-62500670,236,train,,,
tanzania-combinedv3/dpc-240-KIT-62500670.png,tanzania-combinedv3,dpc-240-KIT-62500670.png,gs://tanzania_02032026/TZ2025-Box1/KIT-62500670/dpc-240-KIT-62500670.png,slightly dense,slight rouleaux,4,1,KIT-62500670,240,train,,,Overexposed
tanzania-combinedv3/dpc-244-KIT-62500670.png,tanzania-combinedv3,dpc-244-KIT-62500670.png,gs://tanzania_02032026/TZ2025-Box1/KIT-62500670/dpc-244-KIT-62500670.png,dense,some rouleaux,5,2,KIT-62500670,244,train,,,
tanzania-combinedv3/dpc-248-KIT-62500670.png,tanzania-combinedv3,dpc-248-KIT-62500670.png,gs://tanzania_02032026/TZ2025-Box1/KIT-62500670/dpc-248-KIT-62500670.png,few cells,no rouleaux,1,0,KIT-62500670,248,train,,,
tanzania-combinedv3/dpc-253-KIT-62500670.png,tanzania-combinedv3,dpc-253-KIT-62500670.png,gs://tanzania_02032026/TZ2025-Box1/KIT-62500670/dpc-253-KIT-62500670.png,monolayer,no rouleaux,3,0,KIT-62500670,253,train,,,
tanzania-combinedv3/dpc-256-KIT-62500670.png,tanzania-combinedv3,dpc-256-KIT-62500670.png,gs://tanzania_02032026/TZ2025-Box1/KIT-62500670/dpc-256-KIT-62500670.png,slightly dense,slight rouleaux,4,1,KIT-62500670,256,train,,,
tanzania-combinedv3/dpc-260-KIT-62500670.png,tanzania-combinedv3,dpc-260-KIT-62500670.png,gs://tanzania_02032026/TZ2025-Box1/KIT-62500670/dpc-260-KIT-62500670.png,slightly dense,slight rouleaux,4,1,KIT-62500670,260,train,,,
tanzania-combinedv3/dpc-264-KIT-62500670.png,tanzania-combinedv3,dpc-264-KIT-62500670.png,gs://tanzania_02032026/TZ2025-Box1/KIT-62500670/dpc-264-KIT-62500670.png,dense,some rouleaux,5,2,KIT-62500670,264,train,,,
tanzania-combinedv3/dpc-269-KIT-62500670.png,tanzania-combinedv3,dpc-269-KIT-62500670.png,gs://tanzania_02032026/TZ2025-Box1/KIT-62500670/dpc-269-KIT-62500670.png,no cells,no rouleaux,0,0,KIT-62500670,269,train,,,
tanzania-combinedv3/dpc-272-KIT-62500670.png,tanzania-combinedv3,dpc-272-KIT-62500670.png,gs://tanzania_02032026/TZ2025-Box1/KIT-62500670/dpc-272-KIT-62500670.png,monolayer,no rouleaux,3,0,KIT-62500670,272,train,,,
tanzania-combinedv3/dpc-276-KIT-62500670.png,tanzania-combinedv3,dpc-276-KIT-62500670.png,gs://tanzania_02032026/TZ2025-Box1/KIT-62500670/dpc-276-KIT-62500670.png,slightly dense,slight rouleaux,4,1,KIT-62500670,276,train,,,
tanzania-combinedv3/dpc-280-KIT-62500670.png,tanzania-combinedv3,dpc-280-KIT-62500670.png,gs://tanzania_02032026/TZ2025-Box1/KIT-62500670/dpc-280-KIT-62500670.png,slightly dense,some rouleaux,4,2,KIT-62500670,280,train,,,
tanzania-combinedv3/dpc-284-KIT-62500670.png,tanzania-combinedv3,dpc-284-KIT-62500670.png,gs://tanzania_02032026/TZ2025-Box1/KIT-62500670/dpc-284-KIT-62500670.png,few cells,no rouleaux,1,0,KIT-62500670,284,train,,,
tanzania-combinedv3/dpc-288-KIT-62500670.png,tanzania-combinedv3,dpc-288-KIT-62500670.png,gs://tanzania_02032026/TZ2025-Box1/KIT-62500670/dpc-288-KIT-62500670.png,no cells,no rouleaux,0,0,KIT-62500670,288,train,,,
tanzania-combinedv3/dpc-292-KIT-62500670.png,tanzania-combinedv3,dpc-292-KIT-62500670.png,gs://tanzania_02032026/TZ2025-Box1/KIT-62500670/dpc-292-KIT-62500670.png,monolayer,no rouleaux,3,0,KIT-62500670,292,train,,,
tanzania-combinedv3/dpc-296-KIT-62500670.png,tanzania-combinedv3,dpc-296-KIT-62500670.png,gs://tanzania_02032026/TZ2025-Box1/KIT-62500670/dpc-296-KIT-62500670.png,slightly dense,slight rouleaux,4,1,KIT-62500670,296,train,,,
tanzania-combinedv3/dpc-300-KIT-62500670.png,tanzania-combinedv3,dpc-300-KIT-62500670.png,gs://tanzania_02032026/TZ2025-Box1/KIT-62500670/dpc-300-KIT-62500670.png,dense,some rouleaux,5,2,KIT-62500670,300,train,,,
tanzania-combinedv3/dpc-304-KIT-62500670.png,tanzania-combinedv3,dpc-304-KIT-62500670.png,gs://tanzania_02032026/TZ2025-Box1/KIT-62500670/dpc-304-KIT-62500670.png,no cells,no rouleaux,0,0,KIT-62500670,304,train,,,
tanzania-combinedv3/dpc-308-KIT-62500670.png,tanzania-combinedv3,dpc-308-KIT-62500670.png,gs://tanzania_02032026/TZ2025-Box1/KIT-62500670/dpc-308-KIT-62500670.png,monolayer,no rouleaux,3,0,KIT-62500670,308,train,,,
tanzania-combinedv3/dpc-312-KIT-62500670.png,tanzania-combinedv3,dpc-312-KIT-62500670.png,gs://tanzania_02032026/TZ2025-Box1/KIT-62500670/dpc-312-KIT-62500670.png,slightly dense,slight rouleaux,4,1,KIT-62500670,312,train,,,Overexposed
tanzania-combinedv3/dpc-316-KIT-62500670.png,tanzania-combinedv3,dpc-316-KIT-62500670.png,gs://tanzania_02032026/TZ2025-Box1/KIT-62500670/dpc-316-KIT-62500670.png,slightly dense,some rouleaux,4,2,KIT-62500670,316,train,,,
tanzania-combinedv3/dpc-319-KIT-62500670.png,tanzania-combinedv3,dpc-319-KIT-62500670.png,gs://tanzania_02032026/TZ2025-Box1/KIT-62500670/dpc-319-KIT-62500670.png,slightly dense,some rouleaux,4,2,KIT-62500670,319,train,,,
tanzania-combinedv3/dpc-324-KIT-62500670.png,tanzania-combinedv3,dpc-324-KIT-62500670.png,gs://tanzania_02032026/TZ2025-Box1/KIT-62500670/dpc-324-KIT-62500670.png,no cells,no rouleaux,0,0,KIT-62500670,324,train,,,
tanzania-combinedv3/dpc-001-KIT-62500909.png,tanzania-combinedv3,dpc-001-KIT-62500909.png,gs://tanzania_02032026/TZ2025-Box1/KIT-62500909/dpc-001-KIT-62500909.png,sparser,no rouleaux,2,0,KIT-62500909,1,train,,,
tanzania-combinedv3/dpc-004-KIT-62500909.png,tanzania-combinedv3,dpc-004-KIT-62500909.png,gs://tanzania_02032026/TZ2025-Box1/KIT-62500909/dpc-004-KIT-62500909.png,sparser,no rouleaux,2,0,KIT-62500909,4,train,,,
tanzania-combinedv3/dpc-008-KIT-62500909.png,tanzania-combinedv3,dpc-008-KIT-62500909.png,gs://tanzania_02032026/TZ2025-Box1/KIT-62500909/dpc-008-KIT-62500909.png,sparser,no rouleaux,2,0,KIT-62500909,8,train,,,
tanzania-combinedv3/dpc-012-KIT-62500909.png,tanzania-combinedv3,dpc-012-KIT-62500909.png,gs://tanzania_02032026/TZ2025-Box1/KIT-62500909/dpc-012-KIT-62500909.png,sparser,no rouleaux,2,0,KIT-62500909,12,train,,,
tanzania-combinedv3/dpc-016-KIT-62500909.png,tanzania-combinedv3,dpc-016-KIT-62500909.png,gs://tanzania_02032026/TZ2025-Box1/KIT-62500909/dpc-016-KIT-62500909.png,sparser,no rouleaux,2,0,KIT-62500909,16,train,,,
tanzania-combinedv3/dpc-020-KIT-62500909.png,tanzania-combinedv3,dpc-020-KIT-62500909.png,gs://tanzania_02032026/TZ2025-Box1/KIT-62500909/dpc-020-KIT-62500909.png,sparser,no rouleaux,2,0,KIT-62500909,20,train,,,
tanzania-combinedv3/dpc-024-KIT-62500909.png,tanzania-combinedv3,dpc-024-KIT-62500909.png,gs://tanzania_02032026/TZ2025-Box1/KIT-62500909/dpc-024-KIT-62500909.png,sparser,no rouleaux,2,0,KIT-62500909,24,train,,,
tanzania-combinedv3/dpc-028-KIT-62500909.png,tanzania-combinedv3,dpc-028-KIT-62500909.png,gs://tanzania_02032026/TZ2025-Box1/KIT-62500909/dpc-028-KIT-62500909.png,sparser,no rouleaux,2,0,KIT-62500909,28,train,,,
tanzania-combinedv3/dpc-032-KIT-62500909.png,tanzania-combinedv3,dpc-032-KIT-62500909.png,gs://tanzania_02032026/TZ2025-Box1/KIT-62500909/dpc-032-KIT-62500909.png,sparser,no rouleaux,2,0,KIT-62500909,32,train,,,
tanzania-combinedv3/dpc-036-KIT-62500909.png,tanzania-combinedv3,dpc-036-KIT-62500909.png,gs://tanzania_02032026/TZ2025-Box1/KIT-62500909/dpc-036-KIT-62500909.png,sparser,no rouleaux,2,0,KIT-62500909,36,train,,,Overexposed
tanzania-combinedv3/dpc-040-KIT-62500909.png,tanzania-combinedv3,dpc-040-KIT-62500909.png,gs://tanzania_02032026/TZ2025-Box1/KIT-62500909/dpc-040-KIT-62500909.png,sparser,no rouleaux,2,0,KIT-62500909,40,train,,,
tanzania-combinedv3/dpc-044-KIT-62500909.png,tanzania-combinedv3,dpc-044-KIT-62500909.png,gs://tanzania_02032026/TZ2025-Box1/KIT-62500909/dpc-044-KIT-62500909.png,sparser,no rouleaux,2,0,KIT-62500909,44,train,low,,
tanzania-combinedv3/dpc-048-KIT-62500909.png,tanzania-combinedv3,dpc-048-KIT-62500909.png,gs://tanzania_02032026/TZ2025-Box1/KIT-62500909/dpc-048-KIT-62500909.png,sparser,no rouleaux,2,0,KIT-62500909,48,train,low,,
tanzania-combinedv3/dpc-052-KIT-62500909.png,tanzania-combinedv3,dpc-052-KIT-62500909.png,gs://tanzania_02032026/TZ2025-Box1/KIT-62500909/dpc-052-KIT-62500909.png,sparser,no rouleaux,2,0,KIT-62500909,52,train,low,,
tanzania-combinedv3/dpc-056-KIT-62500909.png,tanzania-combinedv3,dpc-056-KIT-62500909.png,gs://tanzania_02032026/TZ2025-Box1/KIT-62500909/dpc-056-KIT-62500909.png,sparser,no rouleaux,2,0,KIT-62500909,56,train,low,,
tanzania-combinedv3/dpc-060-KIT-62500909.png,tanzania-combinedv3,dpc-060-KIT-62500909.png,gs://tanzania_02032026/TZ2025-Box1/KIT-62500909/dpc-060-KIT-62500909.png,sparser,no rouleaux,2,0,KIT-62500909,60,train,low,,
tanzania-combinedv3/dpc-064-KIT-62500909.png,tanzania-combinedv3,dpc-064-KIT-62500909.png,gs://tanzania_02032026/TZ2025-Box1/KIT-62500909/dpc-064-KIT-62500909.png,few cells,no rouleaux,1,0,KIT-62500909,64,train,,,
tanzania-combinedv3/dpc-068-KIT-62500909.png,tanzania-combinedv3,dpc-068-KIT-62500909.png,gs://tanzania_02032026/TZ2025-Box1/KIT-62500909/dpc-068-KIT-62500909.png,few cells,no rouleaux,1,0,KIT-62500909,68,train,,,
tanzania-combinedv3/dpc-072-KIT-62500909.png,tanzania-combinedv3,dpc-072-KIT-62500909.png,gs://tanzania_02032026/TZ2025-Box1/KIT-62500909/dpc-072-KIT-62500909.png,few cells,no rouleaux,1,0,KIT-62500909,72,train,,,
tanzania-combinedv3/dpc-076-KIT-62500909.png,tanzania-combinedv3,dpc-076-KIT-62500909.png,gs://tanzania_02032026/TZ2025-Box1/KIT-62500909/dpc-076-KIT-62500909.png,sparser,no rouleaux,2,0,KIT-62500909,76,train,,,
tanzania-combinedv3/dpc-080-KIT-62500909.png,tanzania-combinedv3,dpc-080-KIT-62500909.png,gs://tanzania_02032026/TZ2025-Box1/KIT-62500909/dpc-080-KIT-62500909.png,few cells,no rouleaux,1,0,KIT-62500909,80,train,,,
tanzania-combinedv3/dpc-086-KIT-62500909.png,tanzania-combinedv3,dpc-086-KIT-62500909.png,gs://tanzania_02032026/TZ2025-Box1/KIT-62500909/dpc-086-KIT-62500909.png,few cells,no rouleaux,1,0,KIT-62500909,86,train,,,
tanzania-combinedv3/dpc-089-KIT-62500909.png,tanzania-combinedv3,dpc-089-KIT-62500909.png,gs://tanzania_02032026/TZ2025-Box1/KIT-62500909/dpc-089-KIT-62500909.png,few cells,no rouleaux,1,0,KIT-62500909,89,train,,,
tanzania-combinedv3/dpc-092-KIT-62500909.png,tanzania-combinedv3,dpc-092-KIT-62500909.png,gs://tanzania_02032026/TZ2025-Box1/KIT-62500909/dpc-092-KIT-62500909.png,sparser,no rouleaux,2,0,KIT-62500909,92,train,,,
tanzania-combinedv3/dpc-096-KIT-62500909.png,tanzania-combinedv3,dpc-096-KIT-62500909.png,gs://tanzania_02032026/TZ2025-Box1/KIT-62500909/dpc-096-KIT-62500909.png,sparser,no rouleaux,2,0,KIT-62500909,96,train,,,
tanzania-combinedv3/dpc-100-KIT-62500909.png,tanzania-combinedv3,dpc-100-KIT-62500909.png,gs://tanzania_02032026/TZ2025-Box1/KIT-62500909/dpc-100-KIT-62500909.png,sparser,no rouleaux,2,0,KIT-62500909,100,train,,,
tanzania-combinedv3/dpc-104-KIT-62500909.png,tanzania-combinedv3,dpc-104-KIT-62500909.png,gs://tanzania_02032026/TZ2025-Box1/KIT-62500909/dpc-104-KIT-62500909.png,sparser,no rouleaux,2,0,KIT-62500909,104,train,low,,
tanzania-combinedv3/dpc-108-KIT-62500909.png,tanzania-combinedv3,dpc-108-KIT-62500909.png,gs://tanzania_02032026/TZ2025-Box1/KIT-62500909/dpc-108-KIT-62500909.png,sparser,no rouleaux,2,0,KIT-62500909,108,train,low,,
tanzania-combinedv3/dpc-112-KIT-62500909.png,tanzania-combinedv3,dpc-112-KIT-62500909.png,gs://tanzania_02032026/TZ2025-Box1/KIT-62500909/dpc-112-KIT-62500909.png,few cells,no rouleaux,1,0,KIT-62500909,112,train,,,
tanzania-combinedv3/dpc-116-KIT-62500909.png,tanzania-combinedv3,dpc-116-KIT-62500909.png,gs://tanzania_02032026/TZ2025-Box1/KIT-62500909/dpc-116-KIT-62500909.png,few cells,no rouleaux,1,0,KIT-62500909,116,train,,,
tanzania-combinedv3/dpc-120-KIT-62500909.png,tanzania-combinedv3,dpc-120-KIT-62500909.png,gs://tanzania_02032026/TZ2025-Box1/KIT-62500909/dpc-120-KIT-62500909.png,few cells,no rouleaux,1,0,KIT-62500909,120,train,,,
tanzania-combinedv3/dpc-124-KIT-62500909.png,tanzania-combinedv3,dpc-124-KIT-62500909.png,gs://tanzania_02032026/TZ2025-Box1/KIT-62500909/dpc-124-KIT-62500909.png,few cells,no rouleaux,1,0,KIT-62500909,124,train,,,
tanzania-combinedv3/dpc-128-KIT-62500909.png,tanzania-combinedv3,dpc-128-KIT-62500909.png,gs://tanzania_02032026/TZ2025-Box1/KIT-62500909/dpc-128-KIT-62500909.png,sparser,no rouleaux,2,0,KIT-62500909,128,train,,,
tanzania-combinedv3/dpc-132-KIT-62500909.png,tanzania-combinedv3,dpc-132-KIT-62500909.png,gs://tanzania_02032026/TZ2025-Box1/KIT-62500909/dpc-132-KIT-62500909.png,sparser,no rouleaux,2,0,KIT-62500909,132,train,,,
tanzania-combinedv3/dpc-136-KIT-62500909.png,tanzania-combinedv3,dpc-136-KIT-62500909.png,gs://tanzania_02032026/TZ2025-Box1/KIT-62500909/dpc-136-KIT-62500909.png,sparser,no rouleaux,2,0,KIT-62500909,136,train,low,,
tanzania-combinedv3/dpc-143-KIT-62500909.png,tanzania-combinedv3,dpc-143-KIT-62500909.png,gs://tanzania_02032026/TZ2025-Box1/KIT-62500909/dpc-143-KIT-62500909.png,few cells,no rouleaux,1,0,KIT-62500909,143,train,,,
tanzania-combinedv3/dpc-144-KIT-62500909.png,tanzania-combinedv3,dpc-144-KIT-62500909.png,gs://tanzania_02032026/TZ2025-Box1/KIT-62500909/dpc-144-KIT-62500909.png,few cells,no rouleaux,1,0,KIT-62500909,144,train,,,
tanzania-combinedv3/dpc-148-KIT-62500909.png,tanzania-combinedv3,dpc-148-KIT-62500909.png,gs://tanzania_02032026/TZ2025-Box1/KIT-62500909/dpc-148-KIT-62500909.png,sparser,no rouleaux,2,0,KIT-62500909,148,train,low,,
tanzania-combinedv3/dpc-152-KIT-62500909.png,tanzania-combinedv3,dpc-152-KIT-62500909.png,gs://tanzania_02032026/TZ2025-Box1/KIT-62500909/dpc-152-KIT-62500909.png,few cells,no rouleaux,1,0,KIT-62500909,152,train,,,
tanzania-combinedv3/dpc-156-KIT-62500909.png,tanzania-combinedv3,dpc-156-KIT-62500909.png,gs://tanzania_02032026/TZ2025-Box1/KIT-62500909/dpc-156-KIT-62500909.png,sparser,no rouleaux,2,0,KIT-62500909,156,train,low,,
tanzania-combinedv3/dpc-160-KIT-62500909.png,tanzania-combinedv3,dpc-160-KIT-62500909.png,gs://tanzania_02032026/TZ2025-Box1/KIT-62500909/dpc-160-KIT-62500909.png,sparser,no rouleaux,2,0,KIT-62500909,160,train,,,
tanzania-combinedv3/dpc-164-KIT-62500909.png,tanzania-combinedv3,dpc-164-KIT-62500909.png,gs://tanzania_02032026/TZ2025-Box1/KIT-62500909/dpc-164-KIT-62500909.png,sparser,no rouleaux,2,0,KIT-62500909,164,train,,,
tanzania-combinedv3/dpc-168-KIT-62500909.png,tanzania-combinedv3,dpc-168-KIT-62500909.png,gs://tanzania_02032026/TZ2025-Box1/KIT-62500909/dpc-168-KIT-62500909.png,sparser,no rouleaux,2,0,KIT-62500909,168,train,low,,
tanzania-combinedv3/dpc-172-KIT-62500909.png,tanzania-combinedv3,dpc-172-KIT-62500909.png,gs://tanzania_02032026/TZ2025-Box1/KIT-62500909/dpc-172-KIT-62500909.png,sparser,no rouleaux,2,0,KIT-62500909,172,train,,,
tanzania-combinedv3/dpc-176-KIT-62500909.png,tanzania-combinedv3,dpc-176-KIT-62500909.png,gs://tanzania_02032026/TZ2025-Box1/KIT-62500909/dpc-176-KIT-62500909.png,sparser,no rouleaux,2,0,KIT-62500909,176,train,low,,
tanzania-combinedv3/dpc-180-KIT-62500909.png,tanzania-combinedv3,dpc-180-KIT-62500909.png,gs://tanzania_02032026/TZ2025-Box1/KIT-62500909/dpc-180-KIT-62500909.png,sparser,no rouleaux,2,0,KIT-62500909,180,train,low,,
tanzania-combinedv3/dpc-184-KIT-62500909.png,tanzania-combinedv3,dpc-184-KIT-62500909.png,gs://tanzania_02032026/TZ2025-Box1/KIT-62500909/dpc-184-KIT-62500909.png,sparser,no rouleaux,2,0,KIT-62500909,184,train,,,
tanzania-combinedv3/dpc-188-KIT-62500909.png,tanzania-combinedv3,dpc-188-KIT-62500909.png,gs://tanzania_02032026/TZ2025-Box1/KIT-62500909/dpc-188-KIT-62500909.png,sparser,no rouleaux,2,0,KIT-62500909,188,train,,,
tanzania-combinedv3/dpc-192-KIT-62500909.png,tanzania-combinedv3,dpc-192-KIT-62500909.png,gs://tanzania_02032026/TZ2025-Box1/KIT-62500909/dpc-192-KIT-62500909.png,sparser,no rouleaux,2,0,KIT-62500909,192,train,,,
tanzania-combinedv3/dpc-196-KIT-62500909.png,tanzania-combinedv3,dpc-196-KIT-62500909.png,gs://tanzania_02032026/TZ2025-Box1/KIT-62500909/dpc-196-KIT-62500909.png,sparser,no rouleaux,2,0,KIT-62500909,196,train,,,
tanzania-combinedv3/dpc-200-KIT-62500909.png,tanzania-combinedv3,dpc-200-KIT-62500909.png,gs://tanzania_02032026/TZ2025-Box1/KIT-62500909/dpc-200-KIT-62500909.png,monolayer,no rouleaux,3,0,KIT-62500909,200,train,,,
tanzania-combinedv3/dpc-204-KIT-62500909.png,tanzania-combinedv3,dpc-204-KIT-62500909.png,gs://tanzania_02032026/TZ2025-Box1/KIT-62500909/dpc-204-KIT-62500909.png,monolayer,no rouleaux,3,0,KIT-62500909,204,train,,,
tanzania-combinedv3/dpc-208-KIT-62500909.png,tanzania-combinedv3,dpc-208-KIT-62500909.png,gs://tanzania_02032026/TZ2025-Box1/KIT-62500909/dpc-208-KIT-62500909.png,monolayer,no rouleaux,3,0,KIT-62500909,208,train,,,
tanzania-combinedv3/dpc-212-KIT-62500909.png,tanzania-combinedv3,dpc-212-KIT-62500909.png,gs://tanzania_02032026/TZ2025-Box1/KIT-62500909/dpc-212-KIT-62500909.png,monolayer,no rouleaux,3,0,KIT-62500909,212,train,low,,
tanzania-combinedv3/dpc-216-KIT-62500909.png,tanzania-combinedv3,dpc-216-KIT-62500909.png,gs://tanzania_02032026/TZ2025-Box1/KIT-62500909/dpc-216-KIT-62500909.png,sparser,no rouleaux,2,0,KIT-62500909,216,train,,,
tanzania-combinedv3/dpc-220-KIT-62500909.png,tanzania-combinedv3,dpc-220-KIT-62500909.png,gs://tanzania_02032026/TZ2025-Box1/KIT-62500909/dpc-220-KIT-62500909.png,monolayer,no rouleaux,3,0,KIT-62500909,220,train,,,
tanzania-combinedv3/dpc-224-KIT-62500909.png,tanzania-combinedv3,dpc-224-KIT-62500909.png,gs://tanzania_02032026/TZ2025-Box1/KIT-62500909/dpc-224-KIT-62500909.png,monolayer,no rouleaux,3,0,KIT-62500909,224,train,,,
tanzania-combinedv3/dpc-228-KIT-62500909.png,tanzania-combinedv3,dpc-228-KIT-62500909.png,gs://tanzania_02032026/TZ2025-Box1/KIT-62500909/dpc-228-KIT-62500909.png,monolayer,no rouleaux,3,0,KIT-62500909,228,train,,,
tanzania-combinedv3/dpc-232-KIT-62500909.png,tanzania-combinedv3,dpc-232-KIT-62500909.png,gs://tanzania_02032026/TZ2025-Box1/KIT-62500909/dpc-232-KIT-62500909.png,sparser,no rouleaux,2,0,KIT-62500909,232,train,,,
tanzania-combinedv3/dpc-236-KIT-62500909.png,tanzania-combinedv3,dpc-236-KIT-62500909.png,gs://tanzania_02032026/TZ2025-Box1/KIT-62500909/dpc-236-KIT-62500909.png,monolayer,no rouleaux,3,0,KIT-62500909,236,train,,,
tanzania-combinedv3/dpc-240-KIT-62500909.png,tanzania-combinedv3,dpc-240-KIT-62500909.png,gs://tanzania_02032026/TZ2025-Box1/KIT-62500909/dpc-240-KIT-62500909.png,monolayer,no rouleaux,3,0,KIT-62500909,240,train,,,Unfocused
tanzania-combinedv3/dpc-244-KIT-62500909.png,tanzania-combinedv3,dpc-244-KIT-62500909.png,gs://tanzania_02032026/TZ2025-Box1/KIT-62500909/dpc-244-KIT-62500909.png,monolayer,no rouleaux,3,0,KIT-62500909,244,train,,,Unfocused
tanzania-combinedv3/dpc-248-KIT-62500909.png,tanzania-combinedv3,dpc-248-KIT-62500909.png,gs://tanzania_02032026/TZ2025-Box1/KIT-62500909/dpc-248-KIT-62500909.png,monolayer,no rouleaux,3,0,KIT-62500909,248,train,low,,
tanzania-combinedv3/dpc-252-KIT-62500909.png,tanzania-combinedv3,dpc-252-KIT-62500909.png,gs://tanzania_02032026/TZ2025-Box1/KIT-62500909/dpc-252-KIT-62500909.png,monolayer,no rouleaux,3,0,KIT-62500909,252,train,low,,
tanzania-combinedv3/dpc-256-KIT-62500909.png,tanzania-combinedv3,dpc-256-KIT-62500909.png,gs://tanzania_02032026/TZ2025-Box1/KIT-62500909/dpc-256-KIT-62500909.png,monolayer,no rouleaux,3,0,KIT-62500909,256,train,,,
tanzania-combinedv3/dpc-260-KIT-62500909.png,tanzania-combinedv3,dpc-260-KIT-62500909.png,gs://tanzania_02032026/TZ2025-Box1/KIT-62500909/dpc-260-KIT-62500909.png,monolayer,no rouleaux,3,0,KIT-62500909,260,train,,,Unfocused
tanzania-combinedv3/dpc-264-KIT-62500909.png,tanzania-combinedv3,dpc-264-KIT-62500909.png,gs://tanzania_02032026/TZ2025-Box1/KIT-62500909/dpc-264-KIT-62500909.png,monolayer,no rouleaux,3,0,KIT-62500909,264,train,,,Unfocused
tanzania-combinedv3/dpc-268-KIT-62500909.png,tanzania-combinedv3,dpc-268-KIT-62500909.png,gs://tanzania_02032026/TZ2025-Box1/KIT-62500909/dpc-268-KIT-62500909.png,monolayer,no rouleaux,3,0,KIT-62500909,268,train,low,,
tanzania-combinedv3/dpc-272-KIT-62500909.png,tanzania-combinedv3,dpc-272-KIT-62500909.png,gs://tanzania_02032026/TZ2025-Box1/KIT-62500909/dpc-272-KIT-62500909.png,monolayer,no rouleaux,3,0,KIT-62500909,272,train,,,
tanzania-combinedv3/dpc-276-KIT-62500909.png,tanzania-combinedv3,dpc-276-KIT-62500909.png,gs://tanzania_02032026/TZ2025-Box1/KIT-62500909/dpc-276-KIT-62500909.png,monolayer,no rouleaux,3,0,KIT-62500909,276,train,,,
tanzania-combinedv3/dpc-280-KIT-62500909.png,tanzania-combinedv3,dpc-280-KIT-62500909.png,gs://tanzania_02032026/TZ2025-Box1/KIT-62500909/dpc-280-KIT-62500909.png,monolayer,no rouleaux,3,0,KIT-62500909,280,train,,,Unfocused
tanzania-combinedv3/dpc-284-KIT-62500909.png,tanzania-combinedv3,dpc-284-KIT-62500909.png,gs://tanzania_02032026/TZ2025-Box1/KIT-62500909/dpc-284-KIT-62500909.png,monolayer,no rouleaux,3,0,KIT-62500909,284,train,low,,
tanzania-combinedv3/dpc-288-KIT-62500909.png,tanzania-combinedv3,dpc-288-KIT-62500909.png,gs://tanzania_02032026/TZ2025-Box1/KIT-62500909/dpc-288-KIT-62500909.png,sparser,no rouleaux,2,0,KIT-62500909,288,train,,,
tanzania-combinedv3/dpc-292-KIT-62500909.png,tanzania-combinedv3,dpc-292-KIT-62500909.png,gs://tanzania_02032026/TZ2025-Box1/KIT-62500909/dpc-292-KIT-62500909.png,monolayer,no rouleaux,3,0,KIT-62500909,292,train,,,
tanzania-combinedv3/dpc-296-KIT-62500909.png,tanzania-combinedv3,dpc-296-KIT-62500909.png,gs://tanzania_02032026/TZ2025-Box1/KIT-62500909/dpc-296-KIT-62500909.png,monolayer,no rouleaux,3,0,KIT-62500909,296,train,,,Unfocused
tanzania-combinedv3/dpc-300-KIT-62500909.png,tanzania-combinedv3,dpc-300-KIT-62500909.png,gs://tanzania_02032026/TZ2025-Box1/KIT-62500909/dpc-300-KIT-62500909.png,monolayer,no rouleaux,3,0,KIT-62500909,300,train,,,Unfocused
tanzania-combinedv3/dpc-304-KIT-62500909.png,tanzania-combinedv3,dpc-304-KIT-62500909.png,gs://tanzania_02032026/TZ2025-Box1/KIT-62500909/dpc-304-KIT-62500909.png,sparser,no rouleaux,2,0,KIT-62500909,304,train,,,
tanzania-combinedv3/dpc-308-KIT-62500909.png,tanzania-combinedv3,dpc-308-KIT-62500909.png,gs://tanzania_02032026/TZ2025-Box1/KIT-62500909/dpc-308-KIT-62500909.png,monolayer,no rouleaux,3,0,KIT-62500909,308,train,,,
tanzania-combinedv3/dpc-312-KIT-62500909.png,tanzania-combinedv3,dpc-312-KIT-62500909.png,gs://tanzania_02032026/TZ2025-Box1/KIT-62500909/dpc-312-KIT-62500909.png,monolayer,no rouleaux,3,0,KIT-62500909,312,train,,,
tanzania-combinedv3/dpc-316-KIT-62500909.png,tanzania-combinedv3,dpc-316-KIT-62500909.png,gs://tanzania_02032026/TZ2025-Box1/KIT-62500909/dpc-316-KIT-62500909.png,monolayer,no rouleaux,3,0,KIT-62500909,316,train,,,Unfocused
tanzania-combinedv3/dpc-320-KIT-62500909.png,tanzania-combinedv3,dpc-320-KIT-62500909.png,gs://tanzania_02032026/TZ2025-Box1/KIT-62500909/dpc-320-KIT-62500909.png,monolayer,no rouleaux,3,0,KIT-62500909,320,train,low,,
tanzania-combinedv3/dpc-324-KIT-62500909.png,tanzania-combinedv3,dpc-324-KIT-62500909.png,gs://tanzania_02032026/TZ2025-Box1/KIT-62500909/dpc-324-KIT-62500909.png,sparser,no rouleaux,2,0,KIT-62500909,324,train,,,Unfocused
tanzania-combinedv3/dpc-001-KTR-72502904.png,tanzania-combinedv3,dpc-001-KTR-72502904.png,gs://tanzania_02032026/TZ2025-Box5/KTR-72502904/dpc-001-KTR-72502904.png,monolayer,no rouleaux,3,0,KTR-72502904,1,train,,,
tanzania-combinedv3/dpc-004-KTR-72502904.png,tanzania-combinedv3,dpc-004-KTR-72502904.png,gs://tanzania_02032026/TZ2025-Box5/KTR-72502904/dpc-004-KTR-72502904.png,monolayer,no rouleaux,3,0,KTR-72502904,4,train,,,
tanzania-combinedv3/dpc-008-KTR-72502904.png,tanzania-combinedv3,dpc-008-KTR-72502904.png,gs://tanzania_02032026/TZ2025-Box5/KTR-72502904/dpc-008-KTR-72502904.png,monolayer,no rouleaux,3,0,KTR-72502904,8,train,,,
tanzania-combinedv3/dpc-012-KTR-72502904.png,tanzania-combinedv3,dpc-012-KTR-72502904.png,gs://tanzania_02032026/TZ2025-Box5/KTR-72502904/dpc-012-KTR-72502904.png,monolayer,no rouleaux,3,0,KTR-72502904,12,train,,,
tanzania-combinedv3/dpc-016-KTR-72502904.png,tanzania-combinedv3,dpc-016-KTR-72502904.png,gs://tanzania_02032026/TZ2025-Box5/KTR-72502904/dpc-016-KTR-72502904.png,monolayer,no rouleaux,3,0,KTR-72502904,16,train,,,
tanzania-combinedv3/dpc-020-KTR-72502904.png,tanzania-combinedv3,dpc-020-KTR-72502904.png,gs://tanzania_02032026/TZ2025-Box5/KTR-72502904/dpc-020-KTR-72502904.png,monolayer,no rouleaux,3,0,KTR-72502904,20,train,,,
tanzania-combinedv3/dpc-024-KTR-72502904.png,tanzania-combinedv3,dpc-024-KTR-72502904.png,gs://tanzania_02032026/TZ2025-Box5/KTR-72502904/dpc-024-KTR-72502904.png,monolayer,no rouleaux,3,0,KTR-72502904,24,train,,,
tanzania-combinedv3/dpc-028-KTR-72502904.png,tanzania-combinedv3,dpc-028-KTR-72502904.png,gs://tanzania_02032026/TZ2025-Box5/KTR-72502904/dpc-028-KTR-72502904.png,monolayer,no rouleaux,3,0,KTR-72502904,28,train,,,
tanzania-combinedv3/dpc-032-KTR-72502904.png,tanzania-combinedv3,dpc-032-KTR-72502904.png,gs://tanzania_02032026/TZ2025-Box5/KTR-72502904/dpc-032-KTR-72502904.png,monolayer,no rouleaux,3,0,KTR-72502904,32,train,,,
tanzania-combinedv3/dpc-036-KTR-72502904.png,tanzania-combinedv3,dpc-036-KTR-72502904.png,gs://tanzania_02032026/TZ2025-Box5/KTR-72502904/dpc-036-KTR-72502904.png,monolayer,no rouleaux,3,0,KTR-72502904,36,train,,,
tanzania-combinedv3/dpc-040-KTR-72502904.png,tanzania-combinedv3,dpc-040-KTR-72502904.png,gs://tanzania_02032026/TZ2025-Box5/KTR-72502904/dpc-040-KTR-72502904.png,monolayer,no rouleaux,3,0,KTR-72502904,40,train,,,
tanzania-combinedv3/dpc-044-KTR-72502904.png,tanzania-combinedv3,dpc-044-KTR-72502904.png,gs://tanzania_02032026/TZ2025-Box5/KTR-72502904/dpc-044-KTR-72502904.png,monolayer,slight rouleaux,3,1,KTR-72502904,44,train,,,
tanzania-combinedv3/dpc-048-KTR-72502904.png,tanzania-combinedv3,dpc-048-KTR-72502904.png,gs://tanzania_02032026/TZ2025-Box5/KTR-72502904/dpc-048-KTR-72502904.png,monolayer,no rouleaux,3,0,KTR-72502904,48,train,,,
tanzania-combinedv3/dpc-052-KTR-72502904.png,tanzania-combinedv3,dpc-052-KTR-72502904.png,gs://tanzania_02032026/TZ2025-Box5/KTR-72502904/dpc-052-KTR-72502904.png,monolayer,no rouleaux,3,0,KTR-72502904,52,train,,,
tanzania-combinedv3/dpc-056-KTR-72502904.png,tanzania-combinedv3,dpc-056-KTR-72502904.png,gs://tanzania_02032026/TZ2025-Box5/KTR-72502904/dpc-056-KTR-72502904.png,monolayer,no rouleaux,3,0,KTR-72502904,56,train,low,,
tanzania-combinedv3/dpc-060-KTR-72502904.png,tanzania-combinedv3,dpc-060-KTR-72502904.png,gs://tanzania_02032026/TZ2025-Box5/KTR-72502904/dpc-060-KTR-72502904.png,sparser,no rouleaux,2,0,KTR-72502904,60,train,,,
tanzania-combinedv3/dpc-064-KTR-72502904.png,tanzania-combinedv3,dpc-064-KTR-72502904.png,gs://tanzania_02032026/TZ2025-Box5/KTR-72502904/dpc-064-KTR-72502904.png,monolayer,no rouleaux,3,0,KTR-72502904,64,train,low,,
tanzania-combinedv3/dpc-068-KTR-72502904.png,tanzania-combinedv3,dpc-068-KTR-72502904.png,gs://tanzania_02032026/TZ2025-Box5/KTR-72502904/dpc-068-KTR-72502904.png,sparser,no rouleaux,2,0,KTR-72502904,68,train,,,
tanzania-combinedv3/dpc-072-KTR-72502904.png,tanzania-combinedv3,dpc-072-KTR-72502904.png,gs://tanzania_02032026/TZ2025-Box5/KTR-72502904/dpc-072-KTR-72502904.png,sparser,no rouleaux,2,0,KTR-72502904,72,train,,,
tanzania-combinedv3/dpc-076-KTR-72502904.png,tanzania-combinedv3,dpc-076-KTR-72502904.png,gs://tanzania_02032026/TZ2025-Box5/KTR-72502904/dpc-076-KTR-72502904.png,sparser,no rouleaux,2,0,KTR-72502904,76,train,low,,
tanzania-combinedv3/dpc-080-KTR-72502904.png,tanzania-combinedv3,dpc-080-KTR-72502904.png,gs://tanzania_02032026/TZ2025-Box5/KTR-72502904/dpc-080-KTR-72502904.png,sparser,no rouleaux,2,0,KTR-72502904,80,train,,,
tanzania-combinedv3/dpc-084-KTR-72502904.png,tanzania-combinedv3,dpc-084-KTR-72502904.png,gs://tanzania_02032026/TZ2025-Box5/KTR-72502904/dpc-084-KTR-72502904.png,sparser,no rouleaux,2,0,KTR-72502904,84,train,,,
tanzania-combinedv3/dpc-088-KTR-72502904.png,tanzania-combinedv3,dpc-088-KTR-72502904.png,gs://tanzania_02032026/TZ2025-Box5/KTR-72502904/dpc-088-KTR-72502904.png,monolayer,no rouleaux,3,0,KTR-72502904,88,train,low,,
tanzania-combinedv3/dpc-092-KTR-72502904.png,tanzania-combinedv3,dpc-092-KTR-72502904.png,gs://tanzania_02032026/TZ2025-Box5/KTR-72502904/dpc-092-KTR-72502904.png,sparser,no rouleaux,2,0,KTR-72502904,92,train,,,
tanzania-combinedv3/dpc-096-KTR-72502904.png,tanzania-combinedv3,dpc-096-KTR-72502904.png,gs://tanzania_02032026/TZ2025-Box5/KTR-72502904/dpc-096-KTR-72502904.png,sparser,no rouleaux,2,0,KTR-72502904,96,train,,,
tanzania-combinedv3/dpc-100-KTR-72502904.png,tanzania-combinedv3,dpc-100-KTR-72502904.png,gs://tanzania_02032026/TZ2025-Box5/KTR-72502904/dpc-100-KTR-72502904.png,sparser,no rouleaux,2,0,KTR-72502904,100,train,,,
tanzania-combinedv3/dpc-104-KTR-72502904.png,tanzania-combinedv3,dpc-104-KTR-72502904.png,gs://tanzania_02032026/TZ2025-Box5/KTR-72502904/dpc-104-KTR-72502904.png,sparser,no rouleaux,2,0,KTR-72502904,104,train,,,
tanzania-combinedv3/dpc-108-KTR-72502904.png,tanzania-combinedv3,dpc-108-KTR-72502904.png,gs://tanzania_02032026/TZ2025-Box5/KTR-72502904/dpc-108-KTR-72502904.png,sparser,no rouleaux,2,0,KTR-72502904,108,train,,,
tanzania-combinedv3/dpc-112-KTR-72502904.png,tanzania-combinedv3,dpc-112-KTR-72502904.png,gs://tanzania_02032026/TZ2025-Box5/KTR-72502904/dpc-112-KTR-72502904.png,sparser,no rouleaux,2,0,KTR-72502904,112,train,low,,
tanzania-combinedv3/dpc-116-KTR-72502904.png,tanzania-combinedv3,dpc-116-KTR-72502904.png,gs://tanzania_02032026/TZ2025-Box5/KTR-72502904/dpc-116-KTR-72502904.png,sparser,no rouleaux,2,0,KTR-72502904,116,train,,,
tanzania-combinedv3/dpc-120-KTR-72502904.png,tanzania-combinedv3,dpc-120-KTR-72502904.png,gs://tanzania_02032026/TZ2025-Box5/KTR-72502904/dpc-120-KTR-72502904.png,sparser,no rouleaux,2,0,KTR-72502904,120,train,,,
tanzania-combinedv3/dpc-124-KTR-72502904.png,tanzania-combinedv3,dpc-124-KTR-72502904.png,gs://tanzania_02032026/TZ2025-Box5/KTR-72502904/dpc-124-KTR-72502904.png,sparser,no rouleaux,2,0,KTR-72502904,124,train,,,
tanzania-combinedv3/dpc-128-KTR-72502904.png,tanzania-combinedv3,dpc-128-KTR-72502904.png,gs://tanzania_02032026/TZ2025-Box5/KTR-72502904/dpc-128-KTR-72502904.png,sparser,no rouleaux,2,0,KTR-72502904,128,train,,,
tanzania-combinedv3/dpc-132-KTR-72502904.png,tanzania-combinedv3,dpc-132-KTR-72502904.png,gs://tanzania_02032026/TZ2025-Box5/KTR-72502904/dpc-132-KTR-72502904.png,sparser,no rouleaux,2,0,KTR-72502904,132,train,,,
tanzania-combinedv3/dpc-136-KTR-72502904.png,tanzania-combinedv3,dpc-136-KTR-72502904.png,gs://tanzania_02032026/TZ2025-Box5/KTR-72502904/dpc-136-KTR-72502904.png,sparser,no rouleaux,2,0,KTR-72502904,136,train,,,
tanzania-combinedv3/dpc-140-KTR-72502904.png,tanzania-combinedv3,dpc-140-KTR-72502904.png,gs://tanzania_02032026/TZ2025-Box5/KTR-72502904/dpc-140-KTR-72502904.png,sparser,no rouleaux,2,0,KTR-72502904,140,train,,,
tanzania-combinedv3/dpc-144-KTR-72502904.png,tanzania-combinedv3,dpc-144-KTR-72502904.png,gs://tanzania_02032026/TZ2025-Box5/KTR-72502904/dpc-144-KTR-72502904.png,sparser,no rouleaux,2,0,KTR-72502904,144,train,,,
tanzania-combinedv3/dpc-148-KTR-72502904.png,tanzania-combinedv3,dpc-148-KTR-72502904.png,gs://tanzania_02032026/TZ2025-Box5/KTR-72502904/dpc-148-KTR-72502904.png,sparser,no rouleaux,2,0,KTR-72502904,148,train,,,
tanzania-combinedv3/dpc-152-KTR-72502904.png,tanzania-combinedv3,dpc-152-KTR-72502904.png,gs://tanzania_02032026/TZ2025-Box5/KTR-72502904/dpc-152-KTR-72502904.png,monolayer,no rouleaux,3,0,KTR-72502904,152,train,low,,
tanzania-combinedv3/dpc-156-KTR-72502904.png,tanzania-combinedv3,dpc-156-KTR-72502904.png,gs://tanzania_02032026/TZ2025-Box5/KTR-72502904/dpc-156-KTR-72502904.png,monolayer,no rouleaux,3,0,KTR-72502904,156,train,low,,
tanzania-combinedv3/dpc-160-KTR-72502904.png,tanzania-combinedv3,dpc-160-KTR-72502904.png,gs://tanzania_02032026/TZ2025-Box5/KTR-72502904/dpc-160-KTR-72502904.png,monolayer,no rouleaux,3,0,KTR-72502904,160,train,low,,
tanzania-combinedv3/dpc-164-KTR-72502904.png,tanzania-combinedv3,dpc-164-KTR-72502904.png,gs://tanzania_02032026/TZ2025-Box5/KTR-72502904/dpc-164-KTR-72502904.png,sparser,no rouleaux,2,0,KTR-72502904,164,train,,,
tanzania-combinedv3/dpc-168-KTR-72502904.png,tanzania-combinedv3,dpc-168-KTR-72502904.png,gs://tanzania_02032026/TZ2025-Box5/KTR-72502904/dpc-168-KTR-72502904.png,sparser,no rouleaux,2,0,KTR-72502904,168,train,,,
tanzania-combinedv3/dpc-172-KTR-72502904.png,tanzania-combinedv3,dpc-172-KTR-72502904.png,gs://tanzania_02032026/TZ2025-Box5/KTR-72502904/dpc-172-KTR-72502904.png,sparser,no rouleaux,2,0,KTR-72502904,172,train,low,,
tanzania-combinedv3/dpc-176-KTR-72502904.png,tanzania-combinedv3,dpc-176-KTR-72502904.png,gs://tanzania_02032026/TZ2025-Box5/KTR-72502904/dpc-176-KTR-72502904.png,sparser,no rouleaux,2,0,KTR-72502904,176,train,low,,
tanzania-combinedv3/dpc-180-KTR-72502904.png,tanzania-combinedv3,dpc-180-KTR-72502904.png,gs://tanzania_02032026/TZ2025-Box5/KTR-72502904/dpc-180-KTR-72502904.png,sparser,no rouleaux,2,0,KTR-72502904,180,train,,,
tanzania-combinedv3/dpc-184-KTR-72502904.png,tanzania-combinedv3,dpc-184-KTR-72502904.png,gs://tanzania_02032026/TZ2025-Box5/KTR-72502904/dpc-184-KTR-72502904.png,sparser,no rouleaux,2,0,KTR-72502904,184,train,low,,
tanzania-combinedv3/dpc-188-KTR-72502904.png,tanzania-combinedv3,dpc-188-KTR-72502904.png,gs://tanzania_02032026/TZ2025-Box5/KTR-72502904/dpc-188-KTR-72502904.png,sparser,no rouleaux,2,0,KTR-72502904,188,train,low,,
tanzania-combinedv3/dpc-192-KTR-72502904.png,tanzania-combinedv3,dpc-192-KTR-72502904.png,gs://tanzania_02032026/TZ2025-Box5/KTR-72502904/dpc-192-KTR-72502904.png,sparser,no rouleaux,2,0,KTR-72502904,192,train,low,,
tanzania-combinedv3/dpc-196-KTR-72502904.png,tanzania-combinedv3,dpc-196-KTR-72502904.png,gs://tanzania_02032026/TZ2025-Box5/KTR-72502904/dpc-196-KTR-72502904.png,few cells,no rouleaux,1,0,KTR-72502904,196,train,,,
tanzania-combinedv3/dpc-200-KTR-72502904.png,tanzania-combinedv3,dpc-200-KTR-72502904.png,gs://tanzania_02032026/TZ2025-Box5/KTR-72502904/dpc-200-KTR-72502904.png,few cells,no rouleaux,1,0,KTR-72502904,200,train,,,
tanzania-combinedv3/dpc-204-KTR-72502904.png,tanzania-combinedv3,dpc-204-KTR-72502904.png,gs://tanzania_02032026/TZ2025-Box5/KTR-72502904/dpc-204-KTR-72502904.png,few cells,no rouleaux,1,0,KTR-72502904,204,train,,,
tanzania-combinedv3/dpc-208-KTR-72502904.png,tanzania-combinedv3,dpc-208-KTR-72502904.png,gs://tanzania_02032026/TZ2025-Box5/KTR-72502904/dpc-208-KTR-72502904.png,few cells,no rouleaux,1,0,KTR-72502904,208,train,,,
tanzania-combinedv3/dpc-212-KTR-72502904.png,tanzania-combinedv3,dpc-212-KTR-72502904.png,gs://tanzania_02032026/TZ2025-Box5/KTR-72502904/dpc-212-KTR-72502904.png,few cells,no rouleaux,1,0,KTR-72502904,212,train,,,
tanzania-combinedv3/dpc-216-KTR-72502904.png,tanzania-combinedv3,dpc-216-KTR-72502904.png,gs://tanzania_02032026/TZ2025-Box5/KTR-72502904/dpc-216-KTR-72502904.png,few cells,no rouleaux,1,0,KTR-72502904,216,train,,,
tanzania-combinedv3/dpc-220-KTR-72502904.png,tanzania-combinedv3,dpc-220-KTR-72502904.png,gs://tanzania_02032026/TZ2025-Box5/KTR-72502904/dpc-220-KTR-72502904.png,sparser,no rouleaux,2,0,KTR-72502904,220,train,low,,
tanzania-combinedv3/dpc-224-KTR-72502904.png,tanzania-combinedv3,dpc-224-KTR-72502904.png,gs://tanzania_02032026/TZ2025-Box5/KTR-72502904/dpc-224-KTR-72502904.png,sparser,no rouleaux,2,0,KTR-72502904,224,train,low,,
tanzania-combinedv3/dpc-228-KTR-72502904.png,tanzania-combinedv3,dpc-228-KTR-72502904.png,gs://tanzania_02032026/TZ2025-Box5/KTR-72502904/dpc-228-KTR-72502904.png,sparser,no rouleaux,2,0,KTR-72502904,228,train,,,
tanzania-combinedv3/dpc-232-KTR-72502904.png,tanzania-combinedv3,dpc-232-KTR-72502904.png,gs://tanzania_02032026/TZ2025-Box5/KTR-72502904/dpc-232-KTR-72502904.png,sparser,no rouleaux,2,0,KTR-72502904,232,train,,,
tanzania-combinedv3/dpc-236-KTR-72502904.png,tanzania-combinedv3,dpc-236-KTR-72502904.png,gs://tanzania_02032026/TZ2025-Box5/KTR-72502904/dpc-236-KTR-72502904.png,monolayer,slight rouleaux,3,1,KTR-72502904,236,train,low,,
tanzania-combinedv3/dpc-240-KTR-72502904.png,tanzania-combinedv3,dpc-240-KTR-72502904.png,gs://tanzania_02032026/TZ2025-Box5/KTR-72502904/dpc-240-KTR-72502904.png,monolayer,slight rouleaux,3,1,KTR-72502904,240,train,,,
tanzania-combinedv3/dpc-244-KTR-72502904.png,tanzania-combinedv3,dpc-244-KTR-72502904.png,gs://tanzania_02032026/TZ2025-Box5/KTR-72502904/dpc-244-KTR-72502904.png,monolayer,no rouleaux,3,0,KTR-72502904,244,train,low,,
tanzania-combinedv3/dpc-248-KTR-72502904.png,tanzania-combinedv3,dpc-248-KTR-72502904.png,gs://tanzania_02032026/TZ2025-Box5/KTR-72502904/dpc-248-KTR-72502904.png,monolayer,no rouleaux,3,0,KTR-72502904,248,train,low,,
tanzania-combinedv3/dpc-252-KTR-72502904.png,tanzania-combinedv3,dpc-252-KTR-72502904.png,gs://tanzania_02032026/TZ2025-Box5/KTR-72502904/dpc-252-KTR-72502904.png,monolayer,slight rouleaux,3,1,KTR-72502904,252,train,low,,
tanzania-combinedv3/dpc-256-KTR-72502904.png,tanzania-combinedv3,dpc-256-KTR-72502904.png,gs://tanzania_02032026/TZ2025-Box5/KTR-72502904/dpc-256-KTR-72502904.png,monolayer,no rouleaux,3,0,KTR-72502904,256,train,,,
tanzania-combinedv3/dpc-260-KTR-72502904.png,tanzania-combinedv3,dpc-260-KTR-72502904.png,gs://tanzania_02032026/TZ2025-Box5/KTR-72502904/dpc-260-KTR-72502904.png,monolayer,no rouleaux,3,0,KTR-72502904,260,train,,,
tanzania-combinedv3/dpc-264-KTR-72502904.png,tanzania-combinedv3,dpc-264-KTR-72502904.png,gs://tanzania_02032026/TZ2025-Box5/KTR-72502904/dpc-264-KTR-72502904.png,monolayer,no rouleaux,3,0,KTR-72502904,264,train,,,
tanzania-combinedv3/dpc-268-KTR-72502904.png,tanzania-combinedv3,dpc-268-KTR-72502904.png,gs://tanzania_02032026/TZ2025-Box5/KTR-72502904/dpc-268-KTR-72502904.png,monolayer,no rouleaux,3,0,KTR-72502904,268,train,,,
tanzania-combinedv3/dpc-272-KTR-72502904.png,tanzania-combinedv3,dpc-272-KTR-72502904.png,gs://tanzania_02032026/TZ2025-Box5/KTR-72502904/dpc-272-KTR-72502904.png,monolayer,no rouleaux,3,0,KTR-72502904,272,train,,,
tanzania-combinedv3/dpc-276-KTR-72502904.png,tanzania-combinedv3,dpc-276-KTR-72502904.png,gs://tanzania_02032026/TZ2025-Box5/KTR-72502904/dpc-276-KTR-72502904.png,monolayer,no rouleaux,3,0,KTR-72502904,276,train,,,
tanzania-combinedv3/dpc-280-KTR-72502904.png,tanzania-combinedv3,dpc-280-KTR-72502904.png,gs://tanzania_02032026/TZ2025-Box5/KTR-72502904/dpc-280-KTR-72502904.png,monolayer,no rouleaux,3,0,KTR-72502904,280,train,,,
tanzania-combinedv3/dpc-284-KTR-72502904.png,tanzania-combinedv3,dpc-284-KTR-72502904.png,gs://tanzania_02032026/TZ2025-Box5/KTR-72502904/dpc-284-KTR-72502904.png,monolayer,no rouleaux,3,0,KTR-72502904,284,train,,,
tanzania-combinedv3/dpc-288-KTR-72502904.png,tanzania-combinedv3,dpc-288-KTR-72502904.png,gs://tanzania_02032026/TZ2025-Box5/KTR-72502904/dpc-288-KTR-72502904.png,monolayer,no rouleaux,3,0,KTR-72502904,288,train,,,
tanzania-combinedv3/dpc-292-KTR-72502904.png,tanzania-combinedv3,dpc-292-KTR-72502904.png,gs://tanzania_02032026/TZ2025-Box5/KTR-72502904/dpc-292-KTR-72502904.png,monolayer,no rouleaux,3,0,KTR-72502904,292,train,low,,
tanzania-combinedv3/dpc-296-KTR-72502904.png,tanzania-combinedv3,dpc-296-KTR-72502904.png,gs://tanzania_02032026/TZ2025-Box5/KTR-72502904/dpc-296-KTR-72502904.png,monolayer,no rouleaux,3,0,KTR-72502904,296,train,,,
tanzania-combinedv3/dpc-300-KTR-72502904.png,tanzania-combinedv3,dpc-300-KTR-72502904.png,gs://tanzania_02032026/TZ2025-Box5/KTR-72502904/dpc-300-KTR-72502904.png,monolayer,no rouleaux,3,0,KTR-72502904,300,train,,,
tanzania-combinedv3/dpc-304-KTR-72502904.png,tanzania-combinedv3,dpc-304-KTR-72502904.png,gs://tanzania_02032026/TZ2025-Box5/KTR-72502904/dpc-304-KTR-72502904.png,monolayer,no rouleaux,3,0,KTR-72502904,304,train,,,
tanzania-combinedv3/dpc-308-KTR-72502904.png,tanzania-combinedv3,dpc-308-KTR-72502904.png,gs://tanzania_02032026/TZ2025-Box5/KTR-72502904/dpc-308-KTR-72502904.png,monolayer,no rouleaux,3,0,KTR-72502904,308,train,low,,
tanzania-combinedv3/dpc-312-KTR-72502904.png,tanzania-combinedv3,dpc-312-KTR-72502904.png,gs://tanzania_02032026/TZ2025-Box5/KTR-72502904/dpc-312-KTR-72502904.png,monolayer,no rouleaux,3,0,KTR-72502904,312,train,,,
tanzania-combinedv3/dpc-316-KTR-72502904.png,tanzania-combinedv3,dpc-316-KTR-72502904.png,gs://tanzania_02032026/TZ2025-Box5/KTR-72502904/dpc-316-KTR-72502904.png,monolayer,no rouleaux,3,0,KTR-72502904,316,train,,,
tanzania-combinedv3/dpc-320-KTR-72502904.png,tanzania-combinedv3,dpc-320-KTR-72502904.png,gs://tanzania_02032026/TZ2025-Box5/KTR-72502904/dpc-320-KTR-72502904.png,monolayer,no rouleaux,3,0,KTR-72502904,320,train,,,
tanzania-combinedv3/dpc-324-KTR-72502904.png,tanzania-combinedv3,dpc-324-KTR-72502904.png,gs://tanzania_02032026/TZ2025-Box5/KTR-72502904/dpc-324-KTR-72502904.png,monolayer,no rouleaux,3,0,KTR-72502904,324,train,,,
tanzania-combinedv3/dpc-001-NKR-72502156.png,tanzania-combinedv3,dpc-001-NKR-72502156.png,gs://tanzania_02032026/TZ2025-Box4/NKR-72502156/dpc-001-NKR-72502156.png,monolayer,no rouleaux,3,0,NKR-72502156,1,train,,,Overexposed
tanzania-combinedv3/dpc-004-NKR-72502156.png,tanzania-combinedv3,dpc-004-NKR-72502156.png,gs://tanzania_02032026/TZ2025-Box4/NKR-72502156/dpc-004-NKR-72502156.png,monolayer,no rouleaux,3,0,NKR-72502156,4,train,,,
tanzania-combinedv3/dpc-008-NKR-72502156.png,tanzania-combinedv3,dpc-008-NKR-72502156.png,gs://tanzania_02032026/TZ2025-Box4/NKR-72502156/dpc-008-NKR-72502156.png,monolayer,no rouleaux,3,0,NKR-72502156,8,train,,,
tanzania-combinedv3/dpc-012-NKR-72502156.png,tanzania-combinedv3,dpc-012-NKR-72502156.png,gs://tanzania_02032026/TZ2025-Box4/NKR-72502156/dpc-012-NKR-72502156.png,monolayer,slight rouleaux,3,1,NKR-72502156,12,train,,,
tanzania-combinedv3/dpc-016-NKR-72502156.png,tanzania-combinedv3,dpc-016-NKR-72502156.png,gs://tanzania_02032026/TZ2025-Box4/NKR-72502156/dpc-016-NKR-72502156.png,dense,rouleaux,5,3,NKR-72502156,16,train,,,
tanzania-combinedv3/dpc-020-NKR-72502156.png,tanzania-combinedv3,dpc-020-NKR-72502156.png,gs://tanzania_02032026/TZ2025-Box4/NKR-72502156/dpc-020-NKR-72502156.png,monolayer,no rouleaux,3,0,NKR-72502156,20,train,,,
tanzania-combinedv3/dpc-024-NKR-72502156.png,tanzania-combinedv3,dpc-024-NKR-72502156.png,gs://tanzania_02032026/TZ2025-Box4/NKR-72502156/dpc-024-NKR-72502156.png,monolayer,no rouleaux,3,0,NKR-72502156,24,train,,,
tanzania-combinedv3/dpc-028-NKR-72502156.png,tanzania-combinedv3,dpc-028-NKR-72502156.png,gs://tanzania_02032026/TZ2025-Box4/NKR-72502156/dpc-028-NKR-72502156.png,monolayer,no rouleaux,3,0,NKR-72502156,28,train,,,
tanzania-combinedv3/dpc-032-NKR-72502156.png,tanzania-combinedv3,dpc-032-NKR-72502156.png,gs://tanzania_02032026/TZ2025-Box4/NKR-72502156/dpc-032-NKR-72502156.png,dense,rouleaux,5,3,NKR-72502156,32,train,,,
tanzania-combinedv3/dpc-036-NKR-72502156.png,tanzania-combinedv3,dpc-036-NKR-72502156.png,gs://tanzania_02032026/TZ2025-Box4/NKR-72502156/dpc-036-NKR-72502156.png,dense,rouleaux,5,3,NKR-72502156,36,train,,,
tanzania-combinedv3/dpc-040-NKR-72502156.png,tanzania-combinedv3,dpc-040-NKR-72502156.png,gs://tanzania_02032026/TZ2025-Box4/NKR-72502156/dpc-040-NKR-72502156.png,monolayer,no rouleaux,3,0,NKR-72502156,40,train,,,
tanzania-combinedv3/dpc-044-NKR-72502156.png,tanzania-combinedv3,dpc-044-NKR-72502156.png,gs://tanzania_02032026/TZ2025-Box4/NKR-72502156/dpc-044-NKR-72502156.png,monolayer,no rouleaux,3,0,NKR-72502156,44,train,,,
tanzania-combinedv3/dpc-048-NKR-72502156.png,tanzania-combinedv3,dpc-048-NKR-72502156.png,gs://tanzania_02032026/TZ2025-Box4/NKR-72502156/dpc-048-NKR-72502156.png,monolayer,slight rouleaux,3,1,NKR-72502156,48,train,,,
tanzania-combinedv3/dpc-052-NKR-72502156.png,tanzania-combinedv3,dpc-052-NKR-72502156.png,gs://tanzania_02032026/TZ2025-Box4/NKR-72502156/dpc-052-NKR-72502156.png,slightly dense,rouleaux,4,3,NKR-72502156,52,train,,,
tanzania-combinedv3/dpc-056-NKR-72502156.png,tanzania-combinedv3,dpc-056-NKR-72502156.png,gs://tanzania_02032026/TZ2025-Box4/NKR-72502156/dpc-056-NKR-72502156.png,monolayer,no rouleaux,3,0,NKR-72502156,56,train,,,
tanzania-combinedv3/dpc-060-NKR-72502156.png,tanzania-combinedv3,dpc-060-NKR-72502156.png,gs://tanzania_02032026/TZ2025-Box4/NKR-72502156/dpc-060-NKR-72502156.png,monolayer,no rouleaux,3,0,NKR-72502156,60,train,,,
tanzania-combinedv3/dpc-064-NKR-72502156.png,tanzania-combinedv3,dpc-064-NKR-72502156.png,gs://tanzania_02032026/TZ2025-Box4/NKR-72502156/dpc-064-NKR-72502156.png,monolayer,no rouleaux,3,0,NKR-72502156,64,train,low,,
tanzania-combinedv3/dpc-068-NKR-72502156.png,tanzania-combinedv3,dpc-068-NKR-72502156.png,gs://tanzania_02032026/TZ2025-Box4/NKR-72502156/dpc-068-NKR-72502156.png,dense,rouleaux,5,3,NKR-72502156,68,train,,,
tanzania-combinedv3/dpc-069-NKR-72502156.png,tanzania-combinedv3,dpc-069-NKR-72502156.png,gs://tanzania_02032026/TZ2025-Box4/NKR-72502156/dpc-069-NKR-72502156.png,very dense,heavy rouleaux,6,4,NKR-72502156,69,train,,,
tanzania-combinedv3/dpc-076-NKR-72502156.png,tanzania-combinedv3,dpc-076-NKR-72502156.png,gs://tanzania_02032026/TZ2025-Box4/NKR-72502156/dpc-076-NKR-72502156.png,monolayer,no rouleaux,3,0,NKR-72502156,76,train,,,
tanzania-combinedv3/dpc-080-NKR-72502156.png,tanzania-combinedv3,dpc-080-NKR-72502156.png,gs://tanzania_02032026/TZ2025-Box4/NKR-72502156/dpc-080-NKR-72502156.png,monolayer,no rouleaux,3,0,NKR-72502156,80,train,low,,
tanzania-combinedv3/dpc-084-NKR-72502156.png,tanzania-combinedv3,dpc-084-NKR-72502156.png,gs://tanzania_02032026/TZ2025-Box4/NKR-72502156/dpc-084-NKR-72502156.png,monolayer,no rouleaux,3,0,NKR-72502156,84,train,,,
tanzania-combinedv3/dpc-088-NKR-72502156.png,tanzania-combinedv3,dpc-088-NKR-72502156.png,gs://tanzania_02032026/TZ2025-Box4/NKR-72502156/dpc-088-NKR-72502156.png,slightly dense,some rouleaux,4,2,NKR-72502156,88,train,,,
tanzania-combinedv3/dpc-092-NKR-72502156.png,tanzania-combinedv3,dpc-092-NKR-72502156.png,gs://tanzania_02032026/TZ2025-Box4/NKR-72502156/dpc-092-NKR-72502156.png,monolayer,no rouleaux,3,0,NKR-72502156,92,train,,,
tanzania-combinedv3/dpc-096-NKR-72502156.png,tanzania-combinedv3,dpc-096-NKR-72502156.png,gs://tanzania_02032026/TZ2025-Box4/NKR-72502156/dpc-096-NKR-72502156.png,monolayer,no rouleaux,3,0,NKR-72502156,96,train,,,
tanzania-combinedv3/dpc-100-NKR-72502156.png,tanzania-combinedv3,dpc-100-NKR-72502156.png,gs://tanzania_02032026/TZ2025-Box4/NKR-72502156/dpc-100-NKR-72502156.png,sparser,no rouleaux,2,0,NKR-72502156,100,train,,,
tanzania-combinedv3/dpc-104-NKR-72502156.png,tanzania-combinedv3,dpc-104-NKR-72502156.png,gs://tanzania_02032026/TZ2025-Box4/NKR-72502156/dpc-104-NKR-72502156.png,monolayer,slight rouleaux,3,1,NKR-72502156,104,train,,,
tanzania-combinedv3/dpc-108-NKR-72502156.png,tanzania-combinedv3,dpc-108-NKR-72502156.png,gs://tanzania_02032026/TZ2025-Box4/NKR-72502156/dpc-108-NKR-72502156.png,dense,some rouleaux,5,2,NKR-72502156,108,train,,,
tanzania-combinedv3/dpc-112-NKR-72502156.png,tanzania-combinedv3,dpc-112-NKR-72502156.png,gs://tanzania_02032026/TZ2025-Box4/NKR-72502156/dpc-112-NKR-72502156.png,monolayer,no rouleaux,3,0,NKR-72502156,112,train,,,
tanzania-combinedv3/dpc-116-NKR-72502156.png,tanzania-combinedv3,dpc-116-NKR-72502156.png,gs://tanzania_02032026/TZ2025-Box4/NKR-72502156/dpc-116-NKR-72502156.png,monolayer,no rouleaux,3,0,NKR-72502156,116,train,low,,
tanzania-combinedv3/dpc-120-NKR-72502156.png,tanzania-combinedv3,dpc-120-NKR-72502156.png,gs://tanzania_02032026/TZ2025-Box4/NKR-72502156/dpc-120-NKR-72502156.png,monolayer,no rouleaux,3,0,NKR-72502156,120,train,,,
tanzania-combinedv3/dpc-124-NKR-72502156.png,tanzania-combinedv3,dpc-124-NKR-72502156.png,gs://tanzania_02032026/TZ2025-Box4/NKR-72502156/dpc-124-NKR-72502156.png,slightly dense,slight rouleaux,4,1,NKR-72502156,124,train,,,
tanzania-combinedv3/dpc-128-NKR-72502156.png,tanzania-combinedv3,dpc-128-NKR-72502156.png,gs://tanzania_02032026/TZ2025-Box4/NKR-72502156/dpc-128-NKR-72502156.png,monolayer,no rouleaux,3,0,NKR-72502156,128,train,,,
tanzania-combinedv3/dpc-132-NKR-72502156.png,tanzania-combinedv3,dpc-132-NKR-72502156.png,gs://tanzania_02032026/TZ2025-Box4/NKR-72502156/dpc-132-NKR-72502156.png,monolayer,no rouleaux,3,0,NKR-72502156,132,train,,,
tanzania-combinedv3/dpc-136-NKR-72502156.png,tanzania-combinedv3,dpc-136-NKR-72502156.png,gs://tanzania_02032026/TZ2025-Box4/NKR-72502156/dpc-136-NKR-72502156.png,sparser,no rouleaux,2,0,NKR-72502156,136,train,,,
tanzania-combinedv3/dpc-140-NKR-72502156.png,tanzania-combinedv3,dpc-140-NKR-72502156.png,gs://tanzania_02032026/TZ2025-Box4/NKR-72502156/dpc-140-NKR-72502156.png,monolayer,some rouleaux,3,2,NKR-72502156,140,train,,,
tanzania-combinedv3/dpc-144-NKR-72502156.png,tanzania-combinedv3,dpc-144-NKR-72502156.png,gs://tanzania_02032026/TZ2025-Box4/NKR-72502156/dpc-144-NKR-72502156.png,dense,some rouleaux,5,2,NKR-72502156,144,train,,,
tanzania-combinedv3/dpc-148-NKR-72502156.png,tanzania-combinedv3,dpc-148-NKR-72502156.png,gs://tanzania_02032026/TZ2025-Box4/NKR-72502156/dpc-148-NKR-72502156.png,monolayer,no rouleaux,3,0,NKR-72502156,148,train,,,
tanzania-combinedv3/dpc-152-NKR-72502156.png,tanzania-combinedv3,dpc-152-NKR-72502156.png,gs://tanzania_02032026/TZ2025-Box4/NKR-72502156/dpc-152-NKR-72502156.png,monolayer,no rouleaux,3,0,NKR-72502156,152,train,low,,
tanzania-combinedv3/dpc-156-NKR-72502156.png,tanzania-combinedv3,dpc-156-NKR-72502156.png,gs://tanzania_02032026/TZ2025-Box4/NKR-72502156/dpc-156-NKR-72502156.png,monolayer,no rouleaux,3,0,NKR-72502156,156,train,,,
tanzania-combinedv3/dpc-160-NKR-72502156.png,tanzania-combinedv3,dpc-160-NKR-72502156.png,gs://tanzania_02032026/TZ2025-Box4/NKR-72502156/dpc-160-NKR-72502156.png,slightly dense,slight rouleaux,4,1,NKR-72502156,160,train,,,
tanzania-combinedv3/dpc-164-NKR-72502156.png,tanzania-combinedv3,dpc-164-NKR-72502156.png,gs://tanzania_02032026/TZ2025-Box4/NKR-72502156/dpc-164-NKR-72502156.png,monolayer,no rouleaux,3,0,NKR-72502156,164,train,,,
tanzania-combinedv3/dpc-168-NKR-72502156.png,tanzania-combinedv3,dpc-168-NKR-72502156.png,gs://tanzania_02032026/TZ2025-Box4/NKR-72502156/dpc-168-NKR-72502156.png,monolayer,no rouleaux,3,0,NKR-72502156,168,train,,,
tanzania-combinedv3/dpc-172-NKR-72502156.png,tanzania-combinedv3,dpc-172-NKR-72502156.png,gs://tanzania_02032026/TZ2025-Box4/NKR-72502156/dpc-172-NKR-72502156.png,monolayer,no rouleaux,3,0,NKR-72502156,172,train,low,,
tanzania-combinedv3/dpc-176-NKR-72502156.png,tanzania-combinedv3,dpc-176-NKR-72502156.png,gs://tanzania_02032026/TZ2025-Box4/NKR-72502156/dpc-176-NKR-72502156.png,monolayer,some rouleaux,3,2,NKR-72502156,176,train,,,
tanzania-combinedv3/dpc-180-NKR-72502156.png,tanzania-combinedv3,dpc-180-NKR-72502156.png,gs://tanzania_02032026/TZ2025-Box4/NKR-72502156/dpc-180-NKR-72502156.png,dense,some rouleaux,5,2,NKR-72502156,180,train,,,
tanzania-combinedv3/dpc-184-NKR-72502156.png,tanzania-combinedv3,dpc-184-NKR-72502156.png,gs://tanzania_02032026/TZ2025-Box4/NKR-72502156/dpc-184-NKR-72502156.png,monolayer,no rouleaux,3,0,NKR-72502156,184,train,,,
tanzania-combinedv3/dpc-188-NKR-72502156.png,tanzania-combinedv3,dpc-188-NKR-72502156.png,gs://tanzania_02032026/TZ2025-Box4/NKR-72502156/dpc-188-NKR-72502156.png,monolayer,no rouleaux,3,0,NKR-72502156,188,train,low,,
tanzania-combinedv3/dpc-192-NKR-72502156.png,tanzania-combinedv3,dpc-192-NKR-72502156.png,gs://tanzania_02032026/TZ2025-Box4/NKR-72502156/dpc-192-NKR-72502156.png,monolayer,no rouleaux,3,0,NKR-72502156,192,train,,,
tanzania-combinedv3/dpc-196-NKR-72502156.png,tanzania-combinedv3,dpc-196-NKR-72502156.png,gs://tanzania_02032026/TZ2025-Box4/NKR-72502156/dpc-196-NKR-72502156.png,slightly dense,slight rouleaux,4,1,NKR-72502156,196,train,,,
tanzania-combinedv3/dpc-200-NKR-72502156.png,tanzania-combinedv3,dpc-200-NKR-72502156.png,gs://tanzania_02032026/TZ2025-Box4/NKR-72502156/dpc-200-NKR-72502156.png,monolayer,no rouleaux,3,0,NKR-72502156,200,train,,,
tanzania-combinedv3/dpc-204-NKR-72502156.png,tanzania-combinedv3,dpc-204-NKR-72502156.png,gs://tanzania_02032026/TZ2025-Box4/NKR-72502156/dpc-204-NKR-72502156.png,monolayer,no rouleaux,3,0,NKR-72502156,204,train,,,
tanzania-combinedv3/dpc-208-NKR-72502156.png,tanzania-combinedv3,dpc-208-NKR-72502156.png,gs://tanzania_02032026/TZ2025-Box4/NKR-72502156/dpc-208-NKR-72502156.png,monolayer,no rouleaux,3,0,NKR-72502156,208,train,,,
tanzania-combinedv3/dpc-212-NKR-72502156.png,tanzania-combinedv3,dpc-212-NKR-72502156.png,gs://tanzania_02032026/TZ2025-Box4/NKR-72502156/dpc-212-NKR-72502156.png,dense,some rouleaux,5,2,NKR-72502156,212,train,,,
tanzania-combinedv3/dpc-213-NKR-72502156.png,tanzania-combinedv3,dpc-213-NKR-72502156.png,gs://tanzania_02032026/TZ2025-Box4/NKR-72502156/dpc-213-NKR-72502156.png,very dense,heavy rouleaux,6,4,NKR-72502156,213,train,,,
tanzania-combinedv3/dpc-216-NKR-72502156.png,tanzania-combinedv3,dpc-216-NKR-72502156.png,gs://tanzania_02032026/TZ2025-Box4/NKR-72502156/dpc-216-NKR-72502156.png,dense,rouleaux,5,3,NKR-72502156,216,train,,,
tanzania-combinedv3/dpc-220-NKR-72502156.png,tanzania-combinedv3,dpc-220-NKR-72502156.png,gs://tanzania_02032026/TZ2025-Box4/NKR-72502156/dpc-220-NKR-72502156.png,monolayer,no rouleaux,3,0,NKR-72502156,220,train,,,
tanzania-combinedv3/dpc-224-NKR-72502156.png,tanzania-combinedv3,dpc-224-NKR-72502156.png,gs://tanzania_02032026/TZ2025-Box4/NKR-72502156/dpc-224-NKR-72502156.png,monolayer,no rouleaux,3,0,NKR-72502156,224,train,,,
tanzania-combinedv3/dpc-228-NKR-72502156.png,tanzania-combinedv3,dpc-228-NKR-72502156.png,gs://tanzania_02032026/TZ2025-Box4/NKR-72502156/dpc-228-NKR-72502156.png,monolayer,no rouleaux,3,0,NKR-72502156,228,train,,,
tanzania-combinedv3/dpc-232-NKR-72502156.png,tanzania-combinedv3,dpc-232-NKR-72502156.png,gs://tanzania_02032026/TZ2025-Box4/NKR-72502156/dpc-232-NKR-72502156.png,slightly dense,slight rouleaux,4,1,NKR-72502156,232,train,,,
tanzania-combinedv3/dpc-236-NKR-72502156.png,tanzania-combinedv3,dpc-236-NKR-72502156.png,gs://tanzania_02032026/TZ2025-Box4/NKR-72502156/dpc-236-NKR-72502156.png,monolayer,no rouleaux,3,0,NKR-72502156,236,train,,,
tanzania-combinedv3/dpc-240-NKR-72502156.png,tanzania-combinedv3,dpc-240-NKR-72502156.png,gs://tanzania_02032026/TZ2025-Box4/NKR-72502156/dpc-240-NKR-72502156.png,monolayer,no rouleaux,3,0,NKR-72502156,240,train,,,
tanzania-combinedv3/dpc-244-NKR-72502156.png,tanzania-combinedv3,dpc-244-NKR-72502156.png,gs://tanzania_02032026/TZ2025-Box4/NKR-72502156/dpc-244-NKR-72502156.png,monolayer,no rouleaux,3,0,NKR-72502156,244,train,,,
tanzania-combinedv3/dpc-248-NKR-72502156.png,tanzania-combinedv3,dpc-248-NKR-72502156.png,gs://tanzania_02032026/TZ2025-Box4/NKR-72502156/dpc-248-NKR-72502156.png,monolayer,slight rouleaux,3,1,NKR-72502156,248,train,,,
tanzania-combinedv3/dpc-252-NKR-72502156.png,tanzania-combinedv3,dpc-252-NKR-72502156.png,gs://tanzania_02032026/TZ2025-Box4/NKR-72502156/dpc-252-NKR-72502156.png,dense,some rouleaux,5,2,NKR-72502156,252,train,,,
tanzania-combinedv3/dpc-256-NKR-72502156.png,tanzania-combinedv3,dpc-256-NKR-72502156.png,gs://tanzania_02032026/TZ2025-Box4/NKR-72502156/dpc-256-NKR-72502156.png,monolayer,no rouleaux,3,0,NKR-72502156,256,train,,,
tanzania-combinedv3/dpc-260-NKR-72502156.png,tanzania-combinedv3,dpc-260-NKR-72502156.png,gs://tanzania_02032026/TZ2025-Box4/NKR-72502156/dpc-260-NKR-72502156.png,monolayer,no rouleaux,3,0,NKR-72502156,260,train,,,
tanzania-combinedv3/dpc-264-NKR-72502156.png,tanzania-combinedv3,dpc-264-NKR-72502156.png,gs://tanzania_02032026/TZ2025-Box4/NKR-72502156/dpc-264-NKR-72502156.png,monolayer,no rouleaux,3,0,NKR-72502156,264,train,,,
tanzania-combinedv3/dpc-268-NKR-72502156.png,tanzania-combinedv3,dpc-268-NKR-72502156.png,gs://tanzania_02032026/TZ2025-Box4/NKR-72502156/dpc-268-NKR-72502156.png,slightly dense,slight rouleaux,4,1,NKR-72502156,268,train,,,
tanzania-combinedv3/dpc-272-NKR-72502156.png,tanzania-combinedv3,dpc-272-NKR-72502156.png,gs://tanzania_02032026/TZ2025-Box4/NKR-72502156/dpc-272-NKR-72502156.png,monolayer,no rouleaux,3,0,NKR-72502156,272,train,,,
tanzania-combinedv3/dpc-276-NKR-72502156.png,tanzania-combinedv3,dpc-276-NKR-72502156.png,gs://tanzania_02032026/TZ2025-Box4/NKR-72502156/dpc-276-NKR-72502156.png,monolayer,no rouleaux,3,0,NKR-72502156,276,train,,,
tanzania-combinedv3/dpc-280-NKR-72502156.png,tanzania-combinedv3,dpc-280-NKR-72502156.png,gs://tanzania_02032026/TZ2025-Box4/NKR-72502156/dpc-280-NKR-72502156.png,monolayer,no rouleaux,3,0,NKR-72502156,280,train,low,,
tanzania-combinedv3/dpc-284-NKR-72502156.png,tanzania-combinedv3,dpc-284-NKR-72502156.png,gs://tanzania_02032026/TZ2025-Box4/NKR-72502156/dpc-284-NKR-72502156.png,monolayer,slight rouleaux,3,1,NKR-72502156,284,train,,,
tanzania-combinedv3/dpc-288-NKR-72502156.png,tanzania-combinedv3,dpc-288-NKR-72502156.png,gs://tanzania_02032026/TZ2025-Box4/NKR-72502156/dpc-288-NKR-72502156.png,dense,rouleaux,5,3,NKR-72502156,288,train,,,
tanzania-combinedv3/dpc-292-NKR-72502156.png,tanzania-combinedv3,dpc-292-NKR-72502156.png,gs://tanzania_02032026/TZ2025-Box4/NKR-72502156/dpc-292-NKR-72502156.png,monolayer,no rouleaux,3,0,NKR-72502156,292,train,low,,
tanzania-combinedv3/dpc-296-NKR-72502156.png,tanzania-combinedv3,dpc-296-NKR-72502156.png,gs://tanzania_02032026/TZ2025-Box4/NKR-72502156/dpc-296-NKR-72502156.png,monolayer,no rouleaux,3,0,NKR-72502156,296,train,,,
tanzania-combinedv3/dpc-300-NKR-72502156.png,tanzania-combinedv3,dpc-300-NKR-72502156.png,gs://tanzania_02032026/TZ2025-Box4/NKR-72502156/dpc-300-NKR-72502156.png,monolayer,no rouleaux,3,0,NKR-72502156,300,train,,,
tanzania-combinedv3/dpc-304-NKR-72502156.png,tanzania-combinedv3,dpc-304-NKR-72502156.png,gs://tanzania_02032026/TZ2025-Box4/NKR-72502156/dpc-304-NKR-72502156.png,slightly dense,slight rouleaux,4,1,NKR-72502156,304,train,,,
tanzania-combinedv3/dpc-308-NKR-72502156.png,tanzania-combinedv3,dpc-308-NKR-72502156.png,gs://tanzania_02032026/TZ2025-Box4/NKR-72502156/dpc-308-NKR-72502156.png,monolayer,no rouleaux,3,0,NKR-72502156,308,train,low,,
tanzania-combinedv3/dpc-312-NKR-72502156.png,tanzania-combinedv3,dpc-312-NKR-72502156.png,gs://tanzania_02032026/TZ2025-Box4/NKR-72502156/dpc-312-NKR-72502156.png,monolayer,no rouleaux,3,0,NKR-72502156,312,train,,,
tanzania-combinedv3/dpc-316-NKR-72502156.png,tanzania-combinedv3,dpc-316-NKR-72502156.png,gs://tanzania_02032026/TZ2025-Box4/NKR-72502156/dpc-316-NKR-72502156.png,monolayer,no rouleaux,3,0,NKR-72502156,316,train,,,
tanzania-combinedv3/dpc-320-NKR-72502156.png,tanzania-combinedv3,dpc-320-NKR-72502156.png,gs://tanzania_02032026/TZ2025-Box4/NKR-72502156/dpc-320-NKR-72502156.png,monolayer,no rouleaux,3,0,NKR-72502156,320,train,,,
tanzania-combinedv3/dpc-324-NKR-72502156.png,tanzania-combinedv3,dpc-324-NKR-72502156.png,gs://tanzania_02032026/TZ2025-Box4/NKR-72502156/dpc-324-NKR-72502156.png,dense,rouleaux,5,3,NKR-72502156,324,train,,,
tanzania-combinedv3/dpc-001-RUB-72501818.png,tanzania-combinedv3,dpc-001-RUB-72501818.png,gs://tanzania_02032026/TZ2025-Box3/RUB-72501818/dpc-001-RUB-72501818.png,monolayer,no rouleaux,3,0,RUB-72501818,1,train,,,
tanzania-combinedv3/dpc-004-RUB-72501818.png,tanzania-combinedv3,dpc-004-RUB-72501818.png,gs://tanzania_02032026/TZ2025-Box3/RUB-72501818/dpc-004-RUB-72501818.png,monolayer,no rouleaux,3,0,RUB-72501818,4,train,low,,
tanzania-combinedv3/dpc-008-RUB-72501818.png,tanzania-combinedv3,dpc-008-RUB-72501818.png,gs://tanzania_02032026/TZ2025-Box3/RUB-72501818/dpc-008-RUB-72501818.png,sparser,no rouleaux,2,0,RUB-72501818,8,train,,,
tanzania-combinedv3/dpc-012-RUB-72501818.png,tanzania-combinedv3,dpc-012-RUB-72501818.png,gs://tanzania_02032026/TZ2025-Box3/RUB-72501818/dpc-012-RUB-72501818.png,sparser,no rouleaux,2,0,RUB-72501818,12,train,,,
tanzania-combinedv3/dpc-016-RUB-72501818.png,tanzania-combinedv3,dpc-016-RUB-72501818.png,gs://tanzania_02032026/TZ2025-Box3/RUB-72501818/dpc-016-RUB-72501818.png,sparser,no rouleaux,2,0,RUB-72501818,16,train,,,
tanzania-combinedv3/dpc-020-RUB-72501818.png,tanzania-combinedv3,dpc-020-RUB-72501818.png,gs://tanzania_02032026/TZ2025-Box3/RUB-72501818/dpc-020-RUB-72501818.png,monolayer,no rouleaux,3,0,RUB-72501818,20,train,low,,
tanzania-combinedv3/dpc-024-RUB-72501818.png,tanzania-combinedv3,dpc-024-RUB-72501818.png,gs://tanzania_02032026/TZ2025-Box3/RUB-72501818/dpc-024-RUB-72501818.png,sparser,no rouleaux,2,0,RUB-72501818,24,train,,,
tanzania-combinedv3/dpc-028-RUB-72501818.png,tanzania-combinedv3,dpc-028-RUB-72501818.png,gs://tanzania_02032026/TZ2025-Box3/RUB-72501818/dpc-028-RUB-72501818.png,sparser,no rouleaux,2,0,RUB-72501818,28,train,,,
tanzania-combinedv3/dpc-032-RUB-72501818.png,tanzania-combinedv3,dpc-032-RUB-72501818.png,gs://tanzania_02032026/TZ2025-Box3/RUB-72501818/dpc-032-RUB-72501818.png,sparser,no rouleaux,2,0,RUB-72501818,32,train,,,
tanzania-combinedv3/dpc-036-RUB-72501818.png,tanzania-combinedv3,dpc-036-RUB-72501818.png,gs://tanzania_02032026/TZ2025-Box3/RUB-72501818/dpc-036-RUB-72501818.png,sparser,no rouleaux,2,0,RUB-72501818,36,train,,,
tanzania-combinedv3/dpc-040-RUB-72501818.png,tanzania-combinedv3,dpc-040-RUB-72501818.png,gs://tanzania_02032026/TZ2025-Box3/RUB-72501818/dpc-040-RUB-72501818.png,monolayer,no rouleaux,3,0,RUB-72501818,40,train,low,,
tanzania-combinedv3/dpc-044-RUB-72501818.png,tanzania-combinedv3,dpc-044-RUB-72501818.png,gs://tanzania_02032026/TZ2025-Box3/RUB-72501818/dpc-044-RUB-72501818.png,monolayer,no rouleaux,3,0,RUB-72501818,44,train,,,
tanzania-combinedv3/dpc-048-RUB-72501818.png,tanzania-combinedv3,dpc-048-RUB-72501818.png,gs://tanzania_02032026/TZ2025-Box3/RUB-72501818/dpc-048-RUB-72501818.png,sparser,no rouleaux,2,0,RUB-72501818,48,train,,,
tanzania-combinedv3/dpc-052-RUB-72501818.png,tanzania-combinedv3,dpc-052-RUB-72501818.png,gs://tanzania_02032026/TZ2025-Box3/RUB-72501818/dpc-052-RUB-72501818.png,sparser,no rouleaux,2,0,RUB-72501818,52,train,,,
tanzania-combinedv3/dpc-056-RUB-72501818.png,tanzania-combinedv3,dpc-056-RUB-72501818.png,gs://tanzania_02032026/TZ2025-Box3/RUB-72501818/dpc-056-RUB-72501818.png,sparser,no rouleaux,2,0,RUB-72501818,56,train,,,
tanzania-combinedv3/dpc-060-RUB-72501818.png,tanzania-combinedv3,dpc-060-RUB-72501818.png,gs://tanzania_02032026/TZ2025-Box3/RUB-72501818/dpc-060-RUB-72501818.png,sparser,no rouleaux,2,0,RUB-72501818,60,train,,,
tanzania-combinedv3/dpc-064-RUB-72501818.png,tanzania-combinedv3,dpc-064-RUB-72501818.png,gs://tanzania_02032026/TZ2025-Box3/RUB-72501818/dpc-064-RUB-72501818.png,sparser,no rouleaux,2,0,RUB-72501818,64,train,,,
tanzania-combinedv3/dpc-068-RUB-72501818.png,tanzania-combinedv3,dpc-068-RUB-72501818.png,gs://tanzania_02032026/TZ2025-Box3/RUB-72501818/dpc-068-RUB-72501818.png,sparser,no rouleaux,2,0,RUB-72501818,68,train,,,
tanzania-combinedv3/dpc-072-RUB-72501818.png,tanzania-combinedv3,dpc-072-RUB-72501818.png,gs://tanzania_02032026/TZ2025-Box3/RUB-72501818/dpc-072-RUB-72501818.png,sparser,no rouleaux,2,0,RUB-72501818,72,train,,,
tanzania-combinedv3/dpc-076-RUB-72501818.png,tanzania-combinedv3,dpc-076-RUB-72501818.png,gs://tanzania_02032026/TZ2025-Box3/RUB-72501818/dpc-076-RUB-72501818.png,monolayer,no rouleaux,3,0,RUB-72501818,76,train,low,,
tanzania-combinedv3/dpc-080-RUB-72501818.png,tanzania-combinedv3,dpc-080-RUB-72501818.png,gs://tanzania_02032026/TZ2025-Box3/RUB-72501818/dpc-080-RUB-72501818.png,sparser,no rouleaux,2,0,RUB-72501818,80,train,,,
tanzania-combinedv3/dpc-084-RUB-72501818.png,tanzania-combinedv3,dpc-084-RUB-72501818.png,gs://tanzania_02032026/TZ2025-Box3/RUB-72501818/dpc-084-RUB-72501818.png,sparser,no rouleaux,2,0,RUB-72501818,84,train,,,
tanzania-combinedv3/dpc-088-RUB-72501818.png,tanzania-combinedv3,dpc-088-RUB-72501818.png,gs://tanzania_02032026/TZ2025-Box3/RUB-72501818/dpc-088-RUB-72501818.png,sparser,no rouleaux,2,0,RUB-72501818,88,train,,,
tanzania-combinedv3/dpc-092-RUB-72501818.png,tanzania-combinedv3,dpc-092-RUB-72501818.png,gs://tanzania_02032026/TZ2025-Box3/RUB-72501818/dpc-092-RUB-72501818.png,sparser,no rouleaux,2,0,RUB-72501818,92,train,,,
tanzania-combinedv3/dpc-096-RUB-72501818.png,tanzania-combinedv3,dpc-096-RUB-72501818.png,gs://tanzania_02032026/TZ2025-Box3/RUB-72501818/dpc-096-RUB-72501818.png,sparser,no rouleaux,2,0,RUB-72501818,96,train,,,
tanzania-combinedv3/dpc-100-RUB-72501818.png,tanzania-combinedv3,dpc-100-RUB-72501818.png,gs://tanzania_02032026/TZ2025-Box3/RUB-72501818/dpc-100-RUB-72501818.png,sparser,no rouleaux,2,0,RUB-72501818,100,train,,,
tanzania-combinedv3/dpc-104-RUB-72501818.png,tanzania-combinedv3,dpc-104-RUB-72501818.png,gs://tanzania_02032026/TZ2025-Box3/RUB-72501818/dpc-104-RUB-72501818.png,sparser,no rouleaux,2,0,RUB-72501818,104,train,low,,
tanzania-combinedv3/dpc-108-RUB-72501818.png,tanzania-combinedv3,dpc-108-RUB-72501818.png,gs://tanzania_02032026/TZ2025-Box3/RUB-72501818/dpc-108-RUB-72501818.png,sparser,no rouleaux,2,0,RUB-72501818,108,train,low,,
tanzania-combinedv3/dpc-112-RUB-72501818.png,tanzania-combinedv3,dpc-112-RUB-72501818.png,gs://tanzania_02032026/TZ2025-Box3/RUB-72501818/dpc-112-RUB-72501818.png,monolayer,no rouleaux,3,0,RUB-72501818,112,train,low,,
tanzania-combinedv3/dpc-116-RUB-72501818.png,tanzania-combinedv3,dpc-116-RUB-72501818.png,gs://tanzania_02032026/TZ2025-Box3/RUB-72501818/dpc-116-RUB-72501818.png,sparser,no rouleaux,2,0,RUB-72501818,116,train,,,
tanzania-combinedv3/dpc-120-RUB-72501818.png,tanzania-combinedv3,dpc-120-RUB-72501818.png,gs://tanzania_02032026/TZ2025-Box3/RUB-72501818/dpc-120-RUB-72501818.png,sparser,no rouleaux,2,0,RUB-72501818,120,train,,,
tanzania-combinedv3/dpc-124-RUB-72501818.png,tanzania-combinedv3,dpc-124-RUB-72501818.png,gs://tanzania_02032026/TZ2025-Box3/RUB-72501818/dpc-124-RUB-72501818.png,sparser,no rouleaux,2,0,RUB-72501818,124,train,,,
tanzania-combinedv3/dpc-128-RUB-72501818.png,tanzania-combinedv3,dpc-128-RUB-72501818.png,gs://tanzania_02032026/TZ2025-Box3/RUB-72501818/dpc-128-RUB-72501818.png,monolayer,no rouleaux,3,0,RUB-72501818,128,train,,,
tanzania-combinedv3/dpc-132-RUB-72501818.png,tanzania-combinedv3,dpc-132-RUB-72501818.png,gs://tanzania_02032026/TZ2025-Box3/RUB-72501818/dpc-132-RUB-72501818.png,sparser,no rouleaux,2,0,RUB-72501818,132,train,,,
tanzania-combinedv3/dpc-136-RUB-72501818.png,tanzania-combinedv3,dpc-136-RUB-72501818.png,gs://tanzania_02032026/TZ2025-Box3/RUB-72501818/dpc-136-RUB-72501818.png,sparser,no rouleaux,2,0,RUB-72501818,136,train,,,
tanzania-combinedv3/dpc-140-RUB-72501818.png,tanzania-combinedv3,dpc-140-RUB-72501818.png,gs://tanzania_02032026/TZ2025-Box3/RUB-72501818/dpc-140-RUB-72501818.png,sparser,no rouleaux,2,0,RUB-72501818,140,train,,,
tanzania-combinedv3/dpc-144-RUB-72501818.png,tanzania-combinedv3,dpc-144-RUB-72501818.png,gs://tanzania_02032026/TZ2025-Box3/RUB-72501818/dpc-144-RUB-72501818.png,sparser,no rouleaux,2,0,RUB-72501818,144,train,,,
tanzania-combinedv3/dpc-148-RUB-72501818.png,tanzania-combinedv3,dpc-148-RUB-72501818.png,gs://tanzania_02032026/TZ2025-Box3/RUB-72501818/dpc-148-RUB-72501818.png,monolayer,no rouleaux,3,0,RUB-72501818,148,train,,,
tanzania-combinedv3/dpc-152-RUB-72501818.png,tanzania-combinedv3,dpc-152-RUB-72501818.png,gs://tanzania_02032026/TZ2025-Box3/RUB-72501818/dpc-152-RUB-72501818.png,sparser,no rouleaux,2,0,RUB-72501818,152,train,,,
tanzania-combinedv3/dpc-156-RUB-72501818.png,tanzania-combinedv3,dpc-156-RUB-72501818.png,gs://tanzania_02032026/TZ2025-Box3/RUB-72501818/dpc-156-RUB-72501818.png,sparser,no rouleaux,2,0,RUB-72501818,156,train,,,
tanzania-combinedv3/dpc-160-RUB-72501818.png,tanzania-combinedv3,dpc-160-RUB-72501818.png,gs://tanzania_02032026/TZ2025-Box3/RUB-72501818/dpc-160-RUB-72501818.png,sparser,no rouleaux,2,0,RUB-72501818,160,train,,,
tanzania-combinedv3/dpc-164-RUB-72501818.png,tanzania-combinedv3,dpc-164-RUB-72501818.png,gs://tanzania_02032026/TZ2025-Box3/RUB-72501818/dpc-164-RUB-72501818.png,monolayer,no rouleaux,3,0,RUB-72501818,164,train,low,,
tanzania-combinedv3/dpc-168-RUB-72501818.png,tanzania-combinedv3,dpc-168-RUB-72501818.png,gs://tanzania_02032026/TZ2025-Box3/RUB-72501818/dpc-168-RUB-72501818.png,sparser,no rouleaux,2,0,RUB-72501818,168,train,,,
tanzania-combinedv3/dpc-172-RUB-72501818.png,tanzania-combinedv3,dpc-172-RUB-72501818.png,gs://tanzania_02032026/TZ2025-Box3/RUB-72501818/dpc-172-RUB-72501818.png,sparser,no rouleaux,2,0,RUB-72501818,172,train,,,
tanzania-combinedv3/dpc-176-RUB-72501818.png,tanzania-combinedv3,dpc-176-RUB-72501818.png,gs://tanzania_02032026/TZ2025-Box3/RUB-72501818/dpc-176-RUB-72501818.png,sparser,no rouleaux,2,0,RUB-72501818,176,train,,,
tanzania-combinedv3/dpc-180-RUB-72501818.png,tanzania-combinedv3,dpc-180-RUB-72501818.png,gs://tanzania_02032026/TZ2025-Box3/RUB-72501818/dpc-180-RUB-72501818.png,sparser,no rouleaux,2,0,RUB-72501818,180,train,,,
tanzania-combinedv3/dpc-184-RUB-72501818.png,tanzania-combinedv3,dpc-184-RUB-72501818.png,gs://tanzania_02032026/TZ2025-Box3/RUB-72501818/dpc-184-RUB-72501818.png,monolayer,no rouleaux,3,0,RUB-72501818,184,train,low,,
tanzania-combinedv3/dpc-188-RUB-72501818.png,tanzania-combinedv3,dpc-188-RUB-72501818.png,gs://tanzania_02032026/TZ2025-Box3/RUB-72501818/dpc-188-RUB-72501818.png,sparser,no rouleaux,2,0,RUB-72501818,188,train,,,
tanzania-combinedv3/dpc-192-RUB-72501818.png,tanzania-combinedv3,dpc-192-RUB-72501818.png,gs://tanzania_02032026/TZ2025-Box3/RUB-72501818/dpc-192-RUB-72501818.png,sparser,no rouleaux,2,0,RUB-72501818,192,train,,,
tanzania-combinedv3/dpc-196-RUB-72501818.png,tanzania-combinedv3,dpc-196-RUB-72501818.png,gs://tanzania_02032026/TZ2025-Box3/RUB-72501818/dpc-196-RUB-72501818.png,sparser,no rouleaux,2,0,RUB-72501818,196,train,,,
tanzania-combinedv3/dpc-200-RUB-72501818.png,tanzania-combinedv3,dpc-200-RUB-72501818.png,gs://tanzania_02032026/TZ2025-Box3/RUB-72501818/dpc-200-RUB-72501818.png,monolayer,no rouleaux,3,0,RUB-72501818,200,train,low,,
tanzania-combinedv3/dpc-204-RUB-72501818.png,tanzania-combinedv3,dpc-204-RUB-72501818.png,gs://tanzania_02032026/TZ2025-Box3/RUB-72501818/dpc-204-RUB-72501818.png,sparser,no rouleaux,2,0,RUB-72501818,204,train,,,
tanzania-combinedv3/dpc-208-RUB-72501818.png,tanzania-combinedv3,dpc-208-RUB-72501818.png,gs://tanzania_02032026/TZ2025-Box3/RUB-72501818/dpc-208-RUB-72501818.png,sparser,no rouleaux,2,0,RUB-72501818,208,train,,,
tanzania-combinedv3/dpc-212-RUB-72501818.png,tanzania-combinedv3,dpc-212-RUB-72501818.png,gs://tanzania_02032026/TZ2025-Box3/RUB-72501818/dpc-212-RUB-72501818.png,sparser,no rouleaux,2,0,RUB-72501818,212,train,,,
tanzania-combinedv3/dpc-216-RUB-72501818.png,tanzania-combinedv3,dpc-216-RUB-72501818.png,gs://tanzania_02032026/TZ2025-Box3/RUB-72501818/dpc-216-RUB-72501818.png,sparser,no rouleaux,2,0,RUB-72501818,216,train,,,
tanzania-combinedv3/dpc-220-RUB-72501818.png,tanzania-combinedv3,dpc-220-RUB-72501818.png,gs://tanzania_02032026/TZ2025-Box3/RUB-72501818/dpc-220-RUB-72501818.png,monolayer,no rouleaux,3,0,RUB-72501818,220,train,low,,
tanzania-combinedv3/dpc-224-RUB-72501818.png,tanzania-combinedv3,dpc-224-RUB-72501818.png,gs://tanzania_02032026/TZ2025-Box3/RUB-72501818/dpc-224-RUB-72501818.png,monolayer,no rouleaux,3,0,RUB-72501818,224,train,low,,
tanzania-combinedv3/dpc-228-RUB-72501818.png,tanzania-combinedv3,dpc-228-RUB-72501818.png,gs://tanzania_02032026/TZ2025-Box3/RUB-72501818/dpc-228-RUB-72501818.png,sparser,no rouleaux,2,0,RUB-72501818,228,train,,,
tanzania-combinedv3/dpc-232-RUB-72501818.png,tanzania-combinedv3,dpc-232-RUB-72501818.png,gs://tanzania_02032026/TZ2025-Box3/RUB-72501818/dpc-232-RUB-72501818.png,sparser,no rouleaux,2,0,RUB-72501818,232,train,,,
tanzania-combinedv3/dpc-236-RUB-72501818.png,tanzania-combinedv3,dpc-236-RUB-72501818.png,gs://tanzania_02032026/TZ2025-Box3/RUB-72501818/dpc-236-RUB-72501818.png,monolayer,no rouleaux,3,0,RUB-72501818,236,train,low,,
tanzania-combinedv3/dpc-240-RUB-72501818.png,tanzania-combinedv3,dpc-240-RUB-72501818.png,gs://tanzania_02032026/TZ2025-Box3/RUB-72501818/dpc-240-RUB-72501818.png,monolayer,no rouleaux,3,0,RUB-72501818,240,train,low,,
tanzania-combinedv3/dpc-244-RUB-72501818.png,tanzania-combinedv3,dpc-244-RUB-72501818.png,gs://tanzania_02032026/TZ2025-Box3/RUB-72501818/dpc-244-RUB-72501818.png,sparser,no rouleaux,2,0,RUB-72501818,244,train,,,
tanzania-combinedv3/dpc-248-RUB-72501818.png,tanzania-combinedv3,dpc-248-RUB-72501818.png,gs://tanzania_02032026/TZ2025-Box3/RUB-72501818/dpc-248-RUB-72501818.png,sparser,no rouleaux,2,0,RUB-72501818,248,train,,,
tanzania-combinedv3/dpc-252-RUB-72501818.png,tanzania-combinedv3,dpc-252-RUB-72501818.png,gs://tanzania_02032026/TZ2025-Box3/RUB-72501818/dpc-252-RUB-72501818.png,sparser,no rouleaux,2,0,RUB-72501818,252,train,,,
tanzania-combinedv3/dpc-256-RUB-72501818.png,tanzania-combinedv3,dpc-256-RUB-72501818.png,gs://tanzania_02032026/TZ2025-Box3/RUB-72501818/dpc-256-RUB-72501818.png,monolayer,no rouleaux,3,0,RUB-72501818,256,train,,,
tanzania-combinedv3/dpc-260-RUB-72501818.png,tanzania-combinedv3,dpc-260-RUB-72501818.png,gs://tanzania_02032026/TZ2025-Box3/RUB-72501818/dpc-260-RUB-72501818.png,monolayer,no rouleaux,3,0,RUB-72501818,260,train,low,,
tanzania-combinedv3/dpc-264-RUB-72501818.png,tanzania-combinedv3,dpc-264-RUB-72501818.png,gs://tanzania_02032026/TZ2025-Box3/RUB-72501818/dpc-264-RUB-72501818.png,sparser,no rouleaux,2,0,RUB-72501818,264,train,,,
tanzania-combinedv3/dpc-268-RUB-72501818.png,tanzania-combinedv3,dpc-268-RUB-72501818.png,gs://tanzania_02032026/TZ2025-Box3/RUB-72501818/dpc-268-RUB-72501818.png,sparser,no rouleaux,2,0,RUB-72501818,268,train,,,
tanzania-combinedv3/dpc-272-RUB-72501818.png,tanzania-combinedv3,dpc-272-RUB-72501818.png,gs://tanzania_02032026/TZ2025-Box3/RUB-72501818/dpc-272-RUB-72501818.png,monolayer,no rouleaux,3,0,RUB-72501818,272,train,,,
tanzania-combinedv3/dpc-276-RUB-72501818.png,tanzania-combinedv3,dpc-276-RUB-72501818.png,gs://tanzania_02032026/TZ2025-Box3/RUB-72501818/dpc-276-RUB-72501818.png,monolayer,no rouleaux,3,0,RUB-72501818,276,train,low,,
tanzania-combinedv3/dpc-280-RUB-72501818.png,tanzania-combinedv3,dpc-280-RUB-72501818.png,gs://tanzania_02032026/TZ2025-Box3/RUB-72501818/dpc-280-RUB-72501818.png,sparser,no rouleaux,2,0,RUB-72501818,280,train,,,
tanzania-combinedv3/dpc-284-RUB-72501818.png,tanzania-combinedv3,dpc-284-RUB-72501818.png,gs://tanzania_02032026/TZ2025-Box3/RUB-72501818/dpc-284-RUB-72501818.png,sparser,no rouleaux,2,0,RUB-72501818,284,train,,,
tanzania-combinedv3/dpc-288-RUB-72501818.png,tanzania-combinedv3,dpc-288-RUB-72501818.png,gs://tanzania_02032026/TZ2025-Box3/RUB-72501818/dpc-288-RUB-72501818.png,sparser,no rouleaux,2,0,RUB-72501818,288,train,,,
tanzania-combinedv3/dpc-292-RUB-72501818.png,tanzania-combinedv3,dpc-292-RUB-72501818.png,gs://tanzania_02032026/TZ2025-Box3/RUB-72501818/dpc-292-RUB-72501818.png,monolayer,no rouleaux,3,0,RUB-72501818,292,train,,,
tanzania-combinedv3/dpc-296-RUB-72501818.png,tanzania-combinedv3,dpc-296-RUB-72501818.png,gs://tanzania_02032026/TZ2025-Box3/RUB-72501818/dpc-296-RUB-72501818.png,monolayer,no rouleaux,3,0,RUB-72501818,296,train,low,,
tanzania-combinedv3/dpc-300-RUB-72501818.png,tanzania-combinedv3,dpc-300-RUB-72501818.png,gs://tanzania_02032026/TZ2025-Box3/RUB-72501818/dpc-300-RUB-72501818.png,sparser,no rouleaux,2,0,RUB-72501818,300,train,,,
tanzania-combinedv3/dpc-304-RUB-72501818.png,tanzania-combinedv3,dpc-304-RUB-72501818.png,gs://tanzania_02032026/TZ2025-Box3/RUB-72501818/dpc-304-RUB-72501818.png,sparser,no rouleaux,2,0,RUB-72501818,304,train,,,
tanzania-combinedv3/dpc-308-RUB-72501818.png,tanzania-combinedv3,dpc-308-RUB-72501818.png,gs://tanzania_02032026/TZ2025-Box3/RUB-72501818/dpc-308-RUB-72501818.png,monolayer,no rouleaux,3,0,RUB-72501818,308,train,,,
tanzania-combinedv3/dpc-312-RUB-72501818.png,tanzania-combinedv3,dpc-312-RUB-72501818.png,gs://tanzania_02032026/TZ2025-Box3/RUB-72501818/dpc-312-RUB-72501818.png,monolayer,no rouleaux,3,0,RUB-72501818,312,train,low,,
tanzania-combinedv3/dpc-316-RUB-72501818.png,tanzania-combinedv3,dpc-316-RUB-72501818.png,gs://tanzania_02032026/TZ2025-Box3/RUB-72501818/dpc-316-RUB-72501818.png,sparser,no rouleaux,2,0,RUB-72501818,316,train,,,
tanzania-combinedv3/dpc-320-RUB-72501818.png,tanzania-combinedv3,dpc-320-RUB-72501818.png,gs://tanzania_02032026/TZ2025-Box3/RUB-72501818/dpc-320-RUB-72501818.png,sparser,no rouleaux,2,0,RUB-72501818,320,train,,,
tanzania-combinedv3/dpc-324-RUB-72501818.png,tanzania-combinedv3,dpc-324-RUB-72501818.png,gs://tanzania_02032026/TZ2025-Box3/RUB-72501818/dpc-324-RUB-72501818.png,sparser,no rouleaux,2,0,RUB-72501818,324,train,,,
tanzania-073026/dpc-001-KTR-72502948.png,tanzania-073026,dpc-001-KTR-72502948.png,C:\Users\owlem\Projects\fov-filtering-tool\crowding-crenation\data\raw\new\KTR-72502948\dpc\dpc-001-KTR-72502948.png,monolayer,no rouleaux,3,0,KTR-72502948,1,train,,,
tanzania-073026/dpc-002-KTR-72502948.png,tanzania-073026,dpc-002-KTR-72502948.png,C:\Users\owlem\Projects\fov-filtering-tool\crowding-crenation\data\raw\new\KTR-72502948\dpc\dpc-002-KTR-72502948.png,monolayer,no rouleaux,3,0,KTR-72502948,2,train,,,
tanzania-073026/dpc-003-KTR-72502948.png,tanzania-073026,dpc-003-KTR-72502948.png,C:\Users\owlem\Projects\fov-filtering-tool\crowding-crenation\data\raw\new\KTR-72502948\dpc\dpc-003-KTR-72502948.png,monolayer,no rouleaux,3,0,KTR-72502948,3,train,,,
tanzania-073026/dpc-004-KTR-72502948.png,tanzania-073026,dpc-004-KTR-72502948.png,C:\Users\owlem\Projects\fov-filtering-tool\crowding-crenation\data\raw\new\KTR-72502948\dpc\dpc-004-KTR-72502948.png,monolayer,no rouleaux,3,0,KTR-72502948,4,train,,,
tanzania-073026/dpc-005-KTR-72502948.png,tanzania-073026,dpc-005-KTR-72502948.png,C:\Users\owlem\Projects\fov-filtering-tool\crowding-crenation\data\raw\new\KTR-72502948\dpc\dpc-005-KTR-72502948.png,monolayer,no rouleaux,3,0,KTR-72502948,5,train,,,
tanzania-073026/dpc-006-KTR-72502948.png,tanzania-073026,dpc-006-KTR-72502948.png,C:\Users\owlem\Projects\fov-filtering-tool\crowding-crenation\data\raw\new\KTR-72502948\dpc\dpc-006-KTR-72502948.png,monolayer,no rouleaux,3,0,KTR-72502948,6,train,,,
tanzania-073026/dpc-007-KTR-72502948.png,tanzania-073026,dpc-007-KTR-72502948.png,C:\Users\owlem\Projects\fov-filtering-tool\crowding-crenation\data\raw\new\KTR-72502948\dpc\dpc-007-KTR-72502948.png,monolayer,no rouleaux,3,0,KTR-72502948,7,train,,,
tanzania-073026/dpc-008-KTR-72502948.png,tanzania-073026,dpc-008-KTR-72502948.png,C:\Users\owlem\Projects\fov-filtering-tool\crowding-crenation\data\raw\new\KTR-72502948\dpc\dpc-008-KTR-72502948.png,monolayer,no rouleaux,3,0,KTR-72502948,8,train,,,
tanzania-073026/dpc-009-KTR-72502948.png,tanzania-073026,dpc-009-KTR-72502948.png,C:\Users\owlem\Projects\fov-filtering-tool\crowding-crenation\data\raw\new\KTR-72502948\dpc\dpc-009-KTR-72502948.png,monolayer,no rouleaux,3,0,KTR-72502948,9,train,,,
tanzania-073026/dpc-010-KTR-72502948.png,tanzania-073026,dpc-010-KTR-72502948.png,C:\Users\owlem\Projects\fov-filtering-tool\crowding-crenation\data\raw\new\KTR-72502948\dpc\dpc-010-KTR-72502948.png,monolayer,no rouleaux,3,0,KTR-72502948,10,train,,,
tanzania-073026/dpc-011-KTR-72502948.png,tanzania-073026,dpc-011-KTR-72502948.png,C:\Users\owlem\Projects\fov-filtering-tool\crowding-crenation\data\raw\new\KTR-72502948\dpc\dpc-011-KTR-72502948.png,monolayer,no rouleaux,3,0,KTR-72502948,11,train,,,
tanzania-073026/dpc-012-KTR-72502948.png,tanzania-073026,dpc-012-KTR-72502948.png,C:\Users\owlem\Projects\fov-filtering-tool\crowding-crenation\data\raw\new\KTR-72502948\dpc\dpc-012-KTR-72502948.png,monolayer,slight rouleaux,3,1,KTR-72502948,12,train,,,
tanzania-073026/dpc-013-KTR-72502948.png,tanzania-073026,dpc-013-KTR-72502948.png,C:\Users\owlem\Projects\fov-filtering-tool\crowding-crenation\data\raw\new\KTR-72502948\dpc\dpc-013-KTR-72502948.png,monolayer,no rouleaux,3,0,KTR-72502948,13,train,,,
tanzania-073026/dpc-014-KTR-72502948.png,tanzania-073026,dpc-014-KTR-72502948.png,C:\Users\owlem\Projects\fov-filtering-tool\crowding-crenation\data\raw\new\KTR-72502948\dpc\dpc-014-KTR-72502948.png,monolayer,slight rouleaux,3,1,KTR-72502948,14,train,,,Crenated
tanzania-073026/dpc-015-KTR-72502948.png,tanzania-073026,dpc-015-KTR-72502948.png,C:\Users\owlem\Projects\fov-filtering-tool\crowding-crenation\data\raw\new\KTR-72502948\dpc\dpc-015-KTR-72502948.png,monolayer,slight rouleaux,3,1,KTR-72502948,15,train,,,Crenated
tanzania-073026/dpc-016-KTR-72502948.png,tanzania-073026,dpc-016-KTR-72502948.png,C:\Users\owlem\Projects\fov-filtering-tool\crowding-crenation\data\raw\new\KTR-72502948\dpc\dpc-016-KTR-72502948.png,monolayer,slight rouleaux,3,1,KTR-72502948,16,train,,,Crenated
tanzania-073026/dpc-017-KTR-72502948.png,tanzania-073026,dpc-017-KTR-72502948.png,C:\Users\owlem\Projects\fov-filtering-tool\crowding-crenation\data\raw\new\KTR-72502948\dpc\dpc-017-KTR-72502948.png,slightly dense,slight rouleaux,4,1,KTR-72502948,17,train,,,Crenated
tanzania-073026/dpc-018-KTR-72502948.png,tanzania-073026,dpc-018-KTR-72502948.png,C:\Users\owlem\Projects\fov-filtering-tool\crowding-crenation\data\raw\new\KTR-72502948\dpc\dpc-018-KTR-72502948.png,slightly dense,slight rouleaux,4,1,KTR-72502948,18,train,,,Crenated
tanzania-073026/dpc-019-KTR-72502948.png,tanzania-073026,dpc-019-KTR-72502948.png,C:\Users\owlem\Projects\fov-filtering-tool\crowding-crenation\data\raw\new\KTR-72502948\dpc\dpc-019-KTR-72502948.png,monolayer,no rouleaux,3,0,KTR-72502948,19,train,,,
tanzania-073026/dpc-020-KTR-72502948.png,tanzania-073026,dpc-020-KTR-72502948.png,C:\Users\owlem\Projects\fov-filtering-tool\crowding-crenation\data\raw\new\KTR-72502948\dpc\dpc-020-KTR-72502948.png,monolayer,no rouleaux,3,0,KTR-72502948,20,train,,,
tanzania-073026/dpc-021-KTR-72502948.png,tanzania-073026,dpc-021-KTR-72502948.png,C:\Users\owlem\Projects\fov-filtering-tool\crowding-crenation\data\raw\new\KTR-72502948\dpc\dpc-021-KTR-72502948.png,monolayer,no rouleaux,3,0,KTR-72502948,21,train,,,
tanzania-073026/dpc-022-KTR-72502948.png,tanzania-073026,dpc-022-KTR-72502948.png,C:\Users\owlem\Projects\fov-filtering-tool\crowding-crenation\data\raw\new\KTR-72502948\dpc\dpc-022-KTR-72502948.png,monolayer,no rouleaux,3,0,KTR-72502948,22,train,,,
tanzania-073026/dpc-023-KTR-72502948.png,tanzania-073026,dpc-023-KTR-72502948.png,C:\Users\owlem\Projects\fov-filtering-tool\crowding-crenation\data\raw\new\KTR-72502948\dpc\dpc-023-KTR-72502948.png,monolayer,no rouleaux,3,0,KTR-72502948,23,train,,,
tanzania-073026/dpc-024-KTR-72502948.png,tanzania-073026,dpc-024-KTR-72502948.png,C:\Users\owlem\Projects\fov-filtering-tool\crowding-crenation\data\raw\new\KTR-72502948\dpc\dpc-024-KTR-72502948.png,monolayer,no rouleaux,3,0,KTR-72502948,24,train,,,
tanzania-073026/dpc-025-KTR-72502948.png,tanzania-073026,dpc-025-KTR-72502948.png,C:\Users\owlem\Projects\fov-filtering-tool\crowding-crenation\data\raw\new\KTR-72502948\dpc\dpc-025-KTR-72502948.png,monolayer,no rouleaux,3,0,KTR-72502948,25,train,,,
tanzania-073026/dpc-026-KTR-72502948.png,tanzania-073026,dpc-026-KTR-72502948.png,C:\Users\owlem\Projects\fov-filtering-tool\crowding-crenation\data\raw\new\KTR-72502948\dpc\dpc-026-KTR-72502948.png,monolayer,no rouleaux,3,0,KTR-72502948,26,train,,,
tanzania-073026/dpc-027-KTR-72502948.png,tanzania-073026,dpc-027-KTR-72502948.png,C:\Users\owlem\Projects\fov-filtering-tool\crowding-crenation\data\raw\new\KTR-72502948\dpc\dpc-027-KTR-72502948.png,monolayer,no rouleaux,3,0,KTR-72502948,27,train,,,
tanzania-073026/dpc-028-KTR-72502948.png,tanzania-073026,dpc-028-KTR-72502948.png,C:\Users\owlem\Projects\fov-filtering-tool\crowding-crenation\data\raw\new\KTR-72502948\dpc\dpc-028-KTR-72502948.png,monolayer,no rouleaux,3,0,KTR-72502948,28,train,,,
tanzania-073026/dpc-029-KTR-72502948.png,tanzania-073026,dpc-029-KTR-72502948.png,C:\Users\owlem\Projects\fov-filtering-tool\crowding-crenation\data\raw\new\KTR-72502948\dpc\dpc-029-KTR-72502948.png,monolayer,no rouleaux,3,0,KTR-72502948,29,train,,,
tanzania-073026/dpc-030-KTR-72502948.png,tanzania-073026,dpc-030-KTR-72502948.png,C:\Users\owlem\Projects\fov-filtering-tool\crowding-crenation\data\raw\new\KTR-72502948\dpc\dpc-030-KTR-72502948.png,monolayer,no rouleaux,3,0,KTR-72502948,30,train,,,Crenated
tanzania-073026/dpc-031-KTR-72502948.png,tanzania-073026,dpc-031-KTR-72502948.png,C:\Users\owlem\Projects\fov-filtering-tool\crowding-crenation\data\raw\new\KTR-72502948\dpc\dpc-031-KTR-72502948.png,monolayer,no rouleaux,3,0,KTR-72502948,31,train,,,Crenated
tanzania-073026/dpc-032-KTR-72502948.png,tanzania-073026,dpc-032-KTR-72502948.png,C:\Users\owlem\Projects\fov-filtering-tool\crowding-crenation\data\raw\new\KTR-72502948\dpc\dpc-032-KTR-72502948.png,monolayer,slight rouleaux,3,1,KTR-72502948,32,train,,,Crenated
tanzania-073026/dpc-033-KTR-72502948.png,tanzania-073026,dpc-033-KTR-72502948.png,C:\Users\owlem\Projects\fov-filtering-tool\crowding-crenation\data\raw\new\KTR-72502948\dpc\dpc-033-KTR-72502948.png,slightly dense,slight rouleaux,4,1,KTR-72502948,33,train,,,Crenated
tanzania-073026/dpc-034-KTR-72502948.png,tanzania-073026,dpc-034-KTR-72502948.png,C:\Users\owlem\Projects\fov-filtering-tool\crowding-crenation\data\raw\new\KTR-72502948\dpc\dpc-034-KTR-72502948.png,slightly dense,no rouleaux,4,0,KTR-72502948,34,train,,,
tanzania-073026/dpc-035-KTR-72502948.png,tanzania-073026,dpc-035-KTR-72502948.png,C:\Users\owlem\Projects\fov-filtering-tool\crowding-crenation\data\raw\new\KTR-72502948\dpc\dpc-035-KTR-72502948.png,slightly dense,slight rouleaux,4,1,KTR-72502948,35,train,,,Crenated
tanzania-073026/dpc-036-KTR-72502948.png,tanzania-073026,dpc-036-KTR-72502948.png,C:\Users\owlem\Projects\fov-filtering-tool\crowding-crenation\data\raw\new\KTR-72502948\dpc\dpc-036-KTR-72502948.png,slightly dense,slight rouleaux,4,1,KTR-72502948,36,train,,,Crenated
tanzania-073026/dpc-037-KTR-72502948.png,tanzania-073026,dpc-037-KTR-72502948.png,C:\Users\owlem\Projects\fov-filtering-tool\crowding-crenation\data\raw\new\KTR-72502948\dpc\dpc-037-KTR-72502948.png,monolayer,no rouleaux,3,0,KTR-72502948,37,train,,,
tanzania-073026/dpc-038-KTR-72502948.png,tanzania-073026,dpc-038-KTR-72502948.png,C:\Users\owlem\Projects\fov-filtering-tool\crowding-crenation\data\raw\new\KTR-72502948\dpc\dpc-038-KTR-72502948.png,monolayer,no rouleaux,3,0,KTR-72502948,38,train,,,
tanzania-073026/dpc-039-KTR-72502948.png,tanzania-073026,dpc-039-KTR-72502948.png,C:\Users\owlem\Projects\fov-filtering-tool\crowding-crenation\data\raw\new\KTR-72502948\dpc\dpc-039-KTR-72502948.png,monolayer,no rouleaux,3,0,KTR-72502948,39,train,,,
tanzania-073026/dpc-040-KTR-72502948.png,tanzania-073026,dpc-040-KTR-72502948.png,C:\Users\owlem\Projects\fov-filtering-tool\crowding-crenation\data\raw\new\KTR-72502948\dpc\dpc-040-KTR-72502948.png,monolayer,no rouleaux,3,0,KTR-72502948,40,train,,,
tanzania-073026/dpc-041-KTR-72502948.png,tanzania-073026,dpc-041-KTR-72502948.png,C:\Users\owlem\Projects\fov-filtering-tool\crowding-crenation\data\raw\new\KTR-72502948\dpc\dpc-041-KTR-72502948.png,monolayer,no rouleaux,3,0,KTR-72502948,41,train,,,
tanzania-073026/dpc-042-KTR-72502948.png,tanzania-073026,dpc-042-KTR-72502948.png,C:\Users\owlem\Projects\fov-filtering-tool\crowding-crenation\data\raw\new\KTR-72502948\dpc\dpc-042-KTR-72502948.png,monolayer,no rouleaux,3,0,KTR-72502948,42,train,,,
tanzania-073026/dpc-043-KTR-72502948.png,tanzania-073026,dpc-043-KTR-72502948.png,C:\Users\owlem\Projects\fov-filtering-tool\crowding-crenation\data\raw\new\KTR-72502948\dpc\dpc-043-KTR-72502948.png,monolayer,no rouleaux,3,0,KTR-72502948,43,train,,,
tanzania-073026/dpc-044-KTR-72502948.png,tanzania-073026,dpc-044-KTR-72502948.png,C:\Users\owlem\Projects\fov-filtering-tool\crowding-crenation\data\raw\new\KTR-72502948\dpc\dpc-044-KTR-72502948.png,monolayer,no rouleaux,3,0,KTR-72502948,44,train,,,
tanzania-073026/dpc-045-KTR-72502948.png,tanzania-073026,dpc-045-KTR-72502948.png,C:\Users\owlem\Projects\fov-filtering-tool\crowding-crenation\data\raw\new\KTR-72502948\dpc\dpc-045-KTR-72502948.png,monolayer,no rouleaux,3,0,KTR-72502948,45,train,,,
tanzania-073026/dpc-046-KTR-72502948.png,tanzania-073026,dpc-046-KTR-72502948.png,C:\Users\owlem\Projects\fov-filtering-tool\crowding-crenation\data\raw\new\KTR-72502948\dpc\dpc-046-KTR-72502948.png,monolayer,no rouleaux,3,0,KTR-72502948,46,train,,,
tanzania-073026/dpc-047-KTR-72502948.png,tanzania-073026,dpc-047-KTR-72502948.png,C:\Users\owlem\Projects\fov-filtering-tool\crowding-crenation\data\raw\new\KTR-72502948\dpc\dpc-047-KTR-72502948.png,monolayer,no rouleaux,3,0,KTR-72502948,47,train,,,
tanzania-073026/dpc-048-KTR-72502948.png,tanzania-073026,dpc-048-KTR-72502948.png,C:\Users\owlem\Projects\fov-filtering-tool\crowding-crenation\data\raw\new\KTR-72502948\dpc\dpc-048-KTR-72502948.png,monolayer,no rouleaux,3,0,KTR-72502948,48,train,,,Crenated
tanzania-073026/dpc-049-KTR-72502948.png,tanzania-073026,dpc-049-KTR-72502948.png,C:\Users\owlem\Projects\fov-filtering-tool\crowding-crenation\data\raw\new\KTR-72502948\dpc\dpc-049-KTR-72502948.png,monolayer,slight rouleaux,3,1,KTR-72502948,49,train,,,Crenated
tanzania-073026/dpc-050-KTR-72502948.png,tanzania-073026,dpc-050-KTR-72502948.png,C:\Users\owlem\Projects\fov-filtering-tool\crowding-crenation\data\raw\new\KTR-72502948\dpc\dpc-050-KTR-72502948.png,monolayer,no rouleaux,3,0,KTR-72502948,50,train,,,Crenated
tanzania-073026/dpc-051-KTR-72502948.png,tanzania-073026,dpc-051-KTR-72502948.png,C:\Users\owlem\Projects\fov-filtering-tool\crowding-crenation\data\raw\new\KTR-72502948\dpc\dpc-051-KTR-72502948.png,monolayer,slight rouleaux,3,1,KTR-72502948,51,train,,,Crenated
tanzania-073026/dpc-052-KTR-72502948.png,tanzania-073026,dpc-052-KTR-72502948.png,C:\Users\owlem\Projects\fov-filtering-tool\crowding-crenation\data\raw\new\KTR-72502948\dpc\dpc-052-KTR-72502948.png,monolayer,slight rouleaux,3,1,KTR-72502948,52,train,,,Crenated
tanzania-073026/dpc-053-KTR-72502948.png,tanzania-073026,dpc-053-KTR-72502948.png,C:\Users\owlem\Projects\fov-filtering-tool\crowding-crenation\data\raw\new\KTR-72502948\dpc\dpc-053-KTR-72502948.png,slightly dense,slight rouleaux,4,1,KTR-72502948,53,train,,,Crenated
tanzania-073026/dpc-054-KTR-72502948.png,tanzania-073026,dpc-054-KTR-72502948.png,C:\Users\owlem\Projects\fov-filtering-tool\crowding-crenation\data\raw\new\KTR-72502948\dpc\dpc-054-KTR-72502948.png,slightly dense,slight rouleaux,4,1,KTR-72502948,54,train,,,Crenated
tanzania-073026/dpc-055-KTR-72502948.png,tanzania-073026,dpc-055-KTR-72502948.png,C:\Users\owlem\Projects\fov-filtering-tool\crowding-crenation\data\raw\new\KTR-72502948\dpc\dpc-055-KTR-72502948.png,monolayer,no rouleaux,3,0,KTR-72502948,55,train,,,
tanzania-073026/dpc-056-KTR-72502948.png,tanzania-073026,dpc-056-KTR-72502948.png,C:\Users\owlem\Projects\fov-filtering-tool\crowding-crenation\data\raw\new\KTR-72502948\dpc\dpc-056-KTR-72502948.png,monolayer,no rouleaux,3,0,KTR-72502948,56,train,,,
tanzania-073026/dpc-057-KTR-72502948.png,tanzania-073026,dpc-057-KTR-72502948.png,C:\Users\owlem\Projects\fov-filtering-tool\crowding-crenation\data\raw\new\KTR-72502948\dpc\dpc-057-KTR-72502948.png,monolayer,no rouleaux,3,0,KTR-72502948,57,train,,,
tanzania-073026/dpc-058-KTR-72502948.png,tanzania-073026,dpc-058-KTR-72502948.png,C:\Users\owlem\Projects\fov-filtering-tool\crowding-crenation\data\raw\new\KTR-72502948\dpc\dpc-058-KTR-72502948.png,monolayer,no rouleaux,3,0,KTR-72502948,58,train,,,
tanzania-073026/dpc-059-KTR-72502948.png,tanzania-073026,dpc-059-KTR-72502948.png,C:\Users\owlem\Projects\fov-filtering-tool\crowding-crenation\data\raw\new\KTR-72502948\dpc\dpc-059-KTR-72502948.png,monolayer,no rouleaux,3,0,KTR-72502948,59,train,,,
tanzania-073026/dpc-060-KTR-72502948.png,tanzania-073026,dpc-060-KTR-72502948.png,C:\Users\owlem\Projects\fov-filtering-tool\crowding-crenation\data\raw\new\KTR-72502948\dpc\dpc-060-KTR-72502948.png,monolayer,no rouleaux,3,0,KTR-72502948,60,train,,,
tanzania-073026/dpc-061-KTR-72502948.png,tanzania-073026,dpc-061-KTR-72502948.png,C:\Users\owlem\Projects\fov-filtering-tool\crowding-crenation\data\raw\new\KTR-72502948\dpc\dpc-061-KTR-72502948.png,monolayer,no rouleaux,3,0,KTR-72502948,61,train,,,
tanzania-073026/dpc-062-KTR-72502948.png,tanzania-073026,dpc-062-KTR-72502948.png,C:\Users\owlem\Projects\fov-filtering-tool\crowding-crenation\data\raw\new\KTR-72502948\dpc\dpc-062-KTR-72502948.png,monolayer,no rouleaux,3,0,KTR-72502948,62,train,,,
tanzania-073026/dpc-063-KTR-72502948.png,tanzania-073026,dpc-063-KTR-72502948.png,C:\Users\owlem\Projects\fov-filtering-tool\crowding-crenation\data\raw\new\KTR-72502948\dpc\dpc-063-KTR-72502948.png,monolayer,no rouleaux,3,0,KTR-72502948,63,train,,,
tanzania-073026/dpc-064-KTR-72502948.png,tanzania-073026,dpc-064-KTR-72502948.png,C:\Users\owlem\Projects\fov-filtering-tool\crowding-crenation\data\raw\new\KTR-72502948\dpc\dpc-064-KTR-72502948.png,monolayer,no rouleaux,3,0,KTR-72502948,64,train,,,
tanzania-073026/dpc-065-KTR-72502948.png,tanzania-073026,dpc-065-KTR-72502948.png,C:\Users\owlem\Projects\fov-filtering-tool\crowding-crenation\data\raw\new\KTR-72502948\dpc\dpc-065-KTR-72502948.png,monolayer,no rouleaux,3,0,KTR-72502948,65,train,,,
tanzania-073026/dpc-066-KTR-72502948.png,tanzania-073026,dpc-066-KTR-72502948.png,C:\Users\owlem\Projects\fov-filtering-tool\crowding-crenation\data\raw\new\KTR-72502948\dpc\dpc-066-KTR-72502948.png,monolayer,no rouleaux,3,0,KTR-72502948,66,train,,,
tanzania-073026/dpc-067-KTR-72502948.png,tanzania-073026,dpc-067-KTR-72502948.png,C:\Users\owlem\Projects\fov-filtering-tool\crowding-crenation\data\raw\new\KTR-72502948\dpc\dpc-067-KTR-72502948.png,monolayer,no rouleaux,3,0,KTR-72502948,67,train,,,
tanzania-073026/dpc-068-KTR-72502948.png,tanzania-073026,dpc-068-KTR-72502948.png,C:\Users\owlem\Projects\fov-filtering-tool\crowding-crenation\data\raw\new\KTR-72502948\dpc\dpc-068-KTR-72502948.png,monolayer,no rouleaux,3,0,KTR-72502948,68,train,,,
tanzania-073026/dpc-069-KTR-72502948.png,tanzania-073026,dpc-069-KTR-72502948.png,C:\Users\owlem\Projects\fov-filtering-tool\crowding-crenation\data\raw\new\KTR-72502948\dpc\dpc-069-KTR-72502948.png,monolayer,no rouleaux,3,0,KTR-72502948,69,train,,,
tanzania-073026/dpc-070-KTR-72502948.png,tanzania-073026,dpc-070-KTR-72502948.png,C:\Users\owlem\Projects\fov-filtering-tool\crowding-crenation\data\raw\new\KTR-72502948\dpc\dpc-070-KTR-72502948.png,monolayer,slight rouleaux,3,1,KTR-72502948,70,train,,,Crenated
tanzania-073026/dpc-071-KTR-72502948.png,tanzania-073026,dpc-071-KTR-72502948.png,C:\Users\owlem\Projects\fov-filtering-tool\crowding-crenation\data\raw\new\KTR-72502948\dpc\dpc-071-KTR-72502948.png,monolayer,slight rouleaux,3,1,KTR-72502948,71,train,,,Crenated;Artifact
tanzania-073026/dpc-072-KTR-72502948.png,tanzania-073026,dpc-072-KTR-72502948.png,C:\Users\owlem\Projects\fov-filtering-tool\crowding-crenation\data\raw\new\KTR-72502948\dpc\dpc-072-KTR-72502948.png,monolayer,no rouleaux,3,0,KTR-72502948,72,train,,,Crenated
tanzania-073026/dpc-073-KTR-72502948.png,tanzania-073026,dpc-073-KTR-72502948.png,C:\Users\owlem\Projects\fov-filtering-tool\crowding-crenation\data\raw\new\KTR-72502948\dpc\dpc-073-KTR-72502948.png,monolayer,no rouleaux,3,0,KTR-72502948,73,train,,,Crenated
tanzania-073026/dpc-074-KTR-72502948.png,tanzania-073026,dpc-074-KTR-72502948.png,C:\Users\owlem\Projects\fov-filtering-tool\crowding-crenation\data\raw\new\KTR-72502948\dpc\dpc-074-KTR-72502948.png,monolayer,no rouleaux,3,0,KTR-72502948,74,train,,,
tanzania-073026/dpc-075-KTR-72502948.png,tanzania-073026,dpc-075-KTR-72502948.png,C:\Users\owlem\Projects\fov-filtering-tool\crowding-crenation\data\raw\new\KTR-72502948\dpc\dpc-075-KTR-72502948.png,monolayer,no rouleaux,3,0,KTR-72502948,75,train,,,
tanzania-073026/dpc-076-KTR-72502948.png,tanzania-073026,dpc-076-KTR-72502948.png,C:\Users\owlem\Projects\fov-filtering-tool\crowding-crenation\data\raw\new\KTR-72502948\dpc\dpc-076-KTR-72502948.png,monolayer,no rouleaux,3,0,KTR-72502948,76,train,,,
tanzania-073026/dpc-077-KTR-72502948.png,tanzania-073026,dpc-077-KTR-72502948.png,C:\Users\owlem\Projects\fov-filtering-tool\crowding-crenation\data\raw\new\KTR-72502948\dpc\dpc-077-KTR-72502948.png,monolayer,no rouleaux,3,0,KTR-72502948,77,train,,,
tanzania-073026/dpc-078-KTR-72502948.png,tanzania-073026,dpc-078-KTR-72502948.png,C:\Users\owlem\Projects\fov-filtering-tool\crowding-crenation\data\raw\new\KTR-72502948\dpc\dpc-078-KTR-72502948.png,monolayer,no rouleaux,3,0,KTR-72502948,78,train,,,
tanzania-073026/dpc-079-KTR-72502948.png,tanzania-073026,dpc-079-KTR-72502948.png,C:\Users\owlem\Projects\fov-filtering-tool\crowding-crenation\data\raw\new\KTR-72502948\dpc\dpc-079-KTR-72502948.png,monolayer,no rouleaux,3,0,KTR-72502948,79,train,,,
tanzania-073026/dpc-080-KTR-72502948.png,tanzania-073026,dpc-080-KTR-72502948.png,C:\Users\owlem\Projects\fov-filtering-tool\crowding-crenation\data\raw\new\KTR-72502948\dpc\dpc-080-KTR-72502948.png,monolayer,no rouleaux,3,0,KTR-72502948,80,train,,,
tanzania-073026/dpc-081-KTR-72502948.png,tanzania-073026,dpc-081-KTR-72502948.png,C:\Users\owlem\Projects\fov-filtering-tool\crowding-crenation\data\raw\new\KTR-72502948\dpc\dpc-081-KTR-72502948.png,monolayer,no rouleaux,3,0,KTR-72502948,81,train,,,
tanzania-073026/dpc-082-KTR-72502948.png,tanzania-073026,dpc-082-KTR-72502948.png,C:\Users\owlem\Projects\fov-filtering-tool\crowding-crenation\data\raw\new\KTR-72502948\dpc\dpc-082-KTR-72502948.png,monolayer,no rouleaux,3,0,KTR-72502948,82,train,,,
tanzania-073026/dpc-083-KTR-72502948.png,tanzania-073026,dpc-083-KTR-72502948.png,C:\Users\owlem\Projects\fov-filtering-tool\crowding-crenation\data\raw\new\KTR-72502948\dpc\dpc-083-KTR-72502948.png,monolayer,no rouleaux,3,0,KTR-72502948,83,train,,,
tanzania-073026/dpc-084-KTR-72502948.png,tanzania-073026,dpc-084-KTR-72502948.png,C:\Users\owlem\Projects\fov-filtering-tool\crowding-crenation\data\raw\new\KTR-72502948\dpc\dpc-084-KTR-72502948.png,monolayer,no rouleaux,3,0,KTR-72502948,84,train,,,
tanzania-073026/dpc-085-KTR-72502948.png,tanzania-073026,dpc-085-KTR-72502948.png,C:\Users\owlem\Projects\fov-filtering-tool\crowding-crenation\data\raw\new\KTR-72502948\dpc\dpc-085-KTR-72502948.png,monolayer,no rouleaux,3,0,KTR-72502948,85,train,,,
tanzania-073026/dpc-086-KTR-72502948.png,tanzania-073026,dpc-086-KTR-72502948.png,C:\Users\owlem\Projects\fov-filtering-tool\crowding-crenation\data\raw\new\KTR-72502948\dpc\dpc-086-KTR-72502948.png,monolayer,no rouleaux,3,0,KTR-72502948,86,train,,,
tanzania-073026/dpc-087-KTR-72502948.png,tanzania-073026,dpc-087-KTR-72502948.png,C:\Users\owlem\Projects\fov-filtering-tool\crowding-crenation\data\raw\new\KTR-72502948\dpc\dpc-087-KTR-72502948.png,monolayer,no rouleaux,3,0,KTR-72502948,87,train,,,
tanzania-073026/dpc-088-KTR-72502948.png,tanzania-073026,dpc-088-KTR-72502948.png,C:\Users\owlem\Projects\fov-filtering-tool\crowding-crenation\data\raw\new\KTR-72502948\dpc\dpc-088-KTR-72502948.png,monolayer,no rouleaux,3,0,KTR-72502948,88,train,,,
tanzania-073026/dpc-089-KTR-72502948.png,tanzania-073026,dpc-089-KTR-72502948.png,C:\Users\owlem\Projects\fov-filtering-tool\crowding-crenation\data\raw\new\KTR-72502948\dpc\dpc-089-KTR-72502948.png,monolayer,no rouleaux,3,0,KTR-72502948,89,train,,,Crenated
tanzania-073026/dpc-090-KTR-72502948.png,tanzania-073026,dpc-090-KTR-72502948.png,C:\Users\owlem\Projects\fov-filtering-tool\crowding-crenation\data\raw\new\KTR-72502948\dpc\dpc-090-KTR-72502948.png,monolayer,no rouleaux,3,0,KTR-72502948,90,train,,,
tanzania-073026/dpc-091-KTR-72502948.png,tanzania-073026,dpc-091-KTR-72502948.png,C:\Users\owlem\Projects\fov-filtering-tool\crowding-crenation\data\raw\new\KTR-72502948\dpc\dpc-091-KTR-72502948.png,sparser,no rouleaux,2,0,KTR-72502948,91,train,,,
tanzania-073026/dpc-092-KTR-72502948.png,tanzania-073026,dpc-092-KTR-72502948.png,C:\Users\owlem\Projects\fov-filtering-tool\crowding-crenation\data\raw\new\KTR-72502948\dpc\dpc-092-KTR-72502948.png,sparser,no rouleaux,2,0,KTR-72502948,92,train,,,
tanzania-073026/dpc-093-KTR-72502948.png,tanzania-073026,dpc-093-KTR-72502948.png,C:\Users\owlem\Projects\fov-filtering-tool\crowding-crenation\data\raw\new\KTR-72502948\dpc\dpc-093-KTR-72502948.png,sparser,no rouleaux,2,0,KTR-72502948,93,train,,,
tanzania-073026/dpc-094-KTR-72502948.png,tanzania-073026,dpc-094-KTR-72502948.png,C:\Users\owlem\Projects\fov-filtering-tool\crowding-crenation\data\raw\new\KTR-72502948\dpc\dpc-094-KTR-72502948.png,sparser,no rouleaux,2,0,KTR-72502948,94,train,,,
tanzania-073026/dpc-095-KTR-72502948.png,tanzania-073026,dpc-095-KTR-72502948.png,C:\Users\owlem\Projects\fov-filtering-tool\crowding-crenation\data\raw\new\KTR-72502948\dpc\dpc-095-KTR-72502948.png,sparser,no rouleaux,2,0,KTR-72502948,95,train,,,
tanzania-073026/dpc-096-KTR-72502948.png,tanzania-073026,dpc-096-KTR-72502948.png,C:\Users\owlem\Projects\fov-filtering-tool\crowding-crenation\data\raw\new\KTR-72502948\dpc\dpc-096-KTR-72502948.png,sparser,no rouleaux,2,0,KTR-72502948,96,train,,,
tanzania-073026/dpc-097-KTR-72502948.png,tanzania-073026,dpc-097-KTR-72502948.png,C:\Users\owlem\Projects\fov-filtering-tool\crowding-crenation\data\raw\new\KTR-72502948\dpc\dpc-097-KTR-72502948.png,sparser,no rouleaux,2,0,KTR-72502948,97,train,,,
tanzania-073026/dpc-098-KTR-72502948.png,tanzania-073026,dpc-098-KTR-72502948.png,C:\Users\owlem\Projects\fov-filtering-tool\crowding-crenation\data\raw\new\KTR-72502948\dpc\dpc-098-KTR-72502948.png,sparser,no rouleaux,2,0,KTR-72502948,98,train,,,
tanzania-073026/dpc-099-KTR-72502948.png,tanzania-073026,dpc-099-KTR-72502948.png,C:\Users\owlem\Projects\fov-filtering-tool\crowding-crenation\data\raw\new\KTR-72502948\dpc\dpc-099-KTR-72502948.png,sparser,no rouleaux,2,0,KTR-72502948,99,train,,,Unfocused
tanzania-073026/dpc-100-KTR-72502948.png,tanzania-073026,dpc-100-KTR-72502948.png,C:\Users\owlem\Projects\fov-filtering-tool\crowding-crenation\data\raw\new\KTR-72502948\dpc\dpc-100-KTR-72502948.png,sparser,no rouleaux,2,0,KTR-72502948,100,train,,,
tanzania-073026/dpc-101-KTR-72502948.png,tanzania-073026,dpc-101-KTR-72502948.png,C:\Users\owlem\Projects\fov-filtering-tool\crowding-crenation\data\raw\new\KTR-72502948\dpc\dpc-101-KTR-72502948.png,sparser,no rouleaux,2,0,KTR-72502948,101,train,,,
tanzania-073026/dpc-102-KTR-72502948.png,tanzania-073026,dpc-102-KTR-72502948.png,C:\Users\owlem\Projects\fov-filtering-tool\crowding-crenation\data\raw\new\KTR-72502948\dpc\dpc-102-KTR-72502948.png,sparser,no rouleaux,2,0,KTR-72502948,102,train,,,
tanzania-073026/dpc-103-KTR-72502948.png,tanzania-073026,dpc-103-KTR-72502948.png,C:\Users\owlem\Projects\fov-filtering-tool\crowding-crenation\data\raw\new\KTR-72502948\dpc\dpc-103-KTR-72502948.png,monolayer,no rouleaux,3,0,KTR-72502948,103,train,,,
tanzania-073026/dpc-104-KTR-72502948.png,tanzania-073026,dpc-104-KTR-72502948.png,C:\Users\owlem\Projects\fov-filtering-tool\crowding-crenation\data\raw\new\KTR-72502948\dpc\dpc-104-KTR-72502948.png,sparser,no rouleaux,2,0,KTR-72502948,104,train,,,
tanzania-073026/dpc-105-KTR-72502948.png,tanzania-073026,dpc-105-KTR-72502948.png,C:\Users\owlem\Projects\fov-filtering-tool\crowding-crenation\data\raw\new\KTR-72502948\dpc\dpc-105-KTR-72502948.png,monolayer,no rouleaux,3,0,KTR-72502948,105,train,,,
tanzania-073026/dpc-106-KTR-72502948.png,tanzania-073026,dpc-106-KTR-72502948.png,C:\Users\owlem\Projects\fov-filtering-tool\crowding-crenation\data\raw\new\KTR-72502948\dpc\dpc-106-KTR-72502948.png,monolayer,slight rouleaux,3,1,KTR-72502948,106,train,,,Crenated
tanzania-073026/dpc-107-KTR-72502948.png,tanzania-073026,dpc-107-KTR-72502948.png,C:\Users\owlem\Projects\fov-filtering-tool\crowding-crenation\data\raw\new\KTR-72502948\dpc\dpc-107-KTR-72502948.png,monolayer,no rouleaux,3,0,KTR-72502948,107,train,,,
tanzania-073026/dpc-108-KTR-72502948.png,tanzania-073026,dpc-108-KTR-72502948.png,C:\Users\owlem\Projects\fov-filtering-tool\crowding-crenation\data\raw\new\KTR-72502948\dpc\dpc-108-KTR-72502948.png,monolayer,no rouleaux,3,0,KTR-72502948,108,train,,,
tanzania-073026/dpc-109-KTR-72502948.png,tanzania-073026,dpc-109-KTR-72502948.png,C:\Users\owlem\Projects\fov-filtering-tool\crowding-crenation\data\raw\new\KTR-72502948\dpc\dpc-109-KTR-72502948.png,monolayer,no rouleaux,3,0,KTR-72502948,109,train,,,
tanzania-073026/dpc-110-KTR-72502948.png,tanzania-073026,dpc-110-KTR-72502948.png,C:\Users\owlem\Projects\fov-filtering-tool\crowding-crenation\data\raw\new\KTR-72502948\dpc\dpc-110-KTR-72502948.png,slightly dense,some rouleaux,4,2,KTR-72502948,110,train,,,
tanzania-073026/dpc-111-KTR-72502948.png,tanzania-073026,dpc-111-KTR-72502948.png,C:\Users\owlem\Projects\fov-filtering-tool\crowding-crenation\data\raw\new\KTR-72502948\dpc\dpc-111-KTR-72502948.png,sparser,no rouleaux,2,0,KTR-72502948,111,train,,,
tanzania-073026/dpc-112-KTR-72502948.png,tanzania-073026,dpc-112-KTR-72502948.png,C:\Users\owlem\Projects\fov-filtering-tool\crowding-crenation\data\raw\new\KTR-72502948\dpc\dpc-112-KTR-72502948.png,sparser,no rouleaux,2,0,KTR-72502948,112,train,,,
tanzania-073026/dpc-113-KTR-72502948.png,tanzania-073026,dpc-113-KTR-72502948.png,C:\Users\owlem\Projects\fov-filtering-tool\crowding-crenation\data\raw\new\KTR-72502948\dpc\dpc-113-KTR-72502948.png,sparser,no rouleaux,2,0,KTR-72502948,113,train,,,
tanzania-073026/dpc-114-KTR-72502948.png,tanzania-073026,dpc-114-KTR-72502948.png,C:\Users\owlem\Projects\fov-filtering-tool\crowding-crenation\data\raw\new\KTR-72502948\dpc\dpc-114-KTR-72502948.png,sparser,no rouleaux,2,0,KTR-72502948,114,train,,,
tanzania-073026/dpc-115-KTR-72502948.png,tanzania-073026,dpc-115-KTR-72502948.png,C:\Users\owlem\Projects\fov-filtering-tool\crowding-crenation\data\raw\new\KTR-72502948\dpc\dpc-115-KTR-72502948.png,sparser,no rouleaux,2,0,KTR-72502948,115,train,,,
tanzania-073026/dpc-116-KTR-72502948.png,tanzania-073026,dpc-116-KTR-72502948.png,C:\Users\owlem\Projects\fov-filtering-tool\crowding-crenation\data\raw\new\KTR-72502948\dpc\dpc-116-KTR-72502948.png,monolayer,no rouleaux,3,0,KTR-72502948,116,train,,,
tanzania-073026/dpc-117-KTR-72502948.png,tanzania-073026,dpc-117-KTR-72502948.png,C:\Users\owlem\Projects\fov-filtering-tool\crowding-crenation\data\raw\new\KTR-72502948\dpc\dpc-117-KTR-72502948.png,monolayer,no rouleaux,3,0,KTR-72502948,117,train,,,
tanzania-073026/dpc-118-KTR-72502948.png,tanzania-073026,dpc-118-KTR-72502948.png,C:\Users\owlem\Projects\fov-filtering-tool\crowding-crenation\data\raw\new\KTR-72502948\dpc\dpc-118-KTR-72502948.png,sparser,no rouleaux,2,0,KTR-72502948,118,train,,,
tanzania-073026/dpc-119-KTR-72502948.png,tanzania-073026,dpc-119-KTR-72502948.png,C:\Users\owlem\Projects\fov-filtering-tool\crowding-crenation\data\raw\new\KTR-72502948\dpc\dpc-119-KTR-72502948.png,sparser,no rouleaux,2,0,KTR-72502948,119,train,,,
tanzania-073026/dpc-120-KTR-72502948.png,tanzania-073026,dpc-120-KTR-72502948.png,C:\Users\owlem\Projects\fov-filtering-tool\crowding-crenation\data\raw\new\KTR-72502948\dpc\dpc-120-KTR-72502948.png,sparser,no rouleaux,2,0,KTR-72502948,120,train,,,
tanzania-073026/dpc-121-KTR-72502948.png,tanzania-073026,dpc-121-KTR-72502948.png,C:\Users\owlem\Projects\fov-filtering-tool\crowding-crenation\data\raw\new\KTR-72502948\dpc\dpc-121-KTR-72502948.png,sparser,no rouleaux,2,0,KTR-72502948,121,train,,,
tanzania-073026/dpc-122-KTR-72502948.png,tanzania-073026,dpc-122-KTR-72502948.png,C:\Users\owlem\Projects\fov-filtering-tool\crowding-crenation\data\raw\new\KTR-72502948\dpc\dpc-122-KTR-72502948.png,sparser,no rouleaux,2,0,KTR-72502948,122,train,,,
tanzania-073026/dpc-123-KTR-72502948.png,tanzania-073026,dpc-123-KTR-72502948.png,C:\Users\owlem\Projects\fov-filtering-tool\crowding-crenation\data\raw\new\KTR-72502948\dpc\dpc-123-KTR-72502948.png,sparser,no rouleaux,2,0,KTR-72502948,123,train,,,
tanzania-073026/dpc-124-KTR-72502948.png,tanzania-073026,dpc-124-KTR-72502948.png,C:\Users\owlem\Projects\fov-filtering-tool\crowding-crenation\data\raw\new\KTR-72502948\dpc\dpc-124-KTR-72502948.png,monolayer,no rouleaux,3,0,KTR-72502948,124,train,,,
tanzania-073026/dpc-125-KTR-72502948.png,tanzania-073026,dpc-125-KTR-72502948.png,C:\Users\owlem\Projects\fov-filtering-tool\crowding-crenation\data\raw\new\KTR-72502948\dpc\dpc-125-KTR-72502948.png,monolayer,no rouleaux,3,0,KTR-72502948,125,train,,,
tanzania-073026/dpc-126-KTR-72502948.png,tanzania-073026,dpc-126-KTR-72502948.png,C:\Users\owlem\Projects\fov-filtering-tool\crowding-crenation\data\raw\new\KTR-72502948\dpc\dpc-126-KTR-72502948.png,monolayer,no rouleaux,3,0,KTR-72502948,126,train,,,
tanzania-073026/dpc-127-KTR-72502948.png,tanzania-073026,dpc-127-KTR-72502948.png,C:\Users\owlem\Projects\fov-filtering-tool\crowding-crenation\data\raw\new\KTR-72502948\dpc\dpc-127-KTR-72502948.png,monolayer,no rouleaux,3,0,KTR-72502948,127,train,,,Other Dimples
tanzania-073026/dpc-128-KTR-72502948.png,tanzania-073026,dpc-128-KTR-72502948.png,C:\Users\owlem\Projects\fov-filtering-tool\crowding-crenation\data\raw\new\KTR-72502948\dpc\dpc-128-KTR-72502948.png,monolayer,no rouleaux,3,0,KTR-72502948,128,train,,,
tanzania-073026/dpc-129-KTR-72502948.png,tanzania-073026,dpc-129-KTR-72502948.png,C:\Users\owlem\Projects\fov-filtering-tool\crowding-crenation\data\raw\new\KTR-72502948\dpc\dpc-129-KTR-72502948.png,monolayer,no rouleaux,3,0,KTR-72502948,129,train,,,
tanzania-073026/dpc-130-KTR-72502948.png,tanzania-073026,dpc-130-KTR-72502948.png,C:\Users\owlem\Projects\fov-filtering-tool\crowding-crenation\data\raw\new\KTR-72502948\dpc\dpc-130-KTR-72502948.png,monolayer,no rouleaux,3,0,KTR-72502948,130,train,,,
tanzania-073026/dpc-131-KTR-72502948.png,tanzania-073026,dpc-131-KTR-72502948.png,C:\Users\owlem\Projects\fov-filtering-tool\crowding-crenation\data\raw\new\KTR-72502948\dpc\dpc-131-KTR-72502948.png,monolayer,no rouleaux,3,0,KTR-72502948,131,train,,,
tanzania-073026/dpc-132-KTR-72502948.png,tanzania-073026,dpc-132-KTR-72502948.png,C:\Users\owlem\Projects\fov-filtering-tool\crowding-crenation\data\raw\new\KTR-72502948\dpc\dpc-132-KTR-72502948.png,monolayer,no rouleaux,3,0,KTR-72502948,132,train,,,
tanzania-073026/dpc-133-KTR-72502948.png,tanzania-073026,dpc-133-KTR-72502948.png,C:\Users\owlem\Projects\fov-filtering-tool\crowding-crenation\data\raw\new\KTR-72502948\dpc\dpc-133-KTR-72502948.png,sparser,some rouleaux,2,2,KTR-72502948,133,train,,,
tanzania-073026/dpc-134-KTR-72502948.png,tanzania-073026,dpc-134-KTR-72502948.png,C:\Users\owlem\Projects\fov-filtering-tool\crowding-crenation\data\raw\new\KTR-72502948\dpc\dpc-134-KTR-72502948.png,sparser,no rouleaux,2,0,KTR-72502948,134,train,,,
tanzania-073026/dpc-135-KTR-72502948.png,tanzania-073026,dpc-135-KTR-72502948.png,C:\Users\owlem\Projects\fov-filtering-tool\crowding-crenation\data\raw\new\KTR-72502948\dpc\dpc-135-KTR-72502948.png,sparser,no rouleaux,2,0,KTR-72502948,135,train,,,
tanzania-073026/dpc-136-KTR-72502948.png,tanzania-073026,dpc-136-KTR-72502948.png,C:\Users\owlem\Projects\fov-filtering-tool\crowding-crenation\data\raw\new\KTR-72502948\dpc\dpc-136-KTR-72502948.png,sparser,no rouleaux,2,0,KTR-72502948,136,train,,,
tanzania-073026/dpc-137-KTR-72502948.png,tanzania-073026,dpc-137-KTR-72502948.png,C:\Users\owlem\Projects\fov-filtering-tool\crowding-crenation\data\raw\new\KTR-72502948\dpc\dpc-137-KTR-72502948.png,sparser,no rouleaux,2,0,KTR-72502948,137,train,,,
tanzania-073026/dpc-138-KTR-72502948.png,tanzania-073026,dpc-138-KTR-72502948.png,C:\Users\owlem\Projects\fov-filtering-tool\crowding-crenation\data\raw\new\KTR-72502948\dpc\dpc-138-KTR-72502948.png,sparser,no rouleaux,2,0,KTR-72502948,138,train,,,
tanzania-073026/dpc-139-KTR-72502948.png,tanzania-073026,dpc-139-KTR-72502948.png,C:\Users\owlem\Projects\fov-filtering-tool\crowding-crenation\data\raw\new\KTR-72502948\dpc\dpc-139-KTR-72502948.png,sparser,no rouleaux,2,0,KTR-72502948,139,train,,,Unfocused
tanzania-073026/dpc-140-KTR-72502948.png,tanzania-073026,dpc-140-KTR-72502948.png,C:\Users\owlem\Projects\fov-filtering-tool\crowding-crenation\data\raw\new\KTR-72502948\dpc\dpc-140-KTR-72502948.png,sparser,no rouleaux,2,0,KTR-72502948,140,train,,,
tanzania-073026/dpc-141-KTR-72502948.png,tanzania-073026,dpc-141-KTR-72502948.png,C:\Users\owlem\Projects\fov-filtering-tool\crowding-crenation\data\raw\new\KTR-72502948\dpc\dpc-141-KTR-72502948.png,sparser,no rouleaux,2,0,KTR-72502948,141,train,,,
tanzania-073026/dpc-142-KTR-72502948.png,tanzania-073026,dpc-142-KTR-72502948.png,C:\Users\owlem\Projects\fov-filtering-tool\crowding-crenation\data\raw\new\KTR-72502948\dpc\dpc-142-KTR-72502948.png,sparser,no rouleaux,2,0,KTR-72502948,142,train,,,
tanzania-073026/dpc-143-KTR-72502948.png,tanzania-073026,dpc-143-KTR-72502948.png,C:\Users\owlem\Projects\fov-filtering-tool\crowding-crenation\data\raw\new\KTR-72502948\dpc\dpc-143-KTR-72502948.png,sparser,no rouleaux,2,0,KTR-72502948,143,train,,,
tanzania-073026/dpc-144-KTR-72502948.png,tanzania-073026,dpc-144-KTR-72502948.png,C:\Users\owlem\Projects\fov-filtering-tool\crowding-crenation\data\raw\new\KTR-72502948\dpc\dpc-144-KTR-72502948.png,sparser,no rouleaux,2,0,KTR-72502948,144,train,,,
tanzania-073026/dpc-145-KTR-72502948.png,tanzania-073026,dpc-145-KTR-72502948.png,C:\Users\owlem\Projects\fov-filtering-tool\crowding-crenation\data\raw\new\KTR-72502948\dpc\dpc-145-KTR-72502948.png,monolayer,no rouleaux,3,0,KTR-72502948,145,train,,,
tanzania-073026/dpc-146-KTR-72502948.png,tanzania-073026,dpc-146-KTR-72502948.png,C:\Users\owlem\Projects\fov-filtering-tool\crowding-crenation\data\raw\new\KTR-72502948\dpc\dpc-146-KTR-72502948.png,monolayer,no rouleaux,3,0,KTR-72502948,146,train,,,
tanzania-073026/dpc-147-KTR-72502948.png,tanzania-073026,dpc-147-KTR-72502948.png,C:\Users\owlem\Projects\fov-filtering-tool\crowding-crenation\data\raw\new\KTR-72502948\dpc\dpc-147-KTR-72502948.png,monolayer,no rouleaux,3,0,KTR-72502948,147,train,,,
tanzania-073026/dpc-148-KTR-72502948.png,tanzania-073026,dpc-148-KTR-72502948.png,C:\Users\owlem\Projects\fov-filtering-tool\crowding-crenation\data\raw\new\KTR-72502948\dpc\dpc-148-KTR-72502948.png,monolayer,no rouleaux,3,0,KTR-72502948,148,train,,,
tanzania-073026/dpc-149-KTR-72502948.png,tanzania-073026,dpc-149-KTR-72502948.png,C:\Users\owlem\Projects\fov-filtering-tool\crowding-crenation\data\raw\new\KTR-72502948\dpc\dpc-149-KTR-72502948.png,monolayer,no rouleaux,3,0,KTR-72502948,149,train,,,
tanzania-073026/dpc-150-KTR-72502948.png,tanzania-073026,dpc-150-KTR-72502948.png,C:\Users\owlem\Projects\fov-filtering-tool\crowding-crenation\data\raw\new\KTR-72502948\dpc\dpc-150-KTR-72502948.png,monolayer,no rouleaux,3,0,KTR-72502948,150,train,,,
tanzania-073026/dpc-151-KTR-72502948.png,tanzania-073026,dpc-151-KTR-72502948.png,C:\Users\owlem\Projects\fov-filtering-tool\crowding-crenation\data\raw\new\KTR-72502948\dpc\dpc-151-KTR-72502948.png,monolayer,no rouleaux,3,0,KTR-72502948,151,train,,,
tanzania-073026/dpc-152-KTR-72502948.png,tanzania-073026,dpc-152-KTR-72502948.png,C:\Users\owlem\Projects\fov-filtering-tool\crowding-crenation\data\raw\new\KTR-72502948\dpc\dpc-152-KTR-72502948.png,monolayer,no rouleaux,3,0,KTR-72502948,152,train,,,
tanzania-073026/dpc-153-KTR-72502948.png,tanzania-073026,dpc-153-KTR-72502948.png,C:\Users\owlem\Projects\fov-filtering-tool\crowding-crenation\data\raw\new\KTR-72502948\dpc\dpc-153-KTR-72502948.png,monolayer,no rouleaux,3,0,KTR-72502948,153,train,,,
tanzania-073026/dpc-154-KTR-72502948.png,tanzania-073026,dpc-154-KTR-72502948.png,C:\Users\owlem\Projects\fov-filtering-tool\crowding-crenation\data\raw\new\KTR-72502948\dpc\dpc-154-KTR-72502948.png,monolayer,no rouleaux,3,0,KTR-72502948,154,train,,,
tanzania-073026/dpc-155-KTR-72502948.png,tanzania-073026,dpc-155-KTR-72502948.png,C:\Users\owlem\Projects\fov-filtering-tool\crowding-crenation\data\raw\new\KTR-72502948\dpc\dpc-155-KTR-72502948.png,monolayer,no rouleaux,3,0,KTR-72502948,155,train,,,
tanzania-073026/dpc-156-KTR-72502948.png,tanzania-073026,dpc-156-KTR-72502948.png,C:\Users\owlem\Projects\fov-filtering-tool\crowding-crenation\data\raw\new\KTR-72502948\dpc\dpc-156-KTR-72502948.png,slightly dense,slight rouleaux,4,1,KTR-72502948,156,train,,,
tanzania-073026/dpc-157-KTR-72502948.png,tanzania-073026,dpc-157-KTR-72502948.png,C:\Users\owlem\Projects\fov-filtering-tool\crowding-crenation\data\raw\new\KTR-72502948\dpc\dpc-157-KTR-72502948.png,sparser,no rouleaux,2,0,KTR-72502948,157,train,,,
tanzania-073026/dpc-158-KTR-72502948.png,tanzania-073026,dpc-158-KTR-72502948.png,C:\Users\owlem\Projects\fov-filtering-tool\crowding-crenation\data\raw\new\KTR-72502948\dpc\dpc-158-KTR-72502948.png,sparser,no rouleaux,2,0,KTR-72502948,158,train,,,
tanzania-073026/dpc-159-KTR-72502948.png,tanzania-073026,dpc-159-KTR-72502948.png,C:\Users\owlem\Projects\fov-filtering-tool\crowding-crenation\data\raw\new\KTR-72502948\dpc\dpc-159-KTR-72502948.png,sparser,no rouleaux,2,0,KTR-72502948,159,train,,,
tanzania-073026/dpc-160-KTR-72502948.png,tanzania-073026,dpc-160-KTR-72502948.png,C:\Users\owlem\Projects\fov-filtering-tool\crowding-crenation\data\raw\new\KTR-72502948\dpc\dpc-160-KTR-72502948.png,sparser,no rouleaux,2,0,KTR-72502948,160,train,,,
tanzania-073026/dpc-161-KTR-72502948.png,tanzania-073026,dpc-161-KTR-72502948.png,C:\Users\owlem\Projects\fov-filtering-tool\crowding-crenation\data\raw\new\KTR-72502948\dpc\dpc-161-KTR-72502948.png,sparser,no rouleaux,2,0,KTR-72502948,161,train,,,
tanzania-073026/dpc-162-KTR-72502948.png,tanzania-073026,dpc-162-KTR-72502948.png,C:\Users\owlem\Projects\fov-filtering-tool\crowding-crenation\data\raw\new\KTR-72502948\dpc\dpc-162-KTR-72502948.png,sparser,no rouleaux,2,0,KTR-72502948,162,train,,,
tanzania-073026/dpc-163-KTR-72502948.png,tanzania-073026,dpc-163-KTR-72502948.png,C:\Users\owlem\Projects\fov-filtering-tool\crowding-crenation\data\raw\new\KTR-72502948\dpc\dpc-163-KTR-72502948.png,monolayer,slight rouleaux,3,1,KTR-72502948,163,train,,,
tanzania-073026/dpc-164-KTR-72502948.png,tanzania-073026,dpc-164-KTR-72502948.png,C:\Users\owlem\Projects\fov-filtering-tool\crowding-crenation\data\raw\new\KTR-72502948\dpc\dpc-164-KTR-72502948.png,monolayer,no rouleaux,3,0,KTR-72502948,164,train,,,
tanzania-073026/dpc-165-KTR-72502948.png,tanzania-073026,dpc-165-KTR-72502948.png,C:\Users\owlem\Projects\fov-filtering-tool\crowding-crenation\data\raw\new\KTR-72502948\dpc\dpc-165-KTR-72502948.png,monolayer,slight rouleaux,3,1,KTR-72502948,165,train,,,
tanzania-073026/dpc-166-KTR-72502948.png,tanzania-073026,dpc-166-KTR-72502948.png,C:\Users\owlem\Projects\fov-filtering-tool\crowding-crenation\data\raw\new\KTR-72502948\dpc\dpc-166-KTR-72502948.png,sparser,slight rouleaux,2,1,KTR-72502948,166,train,,,
tanzania-073026/dpc-167-KTR-72502948.png,tanzania-073026,dpc-167-KTR-72502948.png,C:\Users\owlem\Projects\fov-filtering-tool\crowding-crenation\data\raw\new\KTR-72502948\dpc\dpc-167-KTR-72502948.png,monolayer,no rouleaux,3,0,KTR-72502948,167,train,,,
tanzania-073026/dpc-168-KTR-72502948.png,tanzania-073026,dpc-168-KTR-72502948.png,C:\Users\owlem\Projects\fov-filtering-tool\crowding-crenation\data\raw\new\KTR-72502948\dpc\dpc-168-KTR-72502948.png,monolayer,slight rouleaux,3,1,KTR-72502948,168,train,,,
tanzania-073026/dpc-169-KTR-72502948.png,tanzania-073026,dpc-169-KTR-72502948.png,C:\Users\owlem\Projects\fov-filtering-tool\crowding-crenation\data\raw\new\KTR-72502948\dpc\dpc-169-KTR-72502948.png,monolayer,slight rouleaux,3,1,KTR-72502948,169,train,,,
tanzania-073026/dpc-170-KTR-72502948.png,tanzania-073026,dpc-170-KTR-72502948.png,C:\Users\owlem\Projects\fov-filtering-tool\crowding-crenation\data\raw\new\KTR-72502948\dpc\dpc-170-KTR-72502948.png,monolayer,slight rouleaux,3,1,KTR-72502948,170,train,,,
tanzania-073026/dpc-171-KTR-72502948.png,tanzania-073026,dpc-171-KTR-72502948.png,C:\Users\owlem\Projects\fov-filtering-tool\crowding-crenation\data\raw\new\KTR-72502948\dpc\dpc-171-KTR-72502948.png,monolayer,no rouleaux,3,0,KTR-72502948,171,train,,,
tanzania-073026/dpc-172-KTR-72502948.png,tanzania-073026,dpc-172-KTR-72502948.png,C:\Users\owlem\Projects\fov-filtering-tool\crowding-crenation\data\raw\new\KTR-72502948\dpc\dpc-172-KTR-72502948.png,monolayer,no rouleaux,3,0,KTR-72502948,172,train,,,
tanzania-073026/dpc-173-KTR-72502948.png,tanzania-073026,dpc-173-KTR-72502948.png,C:\Users\owlem\Projects\fov-filtering-tool\crowding-crenation\data\raw\new\KTR-72502948\dpc\dpc-173-KTR-72502948.png,monolayer,no rouleaux,3,0,KTR-72502948,173,train,,,
tanzania-073026/dpc-174-KTR-72502948.png,tanzania-073026,dpc-174-KTR-72502948.png,C:\Users\owlem\Projects\fov-filtering-tool\crowding-crenation\data\raw\new\KTR-72502948\dpc\dpc-174-KTR-72502948.png,monolayer,no rouleaux,3,0,KTR-72502948,174,train,,,
tanzania-073026/dpc-175-KTR-72502948.png,tanzania-073026,dpc-175-KTR-72502948.png,C:\Users\owlem\Projects\fov-filtering-tool\crowding-crenation\data\raw\new\KTR-72502948\dpc\dpc-175-KTR-72502948.png,sparser,no rouleaux,2,0,KTR-72502948,175,train,,,
tanzania-073026/dpc-176-KTR-72502948.png,tanzania-073026,dpc-176-KTR-72502948.png,C:\Users\owlem\Projects\fov-filtering-tool\crowding-crenation\data\raw\new\KTR-72502948\dpc\dpc-176-KTR-72502948.png,monolayer,no rouleaux,3,0,KTR-72502948,176,train,,,Crenated
tanzania-073026/dpc-177-KTR-72502948.png,tanzania-073026,dpc-177-KTR-72502948.png,C:\Users\owlem\Projects\fov-filtering-tool\crowding-crenation\data\raw\new\KTR-72502948\dpc\dpc-177-KTR-72502948.png,monolayer,no rouleaux,3,0,KTR-72502948,177,train,,,Crenated
tanzania-073026/dpc-178-KTR-72502948.png,tanzania-073026,dpc-178-KTR-72502948.png,C:\Users\owlem\Projects\fov-filtering-tool\crowding-crenation\data\raw\new\KTR-72502948\dpc\dpc-178-KTR-72502948.png,monolayer,no rouleaux,3,0,KTR-72502948,178,train,,,Crenated
tanzania-073026/dpc-179-KTR-72502948.png,tanzania-073026,dpc-179-KTR-72502948.png,C:\Users\owlem\Projects\fov-filtering-tool\crowding-crenation\data\raw\new\KTR-72502948\dpc\dpc-179-KTR-72502948.png,monolayer,slight rouleaux,3,1,KTR-72502948,179,train,,,Crenated
tanzania-073026/dpc-180-KTR-72502948.png,tanzania-073026,dpc-180-KTR-72502948.png,C:\Users\owlem\Projects\fov-filtering-tool\crowding-crenation\data\raw\new\KTR-72502948\dpc\dpc-180-KTR-72502948.png,monolayer,no rouleaux,3,0,KTR-72502948,180,train,,,Crenated
tanzania-073026/dpc-181-KTR-72502948.png,tanzania-073026,dpc-181-KTR-72502948.png,C:\Users\owlem\Projects\fov-filtering-tool\crowding-crenation\data\raw\new\KTR-72502948\dpc\dpc-181-KTR-72502948.png,dense,rouleaux,5,3,KTR-72502948,181,train,,,
tanzania-073026/dpc-182-KTR-72502948.png,tanzania-073026,dpc-182-KTR-72502948.png,C:\Users\owlem\Projects\fov-filtering-tool\crowding-crenation\data\raw\new\KTR-72502948\dpc\dpc-182-KTR-72502948.png,slightly dense,some rouleaux,4,2,KTR-72502948,182,train,,,
tanzania-073026/dpc-183-KTR-72502948.png,tanzania-073026,dpc-183-KTR-72502948.png,C:\Users\owlem\Projects\fov-filtering-tool\crowding-crenation\data\raw\new\KTR-72502948\dpc\dpc-183-KTR-72502948.png,slightly dense,some rouleaux,4,2,KTR-72502948,183,train,,,
tanzania-073026/dpc-184-KTR-72502948.png,tanzania-073026,dpc-184-KTR-72502948.png,C:\Users\owlem\Projects\fov-filtering-tool\crowding-crenation\data\raw\new\KTR-72502948\dpc\dpc-184-KTR-72502948.png,slightly dense,some rouleaux,4,2,KTR-72502948,184,train,,,
tanzania-073026/dpc-185-KTR-72502948.png,tanzania-073026,dpc-185-KTR-72502948.png,C:\Users\owlem\Projects\fov-filtering-tool\crowding-crenation\data\raw\new\KTR-72502948\dpc\dpc-185-KTR-72502948.png,slightly dense,some rouleaux,4,2,KTR-72502948,185,train,,,
tanzania-073026/dpc-186-KTR-72502948.png,tanzania-073026,dpc-186-KTR-72502948.png,C:\Users\owlem\Projects\fov-filtering-tool\crowding-crenation\data\raw\new\KTR-72502948\dpc\dpc-186-KTR-72502948.png,slightly dense,some rouleaux,4,2,KTR-72502948,186,train,,,
tanzania-073026/dpc-187-KTR-72502948.png,tanzania-073026,dpc-187-KTR-72502948.png,C:\Users\owlem\Projects\fov-filtering-tool\crowding-crenation\data\raw\new\KTR-72502948\dpc\dpc-187-KTR-72502948.png,slightly dense,some rouleaux,4,2,KTR-72502948,187,train,,,
tanzania-073026/dpc-188-KTR-72502948.png,tanzania-073026,dpc-188-KTR-72502948.png,C:\Users\owlem\Projects\fov-filtering-tool\crowding-crenation\data\raw\new\KTR-72502948\dpc\dpc-188-KTR-72502948.png,slightly dense,slight rouleaux,4,1,KTR-72502948,188,train,,,
tanzania-073026/dpc-189-KTR-72502948.png,tanzania-073026,dpc-189-KTR-72502948.png,C:\Users\owlem\Projects\fov-filtering-tool\crowding-crenation\data\raw\new\KTR-72502948\dpc\dpc-189-KTR-72502948.png,slightly dense,slight rouleaux,4,1,KTR-72502948,189,train,,,
tanzania-073026/dpc-190-KTR-72502948.png,tanzania-073026,dpc-190-KTR-72502948.png,C:\Users\owlem\Projects\fov-filtering-tool\crowding-crenation\data\raw\new\KTR-72502948\dpc\dpc-190-KTR-72502948.png,slightly dense,slight rouleaux,4,1,KTR-72502948,190,train,,,
tanzania-073026/dpc-191-KTR-72502948.png,tanzania-073026,dpc-191-KTR-72502948.png,C:\Users\owlem\Projects\fov-filtering-tool\crowding-crenation\data\raw\new\KTR-72502948\dpc\dpc-191-KTR-72502948.png,slightly dense,slight rouleaux,4,1,KTR-72502948,191,train,,,
tanzania-073026/dpc-192-KTR-72502948.png,tanzania-073026,dpc-192-KTR-72502948.png,C:\Users\owlem\Projects\fov-filtering-tool\crowding-crenation\data\raw\new\KTR-72502948\dpc\dpc-192-KTR-72502948.png,slightly dense,some rouleaux,4,2,KTR-72502948,192,train,,,
tanzania-073026/dpc-193-KTR-72502948.png,tanzania-073026,dpc-193-KTR-72502948.png,C:\Users\owlem\Projects\fov-filtering-tool\crowding-crenation\data\raw\new\KTR-72502948\dpc\dpc-193-KTR-72502948.png,monolayer,slight rouleaux,3,1,KTR-72502948,193,train,,,
tanzania-073026/dpc-194-KTR-72502948.png,tanzania-073026,dpc-194-KTR-72502948.png,C:\Users\owlem\Projects\fov-filtering-tool\crowding-crenation\data\raw\new\KTR-72502948\dpc\dpc-194-KTR-72502948.png,monolayer,slight rouleaux,3,1,KTR-72502948,194,train,,,
tanzania-073026/dpc-195-KTR-72502948.png,tanzania-073026,dpc-195-KTR-72502948.png,C:\Users\owlem\Projects\fov-filtering-tool\crowding-crenation\data\raw\new\KTR-72502948\dpc\dpc-195-KTR-72502948.png,monolayer,some rouleaux,3,2,KTR-72502948,195,train,,,
tanzania-073026/dpc-196-KTR-72502948.png,tanzania-073026,dpc-196-KTR-72502948.png,C:\Users\owlem\Projects\fov-filtering-tool\crowding-crenation\data\raw\new\KTR-72502948\dpc\dpc-196-KTR-72502948.png,slightly dense,slight rouleaux,4,1,KTR-72502948,196,train,,,
tanzania-073026/dpc-197-KTR-72502948.png,tanzania-073026,dpc-197-KTR-72502948.png,C:\Users\owlem\Projects\fov-filtering-tool\crowding-crenation\data\raw\new\KTR-72502948\dpc\dpc-197-KTR-72502948.png,monolayer,slight rouleaux,3,1,KTR-72502948,197,train,,,
tanzania-073026/dpc-198-KTR-72502948.png,tanzania-073026,dpc-198-KTR-72502948.png,C:\Users\owlem\Projects\fov-filtering-tool\crowding-crenation\data\raw\new\KTR-72502948\dpc\dpc-198-KTR-72502948.png,monolayer,slight rouleaux,3,1,KTR-72502948,198,train,,,
tanzania-073026/dpc-199-KTR-72502948.png,tanzania-073026,dpc-199-KTR-72502948.png,C:\Users\owlem\Projects\fov-filtering-tool\crowding-crenation\data\raw\new\KTR-72502948\dpc\dpc-199-KTR-72502948.png,dense,rouleaux,5,3,KTR-72502948,199,train,,,
tanzania-073026/dpc-200-KTR-72502948.png,tanzania-073026,dpc-200-KTR-72502948.png,C:\Users\owlem\Projects\fov-filtering-tool\crowding-crenation\data\raw\new\KTR-72502948\dpc\dpc-200-KTR-72502948.png,dense,rouleaux,5,3,KTR-72502948,200,train,,,
tanzania-073026/dpc-201-KTR-72502948.png,tanzania-073026,dpc-201-KTR-72502948.png,C:\Users\owlem\Projects\fov-filtering-tool\crowding-crenation\data\raw\new\KTR-72502948\dpc\dpc-201-KTR-72502948.png,dense,rouleaux,5,3,KTR-72502948,201,train,,,
tanzania-073026/dpc-202-KTR-72502948.png,tanzania-073026,dpc-202-KTR-72502948.png,C:\Users\owlem\Projects\fov-filtering-tool\crowding-crenation\data\raw\new\KTR-72502948\dpc\dpc-202-KTR-72502948.png,dense,rouleaux,5,3,KTR-72502948,202,train,,,
tanzania-073026/dpc-203-KTR-72502948.png,tanzania-073026,dpc-203-KTR-72502948.png,C:\Users\owlem\Projects\fov-filtering-tool\crowding-crenation\data\raw\new\KTR-72502948\dpc\dpc-203-KTR-72502948.png,very dense,no rouleaux,6,0,KTR-72502948,203,train,,,
tanzania-073026/dpc-204-KTR-72502948.png,tanzania-073026,dpc-204-KTR-72502948.png,C:\Users\owlem\Projects\fov-filtering-tool\crowding-crenation\data\raw\new\KTR-72502948\dpc\dpc-204-KTR-72502948.png,very dense,heavy rouleaux,6,4,KTR-72502948,204,train,,,
tanzania-073026/dpc-205-KTR-72502948.png,tanzania-073026,dpc-205-KTR-72502948.png,C:\Users\owlem\Projects\fov-filtering-tool\crowding-crenation\data\raw\new\KTR-72502948\dpc\dpc-205-KTR-72502948.png,very dense,heavy rouleaux,6,4,KTR-72502948,205,train,,,
tanzania-073026/dpc-206-KTR-72502948.png,tanzania-073026,dpc-206-KTR-72502948.png,C:\Users\owlem\Projects\fov-filtering-tool\crowding-crenation\data\raw\new\KTR-72502948\dpc\dpc-206-KTR-72502948.png,very dense,heavy rouleaux,6,4,KTR-72502948,206,train,,,
tanzania-073026/dpc-207-KTR-72502948.png,tanzania-073026,dpc-207-KTR-72502948.png,C:\Users\owlem\Projects\fov-filtering-tool\crowding-crenation\data\raw\new\KTR-72502948\dpc\dpc-207-KTR-72502948.png,very dense,heavy rouleaux,6,4,KTR-72502948,207,train,,,
tanzania-073026/dpc-208-KTR-72502948.png,tanzania-073026,dpc-208-KTR-72502948.png,C:\Users\owlem\Projects\fov-filtering-tool\crowding-crenation\data\raw\new\KTR-72502948\dpc\dpc-208-KTR-72502948.png,dense,rouleaux,5,3,KTR-72502948,208,train,,,
tanzania-073026/dpc-209-KTR-72502948.png,tanzania-073026,dpc-209-KTR-72502948.png,C:\Users\owlem\Projects\fov-filtering-tool\crowding-crenation\data\raw\new\KTR-72502948\dpc\dpc-209-KTR-72502948.png,dense,rouleaux,5,3,KTR-72502948,209,train,,,
tanzania-073026/dpc-210-KTR-72502948.png,tanzania-073026,dpc-210-KTR-72502948.png,C:\Users\owlem\Projects\fov-filtering-tool\crowding-crenation\data\raw\new\KTR-72502948\dpc\dpc-210-KTR-72502948.png,very dense,heavy rouleaux,6,4,KTR-72502948,210,train,,,
tanzania-073026/dpc-211-KTR-72502948.png,tanzania-073026,dpc-211-KTR-72502948.png,C:\Users\owlem\Projects\fov-filtering-tool\crowding-crenation\data\raw\new\KTR-72502948\dpc\dpc-211-KTR-72502948.png,very dense,heavy rouleaux,6,4,KTR-72502948,211,train,,,
tanzania-073026/dpc-212-KTR-72502948.png,tanzania-073026,dpc-212-KTR-72502948.png,C:\Users\owlem\Projects\fov-filtering-tool\crowding-crenation\data\raw\new\KTR-72502948\dpc\dpc-212-KTR-72502948.png,dense,rouleaux,5,3,KTR-72502948,212,train,,,
tanzania-073026/dpc-213-KTR-72502948.png,tanzania-073026,dpc-213-KTR-72502948.png,C:\Users\owlem\Projects\fov-filtering-tool\crowding-crenation\data\raw\new\KTR-72502948\dpc\dpc-213-KTR-72502948.png,very dense,heavy rouleaux,6,4,KTR-72502948,213,train,,,
tanzania-073026/dpc-214-KTR-72502948.png,tanzania-073026,dpc-214-KTR-72502948.png,C:\Users\owlem\Projects\fov-filtering-tool\crowding-crenation\data\raw\new\KTR-72502948\dpc\dpc-214-KTR-72502948.png,very dense,heavy rouleaux,6,4,KTR-72502948,214,train,,,
tanzania-073026/dpc-215-KTR-72502948.png,tanzania-073026,dpc-215-KTR-72502948.png,C:\Users\owlem\Projects\fov-filtering-tool\crowding-crenation\data\raw\new\KTR-72502948\dpc\dpc-215-KTR-72502948.png,very dense,heavy rouleaux,6,4,KTR-72502948,215,train,,,
tanzania-073026/dpc-216-KTR-72502948.png,tanzania-073026,dpc-216-KTR-72502948.png,C:\Users\owlem\Projects\fov-filtering-tool\crowding-crenation\data\raw\new\KTR-72502948\dpc\dpc-216-KTR-72502948.png,very dense,heavy rouleaux,6,4,KTR-72502948,216,train,,,
tanzania-073026/dpc-217-KTR-72502948.png,tanzania-073026,dpc-217-KTR-72502948.png,C:\Users\owlem\Projects\fov-filtering-tool\crowding-crenation\data\raw\new\KTR-72502948\dpc\dpc-217-KTR-72502948.png,monolayer,no rouleaux,3,0,KTR-72502948,217,train,,,
tanzania-073026/dpc-218-KTR-72502948.png,tanzania-073026,dpc-218-KTR-72502948.png,C:\Users\owlem\Projects\fov-filtering-tool\crowding-crenation\data\raw\new\KTR-72502948\dpc\dpc-218-KTR-72502948.png,monolayer,no rouleaux,3,0,KTR-72502948,218,train,,,
tanzania-073026/dpc-219-KTR-72502948.png,tanzania-073026,dpc-219-KTR-72502948.png,C:\Users\owlem\Projects\fov-filtering-tool\crowding-crenation\data\raw\new\KTR-72502948\dpc\dpc-219-KTR-72502948.png,monolayer,no rouleaux,3,0,KTR-72502948,219,train,,,Crenated
tanzania-073026/dpc-220-KTR-72502948.png,tanzania-073026,dpc-220-KTR-72502948.png,C:\Users\owlem\Projects\fov-filtering-tool\crowding-crenation\data\raw\new\KTR-72502948\dpc\dpc-220-KTR-72502948.png,monolayer,no rouleaux,3,0,KTR-72502948,220,train,,,Crenated
tanzania-073026/dpc-221-KTR-72502948.png,tanzania-073026,dpc-221-KTR-72502948.png,C:\Users\owlem\Projects\fov-filtering-tool\crowding-crenation\data\raw\new\KTR-72502948\dpc\dpc-221-KTR-72502948.png,monolayer,no rouleaux,3,0,KTR-72502948,221,train,,,
tanzania-073026/dpc-222-KTR-72502948.png,tanzania-073026,dpc-222-KTR-72502948.png,C:\Users\owlem\Projects\fov-filtering-tool\crowding-crenation\data\raw\new\KTR-72502948\dpc\dpc-222-KTR-72502948.png,monolayer,no rouleaux,3,0,KTR-72502948,222,train,,,Crenated
tanzania-073026/dpc-223-KTR-72502948.png,tanzania-073026,dpc-223-KTR-72502948.png,C:\Users\owlem\Projects\fov-filtering-tool\crowding-crenation\data\raw\new\KTR-72502948\dpc\dpc-223-KTR-72502948.png,monolayer,no rouleaux,3,0,KTR-72502948,223,train,,,Crenated
tanzania-073026/dpc-224-KTR-72502948.png,tanzania-073026,dpc-224-KTR-72502948.png,C:\Users\owlem\Projects\fov-filtering-tool\crowding-crenation\data\raw\new\KTR-72502948\dpc\dpc-224-KTR-72502948.png,monolayer,no rouleaux,3,0,KTR-72502948,224,train,,,Crenated
tanzania-073026/dpc-225-KTR-72502948.png,tanzania-073026,dpc-225-KTR-72502948.png,C:\Users\owlem\Projects\fov-filtering-tool\crowding-crenation\data\raw\new\KTR-72502948\dpc\dpc-225-KTR-72502948.png,monolayer,no rouleaux,3,0,KTR-72502948,225,train,,,Crenated
tanzania-073026/dpc-226-KTR-72502948.png,tanzania-073026,dpc-226-KTR-72502948.png,C:\Users\owlem\Projects\fov-filtering-tool\crowding-crenation\data\raw\new\KTR-72502948\dpc\dpc-226-KTR-72502948.png,monolayer,slight rouleaux,3,1,KTR-72502948,226,train,,,Crenated
tanzania-073026/dpc-227-KTR-72502948.png,tanzania-073026,dpc-227-KTR-72502948.png,C:\Users\owlem\Projects\fov-filtering-tool\crowding-crenation\data\raw\new\KTR-72502948\dpc\dpc-227-KTR-72502948.png,monolayer,no rouleaux,3,0,KTR-72502948,227,train,,,Crenated
tanzania-073026/dpc-228-KTR-72502948.png,tanzania-073026,dpc-228-KTR-72502948.png,C:\Users\owlem\Projects\fov-filtering-tool\crowding-crenation\data\raw\new\KTR-72502948\dpc\dpc-228-KTR-72502948.png,slightly dense,slight rouleaux,4,1,KTR-72502948,228,train,,,Crenated
tanzania-073026/dpc-229-KTR-72502948.png,tanzania-073026,dpc-229-KTR-72502948.png,C:\Users\owlem\Projects\fov-filtering-tool\crowding-crenation\data\raw\new\KTR-72502948\dpc\dpc-229-KTR-72502948.png,slightly dense,slight rouleaux,4,1,KTR-72502948,229,train,,,Crenated
tanzania-073026/dpc-230-KTR-72502948.png,tanzania-073026,dpc-230-KTR-72502948.png,C:\Users\owlem\Projects\fov-filtering-tool\crowding-crenation\data\raw\new\KTR-72502948\dpc\dpc-230-KTR-72502948.png,slightly dense,slight rouleaux,4,1,KTR-72502948,230,train,,,Crenated
tanzania-073026/dpc-231-KTR-72502948.png,tanzania-073026,dpc-231-KTR-72502948.png,C:\Users\owlem\Projects\fov-filtering-tool\crowding-crenation\data\raw\new\KTR-72502948\dpc\dpc-231-KTR-72502948.png,slightly dense,slight rouleaux,4,1,KTR-72502948,231,train,,,Crenated
tanzania-073026/dpc-232-KTR-72502948.png,tanzania-073026,dpc-232-KTR-72502948.png,C:\Users\owlem\Projects\fov-filtering-tool\crowding-crenation\data\raw\new\KTR-72502948\dpc\dpc-232-KTR-72502948.png,slightly dense,slight rouleaux,4,1,KTR-72502948,232,train,,,Crenated
tanzania-073026/dpc-233-KTR-72502948.png,tanzania-073026,dpc-233-KTR-72502948.png,C:\Users\owlem\Projects\fov-filtering-tool\crowding-crenation\data\raw\new\KTR-72502948\dpc\dpc-233-KTR-72502948.png,dense,some rouleaux,5,2,KTR-72502948,233,train,,,
tanzania-073026/dpc-234-KTR-72502948.png,tanzania-073026,dpc-234-KTR-72502948.png,C:\Users\owlem\Projects\fov-filtering-tool\crowding-crenation\data\raw\new\KTR-72502948\dpc\dpc-234-KTR-72502948.png,slightly dense,some rouleaux,4,2,KTR-72502948,234,train,,,Crenated
tanzania-073026/dpc-235-KTR-72502948.png,tanzania-073026,dpc-235-KTR-72502948.png,C:\Users\owlem\Projects\fov-filtering-tool\crowding-crenation\data\raw\new\KTR-72502948\dpc\dpc-235-KTR-72502948.png,monolayer,no rouleaux,3,0,KTR-72502948,235,train,,,Crenated
tanzania-073026/dpc-236-KTR-72502948.png,tanzania-073026,dpc-236-KTR-72502948.png,C:\Users\owlem\Projects\fov-filtering-tool\crowding-crenation\data\raw\new\KTR-72502948\dpc\dpc-236-KTR-72502948.png,monolayer,no rouleaux,3,0,KTR-72502948,236,train,,,
tanzania-073026/dpc-237-KTR-72502948.png,tanzania-073026,dpc-237-KTR-72502948.png,C:\Users\owlem\Projects\fov-filtering-tool\crowding-crenation\data\raw\new\KTR-72502948\dpc\dpc-237-KTR-72502948.png,monolayer,no rouleaux,3,0,KTR-72502948,237,train,,,
tanzania-073026/dpc-238-KTR-72502948.png,tanzania-073026,dpc-238-KTR-72502948.png,C:\Users\owlem\Projects\fov-filtering-tool\crowding-crenation\data\raw\new\KTR-72502948\dpc\dpc-238-KTR-72502948.png,monolayer,no rouleaux,3,0,KTR-72502948,238,train,,,
tanzania-073026/dpc-239-KTR-72502948.png,tanzania-073026,dpc-239-KTR-72502948.png,C:\Users\owlem\Projects\fov-filtering-tool\crowding-crenation\data\raw\new\KTR-72502948\dpc\dpc-239-KTR-72502948.png,monolayer,no rouleaux,3,0,KTR-72502948,239,train,,,
tanzania-073026/dpc-240-KTR-72502948.png,tanzania-073026,dpc-240-KTR-72502948.png,C:\Users\owlem\Projects\fov-filtering-tool\crowding-crenation\data\raw\new\KTR-72502948\dpc\dpc-240-KTR-72502948.png,monolayer,no rouleaux,3,0,KTR-72502948,240,train,,,Crenated
tanzania-073026/dpc-241-KTR-72502948.png,tanzania-073026,dpc-241-KTR-72502948.png,C:\Users\owlem\Projects\fov-filtering-tool\crowding-crenation\data\raw\new\KTR-72502948\dpc\dpc-241-KTR-72502948.png,monolayer,no rouleaux,3,0,KTR-72502948,241,train,,,Crenated
tanzania-073026/dpc-242-KTR-72502948.png,tanzania-073026,dpc-242-KTR-72502948.png,C:\Users\owlem\Projects\fov-filtering-tool\crowding-crenation\data\raw\new\KTR-72502948\dpc\dpc-242-KTR-72502948.png,monolayer,no rouleaux,3,0,KTR-72502948,242,train,,,Crenated
tanzania-073026/dpc-243-KTR-72502948.png,tanzania-073026,dpc-243-KTR-72502948.png,C:\Users\owlem\Projects\fov-filtering-tool\crowding-crenation\data\raw\new\KTR-72502948\dpc\dpc-243-KTR-72502948.png,monolayer,no rouleaux,3,0,KTR-72502948,243,train,,,Crenated
tanzania-073026/dpc-244-KTR-72502948.png,tanzania-073026,dpc-244-KTR-72502948.png,C:\Users\owlem\Projects\fov-filtering-tool\crowding-crenation\data\raw\new\KTR-72502948\dpc\dpc-244-KTR-72502948.png,monolayer,no rouleaux,3,0,KTR-72502948,244,train,,,
tanzania-073026/dpc-245-KTR-72502948.png,tanzania-073026,dpc-245-KTR-72502948.png,C:\Users\owlem\Projects\fov-filtering-tool\crowding-crenation\data\raw\new\KTR-72502948\dpc\dpc-245-KTR-72502948.png,monolayer,no rouleaux,3,0,KTR-72502948,245,train,,,Crenated
tanzania-073026/dpc-246-KTR-72502948.png,tanzania-073026,dpc-246-KTR-72502948.png,C:\Users\owlem\Projects\fov-filtering-tool\crowding-crenation\data\raw\new\KTR-72502948\dpc\dpc-246-KTR-72502948.png,monolayer,no rouleaux,3,0,KTR-72502948,246,train,,,Crenated
tanzania-073026/dpc-247-KTR-72502948.png,tanzania-073026,dpc-247-KTR-72502948.png,C:\Users\owlem\Projects\fov-filtering-tool\crowding-crenation\data\raw\new\KTR-72502948\dpc\dpc-247-KTR-72502948.png,monolayer,no rouleaux,3,0,KTR-72502948,247,train,,,Crenated
tanzania-073026/dpc-248-KTR-72502948.png,tanzania-073026,dpc-248-KTR-72502948.png,C:\Users\owlem\Projects\fov-filtering-tool\crowding-crenation\data\raw\new\KTR-72502948\dpc\dpc-248-KTR-72502948.png,monolayer,no rouleaux,3,0,KTR-72502948,248,train,,,Crenated
tanzania-073026/dpc-249-KTR-72502948.png,tanzania-073026,dpc-249-KTR-72502948.png,C:\Users\owlem\Projects\fov-filtering-tool\crowding-crenation\data\raw\new\KTR-72502948\dpc\dpc-249-KTR-72502948.png,monolayer,slight rouleaux,3,1,KTR-72502948,249,train,,,Crenated
tanzania-073026/dpc-250-KTR-72502948.png,tanzania-073026,dpc-250-KTR-72502948.png,C:\Users\owlem\Projects\fov-filtering-tool\crowding-crenation\data\raw\new\KTR-72502948\dpc\dpc-250-KTR-72502948.png,slightly dense,slight rouleaux,4,1,KTR-72502948,250,train,,,Crenated
tanzania-073026/dpc-251-KTR-72502948.png,tanzania-073026,dpc-251-KTR-72502948.png,C:\Users\owlem\Projects\fov-filtering-tool\crowding-crenation\data\raw\new\KTR-72502948\dpc\dpc-251-KTR-72502948.png,slightly dense,slight rouleaux,4,1,KTR-72502948,251,train,,,Crenated
tanzania-073026/dpc-252-KTR-72502948.png,tanzania-073026,dpc-252-KTR-72502948.png,C:\Users\owlem\Projects\fov-filtering-tool\crowding-crenation\data\raw\new\KTR-72502948\dpc\dpc-252-KTR-72502948.png,slightly dense,slight rouleaux,4,1,KTR-72502948,252,train,,,Crenated
tanzania-073026/dpc-253-KTR-72502948.png,tanzania-073026,dpc-253-KTR-72502948.png,C:\Users\owlem\Projects\fov-filtering-tool\crowding-crenation\data\raw\new\KTR-72502948\dpc\dpc-253-KTR-72502948.png,monolayer,no rouleaux,3,0,KTR-72502948,253,train,,,
tanzania-073026/dpc-254-KTR-72502948.png,tanzania-073026,dpc-254-KTR-72502948.png,C:\Users\owlem\Projects\fov-filtering-tool\crowding-crenation\data\raw\new\KTR-72502948\dpc\dpc-254-KTR-72502948.png,monolayer,no rouleaux,3,0,KTR-72502948,254,train,,,
tanzania-073026/dpc-255-KTR-72502948.png,tanzania-073026,dpc-255-KTR-72502948.png,C:\Users\owlem\Projects\fov-filtering-tool\crowding-crenation\data\raw\new\KTR-72502948\dpc\dpc-255-KTR-72502948.png,monolayer,no rouleaux,3,0,KTR-72502948,255,train,,,
tanzania-073026/dpc-256-KTR-72502948.png,tanzania-073026,dpc-256-KTR-72502948.png,C:\Users\owlem\Projects\fov-filtering-tool\crowding-crenation\data\raw\new\KTR-72502948\dpc\dpc-256-KTR-72502948.png,monolayer,no rouleaux,3,0,KTR-72502948,256,train,,,
tanzania-073026/dpc-257-KTR-72502948.png,tanzania-073026,dpc-257-KTR-72502948.png,C:\Users\owlem\Projects\fov-filtering-tool\crowding-crenation\data\raw\new\KTR-72502948\dpc\dpc-257-KTR-72502948.png,monolayer,no rouleaux,3,0,KTR-72502948,257,train,,,
tanzania-073026/dpc-258-KTR-72502948.png,tanzania-073026,dpc-258-KTR-72502948.png,C:\Users\owlem\Projects\fov-filtering-tool\crowding-crenation\data\raw\new\KTR-72502948\dpc\dpc-258-KTR-72502948.png,monolayer,no rouleaux,3,0,KTR-72502948,258,train,,,
tanzania-073026/dpc-259-KTR-72502948.png,tanzania-073026,dpc-259-KTR-72502948.png,C:\Users\owlem\Projects\fov-filtering-tool\crowding-crenation\data\raw\new\KTR-72502948\dpc\dpc-259-KTR-72502948.png,monolayer,no rouleaux,3,0,KTR-72502948,259,train,,,
tanzania-073026/dpc-260-KTR-72502948.png,tanzania-073026,dpc-260-KTR-72502948.png,C:\Users\owlem\Projects\fov-filtering-tool\crowding-crenation\data\raw\new\KTR-72502948\dpc\dpc-260-KTR-72502948.png,monolayer,no rouleaux,3,0,KTR-72502948,260,train,,,
tanzania-073026/dpc-261-KTR-72502948.png,tanzania-073026,dpc-261-KTR-72502948.png,C:\Users\owlem\Projects\fov-filtering-tool\crowding-crenation\data\raw\new\KTR-72502948\dpc\dpc-261-KTR-72502948.png,monolayer,no rouleaux,3,0,KTR-72502948,261,train,,,Crenated
tanzania-073026/dpc-262-KTR-72502948.png,tanzania-073026,dpc-262-KTR-72502948.png,C:\Users\owlem\Projects\fov-filtering-tool\crowding-crenation\data\raw\new\KTR-72502948\dpc\dpc-262-KTR-72502948.png,monolayer,no rouleaux,3,0,KTR-72502948,262,train,,,
tanzania-073026/dpc-263-KTR-72502948.png,tanzania-073026,dpc-263-KTR-72502948.png,C:\Users\owlem\Projects\fov-filtering-tool\crowding-crenation\data\raw\new\KTR-72502948\dpc\dpc-263-KTR-72502948.png,monolayer,no rouleaux,3,0,KTR-72502948,263,train,,,Crenated
tanzania-073026/dpc-264-KTR-72502948.png,tanzania-073026,dpc-264-KTR-72502948.png,C:\Users\owlem\Projects\fov-filtering-tool\crowding-crenation\data\raw\new\KTR-72502948\dpc\dpc-264-KTR-72502948.png,monolayer,no rouleaux,3,0,KTR-72502948,264,train,,,Crenated
tanzania-073026/dpc-265-KTR-72502948.png,tanzania-073026,dpc-265-KTR-72502948.png,C:\Users\owlem\Projects\fov-filtering-tool\crowding-crenation\data\raw\new\KTR-72502948\dpc\dpc-265-KTR-72502948.png,monolayer,no rouleaux,3,0,KTR-72502948,265,train,,,Crenated
tanzania-073026/dpc-266-KTR-72502948.png,tanzania-073026,dpc-266-KTR-72502948.png,C:\Users\owlem\Projects\fov-filtering-tool\crowding-crenation\data\raw\new\KTR-72502948\dpc\dpc-266-KTR-72502948.png,monolayer,no rouleaux,3,0,KTR-72502948,266,train,,,Crenated
tanzania-073026/dpc-267-KTR-72502948.png,tanzania-073026,dpc-267-KTR-72502948.png,C:\Users\owlem\Projects\fov-filtering-tool\crowding-crenation\data\raw\new\KTR-72502948\dpc\dpc-267-KTR-72502948.png,monolayer,no rouleaux,3,0,KTR-72502948,267,train,,,Crenated
tanzania-073026/dpc-268-KTR-72502948.png,tanzania-073026,dpc-268-KTR-72502948.png,C:\Users\owlem\Projects\fov-filtering-tool\crowding-crenation\data\raw\new\KTR-72502948\dpc\dpc-268-KTR-72502948.png,monolayer,slight rouleaux,3,1,KTR-72502948,268,train,,,Crenated
tanzania-073026/dpc-269-KTR-72502948.png,tanzania-073026,dpc-269-KTR-72502948.png,C:\Users\owlem\Projects\fov-filtering-tool\crowding-crenation\data\raw\new\KTR-72502948\dpc\dpc-269-KTR-72502948.png,monolayer,slight rouleaux,3,1,KTR-72502948,269,train,,,Crenated
tanzania-073026/dpc-270-KTR-72502948.png,tanzania-073026,dpc-270-KTR-72502948.png,C:\Users\owlem\Projects\fov-filtering-tool\crowding-crenation\data\raw\new\KTR-72502948\dpc\dpc-270-KTR-72502948.png,monolayer,slight rouleaux,3,1,KTR-72502948,270,train,,,Crenated
tanzania-073026/dpc-271-KTR-72502948.png,tanzania-073026,dpc-271-KTR-72502948.png,C:\Users\owlem\Projects\fov-filtering-tool\crowding-crenation\data\raw\new\KTR-72502948\dpc\dpc-271-KTR-72502948.png,monolayer,no rouleaux,3,0,KTR-72502948,271,train,,,
tanzania-073026/dpc-272-KTR-72502948.png,tanzania-073026,dpc-272-KTR-72502948.png,C:\Users\owlem\Projects\fov-filtering-tool\crowding-crenation\data\raw\new\KTR-72502948\dpc\dpc-272-KTR-72502948.png,monolayer,no rouleaux,3,0,KTR-72502948,272,train,,,
tanzania-073026/dpc-273-KTR-72502948.png,tanzania-073026,dpc-273-KTR-72502948.png,C:\Users\owlem\Projects\fov-filtering-tool\crowding-crenation\data\raw\new\KTR-72502948\dpc\dpc-273-KTR-72502948.png,monolayer,no rouleaux,3,0,KTR-72502948,273,train,,,
tanzania-073026/dpc-274-KTR-72502948.png,tanzania-073026,dpc-274-KTR-72502948.png,C:\Users\owlem\Projects\fov-filtering-tool\crowding-crenation\data\raw\new\KTR-72502948\dpc\dpc-274-KTR-72502948.png,monolayer,no rouleaux,3,0,KTR-72502948,274,train,,,
tanzania-073026/dpc-275-KTR-72502948.png,tanzania-073026,dpc-275-KTR-72502948.png,C:\Users\owlem\Projects\fov-filtering-tool\crowding-crenation\data\raw\new\KTR-72502948\dpc\dpc-275-KTR-72502948.png,monolayer,no rouleaux,3,0,KTR-72502948,275,train,,,
tanzania-073026/dpc-276-KTR-72502948.png,tanzania-073026,dpc-276-KTR-72502948.png,C:\Users\owlem\Projects\fov-filtering-tool\crowding-crenation\data\raw\new\KTR-72502948\dpc\dpc-276-KTR-72502948.png,monolayer,no rouleaux,3,0,KTR-72502948,276,train,,,
tanzania-073026/dpc-277-KTR-72502948.png,tanzania-073026,dpc-277-KTR-72502948.png,C:\Users\owlem\Projects\fov-filtering-tool\crowding-crenation\data\raw\new\KTR-72502948\dpc\dpc-277-KTR-72502948.png,monolayer,no rouleaux,3,0,KTR-72502948,277,train,,,Crenated
tanzania-073026/dpc-278-KTR-72502948.png,tanzania-073026,dpc-278-KTR-72502948.png,C:\Users\owlem\Projects\fov-filtering-tool\crowding-crenation\data\raw\new\KTR-72502948\dpc\dpc-278-KTR-72502948.png,monolayer,no rouleaux,3,0,KTR-72502948,278,train,,,Crenated
tanzania-073026/dpc-279-KTR-72502948.png,tanzania-073026,dpc-279-KTR-72502948.png,C:\Users\owlem\Projects\fov-filtering-tool\crowding-crenation\data\raw\new\KTR-72502948\dpc\dpc-279-KTR-72502948.png,monolayer,no rouleaux,3,0,KTR-72502948,279,train,,,Crenated
tanzania-073026/dpc-280-KTR-72502948.png,tanzania-073026,dpc-280-KTR-72502948.png,C:\Users\owlem\Projects\fov-filtering-tool\crowding-crenation\data\raw\new\KTR-72502948\dpc\dpc-280-KTR-72502948.png,monolayer,no rouleaux,3,0,KTR-72502948,280,train,,,
tanzania-073026/dpc-281-KTR-72502948.png,tanzania-073026,dpc-281-KTR-72502948.png,C:\Users\owlem\Projects\fov-filtering-tool\crowding-crenation\data\raw\new\KTR-72502948\dpc\dpc-281-KTR-72502948.png,monolayer,no rouleaux,3,0,KTR-72502948,281,train,,,Crenated
tanzania-073026/dpc-282-KTR-72502948.png,tanzania-073026,dpc-282-KTR-72502948.png,C:\Users\owlem\Projects\fov-filtering-tool\crowding-crenation\data\raw\new\KTR-72502948\dpc\dpc-282-KTR-72502948.png,monolayer,no rouleaux,3,0,KTR-72502948,282,train,,,Crenated
tanzania-073026/dpc-283-KTR-72502948.png,tanzania-073026,dpc-283-KTR-72502948.png,C:\Users\owlem\Projects\fov-filtering-tool\crowding-crenation\data\raw\new\KTR-72502948\dpc\dpc-283-KTR-72502948.png,monolayer,no rouleaux,3,0,KTR-72502948,283,train,,,Crenated
tanzania-073026/dpc-284-KTR-72502948.png,tanzania-073026,dpc-284-KTR-72502948.png,C:\Users\owlem\Projects\fov-filtering-tool\crowding-crenation\data\raw\new\KTR-72502948\dpc\dpc-284-KTR-72502948.png,monolayer,no rouleaux,3,0,KTR-72502948,284,train,,,Crenated
tanzania-073026/dpc-285-KTR-72502948.png,tanzania-073026,dpc-285-KTR-72502948.png,C:\Users\owlem\Projects\fov-filtering-tool\crowding-crenation\data\raw\new\KTR-72502948\dpc\dpc-285-KTR-72502948.png,monolayer,no rouleaux,3,0,KTR-72502948,285,train,,,Crenated
tanzania-073026/dpc-286-KTR-72502948.png,tanzania-073026,dpc-286-KTR-72502948.png,C:\Users\owlem\Projects\fov-filtering-tool\crowding-crenation\data\raw\new\KTR-72502948\dpc\dpc-286-KTR-72502948.png,monolayer,no rouleaux,3,0,KTR-72502948,286,train,,,Crenated
tanzania-073026/dpc-287-KTR-72502948.png,tanzania-073026,dpc-287-KTR-72502948.png,C:\Users\owlem\Projects\fov-filtering-tool\crowding-crenation\data\raw\new\KTR-72502948\dpc\dpc-287-KTR-72502948.png,monolayer,no rouleaux,3,0,KTR-72502948,287,train,,,Crenated
tanzania-073026/dpc-288-KTR-72502948.png,tanzania-073026,dpc-288-KTR-72502948.png,C:\Users\owlem\Projects\fov-filtering-tool\crowding-crenation\data\raw\new\KTR-72502948\dpc\dpc-288-KTR-72502948.png,monolayer,no rouleaux,3,0,KTR-72502948,288,train,,,Crenated
tanzania-073026/dpc-289-KTR-72502948.png,tanzania-073026,dpc-289-KTR-72502948.png,C:\Users\owlem\Projects\fov-filtering-tool\crowding-crenation\data\raw\new\KTR-72502948\dpc\dpc-289-KTR-72502948.png,monolayer,no rouleaux,3,0,KTR-72502948,289,train,,,
tanzania-073026/dpc-290-KTR-72502948.png,tanzania-073026,dpc-290-KTR-72502948.png,C:\Users\owlem\Projects\fov-filtering-tool\crowding-crenation\data\raw\new\KTR-72502948\dpc\dpc-290-KTR-72502948.png,monolayer,no rouleaux,3,0,KTR-72502948,290,train,,,
tanzania-073026/dpc-291-KTR-72502948.png,tanzania-073026,dpc-291-KTR-72502948.png,C:\Users\owlem\Projects\fov-filtering-tool\crowding-crenation\data\raw\new\KTR-72502948\dpc\dpc-291-KTR-72502948.png,monolayer,no rouleaux,3,0,KTR-72502948,291,train,,,
tanzania-073026/dpc-292-KTR-72502948.png,tanzania-073026,dpc-292-KTR-72502948.png,C:\Users\owlem\Projects\fov-filtering-tool\crowding-crenation\data\raw\new\KTR-72502948\dpc\dpc-292-KTR-72502948.png,monolayer,no rouleaux,3,0,KTR-72502948,292,train,,,
tanzania-073026/dpc-293-KTR-72502948.png,tanzania-073026,dpc-293-KTR-72502948.png,C:\Users\owlem\Projects\fov-filtering-tool\crowding-crenation\data\raw\new\KTR-72502948\dpc\dpc-293-KTR-72502948.png,monolayer,no rouleaux,3,0,KTR-72502948,293,train,,,
tanzania-073026/dpc-294-KTR-72502948.png,tanzania-073026,dpc-294-KTR-72502948.png,C:\Users\owlem\Projects\fov-filtering-tool\crowding-crenation\data\raw\new\KTR-72502948\dpc\dpc-294-KTR-72502948.png,monolayer,no rouleaux,3,0,KTR-72502948,294,train,,,
tanzania-073026/dpc-295-KTR-72502948.png,tanzania-073026,dpc-295-KTR-72502948.png,C:\Users\owlem\Projects\fov-filtering-tool\crowding-crenation\data\raw\new\KTR-72502948\dpc\dpc-295-KTR-72502948.png,monolayer,no rouleaux,3,0,KTR-72502948,295,train,,,Crenated
tanzania-073026/dpc-296-KTR-72502948.png,tanzania-073026,dpc-296-KTR-72502948.png,C:\Users\owlem\Projects\fov-filtering-tool\crowding-crenation\data\raw\new\KTR-72502948\dpc\dpc-296-KTR-72502948.png,monolayer,no rouleaux,3,0,KTR-72502948,296,train,,,Crenated
tanzania-073026/dpc-297-KTR-72502948.png,tanzania-073026,dpc-297-KTR-72502948.png,C:\Users\owlem\Projects\fov-filtering-tool\crowding-crenation\data\raw\new\KTR-72502948\dpc\dpc-297-KTR-72502948.png,monolayer,no rouleaux,3,0,KTR-72502948,297,train,,,Crenated
tanzania-073026/dpc-298-KTR-72502948.png,tanzania-073026,dpc-298-KTR-72502948.png,C:\Users\owlem\Projects\fov-filtering-tool\crowding-crenation\data\raw\new\KTR-72502948\dpc\dpc-298-KTR-72502948.png,monolayer,no rouleaux,3,0,KTR-72502948,298,train,,,
tanzania-073026/dpc-299-KTR-72502948.png,tanzania-073026,dpc-299-KTR-72502948.png,C:\Users\owlem\Projects\fov-filtering-tool\crowding-crenation\data\raw\new\KTR-72502948\dpc\dpc-299-KTR-72502948.png,monolayer,no rouleaux,3,0,KTR-72502948,299,train,,,
tanzania-073026/dpc-300-KTR-72502948.png,tanzania-073026,dpc-300-KTR-72502948.png,C:\Users\owlem\Projects\fov-filtering-tool\crowding-crenation\data\raw\new\KTR-72502948\dpc\dpc-300-KTR-72502948.png,monolayer,no rouleaux,3,0,KTR-72502948,300,train,,,Crenated
tanzania-073026/dpc-301-KTR-72502948.png,tanzania-073026,dpc-301-KTR-72502948.png,C:\Users\owlem\Projects\fov-filtering-tool\crowding-crenation\data\raw\new\KTR-72502948\dpc\dpc-301-KTR-72502948.png,monolayer,no rouleaux,3,0,KTR-72502948,301,train,,,Crenated
tanzania-073026/dpc-302-KTR-72502948.png,tanzania-073026,dpc-302-KTR-72502948.png,C:\Users\owlem\Projects\fov-filtering-tool\crowding-crenation\data\raw\new\KTR-72502948\dpc\dpc-302-KTR-72502948.png,monolayer,no rouleaux,3,0,KTR-72502948,302,train,,,Crenated
tanzania-073026/dpc-303-KTR-72502948.png,tanzania-073026,dpc-303-KTR-72502948.png,C:\Users\owlem\Projects\fov-filtering-tool\crowding-crenation\data\raw\new\KTR-72502948\dpc\dpc-303-KTR-72502948.png,monolayer,no rouleaux,3,0,KTR-72502948,303,train,,,Crenated
tanzania-073026/dpc-304-KTR-72502948.png,tanzania-073026,dpc-304-KTR-72502948.png,C:\Users\owlem\Projects\fov-filtering-tool\crowding-crenation\data\raw\new\KTR-72502948\dpc\dpc-304-KTR-72502948.png,monolayer,slight rouleaux,3,1,KTR-72502948,304,train,,,Crenated
tanzania-073026/dpc-305-KTR-72502948.png,tanzania-073026,dpc-305-KTR-72502948.png,C:\Users\owlem\Projects\fov-filtering-tool\crowding-crenation\data\raw\new\KTR-72502948\dpc\dpc-305-KTR-72502948.png,monolayer,slight rouleaux,3,1,KTR-72502948,305,train,,,Crenated
tanzania-073026/dpc-306-KTR-72502948.png,tanzania-073026,dpc-306-KTR-72502948.png,C:\Users\owlem\Projects\fov-filtering-tool\crowding-crenation\data\raw\new\KTR-72502948\dpc\dpc-306-KTR-72502948.png,monolayer,slight rouleaux,3,1,KTR-72502948,306,train,,,Crenated
tanzania-073026/dpc-307-KTR-72502948.png,tanzania-073026,dpc-307-KTR-72502948.png,C:\Users\owlem\Projects\fov-filtering-tool\crowding-crenation\data\raw\new\KTR-72502948\dpc\dpc-307-KTR-72502948.png,monolayer,no rouleaux,3,0,KTR-72502948,307,train,,,
tanzania-073026/dpc-308-KTR-72502948.png,tanzania-073026,dpc-308-KTR-72502948.png,C:\Users\owlem\Projects\fov-filtering-tool\crowding-crenation\data\raw\new\KTR-72502948\dpc\dpc-308-KTR-72502948.png,monolayer,no rouleaux,3,0,KTR-72502948,308,train,,,
tanzania-073026/dpc-309-KTR-72502948.png,tanzania-073026,dpc-309-KTR-72502948.png,C:\Users\owlem\Projects\fov-filtering-tool\crowding-crenation\data\raw\new\KTR-72502948\dpc\dpc-309-KTR-72502948.png,monolayer,no rouleaux,3,0,KTR-72502948,309,train,,,
tanzania-073026/dpc-310-KTR-72502948.png,tanzania-073026,dpc-310-KTR-72502948.png,C:\Users\owlem\Projects\fov-filtering-tool\crowding-crenation\data\raw\new\KTR-72502948\dpc\dpc-310-KTR-72502948.png,monolayer,no rouleaux,3,0,KTR-72502948,310,train,,,
tanzania-073026/dpc-311-KTR-72502948.png,tanzania-073026,dpc-311-KTR-72502948.png,C:\Users\owlem\Projects\fov-filtering-tool\crowding-crenation\data\raw\new\KTR-72502948\dpc\dpc-311-KTR-72502948.png,monolayer,no rouleaux,3,0,KTR-72502948,311,train,,,
tanzania-073026/dpc-312-KTR-72502948.png,tanzania-073026,dpc-312-KTR-72502948.png,C:\Users\owlem\Projects\fov-filtering-tool\crowding-crenation\data\raw\new\KTR-72502948\dpc\dpc-312-KTR-72502948.png,monolayer,no rouleaux,3,0,KTR-72502948,312,train,,,
tanzania-073026/dpc-313-KTR-72502948.png,tanzania-073026,dpc-313-KTR-72502948.png,C:\Users\owlem\Projects\fov-filtering-tool\crowding-crenation\data\raw\new\KTR-72502948\dpc\dpc-313-KTR-72502948.png,monolayer,no rouleaux,3,0,KTR-72502948,313,train,,,
tanzania-073026/dpc-314-KTR-72502948.png,tanzania-073026,dpc-314-KTR-72502948.png,C:\Users\owlem\Projects\fov-filtering-tool\crowding-crenation\data\raw\new\KTR-72502948\dpc\dpc-314-KTR-72502948.png,monolayer,no rouleaux,3,0,KTR-72502948,314,train,,,Crenated
tanzania-073026/dpc-315-KTR-72502948.png,tanzania-073026,dpc-315-KTR-72502948.png,C:\Users\owlem\Projects\fov-filtering-tool\crowding-crenation\data\raw\new\KTR-72502948\dpc\dpc-315-KTR-72502948.png,monolayer,no rouleaux,3,0,KTR-72502948,315,train,,,Crenated
tanzania-073026/dpc-316-KTR-72502948.png,tanzania-073026,dpc-316-KTR-72502948.png,C:\Users\owlem\Projects\fov-filtering-tool\crowding-crenation\data\raw\new\KTR-72502948\dpc\dpc-316-KTR-72502948.png,monolayer,no rouleaux,3,0,KTR-72502948,316,train,,,
tanzania-073026/dpc-317-KTR-72502948.png,tanzania-073026,dpc-317-KTR-72502948.png,C:\Users\owlem\Projects\fov-filtering-tool\crowding-crenation\data\raw\new\KTR-72502948\dpc\dpc-317-KTR-72502948.png,monolayer,no rouleaux,3,0,KTR-72502948,317,train,,,
tanzania-073026/dpc-318-KTR-72502948.png,tanzania-073026,dpc-318-KTR-72502948.png,C:\Users\owlem\Projects\fov-filtering-tool\crowding-crenation\data\raw\new\KTR-72502948\dpc\dpc-318-KTR-72502948.png,monolayer,no rouleaux,3,0,KTR-72502948,318,train,,,
tanzania-073026/dpc-319-KTR-72502948.png,tanzania-073026,dpc-319-KTR-72502948.png,C:\Users\owlem\Projects\fov-filtering-tool\crowding-crenation\data\raw\new\KTR-72502948\dpc\dpc-319-KTR-72502948.png,monolayer,no rouleaux,3,0,KTR-72502948,319,train,,,
tanzania-073026/dpc-320-KTR-72502948.png,tanzania-073026,dpc-320-KTR-72502948.png,C:\Users\owlem\Projects\fov-filtering-tool\crowding-crenation\data\raw\new\KTR-72502948\dpc\dpc-320-KTR-72502948.png,monolayer,no rouleaux,3,0,KTR-72502948,320,train,,,
tanzania-073026/dpc-321-KTR-72502948.png,tanzania-073026,dpc-321-KTR-72502948.png,C:\Users\owlem\Projects\fov-filtering-tool\crowding-crenation\data\raw\new\KTR-72502948\dpc\dpc-321-KTR-72502948.png,monolayer,no rouleaux,3,0,KTR-72502948,321,train,,,Crenated
tanzania-073026/dpc-322-KTR-72502948.png,tanzania-073026,dpc-322-KTR-72502948.png,C:\Users\owlem\Projects\fov-filtering-tool\crowding-crenation\data\raw\new\KTR-72502948\dpc\dpc-322-KTR-72502948.png,monolayer,slight rouleaux,3,1,KTR-72502948,322,train,,,Crenated
tanzania-073026/dpc-323-KTR-72502948.png,tanzania-073026,dpc-323-KTR-72502948.png,C:\Users\owlem\Projects\fov-filtering-tool\crowding-crenation\data\raw\new\KTR-72502948\dpc\dpc-323-KTR-72502948.png,monolayer,slight rouleaux,3,1,KTR-72502948,323,train,,,Crenated
tanzania-073026/dpc-324-KTR-72502948.png,tanzania-073026,dpc-324-KTR-72502948.png,C:\Users\owlem\Projects\fov-filtering-tool\crowding-crenation\data\raw\new\KTR-72502948\dpc\dpc-324-KTR-72502948.png,monolayer,no rouleaux,3,0,KTR-72502948,324,train,,,Crenated
tanzania-080526/dpc-001-KTR-72502946.png,tanzania-080526,dpc-001-KTR-72502946.png,gs://tanzania_02032026/TZ2025-Box5/KTR-72502946/dpc-001-KTR-72502946.png,monolayer,no rouleaux,3,0,KTR-72502946,1,train,,,
tanzania-080526/dpc-002-KTR-72502946.png,tanzania-080526,dpc-002-KTR-72502946.png,gs://tanzania_02032026/TZ2025-Box5/KTR-72502946/dpc-002-KTR-72502946.png,monolayer,no rouleaux,3,0,KTR-72502946,2,train,,,
tanzania-080526/dpc-003-KTR-72502946.png,tanzania-080526,dpc-003-KTR-72502946.png,gs://tanzania_02032026/TZ2025-Box5/KTR-72502946/dpc-003-KTR-72502946.png,monolayer,no rouleaux,3,0,KTR-72502946,3,train,,,
tanzania-080526/dpc-004-KTR-72502946.png,tanzania-080526,dpc-004-KTR-72502946.png,gs://tanzania_02032026/TZ2025-Box5/KTR-72502946/dpc-004-KTR-72502946.png,monolayer,no rouleaux,3,0,KTR-72502946,4,train,,,
tanzania-080526/dpc-005-KTR-72502946.png,tanzania-080526,dpc-005-KTR-72502946.png,gs://tanzania_02032026/TZ2025-Box5/KTR-72502946/dpc-005-KTR-72502946.png,monolayer,no rouleaux,3,0,KTR-72502946,5,train,,,
tanzania-080526/dpc-006-KTR-72502946.png,tanzania-080526,dpc-006-KTR-72502946.png,gs://tanzania_02032026/TZ2025-Box5/KTR-72502946/dpc-006-KTR-72502946.png,monolayer,no rouleaux,3,0,KTR-72502946,6,train,,,
tanzania-080526/dpc-007-KTR-72502946.png,tanzania-080526,dpc-007-KTR-72502946.png,gs://tanzania_02032026/TZ2025-Box5/KTR-72502946/dpc-007-KTR-72502946.png,monolayer,no rouleaux,3,0,KTR-72502946,7,train,,,
tanzania-080526/dpc-008-KTR-72502946.png,tanzania-080526,dpc-008-KTR-72502946.png,gs://tanzania_02032026/TZ2025-Box5/KTR-72502946/dpc-008-KTR-72502946.png,monolayer,no rouleaux,3,0,KTR-72502946,8,train,,,
tanzania-080526/dpc-009-KTR-72502946.png,tanzania-080526,dpc-009-KTR-72502946.png,gs://tanzania_02032026/TZ2025-Box5/KTR-72502946/dpc-009-KTR-72502946.png,monolayer,no rouleaux,3,0,KTR-72502946,9,train,,,
tanzania-080526/dpc-010-KTR-72502946.png,tanzania-080526,dpc-010-KTR-72502946.png,gs://tanzania_02032026/TZ2025-Box5/KTR-72502946/dpc-010-KTR-72502946.png,monolayer,no rouleaux,3,0,KTR-72502946,10,train,,,
tanzania-080526/dpc-011-KTR-72502946.png,tanzania-080526,dpc-011-KTR-72502946.png,gs://tanzania_02032026/TZ2025-Box5/KTR-72502946/dpc-011-KTR-72502946.png,monolayer,no rouleaux,3,0,KTR-72502946,11,train,,,
tanzania-080526/dpc-012-KTR-72502946.png,tanzania-080526,dpc-012-KTR-72502946.png,gs://tanzania_02032026/TZ2025-Box5/KTR-72502946/dpc-012-KTR-72502946.png,monolayer,no rouleaux,3,0,KTR-72502946,12,train,,,
tanzania-080526/dpc-013-KTR-72502946.png,tanzania-080526,dpc-013-KTR-72502946.png,gs://tanzania_02032026/TZ2025-Box5/KTR-72502946/dpc-013-KTR-72502946.png,monolayer,no rouleaux,3,0,KTR-72502946,13,train,,,
tanzania-080526/dpc-014-KTR-72502946.png,tanzania-080526,dpc-014-KTR-72502946.png,gs://tanzania_02032026/TZ2025-Box5/KTR-72502946/dpc-014-KTR-72502946.png,monolayer,no rouleaux,3,0,KTR-72502946,14,train,,,
tanzania-080526/dpc-015-KTR-72502946.png,tanzania-080526,dpc-015-KTR-72502946.png,gs://tanzania_02032026/TZ2025-Box5/KTR-72502946/dpc-015-KTR-72502946.png,monolayer,no rouleaux,3,0,KTR-72502946,15,train,,,
tanzania-080526/dpc-016-KTR-72502946.png,tanzania-080526,dpc-016-KTR-72502946.png,gs://tanzania_02032026/TZ2025-Box5/KTR-72502946/dpc-016-KTR-72502946.png,slightly dense,no rouleaux,4,0,KTR-72502946,16,train,,,
tanzania-080526/dpc-017-KTR-72502946.png,tanzania-080526,dpc-017-KTR-72502946.png,gs://tanzania_02032026/TZ2025-Box5/KTR-72502946/dpc-017-KTR-72502946.png,slightly dense,no rouleaux,4,0,KTR-72502946,17,train,,,
tanzania-080526/dpc-018-KTR-72502946.png,tanzania-080526,dpc-018-KTR-72502946.png,gs://tanzania_02032026/TZ2025-Box5/KTR-72502946/dpc-018-KTR-72502946.png,slightly dense,no rouleaux,4,0,KTR-72502946,18,train,,,
tanzania-080526/dpc-019-KTR-72502946.png,tanzania-080526,dpc-019-KTR-72502946.png,gs://tanzania_02032026/TZ2025-Box5/KTR-72502946/dpc-019-KTR-72502946.png,monolayer,no rouleaux,3,0,KTR-72502946,19,train,,,
tanzania-080526/dpc-020-KTR-72502946.png,tanzania-080526,dpc-020-KTR-72502946.png,gs://tanzania_02032026/TZ2025-Box5/KTR-72502946/dpc-020-KTR-72502946.png,monolayer,no rouleaux,3,0,KTR-72502946,20,train,,,
tanzania-080526/dpc-021-KTR-72502946.png,tanzania-080526,dpc-021-KTR-72502946.png,gs://tanzania_02032026/TZ2025-Box5/KTR-72502946/dpc-021-KTR-72502946.png,monolayer,no rouleaux,3,0,KTR-72502946,21,train,,,
tanzania-080526/dpc-022-KTR-72502946.png,tanzania-080526,dpc-022-KTR-72502946.png,gs://tanzania_02032026/TZ2025-Box5/KTR-72502946/dpc-022-KTR-72502946.png,monolayer,no rouleaux,3,0,KTR-72502946,22,train,,,
tanzania-080526/dpc-023-KTR-72502946.png,tanzania-080526,dpc-023-KTR-72502946.png,gs://tanzania_02032026/TZ2025-Box5/KTR-72502946/dpc-023-KTR-72502946.png,monolayer,no rouleaux,3,0,KTR-72502946,23,train,,,
tanzania-080526/dpc-024-KTR-72502946.png,tanzania-080526,dpc-024-KTR-72502946.png,gs://tanzania_02032026/TZ2025-Box5/KTR-72502946/dpc-024-KTR-72502946.png,monolayer,no rouleaux,3,0,KTR-72502946,24,train,,,Unfocused
tanzania-080526/dpc-025-KTR-72502946.png,tanzania-080526,dpc-025-KTR-72502946.png,gs://tanzania_02032026/TZ2025-Box5/KTR-72502946/dpc-025-KTR-72502946.png,monolayer,slight rouleaux,3,1,KTR-72502946,25,train,,,
tanzania-080526/dpc-026-KTR-72502946.png,tanzania-080526,dpc-026-KTR-72502946.png,gs://tanzania_02032026/TZ2025-Box5/KTR-72502946/dpc-026-KTR-72502946.png,monolayer,slight rouleaux,3,1,KTR-72502946,26,train,,,
tanzania-080526/dpc-027-KTR-72502946.png,tanzania-080526,dpc-027-KTR-72502946.png,gs://tanzania_02032026/TZ2025-Box5/KTR-72502946/dpc-027-KTR-72502946.png,slightly dense,slight rouleaux,4,1,KTR-72502946,27,train,,,
tanzania-080526/dpc-028-KTR-72502946.png,tanzania-080526,dpc-028-KTR-72502946.png,gs://tanzania_02032026/TZ2025-Box5/KTR-72502946/dpc-028-KTR-72502946.png,slightly dense,slight rouleaux,4,1,KTR-72502946,28,train,,,
tanzania-080526/dpc-029-KTR-72502946.png,tanzania-080526,dpc-029-KTR-72502946.png,gs://tanzania_02032026/TZ2025-Box5/KTR-72502946/dpc-029-KTR-72502946.png,slightly dense,slight rouleaux,4,1,KTR-72502946,29,train,,,
tanzania-080526/dpc-030-KTR-72502946.png,tanzania-080526,dpc-030-KTR-72502946.png,gs://tanzania_02032026/TZ2025-Box5/KTR-72502946/dpc-030-KTR-72502946.png,slightly dense,slight rouleaux,4,1,KTR-72502946,30,train,,,
tanzania-080526/dpc-031-KTR-72502946.png,tanzania-080526,dpc-031-KTR-72502946.png,gs://tanzania_02032026/TZ2025-Box5/KTR-72502946/dpc-031-KTR-72502946.png,slightly dense,slight rouleaux,4,1,KTR-72502946,31,train,,,
tanzania-080526/dpc-032-KTR-72502946.png,tanzania-080526,dpc-032-KTR-72502946.png,gs://tanzania_02032026/TZ2025-Box5/KTR-72502946/dpc-032-KTR-72502946.png,slightly dense,slight rouleaux,4,1,KTR-72502946,32,train,,,
tanzania-080526/dpc-033-KTR-72502946.png,tanzania-080526,dpc-033-KTR-72502946.png,gs://tanzania_02032026/TZ2025-Box5/KTR-72502946/dpc-033-KTR-72502946.png,slightly dense,some rouleaux,4,2,KTR-72502946,33,train,,,
tanzania-080526/dpc-034-KTR-72502946.png,tanzania-080526,dpc-034-KTR-72502946.png,gs://tanzania_02032026/TZ2025-Box5/KTR-72502946/dpc-034-KTR-72502946.png,slightly dense,some rouleaux,4,2,KTR-72502946,34,train,,,
tanzania-080526/dpc-035-KTR-72502946.png,tanzania-080526,dpc-035-KTR-72502946.png,gs://tanzania_02032026/TZ2025-Box5/KTR-72502946/dpc-035-KTR-72502946.png,slightly dense,some rouleaux,4,2,KTR-72502946,35,train,,,
tanzania-080526/dpc-036-KTR-72502946.png,tanzania-080526,dpc-036-KTR-72502946.png,gs://tanzania_02032026/TZ2025-Box5/KTR-72502946/dpc-036-KTR-72502946.png,slightly dense,some rouleaux,4,2,KTR-72502946,36,train,,,
tanzania-080526/dpc-037-KTR-72502946.png,tanzania-080526,dpc-037-KTR-72502946.png,gs://tanzania_02032026/TZ2025-Box5/KTR-72502946/dpc-037-KTR-72502946.png,monolayer,no rouleaux,3,0,KTR-72502946,37,train,,,
tanzania-080526/dpc-038-KTR-72502946.png,tanzania-080526,dpc-038-KTR-72502946.png,gs://tanzania_02032026/TZ2025-Box5/KTR-72502946/dpc-038-KTR-72502946.png,monolayer,no rouleaux,3,0,KTR-72502946,38,train,,,
tanzania-080526/dpc-039-KTR-72502946.png,tanzania-080526,dpc-039-KTR-72502946.png,gs://tanzania_02032026/TZ2025-Box5/KTR-72502946/dpc-039-KTR-72502946.png,monolayer,no rouleaux,3,0,KTR-72502946,39,train,,,
tanzania-080526/dpc-040-KTR-72502946.png,tanzania-080526,dpc-040-KTR-72502946.png,gs://tanzania_02032026/TZ2025-Box5/KTR-72502946/dpc-040-KTR-72502946.png,monolayer,no rouleaux,3,0,KTR-72502946,40,train,,,
tanzania-080526/dpc-041-KTR-72502946.png,tanzania-080526,dpc-041-KTR-72502946.png,gs://tanzania_02032026/TZ2025-Box5/KTR-72502946/dpc-041-KTR-72502946.png,monolayer,no rouleaux,3,0,KTR-72502946,41,train,,,
tanzania-080526/dpc-042-KTR-72502946.png,tanzania-080526,dpc-042-KTR-72502946.png,gs://tanzania_02032026/TZ2025-Box5/KTR-72502946/dpc-042-KTR-72502946.png,monolayer,no rouleaux,3,0,KTR-72502946,42,train,,,
tanzania-080526/dpc-043-KTR-72502946.png,tanzania-080526,dpc-043-KTR-72502946.png,gs://tanzania_02032026/TZ2025-Box5/KTR-72502946/dpc-043-KTR-72502946.png,monolayer,no rouleaux,3,0,KTR-72502946,43,train,,,
tanzania-080526/dpc-044-KTR-72502946.png,tanzania-080526,dpc-044-KTR-72502946.png,gs://tanzania_02032026/TZ2025-Box5/KTR-72502946/dpc-044-KTR-72502946.png,monolayer,no rouleaux,3,0,KTR-72502946,44,train,,,
tanzania-080526/dpc-045-KTR-72502946.png,tanzania-080526,dpc-045-KTR-72502946.png,gs://tanzania_02032026/TZ2025-Box5/KTR-72502946/dpc-045-KTR-72502946.png,slightly dense,no rouleaux,4,0,KTR-72502946,45,train,,,
tanzania-080526/dpc-046-KTR-72502946.png,tanzania-080526,dpc-046-KTR-72502946.png,gs://tanzania_02032026/TZ2025-Box5/KTR-72502946/dpc-046-KTR-72502946.png,slightly dense,no rouleaux,4,0,KTR-72502946,46,train,,,
tanzania-080526/dpc-047-KTR-72502946.png,tanzania-080526,dpc-047-KTR-72502946.png,gs://tanzania_02032026/TZ2025-Box5/KTR-72502946/dpc-047-KTR-72502946.png,slightly dense,slight rouleaux,4,1,KTR-72502946,47,train,,,
tanzania-080526/dpc-048-KTR-72502946.png,tanzania-080526,dpc-048-KTR-72502946.png,gs://tanzania_02032026/TZ2025-Box5/KTR-72502946/dpc-048-KTR-72502946.png,slightly dense,slight rouleaux,4,1,KTR-72502946,48,train,,,
tanzania-080526/dpc-049-KTR-72502946.png,tanzania-080526,dpc-049-KTR-72502946.png,gs://tanzania_02032026/TZ2025-Box5/KTR-72502946/dpc-049-KTR-72502946.png,slightly dense,some rouleaux,4,2,KTR-72502946,49,train,,,
tanzania-080526/dpc-050-KTR-72502946.png,tanzania-080526,dpc-050-KTR-72502946.png,gs://tanzania_02032026/TZ2025-Box5/KTR-72502946/dpc-050-KTR-72502946.png,slightly dense,some rouleaux,4,2,KTR-72502946,50,train,,,
tanzania-080526/dpc-051-KTR-72502946.png,tanzania-080526,dpc-051-KTR-72502946.png,gs://tanzania_02032026/TZ2025-Box5/KTR-72502946/dpc-051-KTR-72502946.png,slightly dense,some rouleaux,4,2,KTR-72502946,51,train,,,
tanzania-080526/dpc-052-KTR-72502946.png,tanzania-080526,dpc-052-KTR-72502946.png,gs://tanzania_02032026/TZ2025-Box5/KTR-72502946/dpc-052-KTR-72502946.png,slightly dense,some rouleaux,4,2,KTR-72502946,52,train,,,
tanzania-080526/dpc-053-KTR-72502946.png,tanzania-080526,dpc-053-KTR-72502946.png,gs://tanzania_02032026/TZ2025-Box5/KTR-72502946/dpc-053-KTR-72502946.png,dense,some rouleaux,5,2,KTR-72502946,53,train,,,
tanzania-080526/dpc-054-KTR-72502946.png,tanzania-080526,dpc-054-KTR-72502946.png,gs://tanzania_02032026/TZ2025-Box5/KTR-72502946/dpc-054-KTR-72502946.png,slightly dense,some rouleaux,4,2,KTR-72502946,54,train,,,Overexposed
tanzania-080526/dpc-055-KTR-72502946.png,tanzania-080526,dpc-055-KTR-72502946.png,gs://tanzania_02032026/TZ2025-Box5/KTR-72502946/dpc-055-KTR-72502946.png,monolayer,no rouleaux,3,0,KTR-72502946,55,train,,,
tanzania-080526/dpc-056-KTR-72502946.png,tanzania-080526,dpc-056-KTR-72502946.png,gs://tanzania_02032026/TZ2025-Box5/KTR-72502946/dpc-056-KTR-72502946.png,slightly dense,no rouleaux,4,0,KTR-72502946,56,train,,,
tanzania-080526/dpc-057-KTR-72502946.png,tanzania-080526,dpc-057-KTR-72502946.png,gs://tanzania_02032026/TZ2025-Box5/KTR-72502946/dpc-057-KTR-72502946.png,slightly dense,no rouleaux,4,0,KTR-72502946,57,train,,,
tanzania-080526/dpc-058-KTR-72502946.png,tanzania-080526,dpc-058-KTR-72502946.png,gs://tanzania_02032026/TZ2025-Box5/KTR-72502946/dpc-058-KTR-72502946.png,slightly dense,no rouleaux,4,0,KTR-72502946,58,train,,,
tanzania-080526/dpc-059-KTR-72502946.png,tanzania-080526,dpc-059-KTR-72502946.png,gs://tanzania_02032026/TZ2025-Box5/KTR-72502946/dpc-059-KTR-72502946.png,dense,rouleaux,5,3,KTR-72502946,59,train,,,
tanzania-080526/dpc-060-KTR-72502946.png,tanzania-080526,dpc-060-KTR-72502946.png,gs://tanzania_02032026/TZ2025-Box5/KTR-72502946/dpc-060-KTR-72502946.png,very dense,heavy rouleaux,6,4,KTR-72502946,60,train,,,
tanzania-080526/dpc-061-KTR-72502946.png,tanzania-080526,dpc-061-KTR-72502946.png,gs://tanzania_02032026/TZ2025-Box5/KTR-72502946/dpc-061-KTR-72502946.png,very dense,heavy rouleaux,6,4,KTR-72502946,61,train,,,
tanzania-080526/dpc-062-KTR-72502946.png,tanzania-080526,dpc-062-KTR-72502946.png,gs://tanzania_02032026/TZ2025-Box5/KTR-72502946/dpc-062-KTR-72502946.png,very dense,heavy rouleaux,6,4,KTR-72502946,62,train,,,
tanzania-080526/dpc-063-KTR-72502946.png,tanzania-080526,dpc-063-KTR-72502946.png,gs://tanzania_02032026/TZ2025-Box5/KTR-72502946/dpc-063-KTR-72502946.png,very dense,heavy rouleaux,6,4,KTR-72502946,63,train,,,
tanzania-080526/dpc-064-KTR-72502946.png,tanzania-080526,dpc-064-KTR-72502946.png,gs://tanzania_02032026/TZ2025-Box5/KTR-72502946/dpc-064-KTR-72502946.png,very dense,heavy rouleaux,6,4,KTR-72502946,64,train,,,
tanzania-080526/dpc-065-KTR-72502946.png,tanzania-080526,dpc-065-KTR-72502946.png,gs://tanzania_02032026/TZ2025-Box5/KTR-72502946/dpc-065-KTR-72502946.png,dense,rouleaux,5,3,KTR-72502946,65,train,,,
tanzania-080526/dpc-066-KTR-72502946.png,tanzania-080526,dpc-066-KTR-72502946.png,gs://tanzania_02032026/TZ2025-Box5/KTR-72502946/dpc-066-KTR-72502946.png,dense,rouleaux,5,3,KTR-72502946,66,train,,,
tanzania-080526/dpc-067-KTR-72502946.png,tanzania-080526,dpc-067-KTR-72502946.png,gs://tanzania_02032026/TZ2025-Box5/KTR-72502946/dpc-067-KTR-72502946.png,slightly dense,some rouleaux,4,2,KTR-72502946,67,train,,,
tanzania-080526/dpc-068-KTR-72502946.png,tanzania-080526,dpc-068-KTR-72502946.png,gs://tanzania_02032026/TZ2025-Box5/KTR-72502946/dpc-068-KTR-72502946.png,slightly dense,some rouleaux,4,2,KTR-72502946,68,train,,,
tanzania-080526/dpc-069-KTR-72502946.png,tanzania-080526,dpc-069-KTR-72502946.png,gs://tanzania_02032026/TZ2025-Box5/KTR-72502946/dpc-069-KTR-72502946.png,slightly dense,some rouleaux,4,2,KTR-72502946,69,train,,,
tanzania-080526/dpc-070-KTR-72502946.png,tanzania-080526,dpc-070-KTR-72502946.png,gs://tanzania_02032026/TZ2025-Box5/KTR-72502946/dpc-070-KTR-72502946.png,slightly dense,some rouleaux,4,2,KTR-72502946,70,train,,,
tanzania-080526/dpc-071-KTR-72502946.png,tanzania-080526,dpc-071-KTR-72502946.png,gs://tanzania_02032026/TZ2025-Box5/KTR-72502946/dpc-071-KTR-72502946.png,slightly dense,some rouleaux,4,2,KTR-72502946,71,train,,,
tanzania-080526/dpc-072-KTR-72502946.png,tanzania-080526,dpc-072-KTR-72502946.png,gs://tanzania_02032026/TZ2025-Box5/KTR-72502946/dpc-072-KTR-72502946.png,slightly dense,some rouleaux,4,2,KTR-72502946,72,train,,,
tanzania-080526/dpc-073-KTR-72502946.png,tanzania-080526,dpc-073-KTR-72502946.png,gs://tanzania_02032026/TZ2025-Box5/KTR-72502946/dpc-073-KTR-72502946.png,monolayer,no rouleaux,3,0,KTR-72502946,73,train,,,
tanzania-080526/dpc-074-KTR-72502946.png,tanzania-080526,dpc-074-KTR-72502946.png,gs://tanzania_02032026/TZ2025-Box5/KTR-72502946/dpc-074-KTR-72502946.png,monolayer,no rouleaux,3,0,KTR-72502946,74,train,,,
tanzania-080526/dpc-075-KTR-72502946.png,tanzania-080526,dpc-075-KTR-72502946.png,gs://tanzania_02032026/TZ2025-Box5/KTR-72502946/dpc-075-KTR-72502946.png,monolayer,no rouleaux,3,0,KTR-72502946,75,train,,,
tanzania-080526/dpc-076-KTR-72502946.png,tanzania-080526,dpc-076-KTR-72502946.png,gs://tanzania_02032026/TZ2025-Box5/KTR-72502946/dpc-076-KTR-72502946.png,monolayer,no rouleaux,3,0,KTR-72502946,76,train,,,
tanzania-080526/dpc-077-KTR-72502946.png,tanzania-080526,dpc-077-KTR-72502946.png,gs://tanzania_02032026/TZ2025-Box5/KTR-72502946/dpc-077-KTR-72502946.png,monolayer,no rouleaux,3,0,KTR-72502946,77,train,,,
tanzania-080526/dpc-078-KTR-72502946.png,tanzania-080526,dpc-078-KTR-72502946.png,gs://tanzania_02032026/TZ2025-Box5/KTR-72502946/dpc-078-KTR-72502946.png,dense,rouleaux,5,3,KTR-72502946,78,train,,,
tanzania-080526/dpc-079-KTR-72502946.png,tanzania-080526,dpc-079-KTR-72502946.png,gs://tanzania_02032026/TZ2025-Box5/KTR-72502946/dpc-079-KTR-72502946.png,very dense,heavy rouleaux,6,4,KTR-72502946,79,train,,,
tanzania-080526/dpc-080-KTR-72502946.png,tanzania-080526,dpc-080-KTR-72502946.png,gs://tanzania_02032026/TZ2025-Box5/KTR-72502946/dpc-080-KTR-72502946.png,very dense,heavy rouleaux,6,4,KTR-72502946,80,train,,,
tanzania-080526/dpc-081-KTR-72502946.png,tanzania-080526,dpc-081-KTR-72502946.png,gs://tanzania_02032026/TZ2025-Box5/KTR-72502946/dpc-081-KTR-72502946.png,very dense,heavy rouleaux,6,4,KTR-72502946,81,train,,,
tanzania-080526/dpc-082-KTR-72502946.png,tanzania-080526,dpc-082-KTR-72502946.png,gs://tanzania_02032026/TZ2025-Box5/KTR-72502946/dpc-082-KTR-72502946.png,very dense,heavy rouleaux,6,4,KTR-72502946,82,train,,,
tanzania-080526/dpc-083-KTR-72502946.png,tanzania-080526,dpc-083-KTR-72502946.png,gs://tanzania_02032026/TZ2025-Box5/KTR-72502946/dpc-083-KTR-72502946.png,dense,rouleaux,5,3,KTR-72502946,83,train,,,
tanzania-080526/dpc-084-KTR-72502946.png,tanzania-080526,dpc-084-KTR-72502946.png,gs://tanzania_02032026/TZ2025-Box5/KTR-72502946/dpc-084-KTR-72502946.png,monolayer,slight rouleaux,3,1,KTR-72502946,84,train,,,Other Dimples
tanzania-080526/dpc-085-KTR-72502946.png,tanzania-080526,dpc-085-KTR-72502946.png,gs://tanzania_02032026/TZ2025-Box5/KTR-72502946/dpc-085-KTR-72502946.png,slightly dense,slight rouleaux,4,1,KTR-72502946,85,train,,,Other Dimples
tanzania-080526/dpc-086-KTR-72502946.png,tanzania-080526,dpc-086-KTR-72502946.png,gs://tanzania_02032026/TZ2025-Box5/KTR-72502946/dpc-086-KTR-72502946.png,monolayer,slight rouleaux,3,1,KTR-72502946,86,train,,,Other Dimples
tanzania-080526/dpc-087-KTR-72502946.png,tanzania-080526,dpc-087-KTR-72502946.png,gs://tanzania_02032026/TZ2025-Box5/KTR-72502946/dpc-087-KTR-72502946.png,monolayer,slight rouleaux,3,1,KTR-72502946,87,train,,,Other Dimples
tanzania-080526/dpc-088-KTR-72502946.png,tanzania-080526,dpc-088-KTR-72502946.png,gs://tanzania_02032026/TZ2025-Box5/KTR-72502946/dpc-088-KTR-72502946.png,monolayer,slight rouleaux,3,1,KTR-72502946,88,train,,,Other Dimples
tanzania-080526/dpc-089-KTR-72502946.png,tanzania-080526,dpc-089-KTR-72502946.png,gs://tanzania_02032026/TZ2025-Box5/KTR-72502946/dpc-089-KTR-72502946.png,monolayer,slight rouleaux,3,1,KTR-72502946,89,train,,,Other Dimples
tanzania-080526/dpc-090-KTR-72502946.png,tanzania-080526,dpc-090-KTR-72502946.png,gs://tanzania_02032026/TZ2025-Box5/KTR-72502946/dpc-090-KTR-72502946.png,monolayer,no rouleaux,3,0,KTR-72502946,90,train,,,Other Dimples
tanzania-080526/dpc-091-KTR-72502946.png,tanzania-080526,dpc-091-KTR-72502946.png,gs://tanzania_02032026/TZ2025-Box5/KTR-72502946/dpc-091-KTR-72502946.png,monolayer,no rouleaux,3,0,KTR-72502946,91,train,,,
tanzania-080526/dpc-092-KTR-72502946.png,tanzania-080526,dpc-092-KTR-72502946.png,gs://tanzania_02032026/TZ2025-Box5/KTR-72502946/dpc-092-KTR-72502946.png,monolayer,no rouleaux,3,0,KTR-72502946,92,train,,,
tanzania-080526/dpc-093-KTR-72502946.png,tanzania-080526,dpc-093-KTR-72502946.png,gs://tanzania_02032026/TZ2025-Box5/KTR-72502946/dpc-093-KTR-72502946.png,monolayer,no rouleaux,3,0,KTR-72502946,93,train,,,
tanzania-080526/dpc-094-KTR-72502946.png,tanzania-080526,dpc-094-KTR-72502946.png,gs://tanzania_02032026/TZ2025-Box5/KTR-72502946/dpc-094-KTR-72502946.png,monolayer,no rouleaux,3,0,KTR-72502946,94,train,,,
tanzania-080526/dpc-095-KTR-72502946.png,tanzania-080526,dpc-095-KTR-72502946.png,gs://tanzania_02032026/TZ2025-Box5/KTR-72502946/dpc-095-KTR-72502946.png,monolayer,no rouleaux,3,0,KTR-72502946,95,train,,,
tanzania-080526/dpc-096-KTR-72502946.png,tanzania-080526,dpc-096-KTR-72502946.png,gs://tanzania_02032026/TZ2025-Box5/KTR-72502946/dpc-096-KTR-72502946.png,slightly dense,slight rouleaux,4,1,KTR-72502946,96,train,,,
tanzania-080526/dpc-097-KTR-72502946.png,tanzania-080526,dpc-097-KTR-72502946.png,gs://tanzania_02032026/TZ2025-Box5/KTR-72502946/dpc-097-KTR-72502946.png,slightly dense,slight rouleaux,4,1,KTR-72502946,97,train,,,
tanzania-080526/dpc-098-KTR-72502946.png,tanzania-080526,dpc-098-KTR-72502946.png,gs://tanzania_02032026/TZ2025-Box5/KTR-72502946/dpc-098-KTR-72502946.png,very dense,heavy rouleaux,6,4,KTR-72502946,98,train,,,
tanzania-080526/dpc-099-KTR-72502946.png,tanzania-080526,dpc-099-KTR-72502946.png,gs://tanzania_02032026/TZ2025-Box5/KTR-72502946/dpc-099-KTR-72502946.png,very dense,heavy rouleaux,6,4,KTR-72502946,99,train,,,
tanzania-080526/dpc-100-KTR-72502946.png,tanzania-080526,dpc-100-KTR-72502946.png,gs://tanzania_02032026/TZ2025-Box5/KTR-72502946/dpc-100-KTR-72502946.png,very dense,heavy rouleaux,6,4,KTR-72502946,100,train,,,
tanzania-080526/dpc-101-KTR-72502946.png,tanzania-080526,dpc-101-KTR-72502946.png,gs://tanzania_02032026/TZ2025-Box5/KTR-72502946/dpc-101-KTR-72502946.png,dense,rouleaux,5,3,KTR-72502946,101,train,,,
tanzania-080526/dpc-102-KTR-72502946.png,tanzania-080526,dpc-102-KTR-72502946.png,gs://tanzania_02032026/TZ2025-Box5/KTR-72502946/dpc-102-KTR-72502946.png,slightly dense,slight rouleaux,4,1,KTR-72502946,102,train,,,
tanzania-080526/dpc-103-KTR-72502946.png,tanzania-080526,dpc-103-KTR-72502946.png,gs://tanzania_02032026/TZ2025-Box5/KTR-72502946/dpc-103-KTR-72502946.png,slightly dense,slight rouleaux,4,1,KTR-72502946,103,train,,,
tanzania-080526/dpc-104-KTR-72502946.png,tanzania-080526,dpc-104-KTR-72502946.png,gs://tanzania_02032026/TZ2025-Box5/KTR-72502946/dpc-104-KTR-72502946.png,slightly dense,slight rouleaux,4,1,KTR-72502946,104,train,,,
tanzania-080526/dpc-105-KTR-72502946.png,tanzania-080526,dpc-105-KTR-72502946.png,gs://tanzania_02032026/TZ2025-Box5/KTR-72502946/dpc-105-KTR-72502946.png,slightly dense,slight rouleaux,4,1,KTR-72502946,105,train,,,Other Dimples
tanzania-080526/dpc-106-KTR-72502946.png,tanzania-080526,dpc-106-KTR-72502946.png,gs://tanzania_02032026/TZ2025-Box5/KTR-72502946/dpc-106-KTR-72502946.png,slightly dense,slight rouleaux,4,1,KTR-72502946,106,train,,,
tanzania-080526/dpc-107-KTR-72502946.png,tanzania-080526,dpc-107-KTR-72502946.png,gs://tanzania_02032026/TZ2025-Box5/KTR-72502946/dpc-107-KTR-72502946.png,slightly dense,no rouleaux,4,0,KTR-72502946,107,train,,,
tanzania-080526/dpc-108-KTR-72502946.png,tanzania-080526,dpc-108-KTR-72502946.png,gs://tanzania_02032026/TZ2025-Box5/KTR-72502946/dpc-108-KTR-72502946.png,slightly dense,slight rouleaux,4,1,KTR-72502946,108,train,,,
tanzania-080526/dpc-109-KTR-72502946.png,tanzania-080526,dpc-109-KTR-72502946.png,gs://tanzania_02032026/TZ2025-Box5/KTR-72502946/dpc-109-KTR-72502946.png,monolayer,no rouleaux,3,0,KTR-72502946,109,train,,,
tanzania-080526/dpc-110-KTR-72502946.png,tanzania-080526,dpc-110-KTR-72502946.png,gs://tanzania_02032026/TZ2025-Box5/KTR-72502946/dpc-110-KTR-72502946.png,monolayer,no rouleaux,3,0,KTR-72502946,110,train,,,
tanzania-080526/dpc-111-KTR-72502946.png,tanzania-080526,dpc-111-KTR-72502946.png,gs://tanzania_02032026/TZ2025-Box5/KTR-72502946/dpc-111-KTR-72502946.png,monolayer,no rouleaux,3,0,KTR-72502946,111,train,,,
tanzania-080526/dpc-112-KTR-72502946.png,tanzania-080526,dpc-112-KTR-72502946.png,gs://tanzania_02032026/TZ2025-Box5/KTR-72502946/dpc-112-KTR-72502946.png,monolayer,no rouleaux,3,0,KTR-72502946,112,train,,,
tanzania-080526/dpc-113-KTR-72502946.png,tanzania-080526,dpc-113-KTR-72502946.png,gs://tanzania_02032026/TZ2025-Box5/KTR-72502946/dpc-113-KTR-72502946.png,monolayer,no rouleaux,3,0,KTR-72502946,113,train,,,
tanzania-080526/dpc-114-KTR-72502946.png,tanzania-080526,dpc-114-KTR-72502946.png,gs://tanzania_02032026/TZ2025-Box5/KTR-72502946/dpc-114-KTR-72502946.png,slightly dense,some rouleaux,4,2,KTR-72502946,114,train,,,
tanzania-080526/dpc-115-KTR-72502946.png,tanzania-080526,dpc-115-KTR-72502946.png,gs://tanzania_02032026/TZ2025-Box5/KTR-72502946/dpc-115-KTR-72502946.png,slightly dense,slight rouleaux,4,1,KTR-72502946,115,train,,,
tanzania-080526/dpc-116-KTR-72502946.png,tanzania-080526,dpc-116-KTR-72502946.png,gs://tanzania_02032026/TZ2025-Box5/KTR-72502946/dpc-116-KTR-72502946.png,dense,rouleaux,5,3,KTR-72502946,116,train,,,
tanzania-080526/dpc-117-KTR-72502946.png,tanzania-080526,dpc-117-KTR-72502946.png,gs://tanzania_02032026/TZ2025-Box5/KTR-72502946/dpc-117-KTR-72502946.png,very dense,heavy rouleaux,6,4,KTR-72502946,117,train,,,
tanzania-080526/dpc-118-KTR-72502946.png,tanzania-080526,dpc-118-KTR-72502946.png,gs://tanzania_02032026/TZ2025-Box5/KTR-72502946/dpc-118-KTR-72502946.png,very dense,heavy rouleaux,6,4,KTR-72502946,118,train,,,
tanzania-080526/dpc-119-KTR-72502946.png,tanzania-080526,dpc-119-KTR-72502946.png,gs://tanzania_02032026/TZ2025-Box5/KTR-72502946/dpc-119-KTR-72502946.png,dense,heavy rouleaux,5,4,KTR-72502946,119,train,,,
tanzania-080526/dpc-120-KTR-72502946.png,tanzania-080526,dpc-120-KTR-72502946.png,gs://tanzania_02032026/TZ2025-Box5/KTR-72502946/dpc-120-KTR-72502946.png,dense,some rouleaux,5,2,KTR-72502946,120,train,,,
tanzania-080526/dpc-121-KTR-72502946.png,tanzania-080526,dpc-121-KTR-72502946.png,gs://tanzania_02032026/TZ2025-Box5/KTR-72502946/dpc-121-KTR-72502946.png,slightly dense,slight rouleaux,4,1,KTR-72502946,121,train,,,
tanzania-080526/dpc-122-KTR-72502946.png,tanzania-080526,dpc-122-KTR-72502946.png,gs://tanzania_02032026/TZ2025-Box5/KTR-72502946/dpc-122-KTR-72502946.png,slightly dense,some rouleaux,4,2,KTR-72502946,122,train,,,
tanzania-080526/dpc-123-KTR-72502946.png,tanzania-080526,dpc-123-KTR-72502946.png,gs://tanzania_02032026/TZ2025-Box5/KTR-72502946/dpc-123-KTR-72502946.png,slightly dense,some rouleaux,4,2,KTR-72502946,123,train,,,
tanzania-080526/dpc-124-KTR-72502946.png,tanzania-080526,dpc-124-KTR-72502946.png,gs://tanzania_02032026/TZ2025-Box5/KTR-72502946/dpc-124-KTR-72502946.png,slightly dense,slight rouleaux,4,1,KTR-72502946,124,train,,,
tanzania-080526/dpc-125-KTR-72502946.png,tanzania-080526,dpc-125-KTR-72502946.png,gs://tanzania_02032026/TZ2025-Box5/KTR-72502946/dpc-125-KTR-72502946.png,slightly dense,slight rouleaux,4,1,KTR-72502946,125,train,,,
tanzania-080526/dpc-126-KTR-72502946.png,tanzania-080526,dpc-126-KTR-72502946.png,gs://tanzania_02032026/TZ2025-Box5/KTR-72502946/dpc-126-KTR-72502946.png,slightly dense,some rouleaux,4,2,KTR-72502946,126,train,,,
tanzania-080526/dpc-127-KTR-72502946.png,tanzania-080526,dpc-127-KTR-72502946.png,gs://tanzania_02032026/TZ2025-Box5/KTR-72502946/dpc-127-KTR-72502946.png,monolayer,no rouleaux,3,0,KTR-72502946,127,train,,,
tanzania-080526/dpc-128-KTR-72502946.png,tanzania-080526,dpc-128-KTR-72502946.png,gs://tanzania_02032026/TZ2025-Box5/KTR-72502946/dpc-128-KTR-72502946.png,monolayer,no rouleaux,3,0,KTR-72502946,128,train,,,
tanzania-080526/dpc-129-KTR-72502946.png,tanzania-080526,dpc-129-KTR-72502946.png,gs://tanzania_02032026/TZ2025-Box5/KTR-72502946/dpc-129-KTR-72502946.png,monolayer,no rouleaux,3,0,KTR-72502946,129,train,,,
tanzania-080526/dpc-130-KTR-72502946.png,tanzania-080526,dpc-130-KTR-72502946.png,gs://tanzania_02032026/TZ2025-Box5/KTR-72502946/dpc-130-KTR-72502946.png,monolayer,no rouleaux,3,0,KTR-72502946,130,train,,,
tanzania-080526/dpc-131-KTR-72502946.png,tanzania-080526,dpc-131-KTR-72502946.png,gs://tanzania_02032026/TZ2025-Box5/KTR-72502946/dpc-131-KTR-72502946.png,monolayer,no rouleaux,3,0,KTR-72502946,131,train,,,
tanzania-080526/dpc-132-KTR-72502946.png,tanzania-080526,dpc-132-KTR-72502946.png,gs://tanzania_02032026/TZ2025-Box5/KTR-72502946/dpc-132-KTR-72502946.png,monolayer,no rouleaux,3,0,KTR-72502946,132,train,,,
tanzania-080526/dpc-133-KTR-72502946.png,tanzania-080526,dpc-133-KTR-72502946.png,gs://tanzania_02032026/TZ2025-Box5/KTR-72502946/dpc-133-KTR-72502946.png,slightly dense,rouleaux,4,3,KTR-72502946,133,train,,,
tanzania-080526/dpc-134-KTR-72502946.png,tanzania-080526,dpc-134-KTR-72502946.png,gs://tanzania_02032026/TZ2025-Box5/KTR-72502946/dpc-134-KTR-72502946.png,slightly dense,rouleaux,4,3,KTR-72502946,134,train,,,
tanzania-080526/dpc-135-KTR-72502946.png,tanzania-080526,dpc-135-KTR-72502946.png,gs://tanzania_02032026/TZ2025-Box5/KTR-72502946/dpc-135-KTR-72502946.png,dense,heavy rouleaux,5,4,KTR-72502946,135,train,,,
tanzania-080526/dpc-136-KTR-72502946.png,tanzania-080526,dpc-136-KTR-72502946.png,gs://tanzania_02032026/TZ2025-Box5/KTR-72502946/dpc-136-KTR-72502946.png,very dense,heavy rouleaux,6,4,KTR-72502946,136,train,,,
tanzania-080526/dpc-137-KTR-72502946.png,tanzania-080526,dpc-137-KTR-72502946.png,gs://tanzania_02032026/TZ2025-Box5/KTR-72502946/dpc-137-KTR-72502946.png,very dense,heavy rouleaux,6,4,KTR-72502946,137,train,,,
tanzania-080526/dpc-138-KTR-72502946.png,tanzania-080526,dpc-138-KTR-72502946.png,gs://tanzania_02032026/TZ2025-Box5/KTR-72502946/dpc-138-KTR-72502946.png,dense,heavy rouleaux,5,4,KTR-72502946,138,train,,,
tanzania-080526/dpc-139-KTR-72502946.png,tanzania-080526,dpc-139-KTR-72502946.png,gs://tanzania_02032026/TZ2025-Box5/KTR-72502946/dpc-139-KTR-72502946.png,dense,rouleaux,5,3,KTR-72502946,139,train,,,
tanzania-080526/dpc-140-KTR-72502946.png,tanzania-080526,dpc-140-KTR-72502946.png,gs://tanzania_02032026/TZ2025-Box5/KTR-72502946/dpc-140-KTR-72502946.png,dense,rouleaux,5,3,KTR-72502946,140,train,,,
tanzania-080526/dpc-141-KTR-72502946.png,tanzania-080526,dpc-141-KTR-72502946.png,gs://tanzania_02032026/TZ2025-Box5/KTR-72502946/dpc-141-KTR-72502946.png,dense,some rouleaux,5,2,KTR-72502946,141,train,,,
tanzania-080526/dpc-142-KTR-72502946.png,tanzania-080526,dpc-142-KTR-72502946.png,gs://tanzania_02032026/TZ2025-Box5/KTR-72502946/dpc-142-KTR-72502946.png,dense,some rouleaux,5,2,KTR-72502946,142,train,,,
tanzania-080526/dpc-143-KTR-72502946.png,tanzania-080526,dpc-143-KTR-72502946.png,gs://tanzania_02032026/TZ2025-Box5/KTR-72502946/dpc-143-KTR-72502946.png,dense,some rouleaux,5,2,KTR-72502946,143,train,,,
tanzania-080526/dpc-144-KTR-72502946.png,tanzania-080526,dpc-144-KTR-72502946.png,gs://tanzania_02032026/TZ2025-Box5/KTR-72502946/dpc-144-KTR-72502946.png,slightly dense,no rouleaux,4,0,KTR-72502946,144,train,,,
tanzania-080526/dpc-145-KTR-72502946.png,tanzania-080526,dpc-145-KTR-72502946.png,gs://tanzania_02032026/TZ2025-Box5/KTR-72502946/dpc-145-KTR-72502946.png,monolayer,no rouleaux,3,0,KTR-72502946,145,train,,,
tanzania-080526/dpc-146-KTR-72502946.png,tanzania-080526,dpc-146-KTR-72502946.png,gs://tanzania_02032026/TZ2025-Box5/KTR-72502946/dpc-146-KTR-72502946.png,monolayer,no rouleaux,3,0,KTR-72502946,146,train,,,
tanzania-080526/dpc-147-KTR-72502946.png,tanzania-080526,dpc-147-KTR-72502946.png,gs://tanzania_02032026/TZ2025-Box5/KTR-72502946/dpc-147-KTR-72502946.png,monolayer,no rouleaux,3,0,KTR-72502946,147,train,,,
tanzania-080526/dpc-148-KTR-72502946.png,tanzania-080526,dpc-148-KTR-72502946.png,gs://tanzania_02032026/TZ2025-Box5/KTR-72502946/dpc-148-KTR-72502946.png,monolayer,no rouleaux,3,0,KTR-72502946,148,train,,,
tanzania-080526/dpc-149-KTR-72502946.png,tanzania-080526,dpc-149-KTR-72502946.png,gs://tanzania_02032026/TZ2025-Box5/KTR-72502946/dpc-149-KTR-72502946.png,monolayer,no rouleaux,3,0,KTR-72502946,149,train,,,
tanzania-080526/dpc-150-KTR-72502946.png,tanzania-080526,dpc-150-KTR-72502946.png,gs://tanzania_02032026/TZ2025-Box5/KTR-72502946/dpc-150-KTR-72502946.png,slightly dense,no rouleaux,4,0,KTR-72502946,150,train,,,
tanzania-080526/dpc-151-KTR-72502946.png,tanzania-080526,dpc-151-KTR-72502946.png,gs://tanzania_02032026/TZ2025-Box5/KTR-72502946/dpc-151-KTR-72502946.png,slightly dense,slight rouleaux,4,1,KTR-72502946,151,train,,,
tanzania-080526/dpc-152-KTR-72502946.png,tanzania-080526,dpc-152-KTR-72502946.png,gs://tanzania_02032026/TZ2025-Box5/KTR-72502946/dpc-152-KTR-72502946.png,slightly dense,rouleaux,4,3,KTR-72502946,152,train,,,Other
tanzania-080526/dpc-153-KTR-72502946.png,tanzania-080526,dpc-153-KTR-72502946.png,gs://tanzania_02032026/TZ2025-Box5/KTR-72502946/dpc-153-KTR-72502946.png,very dense,heavy rouleaux,6,4,KTR-72502946,153,train,,,
tanzania-080526/dpc-154-KTR-72502946.png,tanzania-080526,dpc-154-KTR-72502946.png,gs://tanzania_02032026/TZ2025-Box5/KTR-72502946/dpc-154-KTR-72502946.png,very dense,heavy rouleaux,6,4,KTR-72502946,154,train,,,
tanzania-080526/dpc-155-KTR-72502946.png,tanzania-080526,dpc-155-KTR-72502946.png,gs://tanzania_02032026/TZ2025-Box5/KTR-72502946/dpc-155-KTR-72502946.png,very dense,heavy rouleaux,6,4,KTR-72502946,155,train,,,
tanzania-080526/dpc-156-KTR-72502946.png,tanzania-080526,dpc-156-KTR-72502946.png,gs://tanzania_02032026/TZ2025-Box5/KTR-72502946/dpc-156-KTR-72502946.png,very dense,heavy rouleaux,6,4,KTR-72502946,156,train,,,
tanzania-080526/dpc-157-KTR-72502946.png,tanzania-080526,dpc-157-KTR-72502946.png,gs://tanzania_02032026/TZ2025-Box5/KTR-72502946/dpc-157-KTR-72502946.png,dense,heavy rouleaux,5,4,KTR-72502946,157,train,,,
tanzania-080526/dpc-158-KTR-72502946.png,tanzania-080526,dpc-158-KTR-72502946.png,gs://tanzania_02032026/TZ2025-Box5/KTR-72502946/dpc-158-KTR-72502946.png,dense,rouleaux,5,3,KTR-72502946,158,train,,,
tanzania-080526/dpc-159-KTR-72502946.png,tanzania-080526,dpc-159-KTR-72502946.png,gs://tanzania_02032026/TZ2025-Box5/KTR-72502946/dpc-159-KTR-72502946.png,dense,rouleaux,5,3,KTR-72502946,159,train,,,
tanzania-080526/dpc-160-KTR-72502946.png,tanzania-080526,dpc-160-KTR-72502946.png,gs://tanzania_02032026/TZ2025-Box5/KTR-72502946/dpc-160-KTR-72502946.png,dense,rouleaux,5,3,KTR-72502946,160,train,,,
tanzania-080526/dpc-161-KTR-72502946.png,tanzania-080526,dpc-161-KTR-72502946.png,gs://tanzania_02032026/TZ2025-Box5/KTR-72502946/dpc-161-KTR-72502946.png,dense,some rouleaux,5,2,KTR-72502946,161,train,,,
tanzania-080526/dpc-162-KTR-72502946.png,tanzania-080526,dpc-162-KTR-72502946.png,gs://tanzania_02032026/TZ2025-Box5/KTR-72502946/dpc-162-KTR-72502946.png,slightly dense,some rouleaux,4,2,KTR-72502946,162,train,,,
tanzania-080526/dpc-163-KTR-72502946.png,tanzania-080526,dpc-163-KTR-72502946.png,gs://tanzania_02032026/TZ2025-Box5/KTR-72502946/dpc-163-KTR-72502946.png,monolayer,no rouleaux,3,0,KTR-72502946,163,train,,,
tanzania-080526/dpc-164-KTR-72502946.png,tanzania-080526,dpc-164-KTR-72502946.png,gs://tanzania_02032026/TZ2025-Box5/KTR-72502946/dpc-164-KTR-72502946.png,monolayer,no rouleaux,3,0,KTR-72502946,164,train,,,
tanzania-080526/dpc-165-KTR-72502946.png,tanzania-080526,dpc-165-KTR-72502946.png,gs://tanzania_02032026/TZ2025-Box5/KTR-72502946/dpc-165-KTR-72502946.png,monolayer,no rouleaux,3,0,KTR-72502946,165,train,,,
tanzania-080526/dpc-166-KTR-72502946.png,tanzania-080526,dpc-166-KTR-72502946.png,gs://tanzania_02032026/TZ2025-Box5/KTR-72502946/dpc-166-KTR-72502946.png,monolayer,no rouleaux,3,0,KTR-72502946,166,train,,,
tanzania-080526/dpc-167-KTR-72502946.png,tanzania-080526,dpc-167-KTR-72502946.png,gs://tanzania_02032026/TZ2025-Box5/KTR-72502946/dpc-167-KTR-72502946.png,monolayer,no rouleaux,3,0,KTR-72502946,167,train,,,
tanzania-080526/dpc-168-KTR-72502946.png,tanzania-080526,dpc-168-KTR-72502946.png,gs://tanzania_02032026/TZ2025-Box5/KTR-72502946/dpc-168-KTR-72502946.png,monolayer,no rouleaux,3,0,KTR-72502946,168,train,,,
tanzania-080526/dpc-169-KTR-72502946.png,tanzania-080526,dpc-169-KTR-72502946.png,gs://tanzania_02032026/TZ2025-Box5/KTR-72502946/dpc-169-KTR-72502946.png,monolayer,no rouleaux,3,0,KTR-72502946,169,train,,,
tanzania-080526/dpc-170-KTR-72502946.png,tanzania-080526,dpc-170-KTR-72502946.png,gs://tanzania_02032026/TZ2025-Box5/KTR-72502946/dpc-170-KTR-72502946.png,slightly dense,no rouleaux,4,0,KTR-72502946,170,train,,,
tanzania-080526/dpc-171-KTR-72502946.png,tanzania-080526,dpc-171-KTR-72502946.png,gs://tanzania_02032026/TZ2025-Box5/KTR-72502946/dpc-171-KTR-72502946.png,slightly dense,slight rouleaux,4,1,KTR-72502946,171,train,,,
tanzania-080526/dpc-172-KTR-72502946.png,tanzania-080526,dpc-172-KTR-72502946.png,gs://tanzania_02032026/TZ2025-Box5/KTR-72502946/dpc-172-KTR-72502946.png,very dense,heavy rouleaux,6,4,KTR-72502946,172,train,,,
tanzania-080526/dpc-173-KTR-72502946.png,tanzania-080526,dpc-173-KTR-72502946.png,gs://tanzania_02032026/TZ2025-Box5/KTR-72502946/dpc-173-KTR-72502946.png,very dense,heavy rouleaux,6,4,KTR-72502946,173,train,,,
tanzania-080526/dpc-174-KTR-72502946.png,tanzania-080526,dpc-174-KTR-72502946.png,gs://tanzania_02032026/TZ2025-Box5/KTR-72502946/dpc-174-KTR-72502946.png,very dense,heavy rouleaux,6,4,KTR-72502946,174,train,,,
tanzania-080526/dpc-175-KTR-72502946.png,tanzania-080526,dpc-175-KTR-72502946.png,gs://tanzania_02032026/TZ2025-Box5/KTR-72502946/dpc-175-KTR-72502946.png,very dense,heavy rouleaux,6,4,KTR-72502946,175,train,,,
tanzania-080526/dpc-176-KTR-72502946.png,tanzania-080526,dpc-176-KTR-72502946.png,gs://tanzania_02032026/TZ2025-Box5/KTR-72502946/dpc-176-KTR-72502946.png,dense,heavy rouleaux,5,4,KTR-72502946,176,train,,,
tanzania-080526/dpc-177-KTR-72502946.png,tanzania-080526,dpc-177-KTR-72502946.png,gs://tanzania_02032026/TZ2025-Box5/KTR-72502946/dpc-177-KTR-72502946.png,dense,heavy rouleaux,5,4,KTR-72502946,177,train,,,
tanzania-080526/dpc-178-KTR-72502946.png,tanzania-080526,dpc-178-KTR-72502946.png,gs://tanzania_02032026/TZ2025-Box5/KTR-72502946/dpc-178-KTR-72502946.png,dense,rouleaux,5,3,KTR-72502946,178,train,,,
tanzania-080526/dpc-179-KTR-72502946.png,tanzania-080526,dpc-179-KTR-72502946.png,gs://tanzania_02032026/TZ2025-Box5/KTR-72502946/dpc-179-KTR-72502946.png,dense,heavy rouleaux,5,4,KTR-72502946,179,train,,,
tanzania-080526/dpc-180-KTR-72502946.png,tanzania-080526,dpc-180-KTR-72502946.png,gs://tanzania_02032026/TZ2025-Box5/KTR-72502946/dpc-180-KTR-72502946.png,dense,heavy rouleaux,5,4,KTR-72502946,180,train,,,
tanzania-080526/dpc-181-KTR-72502946.png,tanzania-080526,dpc-181-KTR-72502946.png,gs://tanzania_02032026/TZ2025-Box5/KTR-72502946/dpc-181-KTR-72502946.png,monolayer,no rouleaux,3,0,KTR-72502946,181,train,,,
tanzania-080526/dpc-182-KTR-72502946.png,tanzania-080526,dpc-182-KTR-72502946.png,gs://tanzania_02032026/TZ2025-Box5/KTR-72502946/dpc-182-KTR-72502946.png,monolayer,no rouleaux,3,0,KTR-72502946,182,train,,,
tanzania-080526/dpc-183-KTR-72502946.png,tanzania-080526,dpc-183-KTR-72502946.png,gs://tanzania_02032026/TZ2025-Box5/KTR-72502946/dpc-183-KTR-72502946.png,monolayer,no rouleaux,3,0,KTR-72502946,183,train,,,
tanzania-080526/dpc-184-KTR-72502946.png,tanzania-080526,dpc-184-KTR-72502946.png,gs://tanzania_02032026/TZ2025-Box5/KTR-72502946/dpc-184-KTR-72502946.png,monolayer,no rouleaux,3,0,KTR-72502946,184,train,,,
tanzania-080526/dpc-185-KTR-72502946.png,tanzania-080526,dpc-185-KTR-72502946.png,gs://tanzania_02032026/TZ2025-Box5/KTR-72502946/dpc-185-KTR-72502946.png,monolayer,no rouleaux,3,0,KTR-72502946,185,train,,,
tanzania-080526/dpc-186-KTR-72502946.png,tanzania-080526,dpc-186-KTR-72502946.png,gs://tanzania_02032026/TZ2025-Box5/KTR-72502946/dpc-186-KTR-72502946.png,monolayer,no rouleaux,3,0,KTR-72502946,186,train,,,
tanzania-080526/dpc-187-KTR-72502946.png,tanzania-080526,dpc-187-KTR-72502946.png,gs://tanzania_02032026/TZ2025-Box5/KTR-72502946/dpc-187-KTR-72502946.png,monolayer,no rouleaux,3,0,KTR-72502946,187,train,,,
tanzania-080526/dpc-188-KTR-72502946.png,tanzania-080526,dpc-188-KTR-72502946.png,gs://tanzania_02032026/TZ2025-Box5/KTR-72502946/dpc-188-KTR-72502946.png,monolayer,no rouleaux,3,0,KTR-72502946,188,train,,,
tanzania-080526/dpc-189-KTR-72502946.png,tanzania-080526,dpc-189-KTR-72502946.png,gs://tanzania_02032026/TZ2025-Box5/KTR-72502946/dpc-189-KTR-72502946.png,slightly dense,no rouleaux,4,0,KTR-72502946,189,train,,,
tanzania-080526/dpc-190-KTR-72502946.png,tanzania-080526,dpc-190-KTR-72502946.png,gs://tanzania_02032026/TZ2025-Box5/KTR-72502946/dpc-190-KTR-72502946.png,dense,heavy rouleaux,5,4,KTR-72502946,190,train,,,
tanzania-080526/dpc-191-KTR-72502946.png,tanzania-080526,dpc-191-KTR-72502946.png,gs://tanzania_02032026/TZ2025-Box5/KTR-72502946/dpc-191-KTR-72502946.png,very dense,heavy rouleaux,6,4,KTR-72502946,191,train,,,
tanzania-080526/dpc-192-KTR-72502946.png,tanzania-080526,dpc-192-KTR-72502946.png,gs://tanzania_02032026/TZ2025-Box5/KTR-72502946/dpc-192-KTR-72502946.png,very dense,heavy rouleaux,6,4,KTR-72502946,192,train,,,
tanzania-080526/dpc-193-KTR-72502946.png,tanzania-080526,dpc-193-KTR-72502946.png,gs://tanzania_02032026/TZ2025-Box5/KTR-72502946/dpc-193-KTR-72502946.png,very dense,heavy rouleaux,6,4,KTR-72502946,193,train,,,
tanzania-080526/dpc-194-KTR-72502946.png,tanzania-080526,dpc-194-KTR-72502946.png,gs://tanzania_02032026/TZ2025-Box5/KTR-72502946/dpc-194-KTR-72502946.png,dense,heavy rouleaux,5,4,KTR-72502946,194,train,,,
tanzania-080526/dpc-195-KTR-72502946.png,tanzania-080526,dpc-195-KTR-72502946.png,gs://tanzania_02032026/TZ2025-Box5/KTR-72502946/dpc-195-KTR-72502946.png,dense,heavy rouleaux,5,4,KTR-72502946,195,train,,,
tanzania-080526/dpc-196-KTR-72502946.png,tanzania-080526,dpc-196-KTR-72502946.png,gs://tanzania_02032026/TZ2025-Box5/KTR-72502946/dpc-196-KTR-72502946.png,dense,rouleaux,5,3,KTR-72502946,196,train,,,
tanzania-080526/dpc-197-KTR-72502946.png,tanzania-080526,dpc-197-KTR-72502946.png,gs://tanzania_02032026/TZ2025-Box5/KTR-72502946/dpc-197-KTR-72502946.png,dense,rouleaux,5,3,KTR-72502946,197,train,,,
tanzania-080526/dpc-198-KTR-72502946.png,tanzania-080526,dpc-198-KTR-72502946.png,gs://tanzania_02032026/TZ2025-Box5/KTR-72502946/dpc-198-KTR-72502946.png,dense,some rouleaux,5,2,KTR-72502946,198,train,,,Overexposed
tanzania-080526/dpc-199-KTR-72502946.png,tanzania-080526,dpc-199-KTR-72502946.png,gs://tanzania_02032026/TZ2025-Box5/KTR-72502946/dpc-199-KTR-72502946.png,monolayer,no rouleaux,3,0,KTR-72502946,199,train,,,Large
tanzania-080526/dpc-200-KTR-72502946.png,tanzania-080526,dpc-200-KTR-72502946.png,gs://tanzania_02032026/TZ2025-Box5/KTR-72502946/dpc-200-KTR-72502946.png,monolayer,no rouleaux,3,0,KTR-72502946,200,train,,,
tanzania-080526/dpc-201-KTR-72502946.png,tanzania-080526,dpc-201-KTR-72502946.png,gs://tanzania_02032026/TZ2025-Box5/KTR-72502946/dpc-201-KTR-72502946.png,monolayer,no rouleaux,3,0,KTR-72502946,201,train,,,
tanzania-080526/dpc-202-KTR-72502946.png,tanzania-080526,dpc-202-KTR-72502946.png,gs://tanzania_02032026/TZ2025-Box5/KTR-72502946/dpc-202-KTR-72502946.png,monolayer,no rouleaux,3,0,KTR-72502946,202,train,,,
tanzania-080526/dpc-203-KTR-72502946.png,tanzania-080526,dpc-203-KTR-72502946.png,gs://tanzania_02032026/TZ2025-Box5/KTR-72502946/dpc-203-KTR-72502946.png,monolayer,no rouleaux,3,0,KTR-72502946,203,train,,,
tanzania-080526/dpc-204-KTR-72502946.png,tanzania-080526,dpc-204-KTR-72502946.png,gs://tanzania_02032026/TZ2025-Box5/KTR-72502946/dpc-204-KTR-72502946.png,monolayer,no rouleaux,3,0,KTR-72502946,204,train,,,
tanzania-080526/dpc-205-KTR-72502946.png,tanzania-080526,dpc-205-KTR-72502946.png,gs://tanzania_02032026/TZ2025-Box5/KTR-72502946/dpc-205-KTR-72502946.png,monolayer,no rouleaux,3,0,KTR-72502946,205,train,,,
tanzania-080526/dpc-206-KTR-72502946.png,tanzania-080526,dpc-206-KTR-72502946.png,gs://tanzania_02032026/TZ2025-Box5/KTR-72502946/dpc-206-KTR-72502946.png,slightly dense,slight rouleaux,4,1,KTR-72502946,206,train,,,
tanzania-080526/dpc-207-KTR-72502946.png,tanzania-080526,dpc-207-KTR-72502946.png,gs://tanzania_02032026/TZ2025-Box5/KTR-72502946/dpc-207-KTR-72502946.png,dense,some rouleaux,5,2,KTR-72502946,207,train,,,
tanzania-080526/dpc-208-KTR-72502946.png,tanzania-080526,dpc-208-KTR-72502946.png,gs://tanzania_02032026/TZ2025-Box5/KTR-72502946/dpc-208-KTR-72502946.png,very dense,heavy rouleaux,6,4,KTR-72502946,208,train,,,
tanzania-080526/dpc-209-KTR-72502946.png,tanzania-080526,dpc-209-KTR-72502946.png,gs://tanzania_02032026/TZ2025-Box5/KTR-72502946/dpc-209-KTR-72502946.png,very dense,heavy rouleaux,6,4,KTR-72502946,209,train,,,
tanzania-080526/dpc-210-KTR-72502946.png,tanzania-080526,dpc-210-KTR-72502946.png,gs://tanzania_02032026/TZ2025-Box5/KTR-72502946/dpc-210-KTR-72502946.png,very dense,heavy rouleaux,6,4,KTR-72502946,210,train,,,
tanzania-080526/dpc-211-KTR-72502946.png,tanzania-080526,dpc-211-KTR-72502946.png,gs://tanzania_02032026/TZ2025-Box5/KTR-72502946/dpc-211-KTR-72502946.png,very dense,heavy rouleaux,6,4,KTR-72502946,211,train,,,
tanzania-080526/dpc-212-KTR-72502946.png,tanzania-080526,dpc-212-KTR-72502946.png,gs://tanzania_02032026/TZ2025-Box5/KTR-72502946/dpc-212-KTR-72502946.png,very dense,heavy rouleaux,6,4,KTR-72502946,212,train,,,
tanzania-080526/dpc-213-KTR-72502946.png,tanzania-080526,dpc-213-KTR-72502946.png,gs://tanzania_02032026/TZ2025-Box5/KTR-72502946/dpc-213-KTR-72502946.png,very dense,heavy rouleaux,6,4,KTR-72502946,213,train,,,
tanzania-080526/dpc-214-KTR-72502946.png,tanzania-080526,dpc-214-KTR-72502946.png,gs://tanzania_02032026/TZ2025-Box5/KTR-72502946/dpc-214-KTR-72502946.png,very dense,heavy rouleaux,6,4,KTR-72502946,214,train,,,
tanzania-080526/dpc-215-KTR-72502946.png,tanzania-080526,dpc-215-KTR-72502946.png,gs://tanzania_02032026/TZ2025-Box5/KTR-72502946/dpc-215-KTR-72502946.png,very dense,heavy rouleaux,6,4,KTR-72502946,215,train,,,
tanzania-080526/dpc-216-KTR-72502946.png,tanzania-080526,dpc-216-KTR-72502946.png,gs://tanzania_02032026/TZ2025-Box5/KTR-72502946/dpc-216-KTR-72502946.png,very dense,heavy rouleaux,6,4,KTR-72502946,216,train,,,
tanzania-080526/dpc-217-KTR-72502946.png,tanzania-080526,dpc-217-KTR-72502946.png,gs://tanzania_02032026/TZ2025-Box5/KTR-72502946/dpc-217-KTR-72502946.png,monolayer,no rouleaux,3,0,KTR-72502946,217,train,,,
tanzania-080526/dpc-218-KTR-72502946.png,tanzania-080526,dpc-218-KTR-72502946.png,gs://tanzania_02032026/TZ2025-Box5/KTR-72502946/dpc-218-KTR-72502946.png,monolayer,no rouleaux,3,0,KTR-72502946,218,train,,,
tanzania-080526/dpc-219-KTR-72502946.png,tanzania-080526,dpc-219-KTR-72502946.png,gs://tanzania_02032026/TZ2025-Box5/KTR-72502946/dpc-219-KTR-72502946.png,monolayer,no rouleaux,3,0,KTR-72502946,219,train,,,
tanzania-080526/dpc-220-KTR-72502946.png,tanzania-080526,dpc-220-KTR-72502946.png,gs://tanzania_02032026/TZ2025-Box5/KTR-72502946/dpc-220-KTR-72502946.png,monolayer,no rouleaux,3,0,KTR-72502946,220,train,,,
tanzania-080526/dpc-221-KTR-72502946.png,tanzania-080526,dpc-221-KTR-72502946.png,gs://tanzania_02032026/TZ2025-Box5/KTR-72502946/dpc-221-KTR-72502946.png,monolayer,no rouleaux,3,0,KTR-72502946,221,train,,,
tanzania-080526/dpc-222-KTR-72502946.png,tanzania-080526,dpc-222-KTR-72502946.png,gs://tanzania_02032026/TZ2025-Box5/KTR-72502946/dpc-222-KTR-72502946.png,monolayer,no rouleaux,3,0,KTR-72502946,222,train,,,
tanzania-080526/dpc-223-KTR-72502946.png,tanzania-080526,dpc-223-KTR-72502946.png,gs://tanzania_02032026/TZ2025-Box5/KTR-72502946/dpc-223-KTR-72502946.png,monolayer,no rouleaux,3,0,KTR-72502946,223,train,,,
tanzania-080526/dpc-224-KTR-72502946.png,tanzania-080526,dpc-224-KTR-72502946.png,gs://tanzania_02032026/TZ2025-Box5/KTR-72502946/dpc-224-KTR-72502946.png,monolayer,slight rouleaux,3,1,KTR-72502946,224,train,,,
tanzania-080526/dpc-225-KTR-72502946.png,tanzania-080526,dpc-225-KTR-72502946.png,gs://tanzania_02032026/TZ2025-Box5/KTR-72502946/dpc-225-KTR-72502946.png,monolayer,no rouleaux,3,0,KTR-72502946,225,train,,,
tanzania-080526/dpc-226-KTR-72502946.png,tanzania-080526,dpc-226-KTR-72502946.png,gs://tanzania_02032026/TZ2025-Box5/KTR-72502946/dpc-226-KTR-72502946.png,slightly dense,rouleaux,4,3,KTR-72502946,226,train,,,
tanzania-080526/dpc-227-KTR-72502946.png,tanzania-080526,dpc-227-KTR-72502946.png,gs://tanzania_02032026/TZ2025-Box5/KTR-72502946/dpc-227-KTR-72502946.png,dense,heavy rouleaux,5,4,KTR-72502946,227,train,,,
tanzania-080526/dpc-228-KTR-72502946.png,tanzania-080526,dpc-228-KTR-72502946.png,gs://tanzania_02032026/TZ2025-Box5/KTR-72502946/dpc-228-KTR-72502946.png,dense,heavy rouleaux,5,4,KTR-72502946,228,train,,,
tanzania-080526/dpc-229-KTR-72502946.png,tanzania-080526,dpc-229-KTR-72502946.png,gs://tanzania_02032026/TZ2025-Box5/KTR-72502946/dpc-229-KTR-72502946.png,dense,heavy rouleaux,5,4,KTR-72502946,229,train,,,
tanzania-080526/dpc-230-KTR-72502946.png,tanzania-080526,dpc-230-KTR-72502946.png,gs://tanzania_02032026/TZ2025-Box5/KTR-72502946/dpc-230-KTR-72502946.png,dense,rouleaux,5,3,KTR-72502946,230,train,,,
tanzania-080526/dpc-231-KTR-72502946.png,tanzania-080526,dpc-231-KTR-72502946.png,gs://tanzania_02032026/TZ2025-Box5/KTR-72502946/dpc-231-KTR-72502946.png,dense,heavy rouleaux,5,4,KTR-72502946,231,train,,,
tanzania-080526/dpc-232-KTR-72502946.png,tanzania-080526,dpc-232-KTR-72502946.png,gs://tanzania_02032026/TZ2025-Box5/KTR-72502946/dpc-232-KTR-72502946.png,dense,rouleaux,5,3,KTR-72502946,232,train,,,
tanzania-080526/dpc-233-KTR-72502946.png,tanzania-080526,dpc-233-KTR-72502946.png,gs://tanzania_02032026/TZ2025-Box5/KTR-72502946/dpc-233-KTR-72502946.png,dense,rouleaux,5,3,KTR-72502946,233,train,,,
tanzania-080526/dpc-234-KTR-72502946.png,tanzania-080526,dpc-234-KTR-72502946.png,gs://tanzania_02032026/TZ2025-Box5/KTR-72502946/dpc-234-KTR-72502946.png,dense,rouleaux,5,3,KTR-72502946,234,train,,,
tanzania-080526/dpc-235-KTR-72502946.png,tanzania-080526,dpc-235-KTR-72502946.png,gs://tanzania_02032026/TZ2025-Box5/KTR-72502946/dpc-235-KTR-72502946.png,monolayer,no rouleaux,3,0,KTR-72502946,235,train,,,
tanzania-080526/dpc-236-KTR-72502946.png,tanzania-080526,dpc-236-KTR-72502946.png,gs://tanzania_02032026/TZ2025-Box5/KTR-72502946/dpc-236-KTR-72502946.png,monolayer,no rouleaux,3,0,KTR-72502946,236,train,,,
tanzania-080526/dpc-237-KTR-72502946.png,tanzania-080526,dpc-237-KTR-72502946.png,gs://tanzania_02032026/TZ2025-Box5/KTR-72502946/dpc-237-KTR-72502946.png,monolayer,no rouleaux,3,0,KTR-72502946,237,train,,,
tanzania-080526/dpc-238-KTR-72502946.png,tanzania-080526,dpc-238-KTR-72502946.png,gs://tanzania_02032026/TZ2025-Box5/KTR-72502946/dpc-238-KTR-72502946.png,monolayer,no rouleaux,3,0,KTR-72502946,238,train,,,
tanzania-080526/dpc-239-KTR-72502946.png,tanzania-080526,dpc-239-KTR-72502946.png,gs://tanzania_02032026/TZ2025-Box5/KTR-72502946/dpc-239-KTR-72502946.png,monolayer,no rouleaux,3,0,KTR-72502946,239,train,,,
tanzania-080526/dpc-240-KTR-72502946.png,tanzania-080526,dpc-240-KTR-72502946.png,gs://tanzania_02032026/TZ2025-Box5/KTR-72502946/dpc-240-KTR-72502946.png,monolayer,no rouleaux,3,0,KTR-72502946,240,train,,,Medium
tanzania-080526/dpc-241-KTR-72502946.png,tanzania-080526,dpc-241-KTR-72502946.png,gs://tanzania_02032026/TZ2025-Box5/KTR-72502946/dpc-241-KTR-72502946.png,monolayer,no rouleaux,3,0,KTR-72502946,241,train,,,
tanzania-080526/dpc-242-KTR-72502946.png,tanzania-080526,dpc-242-KTR-72502946.png,gs://tanzania_02032026/TZ2025-Box5/KTR-72502946/dpc-242-KTR-72502946.png,monolayer,no rouleaux,3,0,KTR-72502946,242,train,,,
tanzania-080526/dpc-243-KTR-72502946.png,tanzania-080526,dpc-243-KTR-72502946.png,gs://tanzania_02032026/TZ2025-Box5/KTR-72502946/dpc-243-KTR-72502946.png,monolayer,no rouleaux,3,0,KTR-72502946,243,train,,,
tanzania-080526/dpc-244-KTR-72502946.png,tanzania-080526,dpc-244-KTR-72502946.png,gs://tanzania_02032026/TZ2025-Box5/KTR-72502946/dpc-244-KTR-72502946.png,slightly dense,slight rouleaux,4,1,KTR-72502946,244,train,,,
tanzania-080526/dpc-245-KTR-72502946.png,tanzania-080526,dpc-245-KTR-72502946.png,gs://tanzania_02032026/TZ2025-Box5/KTR-72502946/dpc-245-KTR-72502946.png,slightly dense,slight rouleaux,4,1,KTR-72502946,245,train,,,
tanzania-080526/dpc-246-KTR-72502946.png,tanzania-080526,dpc-246-KTR-72502946.png,gs://tanzania_02032026/TZ2025-Box5/KTR-72502946/dpc-246-KTR-72502946.png,slightly dense,slight rouleaux,4,1,KTR-72502946,246,train,,,
tanzania-080526/dpc-247-KTR-72502946.png,tanzania-080526,dpc-247-KTR-72502946.png,gs://tanzania_02032026/TZ2025-Box5/KTR-72502946/dpc-247-KTR-72502946.png,slightly dense,slight rouleaux,4,1,KTR-72502946,247,train,,,
tanzania-080526/dpc-248-KTR-72502946.png,tanzania-080526,dpc-248-KTR-72502946.png,gs://tanzania_02032026/TZ2025-Box5/KTR-72502946/dpc-248-KTR-72502946.png,slightly dense,slight rouleaux,4,1,KTR-72502946,248,train,,,
tanzania-080526/dpc-249-KTR-72502946.png,tanzania-080526,dpc-249-KTR-72502946.png,gs://tanzania_02032026/TZ2025-Box5/KTR-72502946/dpc-249-KTR-72502946.png,slightly dense,some rouleaux,4,2,KTR-72502946,249,train,,,
tanzania-080526/dpc-250-KTR-72502946.png,tanzania-080526,dpc-250-KTR-72502946.png,gs://tanzania_02032026/TZ2025-Box5/KTR-72502946/dpc-250-KTR-72502946.png,slightly dense,some rouleaux,4,2,KTR-72502946,250,train,,,
tanzania-080526/dpc-251-KTR-72502946.png,tanzania-080526,dpc-251-KTR-72502946.png,gs://tanzania_02032026/TZ2025-Box5/KTR-72502946/dpc-251-KTR-72502946.png,slightly dense,slight rouleaux,4,1,KTR-72502946,251,train,,,
tanzania-080526/dpc-252-KTR-72502946.png,tanzania-080526,dpc-252-KTR-72502946.png,gs://tanzania_02032026/TZ2025-Box5/KTR-72502946/dpc-252-KTR-72502946.png,slightly dense,some rouleaux,4,2,KTR-72502946,252,train,,,
tanzania-080526/dpc-253-KTR-72502946.png,tanzania-080526,dpc-253-KTR-72502946.png,gs://tanzania_02032026/TZ2025-Box5/KTR-72502946/dpc-253-KTR-72502946.png,monolayer,no rouleaux,3,0,KTR-72502946,253,train,,,
tanzania-080526/dpc-254-KTR-72502946.png,tanzania-080526,dpc-254-KTR-72502946.png,gs://tanzania_02032026/TZ2025-Box5/KTR-72502946/dpc-254-KTR-72502946.png,monolayer,no rouleaux,3,0,KTR-72502946,254,train,,,
tanzania-080526/dpc-255-KTR-72502946.png,tanzania-080526,dpc-255-KTR-72502946.png,gs://tanzania_02032026/TZ2025-Box5/KTR-72502946/dpc-255-KTR-72502946.png,monolayer,no rouleaux,3,0,KTR-72502946,255,train,,,
tanzania-080526/dpc-256-KTR-72502946.png,tanzania-080526,dpc-256-KTR-72502946.png,gs://tanzania_02032026/TZ2025-Box5/KTR-72502946/dpc-256-KTR-72502946.png,monolayer,no rouleaux,3,0,KTR-72502946,256,train,,,
tanzania-080526/dpc-257-KTR-72502946.png,tanzania-080526,dpc-257-KTR-72502946.png,gs://tanzania_02032026/TZ2025-Box5/KTR-72502946/dpc-257-KTR-72502946.png,monolayer,no rouleaux,3,0,KTR-72502946,257,train,,,
tanzania-080526/dpc-258-KTR-72502946.png,tanzania-080526,dpc-258-KTR-72502946.png,gs://tanzania_02032026/TZ2025-Box5/KTR-72502946/dpc-258-KTR-72502946.png,monolayer,no rouleaux,3,0,KTR-72502946,258,train,,,
tanzania-080526/dpc-259-KTR-72502946.png,tanzania-080526,dpc-259-KTR-72502946.png,gs://tanzania_02032026/TZ2025-Box5/KTR-72502946/dpc-259-KTR-72502946.png,monolayer,no rouleaux,3,0,KTR-72502946,259,train,,,
tanzania-080526/dpc-260-KTR-72502946.png,tanzania-080526,dpc-260-KTR-72502946.png,gs://tanzania_02032026/TZ2025-Box5/KTR-72502946/dpc-260-KTR-72502946.png,monolayer,no rouleaux,3,0,KTR-72502946,260,train,,,
tanzania-080526/dpc-261-KTR-72502946.png,tanzania-080526,dpc-261-KTR-72502946.png,gs://tanzania_02032026/TZ2025-Box5/KTR-72502946/dpc-261-KTR-72502946.png,monolayer,no rouleaux,3,0,KTR-72502946,261,train,,,
tanzania-080526/dpc-262-KTR-72502946.png,tanzania-080526,dpc-262-KTR-72502946.png,gs://tanzania_02032026/TZ2025-Box5/KTR-72502946/dpc-262-KTR-72502946.png,monolayer,no rouleaux,3,0,KTR-72502946,262,train,,,
tanzania-080526/dpc-263-KTR-72502946.png,tanzania-080526,dpc-263-KTR-72502946.png,gs://tanzania_02032026/TZ2025-Box5/KTR-72502946/dpc-263-KTR-72502946.png,monolayer,no rouleaux,3,0,KTR-72502946,263,train,,,
tanzania-080526/dpc-264-KTR-72502946.png,tanzania-080526,dpc-264-KTR-72502946.png,gs://tanzania_02032026/TZ2025-Box5/KTR-72502946/dpc-264-KTR-72502946.png,monolayer,no rouleaux,3,0,KTR-72502946,264,train,,,
tanzania-080526/dpc-265-KTR-72502946.png,tanzania-080526,dpc-265-KTR-72502946.png,gs://tanzania_02032026/TZ2025-Box5/KTR-72502946/dpc-265-KTR-72502946.png,monolayer,no rouleaux,3,0,KTR-72502946,265,train,,,
tanzania-080526/dpc-266-KTR-72502946.png,tanzania-080526,dpc-266-KTR-72502946.png,gs://tanzania_02032026/TZ2025-Box5/KTR-72502946/dpc-266-KTR-72502946.png,monolayer,no rouleaux,3,0,KTR-72502946,266,train,,,
tanzania-080526/dpc-267-KTR-72502946.png,tanzania-080526,dpc-267-KTR-72502946.png,gs://tanzania_02032026/TZ2025-Box5/KTR-72502946/dpc-267-KTR-72502946.png,monolayer,no rouleaux,3,0,KTR-72502946,267,train,,,
tanzania-080526/dpc-268-KTR-72502946.png,tanzania-080526,dpc-268-KTR-72502946.png,gs://tanzania_02032026/TZ2025-Box5/KTR-72502946/dpc-268-KTR-72502946.png,monolayer,slight rouleaux,3,1,KTR-72502946,268,train,,,
tanzania-080526/dpc-269-KTR-72502946.png,tanzania-080526,dpc-269-KTR-72502946.png,gs://tanzania_02032026/TZ2025-Box5/KTR-72502946/dpc-269-KTR-72502946.png,monolayer,slight rouleaux,3,1,KTR-72502946,269,train,,,
tanzania-080526/dpc-270-KTR-72502946.png,tanzania-080526,dpc-270-KTR-72502946.png,gs://tanzania_02032026/TZ2025-Box5/KTR-72502946/dpc-270-KTR-72502946.png,monolayer,slight rouleaux,3,1,KTR-72502946,270,train,,,
tanzania-080526/dpc-271-KTR-72502946.png,tanzania-080526,dpc-271-KTR-72502946.png,gs://tanzania_02032026/TZ2025-Box5/KTR-72502946/dpc-271-KTR-72502946.png,sparser,no rouleaux,2,0,KTR-72502946,271,train,,,Other
tanzania-080526/dpc-272-KTR-72502946.png,tanzania-080526,dpc-272-KTR-72502946.png,gs://tanzania_02032026/TZ2025-Box5/KTR-72502946/dpc-272-KTR-72502946.png,monolayer,no rouleaux,3,0,KTR-72502946,272,train,,,Other
tanzania-080526/dpc-273-KTR-72502946.png,tanzania-080526,dpc-273-KTR-72502946.png,gs://tanzania_02032026/TZ2025-Box5/KTR-72502946/dpc-273-KTR-72502946.png,monolayer,no rouleaux,3,0,KTR-72502946,273,train,,,Other
tanzania-080526/dpc-274-KTR-72502946.png,tanzania-080526,dpc-274-KTR-72502946.png,gs://tanzania_02032026/TZ2025-Box5/KTR-72502946/dpc-274-KTR-72502946.png,monolayer,no rouleaux,3,0,KTR-72502946,274,train,,,Other
tanzania-080526/dpc-275-KTR-72502946.png,tanzania-080526,dpc-275-KTR-72502946.png,gs://tanzania_02032026/TZ2025-Box5/KTR-72502946/dpc-275-KTR-72502946.png,monolayer,no rouleaux,3,0,KTR-72502946,275,train,,,Other
tanzania-080526/dpc-276-KTR-72502946.png,tanzania-080526,dpc-276-KTR-72502946.png,gs://tanzania_02032026/TZ2025-Box5/KTR-72502946/dpc-276-KTR-72502946.png,monolayer,no rouleaux,3,0,KTR-72502946,276,train,,,
tanzania-080526/dpc-277-KTR-72502946.png,tanzania-080526,dpc-277-KTR-72502946.png,gs://tanzania_02032026/TZ2025-Box5/KTR-72502946/dpc-277-KTR-72502946.png,monolayer,no rouleaux,3,0,KTR-72502946,277,train,,,
tanzania-080526/dpc-278-KTR-72502946.png,tanzania-080526,dpc-278-KTR-72502946.png,gs://tanzania_02032026/TZ2025-Box5/KTR-72502946/dpc-278-KTR-72502946.png,monolayer,no rouleaux,3,0,KTR-72502946,278,train,,,
tanzania-080526/dpc-279-KTR-72502946.png,tanzania-080526,dpc-279-KTR-72502946.png,gs://tanzania_02032026/TZ2025-Box5/KTR-72502946/dpc-279-KTR-72502946.png,monolayer,no rouleaux,3,0,KTR-72502946,279,train,,,
tanzania-080526/dpc-280-KTR-72502946.png,tanzania-080526,dpc-280-KTR-72502946.png,gs://tanzania_02032026/TZ2025-Box5/KTR-72502946/dpc-280-KTR-72502946.png,monolayer,no rouleaux,3,0,KTR-72502946,280,train,,,
tanzania-080526/dpc-281-KTR-72502946.png,tanzania-080526,dpc-281-KTR-72502946.png,gs://tanzania_02032026/TZ2025-Box5/KTR-72502946/dpc-281-KTR-72502946.png,monolayer,no rouleaux,3,0,KTR-72502946,281,train,,,
tanzania-080526/dpc-282-KTR-72502946.png,tanzania-080526,dpc-282-KTR-72502946.png,gs://tanzania_02032026/TZ2025-Box5/KTR-72502946/dpc-282-KTR-72502946.png,monolayer,no rouleaux,3,0,KTR-72502946,282,train,,,
tanzania-080526/dpc-283-KTR-72502946.png,tanzania-080526,dpc-283-KTR-72502946.png,gs://tanzania_02032026/TZ2025-Box5/KTR-72502946/dpc-283-KTR-72502946.png,monolayer,no rouleaux,3,0,KTR-72502946,283,train,,,
tanzania-080526/dpc-284-KTR-72502946.png,tanzania-080526,dpc-284-KTR-72502946.png,gs://tanzania_02032026/TZ2025-Box5/KTR-72502946/dpc-284-KTR-72502946.png,monolayer,no rouleaux,3,0,KTR-72502946,284,train,,,
tanzania-080526/dpc-285-KTR-72502946.png,tanzania-080526,dpc-285-KTR-72502946.png,gs://tanzania_02032026/TZ2025-Box5/KTR-72502946/dpc-285-KTR-72502946.png,monolayer,no rouleaux,3,0,KTR-72502946,285,train,,,
tanzania-080526/dpc-286-KTR-72502946.png,tanzania-080526,dpc-286-KTR-72502946.png,gs://tanzania_02032026/TZ2025-Box5/KTR-72502946/dpc-286-KTR-72502946.png,monolayer,no rouleaux,3,0,KTR-72502946,286,train,,,
tanzania-080526/dpc-287-KTR-72502946.png,tanzania-080526,dpc-287-KTR-72502946.png,gs://tanzania_02032026/TZ2025-Box5/KTR-72502946/dpc-287-KTR-72502946.png,monolayer,no rouleaux,3,0,KTR-72502946,287,train,,,
tanzania-080526/dpc-288-KTR-72502946.png,tanzania-080526,dpc-288-KTR-72502946.png,gs://tanzania_02032026/TZ2025-Box5/KTR-72502946/dpc-288-KTR-72502946.png,monolayer,no rouleaux,3,0,KTR-72502946,288,train,,,
tanzania-080526/dpc-289-KTR-72502946.png,tanzania-080526,dpc-289-KTR-72502946.png,gs://tanzania_02032026/TZ2025-Box5/KTR-72502946/dpc-289-KTR-72502946.png,sparser,no rouleaux,2,0,KTR-72502946,289,train,,,Other
tanzania-080526/dpc-290-KTR-72502946.png,tanzania-080526,dpc-290-KTR-72502946.png,gs://tanzania_02032026/TZ2025-Box5/KTR-72502946/dpc-290-KTR-72502946.png,monolayer,no rouleaux,3,0,KTR-72502946,290,train,,,Other
tanzania-080526/dpc-291-KTR-72502946.png,tanzania-080526,dpc-291-KTR-72502946.png,gs://tanzania_02032026/TZ2025-Box5/KTR-72502946/dpc-291-KTR-72502946.png,monolayer,no rouleaux,3,0,KTR-72502946,291,train,,,Other
tanzania-080526/dpc-292-KTR-72502946.png,tanzania-080526,dpc-292-KTR-72502946.png,gs://tanzania_02032026/TZ2025-Box5/KTR-72502946/dpc-292-KTR-72502946.png,monolayer,no rouleaux,3,0,KTR-72502946,292,train,,,Other
tanzania-080526/dpc-293-KTR-72502946.png,tanzania-080526,dpc-293-KTR-72502946.png,gs://tanzania_02032026/TZ2025-Box5/KTR-72502946/dpc-293-KTR-72502946.png,monolayer,no rouleaux,3,0,KTR-72502946,293,train,,,
tanzania-080526/dpc-294-KTR-72502946.png,tanzania-080526,dpc-294-KTR-72502946.png,gs://tanzania_02032026/TZ2025-Box5/KTR-72502946/dpc-294-KTR-72502946.png,monolayer,no rouleaux,3,0,KTR-72502946,294,train,,,
tanzania-080526/dpc-295-KTR-72502946.png,tanzania-080526,dpc-295-KTR-72502946.png,gs://tanzania_02032026/TZ2025-Box5/KTR-72502946/dpc-295-KTR-72502946.png,monolayer,no rouleaux,3,0,KTR-72502946,295,train,,,
tanzania-080526/dpc-296-KTR-72502946.png,tanzania-080526,dpc-296-KTR-72502946.png,gs://tanzania_02032026/TZ2025-Box5/KTR-72502946/dpc-296-KTR-72502946.png,monolayer,no rouleaux,3,0,KTR-72502946,296,train,,,
tanzania-080526/dpc-297-KTR-72502946.png,tanzania-080526,dpc-297-KTR-72502946.png,gs://tanzania_02032026/TZ2025-Box5/KTR-72502946/dpc-297-KTR-72502946.png,monolayer,no rouleaux,3,0,KTR-72502946,297,train,,,
tanzania-080526/dpc-298-KTR-72502946.png,tanzania-080526,dpc-298-KTR-72502946.png,gs://tanzania_02032026/TZ2025-Box5/KTR-72502946/dpc-298-KTR-72502946.png,monolayer,no rouleaux,3,0,KTR-72502946,298,train,,,
tanzania-080526/dpc-299-KTR-72502946.png,tanzania-080526,dpc-299-KTR-72502946.png,gs://tanzania_02032026/TZ2025-Box5/KTR-72502946/dpc-299-KTR-72502946.png,monolayer,no rouleaux,3,0,KTR-72502946,299,train,,,
tanzania-080526/dpc-300-KTR-72502946.png,tanzania-080526,dpc-300-KTR-72502946.png,gs://tanzania_02032026/TZ2025-Box5/KTR-72502946/dpc-300-KTR-72502946.png,monolayer,no rouleaux,3,0,KTR-72502946,300,train,,,
tanzania-080526/dpc-301-KTR-72502946.png,tanzania-080526,dpc-301-KTR-72502946.png,gs://tanzania_02032026/TZ2025-Box5/KTR-72502946/dpc-301-KTR-72502946.png,monolayer,no rouleaux,3,0,KTR-72502946,301,train,,,
tanzania-080526/dpc-302-KTR-72502946.png,tanzania-080526,dpc-302-KTR-72502946.png,gs://tanzania_02032026/TZ2025-Box5/KTR-72502946/dpc-302-KTR-72502946.png,monolayer,no rouleaux,3,0,KTR-72502946,302,train,,,
tanzania-080526/dpc-303-KTR-72502946.png,tanzania-080526,dpc-303-KTR-72502946.png,gs://tanzania_02032026/TZ2025-Box5/KTR-72502946/dpc-303-KTR-72502946.png,monolayer,no rouleaux,3,0,KTR-72502946,303,train,,,
tanzania-080526/dpc-304-KTR-72502946.png,tanzania-080526,dpc-304-KTR-72502946.png,gs://tanzania_02032026/TZ2025-Box5/KTR-72502946/dpc-304-KTR-72502946.png,monolayer,no rouleaux,3,0,KTR-72502946,304,train,,,
tanzania-080526/dpc-305-KTR-72502946.png,tanzania-080526,dpc-305-KTR-72502946.png,gs://tanzania_02032026/TZ2025-Box5/KTR-72502946/dpc-305-KTR-72502946.png,monolayer,no rouleaux,3,0,KTR-72502946,305,train,,,
tanzania-080526/dpc-306-KTR-72502946.png,tanzania-080526,dpc-306-KTR-72502946.png,gs://tanzania_02032026/TZ2025-Box5/KTR-72502946/dpc-306-KTR-72502946.png,monolayer,no rouleaux,3,0,KTR-72502946,306,train,,,
tanzania-080526/dpc-307-KTR-72502946.png,tanzania-080526,dpc-307-KTR-72502946.png,gs://tanzania_02032026/TZ2025-Box5/KTR-72502946/dpc-307-KTR-72502946.png,sparser,no rouleaux,2,0,KTR-72502946,307,train,,,
tanzania-080526/dpc-308-KTR-72502946.png,tanzania-080526,dpc-308-KTR-72502946.png,gs://tanzania_02032026/TZ2025-Box5/KTR-72502946/dpc-308-KTR-72502946.png,sparser,no rouleaux,2,0,KTR-72502946,308,train,,,
tanzania-080526/dpc-309-KTR-72502946.png,tanzania-080526,dpc-309-KTR-72502946.png,gs://tanzania_02032026/TZ2025-Box5/KTR-72502946/dpc-309-KTR-72502946.png,sparser,no rouleaux,2,0,KTR-72502946,309,train,,,
tanzania-080526/dpc-310-KTR-72502946.png,tanzania-080526,dpc-310-KTR-72502946.png,gs://tanzania_02032026/TZ2025-Box5/KTR-72502946/dpc-310-KTR-72502946.png,sparser,no rouleaux,2,0,KTR-72502946,310,train,,,
tanzania-080526/dpc-311-KTR-72502946.png,tanzania-080526,dpc-311-KTR-72502946.png,gs://tanzania_02032026/TZ2025-Box5/KTR-72502946/dpc-311-KTR-72502946.png,monolayer,no rouleaux,3,0,KTR-72502946,311,train,,,
tanzania-080526/dpc-312-KTR-72502946.png,tanzania-080526,dpc-312-KTR-72502946.png,gs://tanzania_02032026/TZ2025-Box5/KTR-72502946/dpc-312-KTR-72502946.png,monolayer,no rouleaux,3,0,KTR-72502946,312,train,,,
tanzania-080526/dpc-313-KTR-72502946.png,tanzania-080526,dpc-313-KTR-72502946.png,gs://tanzania_02032026/TZ2025-Box5/KTR-72502946/dpc-313-KTR-72502946.png,monolayer,no rouleaux,3,0,KTR-72502946,313,train,,,
tanzania-080526/dpc-314-KTR-72502946.png,tanzania-080526,dpc-314-KTR-72502946.png,gs://tanzania_02032026/TZ2025-Box5/KTR-72502946/dpc-314-KTR-72502946.png,monolayer,no rouleaux,3,0,KTR-72502946,314,train,,,
tanzania-080526/dpc-315-KTR-72502946.png,tanzania-080526,dpc-315-KTR-72502946.png,gs://tanzania_02032026/TZ2025-Box5/KTR-72502946/dpc-315-KTR-72502946.png,monolayer,no rouleaux,3,0,KTR-72502946,315,train,,,
tanzania-080526/dpc-316-KTR-72502946.png,tanzania-080526,dpc-316-KTR-72502946.png,gs://tanzania_02032026/TZ2025-Box5/KTR-72502946/dpc-316-KTR-72502946.png,monolayer,no rouleaux,3,0,KTR-72502946,316,train,,,
tanzania-080526/dpc-317-KTR-72502946.png,tanzania-080526,dpc-317-KTR-72502946.png,gs://tanzania_02032026/TZ2025-Box5/KTR-72502946/dpc-317-KTR-72502946.png,monolayer,no rouleaux,3,0,KTR-72502946,317,train,,,
tanzania-080526/dpc-318-KTR-72502946.png,tanzania-080526,dpc-318-KTR-72502946.png,gs://tanzania_02032026/TZ2025-Box5/KTR-72502946/dpc-318-KTR-72502946.png,monolayer,no rouleaux,3,0,KTR-72502946,318,train,,,
tanzania-080526/dpc-319-KTR-72502946.png,tanzania-080526,dpc-319-KTR-72502946.png,gs://tanzania_02032026/TZ2025-Box5/KTR-72502946/dpc-319-KTR-72502946.png,monolayer,no rouleaux,3,0,KTR-72502946,319,train,,,
tanzania-080526/dpc-320-KTR-72502946.png,tanzania-080526,dpc-320-KTR-72502946.png,gs://tanzania_02032026/TZ2025-Box5/KTR-72502946/dpc-320-KTR-72502946.png,monolayer,no rouleaux,3,0,KTR-72502946,320,train,,,
tanzania-080526/dpc-321-KTR-72502946.png,tanzania-080526,dpc-321-KTR-72502946.png,gs://tanzania_02032026/TZ2025-Box5/KTR-72502946/dpc-321-KTR-72502946.png,monolayer,no rouleaux,3,0,KTR-72502946,321,train,,,
tanzania-080526/dpc-322-KTR-72502946.png,tanzania-080526,dpc-322-KTR-72502946.png,gs://tanzania_02032026/TZ2025-Box5/KTR-72502946/dpc-322-KTR-72502946.png,monolayer,no rouleaux,3,0,KTR-72502946,322,train,,,
tanzania-080526/dpc-323-KTR-72502946.png,tanzania-080526,dpc-323-KTR-72502946.png,gs://tanzania_02032026/TZ2025-Box5/KTR-72502946/dpc-323-KTR-72502946.png,monolayer,no rouleaux,3,0,KTR-72502946,323,train,,,
tanzania-080526/dpc-324-KTR-72502946.png,tanzania-080526,dpc-324-KTR-72502946.png,gs://tanzania_02032026/TZ2025-Box5/KTR-72502946/dpc-324-KTR-72502946.png,monolayer,no rouleaux,3,0,KTR-72502946,324,train,,,
