slide_id,site,annotatable,annotatable_rank,n_fovs,mean,median,range,stdev,mad,iqr,p5,p10,p15,p20,p25,p30,p35,p40,p45,p50,p55,p60,p65,p70,p75,p80,p85,p90,p95,p100,frac_density_ge_monolayer,frac_density_ge_slightly_dense,frac_density_ge_dense,frac_density_ge_very_dense,frac_rouleaux_ge_slight_rouleaux,frac_rouleaux_ge_some_rouleaux,frac_rouleaux_ge_rouleaux,frac_rouleaux_ge_heavy_rouleaux,top95_mean,top90_mean,top85_mean,top80_mean,top75_mean,top70_mean,top65_mean,top60_mean,top55_mean,top50_mean,top45_mean,top40_mean,top35_mean,top30_mean,top25_mean,top20_mean,top15_mean,top10_mean,top5_mean
KIT-62500666,KIT,can spot annotate,2,324,1.031465,1.020605,0.681694,0.122064,0.076253,0.151433,0.859609,0.890176,0.903186,0.922949,0.937465,0.962758,0.980141,0.996817,1.009115,1.020605,1.035515,1.058216,1.067558,1.079459,1.088898,1.118034,1.152238,1.173027,1.267267,1.440229,1.0,0.981481,0.225309,0.021605,0.996914,0.675926,0.095679,0.015432,1.041987,1.050927,1.060453,1.069458,1.07872,1.087842,1.096853,1.106227,1.115462,1.125423,1.136183,1.147229,1.159812,1.173918,1.191789,1.214453,1.238859,1.27934,1.347465
KIT-62500668,KIT,can spot annotate,2,324,0.725405,0.766617,1.129131,0.211592,0.120182,0.279308,0.380698,0.420072,0.453947,0.50993,0.582653,0.650224,0.681574,0.714932,0.730522,0.766617,0.797642,0.814994,0.829781,0.842146,0.861961,0.894206,0.951263,0.99962,1.024393,1.129131,0.790123,0.407407,0.003086,0.0,0.385802,0.114198,0.0,0.0,0.749972,0.768939,0.789245,0.808206,0.825337,0.839744,0.852901,0.866304,0.879171,0.892668,0.904799,0.916909,0.931193,0.94686,0.965417,0.987961,1.009096,1.028135,1.042536
KIT-62500670,KIT,hard,1,324,0.952691,1.187008,1.724511,0.534185,0.220413,0.702673,0.0,0.0,0.0,0.24598,0.666427,0.783471,0.973965,1.092456,1.148984,1.187008,1.237456,1.263143,1.299769,1.32899,1.3691,1.381944,1.409448,1.4293,1.460257,1.724511,0.768519,0.67284,0.57716,0.237654,0.716049,0.67284,0.540123,0.20679,1.002182,1.057096,1.122443,1.191778,1.233792,1.270088,1.299454,1.323183,1.341197,1.358307,1.374692,1.39032,1.406802,1.421882,1.435413,1.45055,1.469474,1.494973,1.543194
KIT-62500672,KIT,annotatable,4,324,0.677667,0.707179,1.152548,0.20299,0.087265,0.180723,0.26999,0.46079,0.529135,0.577175,0.605512,0.626741,0.652951,0.673428,0.689925,0.707179,0.720702,0.73345,0.75036,0.767505,0.786235,0.804198,0.837237,0.882992,0.944468,1.152548,0.787037,0.111111,0.0,0.0,0.314815,0.07716,0.006173,0.0,0.709279,0.727077,0.741297,0.753332,0.764032,0.774374,0.784532,0.795286,0.805466,0.815874,0.826979,0.839277,0.854343,0.870071,0.888697,0.912071,0.942515,0.985647,1.05306
KIT-62500679,KIT,annotatable,4,324,0.494455,0.460095,0.897465,0.162571,0.076442,0.189317,0.262946,0.318638,0.363882,0.381954,0.395391,0.407234,0.420368,0.433384,0.448321,0.460095,0.477991,0.489871,0.501409,0.530996,0.584708,0.617196,0.664101,0.721628,0.79807,1.039542,0.287037,0.030864,0.0,0.0,0.070988,0.024691,0.0,0.0,0.508395,0.520441,0.531829,0.541564,0.551642,0.562271,0.57353,0.586277,0.599324,0.613655,0.629586,0.647636,0.670351,0.695858,0.722743,0.752291,0.788608,0.841681,0.922463
KIT-62500680,KIT,hard,1,324,0.775531,0.805189,1.045927,0.17549,0.118738,0.241138,0.468088,0.532385,0.608561,0.645973,0.667515,0.693038,0.719909,0.760556,0.780156,0.805189,0.825456,0.848813,0.867962,0.889913,0.908652,0.931038,0.948608,0.965868,1.000437,1.127613,0.891975,0.419753,0.003086,0.0,0.530864,0.111111,0.0,0.0,0.798938,0.815271,0.83021,0.842608,0.854881,0.867067,0.879344,0.891206,0.901906,0.912473,0.923366,0.934084,0.945298,0.956192,0.967186,0.979233,0.991979,1.011493,1.039907
KIT-62500684,KIT,hard,1,324,0.687455,0.665115,0.758916,0.142196,0.102405,0.217246,0.486479,0.526103,0.544658,0.558708,0.576293,0.596963,0.610007,0.62468,0.642866,0.665115,0.687751,0.708074,0.738971,0.759426,0.793539,0.827881,0.86364,0.897012,0.930082,1.124043,0.891975,0.20679,0.0,0.0,0.234568,0.018519,0.003086,0.0,0.700319,0.710718,0.721622,0.732132,0.743058,0.754119,0.765505,0.778573,0.791589,0.804955,0.81888,0.833559,0.849997,0.866447,0.885053,0.903127,0.921811,0.944282,0.974308
KIT-62500686,KIT,hard,1,324,0.804801,0.813991,0.883635,0.154169,0.090853,0.186833,0.542726,0.62286,0.65256,0.672434,0.707516,0.735652,0.751859,0.77157,0.792482,0.813991,0.832866,0.85095,0.864355,0.878886,0.894349,0.912198,0.931556,0.976031,1.055094,1.28526,0.947531,0.45679,0.021605,0.0,0.540123,0.123457,0.024691,0.0,0.821727,0.835133,0.847514,0.858951,0.870079,0.88056,0.890935,0.902193,0.912918,0.92385,0.934662,0.946241,0.959455,0.973644,0.990697,1.012063,1.041732,1.089229,1.159423
KIT-62500687,KIT,annotatable,4,324,0.506244,0.50678,0.661895,0.13278,0.083603,0.170994,0.280639,0.339098,0.374807,0.40095,0.42492,0.44119,0.460435,0.475679,0.488069,0.50678,0.524821,0.536233,0.549062,0.56495,0.595913,0.627078,0.657611,0.672644,0.719903,0.81504,0.367284,0.0,0.0,0.0,0.015432,0.0,0.0,0.0,0.521504,0.533112,0.543943,0.55368,0.562895,0.572077,0.581254,0.59116,0.600989,0.611154,0.62159,0.632838,0.646273,0.660852,0.676584,0.692294,0.707845,0.729407,0.76458
KIT-62500689,KIT,annotatable (hard),3,324,0.164868,0.152413,0.474743,0.122945,0.106681,0.213092,0.001302,0.00834,0.018104,0.038118,0.048814,0.066755,0.090058,0.103912,0.130149,0.152413,0.188296,0.208826,0.221875,0.241733,0.261906,0.282071,0.309991,0.326174,0.360267,0.474743,0.0,0.0,0.0,0.0,0.0,0.0,0.0,0.0,0.17343,0.182671,0.19319,0.203398,0.213945,0.224992,0.236014,0.248147,0.260064,0.271825,0.282933,0.293232,0.304803,0.316525,0.329009,0.342647,0.358619,0.379851,0.416648
KIT-62500690,KIT,annotatable,4,324,0.306995,0.327854,1.05973,0.128955,0.08108,0.174792,0.078837,0.114072,0.162123,0.193182,0.22136,0.250645,0.270753,0.293766,0.314847,0.327854,0.339526,0.353587,0.367013,0.379308,0.396152,0.415068,0.42959,0.447961,0.473988,1.05973,0.006173,0.003086,0.0,0.0,0.003086,0.003086,0.0,0.0,0.320666,0.332948,0.344964,0.355308,0.365136,0.374106,0.382747,0.391685,0.399082,0.406869,0.414856,0.423553,0.433256,0.442892,0.453642,0.4654,0.479871,0.502571,0.54527
KIT-62500691,KIT,hard,1,324,0.53072,0.531465,1.318988,0.122213,0.083682,0.165258,0.37446,0.39818,0.413074,0.426904,0.439959,0.457475,0.478656,0.49339,0.51296,0.531465,0.544406,0.554094,0.566886,0.582678,0.605217,0.623829,0.64167,0.665095,0.701635,1.318988,0.444444,0.006173,0.006173,0.0,0.012346,0.006173,0.006173,0.0,0.541474,0.549842,0.558709,0.567199,0.576057,0.584963,0.593907,0.603259,0.612249,0.620959,0.63,0.6399,0.652022,0.664644,0.678903,0.69435,0.714953,0.746913,0.809497
KIT-62500693,KIT,hard,1,324,0.459033,0.441714,1.396662,0.222056,0.101485,0.203906,0.0,0.232267,0.279218,0.329638,0.358394,0.377777,0.390902,0.413897,0.431042,0.441714,0.454705,0.477754,0.49793,0.528099,0.5623,0.607316,0.647461,0.706059,0.772529,1.396662,0.259259,0.027778,0.018519,0.0,0.058642,0.027778,0.018519,0.009259,0.482879,0.502051,0.517313,0.530066,0.542535,0.554788,0.56774,0.582318,0.596674,0.612559,0.630585,0.650879,0.675521,0.702605,0.734368,0.769722,0.816305,0.891496,1.032465
KIT-62500696,KIT,annotatable,4,324,0.1304,0.114754,0.514374,0.105432,0.079634,0.15956,0.0,0.0,0.007084,0.024494,0.041919,0.054886,0.073289,0.089483,0.104278,0.114754,0.127074,0.146051,0.156801,0.178745,0.201479,0.2247,0.255909,0.289333,0.325771,0.514374,0.0,0.0,0.0,0.0,0.0,0.0,0.0,0.0,0.137174,0.14469,0.153567,0.162115,0.170625,0.179251,0.188113,0.197459,0.206515,0.216061,0.226281,0.237464,0.250461,0.264246,0.278767,0.294783,0.313315,0.33553,0.363772
KIT-62500700,KIT,annotatable,4,324,0.448726,0.461834,1.139279,0.110894,0.059965,0.132204,0.255784,0.307129,0.352618,0.369867,0.384246,0.406338,0.421965,0.440554,0.450144,0.461834,0.46974,0.480108,0.490239,0.505631,0.516449,0.524898,0.539251,0.559839,0.580015,1.239212,0.166667,0.006173,0.003086,0.0,0.006173,0.006173,0.003086,0.0,0.46131,0.471374,0.480287,0.487565,0.494777,0.501744,0.508423,0.515137,0.52137,0.527838,0.534602,0.542013,0.550395,0.559086,0.568516,0.580363,0.596892,0.621732,0.67373
KIT-62500703,KIT,can spot annotate,2,324,0.525824,0.491357,1.074219,0.197516,0.128844,0.292162,0.254683,0.31437,0.344851,0.366846,0.379023,0.397629,0.409768,0.429392,0.453149,0.491357,0.51972,0.549476,0.577498,0.621905,0.671186,0.712276,0.737458,0.777502,0.867145,1.217493,0.419753,0.061728,0.012346,0.0,0.08642,0.021605,0.012346,0.0,0.542936,0.556861,0.570997,0.584203,0.598171,0.612946,0.62886,0.647279,0.665878,0.684551,0.704255,0.725176,0.74943,0.772773,0.797612,0.823069,0.855081,0.905977,0.993121
KIT-62500704,KIT,annotatable,4,324,0.279422,0.275985,1.111439,0.156879,0.094769,0.180882,0.062564,0.09275,0.113854,0.141475,0.171262,0.205212,0.224246,0.239656,0.256603,0.275985,0.291682,0.304644,0.318172,0.335653,0.352144,0.383153,0.413758,0.450114,0.543224,1.122568,0.046296,0.006173,0.0,0.0,0.009259,0.006173,0.006173,0.0,0.291858,0.303704,0.316247,0.328127,0.33948,0.350542,0.360963,0.372289,0.383297,0.394947,0.407252,0.420807,0.437362,0.455216,0.47691,0.504137,0.539644,0.59531,0.692867
KIT-62500705,KIT,annotatable,4,324,0.481423,0.479889,0.578797,0.124528,0.0926,0.1822,0.276982,0.305652,0.336345,0.367414,0.397083,0.411759,0.427804,0.445836,0.462522,0.479889,0.502512,0.520482,0.543838,0.560044,0.579283,0.597981,0.621135,0.63927,0.673442,0.785421,0.37963,0.0,0.0,0.0,0.003086,0.0,0.0,0.0,0.493498,0.504766,0.516162,0.526569,0.535966,0.545257,0.554813,0.565199,0.57512,0.585477,0.595613,0.606084,0.617093,0.627721,0.639059,0.651522,0.665053,0.684154,0.712371
KIT-62500706,KIT,annotatable,4,324,0.241164,0.218163,0.670494,0.154963,0.069024,0.146804,0.0,0.060906,0.0928,0.129733,0.153703,0.169612,0.179522,0.193295,0.204578,0.218163,0.22867,0.245309,0.25966,0.275908,0.300507,0.33293,0.378307,0.489882,0.588435,0.670494,0.030864,0.0,0.0,0.0,0.0,0.0,0.0,0.0,0.253692,0.26621,0.277972,0.288446,0.298,0.307615,0.317744,0.329276,0.341013,0.353695,0.367902,0.384063,0.404183,0.42642,0.454266,0.48898,0.532573,0.590326,0.621011
KIT-62500708,KIT,can spot annotate,2,324,0.76503,0.79242,0.963776,0.216295,0.178741,0.369638,0.447843,0.46365,0.491358,0.517322,0.565927,0.61386,0.658518,0.698295,0.743954,0.79242,0.827003,0.852777,0.884818,0.902537,0.935565,0.9729,1.016599,1.039666,1.068266,1.32003,0.783951,0.435185,0.021605,0.0,0.496914,0.237654,0.015432,0.0,0.783146,0.801173,0.821082,0.840734,0.860324,0.879598,0.898302,0.917729,0.935159,0.951545,0.967312,0.983086,0.999836,1.017611,1.036618,1.05678,1.076992,1.100326,1.145851
KIT-62500722,KIT,hard,1,324,0.023693,0.009498,0.232312,0.035691,0.006931,0.023397,0.0,0.000509,0.002599,0.003368,0.004202,0.005147,0.00591,0.007007,0.007897,0.009498,0.011062,0.013257,0.016508,0.021607,0.027599,0.034534,0.04731,0.063484,0.106128,0.232312,0.0,0.0,0.0,0.0,0.0,0.0,0.0,0.0,0.024924,0.026287,0.027812,0.029353,0.031039,0.032901,0.034983,0.037484,0.04018,0.043305,0.046917,0.051244,0.05681,0.063056,0.070462,0.0801,0.092967,0.112526,0.143765
KIT-62500724,KIT,hard,1,324,0.114264,0.062303,0.998146,0.148934,0.060883,0.150988,0.0,0.0,0.0,0.004263,0.010576,0.016596,0.024395,0.040497,0.050849,0.062303,0.083551,0.101227,0.113762,0.132525,0.161564,0.194224,0.224051,0.281182,0.411163,0.998146,0.012346,0.009259,0.0,0.0,0.009259,0.009259,0.0,0.0,0.1202,0.126786,0.134624,0.142827,0.15173,0.161475,0.172128,0.184437,0.196952,0.210778,0.226081,0.242808,0.263264,0.286121,0.312414,0.345703,0.389793,0.462517,0.583647
KIT-62500727,KIT,hard,1,324,0.620569,0.652652,1.08726,0.225571,0.109821,0.223856,0.171448,0.271651,0.40229,0.480135,0.52893,0.566326,0.587807,0.609108,0.628088,0.652652,0.666786,0.685702,0.706307,0.72589,0.752786,0.787348,0.819952,0.870757,0.970646,1.08726,0.712963,0.132716,0.0,0.0,0.185185,0.058642,0.0,0.0,0.650612,0.674087,0.69431,0.709024,0.722182,0.734318,0.746376,0.759389,0.772071,0.785059,0.798803,0.813943,0.831656,0.850478,0.871965,0.897108,0.927563,0.971084,1.027405
KIT-62500731,KIT,annotatable,4,324,0.21486,0.215174,0.635266,0.149269,0.12496,0.242128,0.007723,0.018015,0.03514,0.055967,0.07351,0.099151,0.147842,0.170275,0.198415,0.215174,0.232564,0.254731,0.281169,0.29641,0.315638,0.344384,0.374254,0.407928,0.455204,0.635266,0.024691,0.0,0.0,0.0,0.0,0.0,0.0,0.0,0.225867,0.237657,0.250671,0.263381,0.276535,0.290082,0.302766,0.315228,0.326714,0.338536,0.351191,0.36465,0.379241,0.394195,0.411386,0.431415,0.45571,0.488242,0.54487
KIT-62500732,KIT,annotatable,4,324,0.225543,0.193572,0.801388,0.157132,0.10323,0.216675,0.023937,0.043524,0.065254,0.084922,0.100808,0.119823,0.144024,0.15992,0.180919,0.193572,0.220091,0.24037,0.260386,0.284073,0.317483,0.361225,0.39713,0.440727,0.537032,0.801388,0.009259,0.0,0.0,0.0,0.003086,0.0,0.0,0.0,0.23677,0.247778,0.25986,0.271302,0.283048,0.295292,0.307665,0.321274,0.334974,0.349715,0.365385,0.382327,0.40253,0.424631,0.448906,0.475832,0.506425,0.552393,0.603983
KIT-62500733,KIT,hard,1,324,0.405714,0.431913,0.683344,0.123142,0.071176,0.155083,0.175508,0.218774,0.270863,0.303497,0.327772,0.358856,0.384726,0.407043,0.421711,0.431913,0.438554,0.449591,0.465065,0.471155,0.482855,0.496432,0.516811,0.530523,0.585569,0.719288,0.117284,0.0,0.0,0.0,0.0,0.0,0.0,0.0,0.420413,0.432828,0.444241,0.453988,0.463035,0.471294,0.47888,0.48637,0.492841,0.499459,0.506497,0.514222,0.522811,0.531782,0.542582,0.555815,0.571198,0.596255,0.635727
KIT-62500735,KIT,annotatable,4,324,0.322906,0.312562,0.742906,0.154177,0.106426,0.207889,0.087701,0.108111,0.142988,0.188739,0.216162,0.239745,0.260325,0.278532,0.296373,0.312562,0.3302,0.360435,0.38145,0.404404,0.424051,0.448813,0.478243,0.533108,0.608399,0.771266,0.089506,0.0,0.0,0.0,0.0,0.0,0.0,0.0,0.336812,0.34996,0.363861,0.375903,0.387462,0.39855,0.409783,0.422239,0.434257,0.447098,0.460693,0.474987,0.490637,0.506564,0.524573,0.547182,0.574574,0.611712,0.656428
KIT-62500739,KIT,annotatable,4,324,0.757014,0.766895,0.83728,0.196208,0.161101,0.315207,0.437942,0.490938,0.524611,0.565724,0.596508,0.626588,0.658433,0.694367,0.741344,0.766895,0.791452,0.822225,0.856839,0.881549,0.911715,0.939904,0.975544,1.0099,1.051456,1.205894,0.82716,0.401235,0.033951,0.0,0.419753,0.151235,0.006173,0.0,0.774845,0.791868,0.809496,0.825803,0.84225,0.858583,0.874833,0.891995,0.907623,0.922832,0.938708,0.954994,0.972477,0.989294,1.006768,1.025857,1.04923,1.077036,1.124617
KIT-62500740,KIT,can spot annotate,2,324,0.705734,0.713891,0.775604,0.135526,0.095966,0.188635,0.476993,0.523412,0.561808,0.586938,0.622813,0.642558,0.653164,0.666963,0.691527,0.713891,0.736481,0.751363,0.781404,0.798077,0.811447,0.827667,0.844554,0.865068,0.900485,1.058302,0.882716,0.203704,0.0,0.0,0.265432,0.015432,0.0,0.0,0.721411,0.733794,0.745537,0.756133,0.765879,0.775356,0.785072,0.796009,0.806349,0.816573,0.826689,0.836681,0.847179,0.856718,0.866809,0.878583,0.892142,0.912515,0.942296
KIT-62500741,KIT,annotatable,4,324,0.115778,0.097887,0.399322,0.1093,0.097887,0.198983,0.0,0.0,0.0,0.0,0.0,0.0,0.025015,0.055125,0.077547,0.097887,0.117854,0.141719,0.165759,0.182097,0.198983,0.229469,0.260858,0.273796,0.299874,0.399322,0.0,0.0,0.0,0.0,0.0,0.0,0.0,0.0,0.121792,0.128466,0.136408,0.144834,0.154371,0.165251,0.177093,0.188925,0.199759,0.210863,0.221914,0.233352,0.245293,0.256856,0.269371,0.282781,0.294878,0.308709,0.329549
KIT-62500742,KIT,annotatable,4,324,0.545537,0.52922,0.556905,0.125544,0.106664,0.22344,0.3731,0.39441,0.412217,0.422408,0.431241,0.441151,0.46298,0.482584,0.503302,0.52922,0.565711,0.590181,0.609288,0.632485,0.654681,0.67224,0.690784,0.718216,0.743502,0.855862,0.493827,0.006173,0.0,0.0,0.012346,0.0,0.0,0.0,0.555726,0.565044,0.574932,0.584692,0.595108,0.606291,0.618021,0.630817,0.643208,0.65589,0.667555,0.678553,0.690212,0.701207,0.712294,0.724445,0.737765,0.756273,0.784188
KIT-62500744,KIT,annotatable,4,324,0.34362,0.337423,0.669315,0.102758,0.073838,0.148206,0.178747,0.199404,0.229698,0.251966,0.270657,0.286755,0.304953,0.312644,0.326966,0.337423,0.363447,0.37437,0.385072,0.399507,0.418863,0.429658,0.451568,0.476519,0.505999,0.764356,0.021605,0.0,0.0,0.0,0.003086,0.0,0.0,0.0,0.353512,0.362469,0.371509,0.379496,0.38733,0.394945,0.402515,0.410756,0.418844,0.427368,0.435834,0.44402,0.453786,0.463897,0.474906,0.4869,0.502154,0.522519,0.550943
KIT-62500745,KIT,can spot annotate,2,324,0.375928,0.363573,1.121733,0.172801,0.12416,0.249016,0.128946,0.176242,0.199237,0.222858,0.237925,0.27296,0.29446,0.314422,0.34528,0.363573,0.383814,0.403645,0.426202,0.458106,0.486941,0.520986,0.549049,0.586654,0.658801,1.121733,0.095679,0.009259,0.0,0.0,0.037037,0.009259,0.003086,0.0,0.391074,0.404081,0.417476,0.430313,0.443364,0.456421,0.469525,0.48394,0.497577,0.511746,0.526729,0.54324,0.562165,0.581765,0.603618,0.628891,0.659744,0.707737,0.794123
KIT-62500746,KIT,can spot annotate,2,324,0.146926,0.13797,0.588324,0.099615,0.072308,0.14312,0.0,0.0,0.034392,0.057044,0.073455,0.086706,0.09547,0.110128,0.121064,0.13797,0.155342,0.172963,0.196487,0.205461,0.216575,0.237468,0.25366,0.27312,0.300345,0.588324,0.0,0.0,0.0,0.0,0.0,0.0,0.0,0.0,0.154558,0.163027,0.172198,0.17983,0.187411,0.194935,0.202808,0.211512,0.220099,0.229091,0.238085,0.247251,0.256722,0.265946,0.276799,0.288803,0.303095,0.323379,0.359578
KIT-62500750,KIT,annotatable,4,324,0.421622,0.41733,0.87243,0.154704,0.098396,0.193232,0.176637,0.215716,0.252058,0.290736,0.319486,0.347299,0.360804,0.385721,0.40609,0.41733,0.435392,0.444329,0.462612,0.48619,0.512718,0.5416,0.581381,0.621937,0.690929,0.967365,0.209877,0.009259,0.0,0.0,0.018519,0.003086,0.0,0.0,0.435936,0.449318,0.462552,0.474607,0.485846,0.496625,0.507497,0.519203,0.530345,0.542038,0.554343,0.568471,0.585911,0.604652,0.624687,0.647919,0.675865,0.713629,0.776434
KIT-62500762,KIT,hard,1,324,0.298942,0.27379,1.043524,0.163838,0.079322,0.161813,0.091387,0.129053,0.148845,0.180668,0.196619,0.213622,0.226758,0.240251,0.259171,0.27379,0.284998,0.299804,0.314967,0.334327,0.358432,0.393784,0.43964,0.494138,0.571138,1.102074,0.067901,0.015432,0.0,0.0,0.021605,0.015432,0.006173,0.0,0.31048,0.321403,0.332823,0.342981,0.353143,0.363414,0.374256,0.38654,0.398711,0.411685,0.426369,0.44294,0.463316,0.486329,0.514088,0.548234,0.591573,0.658356,0.781788
KIT-62500763,KIT,can spot annotate,2,324,0.678847,0.667111,1.138686,0.199829,0.108696,0.218125,0.380947,0.448447,0.50868,0.534135,0.556053,0.580947,0.60086,0.622045,0.645749,0.667111,0.683297,0.703111,0.720377,0.737178,0.774178,0.795875,0.828886,0.907438,1.057534,1.412087,0.796296,0.12963,0.040123,0.003086,0.225309,0.083333,0.037037,0.006173,0.697391,0.713161,0.727342,0.740193,0.753042,0.765981,0.779447,0.793894,0.808276,0.823236,0.839682,0.857889,0.879725,0.904844,0.9355,0.972891,1.02497,1.112655,1.237772
KIT-62500818,KIT,annotatable (hard),3,324,0.246064,0.253525,0.807999,0.190499,0.153603,0.295649,0.0,0.0,0.0,0.038266,0.076602,0.10781,0.134219,0.185621,0.225798,0.253525,0.272602,0.302403,0.327442,0.343936,0.372251,0.411857,0.441764,0.505783,0.575825,0.807999,0.055556,0.0,0.0,0.0,0.006173,0.0,0.0,0.0,0.258847,0.27303,0.289908,0.307529,0.324033,0.340549,0.357538,0.375232,0.390225,0.405104,0.420972,0.436982,0.45554,0.475084,0.49843,0.524426,0.557896,0.602783,0.657589
KIT-62500833,KIT,annotatable,4,324,0.695043,0.696677,1.107259,0.242422,0.187546,0.37416,0.311465,0.368114,0.410336,0.465577,0.508939,0.535376,0.569469,0.618945,0.653175,0.696677,0.732403,0.762036,0.824772,0.855526,0.883099,0.914079,0.941655,0.988883,1.098203,1.35045,0.682099,0.354938,0.052469,0.0,0.358025,0.123457,0.024691,0.0,0.716598,0.737262,0.758777,0.778582,0.797706,0.817435,0.837501,0.858772,0.878835,0.898579,0.918988,0.939999,0.962658,0.982093,1.004474,1.029577,1.063093,1.115631,1.189679
KIT-62500834,KIT,hard,1,324,0.372255,0.460059,1.134518,0.337319,0.370957,0.653364,0.0,0.0,0.0,0.0,0.0,0.0,0.0,0.0,0.387788,0.460059,0.501266,0.556107,0.588286,0.623108,0.653364,0.704896,0.747586,0.810655,0.864479,1.134518,0.308642,0.033951,0.0,0.0,0.154321,0.024691,0.003086,0.0,0.391593,0.41305,0.438584,0.465678,0.49634,0.531325,0.571615,0.621705,0.654026,0.677052,0.699232,0.720408,0.742044,0.764759,0.789187,0.817204,0.847599,0.884929,0.931263
KIT-62500839,KIT,annotatable,4,324,0.684861,0.680839,0.699905,0.140432,0.098419,0.193897,0.434379,0.490296,0.539911,0.570558,0.593462,0.61428,0.634395,0.647822,0.667878,0.680839,0.704279,0.720509,0.74164,0.764834,0.787359,0.818985,0.842203,0.872718,0.903468,1.034571,0.854938,0.191358,0.0,0.0,0.228395,0.012346,0.0,0.0,0.699733,0.71313,0.725463,0.735942,0.746099,0.756048,0.766204,0.777197,0.787702,0.79893,0.81092,0.822954,0.836567,0.849916,0.864239,0.877852,0.893129,0.911876,0.932925
KIT-62500840,KIT,hard,1,324,0.222477,0.21207,0.423892,0.105224,0.084607,0.172783,0.052939,0.086039,0.109201,0.125115,0.136874,0.150052,0.171974,0.183795,0.196862,0.21207,0.230256,0.256114,0.276382,0.294858,0.309657,0.330122,0.347743,0.365161,0.391555,0.423892,0.0,0.0,0.0,0.0,0.0,0.0,0.0,0.0,0.232336,0.241195,0.250155,0.258256,0.266658,0.275397,0.28421,0.293569,0.302855,0.312571,0.32247,0.331856,0.341477,0.350505,0.360274,0.369814,0.379561,0.392427,0.405429
KIT-62500843,KIT,annotatable,4,324,0.638041,0.62475,0.820361,0.155014,0.104941,0.20888,0.415535,0.449127,0.482288,0.511705,0.53198,0.543708,0.561178,0.578962,0.600196,0.62475,0.64441,0.674017,0.699958,0.724221,0.74086,0.778528,0.80177,0.841398,0.88825,1.049801,0.737654,0.123457,0.0,0.0,0.151235,0.021605,0.0,0.0,0.653496,0.665742,0.678265,0.689431,0.700309,0.711809,0.724004,0.737422,0.750674,0.764112,0.7782,0.792755,0.808551,0.824386,0.842407,0.862194,0.885216,0.918695,0.971379
KIT-62500883,KIT,can spot annotate,2,324,0.378238,0.418378,0.710285,0.152784,0.091263,0.19453,0.059641,0.128009,0.19081,0.241836,0.299705,0.331447,0.368363,0.391284,0.406177,0.418378,0.428006,0.446777,0.460354,0.470393,0.494234,0.510831,0.528055,0.545759,0.556914,0.710285,0.166667,0.0,0.0,0.0,0.0,0.0,0.0,0.0,0.396889,0.413875,0.429298,0.44255,0.453561,0.463556,0.47205,0.480247,0.487528,0.494849,0.502785,0.510879,0.519397,0.528303,0.537105,0.546163,0.554879,0.564418,0.576883
KIT-62500886,KIT,annotatable,4,324,0.376731,0.398731,1.023665,0.197748,0.128886,0.276145,0.073408,0.10803,0.130522,0.176293,0.220016,0.268893,0.302382,0.322575,0.360796,0.398731,0.421338,0.440922,0.459475,0.476762,0.496161,0.524963,0.564354,0.628995,0.720171,1.023665,0.16358,0.009259,0.0,0.0,0.037037,0.006173,0.0,0.0,0.39392,0.410594,0.428646,0.445965,0.462337,0.477378,0.492232,0.50787,0.522947,0.537367,0.551435,0.566025,0.583786,0.602828,0.626296,0.654766,0.690277,0.742928,0.808325
KIT-62500893,KIT,can spot annotate,2,324,0.9916,0.998621,0.706516,0.109691,0.060695,0.120096,0.811918,0.8667,0.899057,0.918025,0.939173,0.947421,0.969008,0.980359,0.992603,0.998621,1.006596,1.016895,1.031664,1.048584,1.05927,1.067348,1.078504,1.123656,1.151954,1.271004,1.0,0.941358,0.114198,0.0,0.947531,0.601852,0.030864,0.0,1.006795,1.015815,1.023959,1.031141,1.037872,1.044533,1.051097,1.057856,1.064234,1.070997,1.078428,1.08665,1.096017,1.105049,1.115031,1.127794,1.145807,1.174778,1.205359
KIT-62500895,KIT,hard,1,324,0.578267,0.575331,0.660139,0.113759,0.063501,0.123864,0.3819,0.426626,0.472349,0.491634,0.516285,0.531105,0.540794,0.549211,0.56559,0.575331,0.587756,0.597411,0.607805,0.622784,0.640149,0.663011,0.685921,0.723239,0.793001,0.9248,0.632716,0.015432,0.0,0.0,0.04321,0.0,0.0,0.0,0.590499,0.600715,0.609922,0.617903,0.625392,0.63259,0.640112,0.648462,0.656695,0.665249,0.674298,0.684268,0.696379,0.709489,0.724688,0.741925,0.762724,0.794818,0.828019
KIT-62500896,KIT,can spot annotate,2,324,0.509389,0.499638,0.857828,0.152288,0.109869,0.219609,0.28661,0.335855,0.354714,0.374912,0.393277,0.407613,0.432305,0.457177,0.479683,0.499638,0.5181,0.541686,0.563237,0.596089,0.612886,0.638834,0.669102,0.711152,0.772128,0.957723,0.398148,0.030864,0.0,0.0,0.033951,0.0,0.0,0.0,0.524187,0.535649,0.547525,0.55865,0.570055,0.58208,0.594266,0.607256,0.619617,0.632444,0.646172,0.660667,0.677057,0.693664,0.711203,0.73241,0.758094,0.794153,0.840404
KIT-62500900,KIT,hard,1,324,0.248059,0.245786,0.605063,0.144031,0.108299,0.217394,0.021921,0.059255,0.082451,0.113617,0.133521,0.156902,0.180058,0.204378,0.224768,0.245786,0.262481,0.281129,0.304999,0.328978,0.350915,0.376218,0.405326,0.470604,0.498502,0.605063,0.003086,0.0,0.0,0.0,0.0,0.0,0.0,0.0,0.260832,0.272946,0.285409,0.296889,0.308298,0.319786,0.331361,0.343408,0.355036,0.367132,0.379662,0.392927,0.408127,0.423193,0.439666,0.45886,0.481202,0.50766,0.532359
KIT-62500901,KIT,annotatable,4,324,0.789664,0.784379,0.988743,0.165881,0.120095,0.23186,0.510463,0.577226,0.6323,0.654105,0.680287,0.70354,0.732225,0.74907,0.772433,0.784379,0.811706,0.843118,0.876389,0.895512,0.912148,0.93428,0.973589,0.997849,1.014919,1.212943,0.925926,0.441358,0.012346,0.0,0.444444,0.160494,0.009259,0.0,0.809143,0.823844,0.837338,0.84914,0.86118,0.873186,0.884981,0.897708,0.909924,0.922811,0.936518,0.949772,0.96369,0.976414,0.990811,1.007701,1.024855,1.045008,1.086812
KIT-62500905,KIT,hard,1,324,0.734519,0.727206,0.863131,0.152629,0.100039,0.206299,0.487807,0.537934,0.570854,0.604108,0.634399,0.660448,0.678918,0.691946,0.705417,0.727206,0.746393,0.763578,0.784539,0.812836,0.840697,0.865851,0.889961,0.933017,0.987926,1.206743,0.882716,0.283951,0.009259,0.0,0.308642,0.067901,0.006173,0.0,0.750128,0.762914,0.775721,0.787086,0.797877,0.808588,0.819195,0.831004,0.842998,0.855346,0.868448,0.882628,0.898858,0.915264,0.93262,0.952309,0.976351,1.012334,1.06666
KIT-62500906,KIT,annotatable (hard),3,324,0.742326,0.746993,0.829609,0.132351,0.076416,0.152029,0.49913,0.573581,0.617999,0.654946,0.671317,0.687838,0.712486,0.720603,0.740788,0.746993,0.758198,0.770522,0.792393,0.80785,0.823346,0.84957,0.868632,0.905846,0.944526,1.106863,0.92284,0.25,0.003086,0.0,0.305556,0.049383,0.0,0.0,0.758911,0.771172,0.782103,0.790887,0.799388,0.807944,0.816141,0.824818,0.833196,0.842022,0.851961,0.862936,0.874974,0.887457,0.901908,0.917714,0.936944,0.963245,0.998787
KIT-62500907,KIT,hard,1,324,1.056207,1.043607,1.039894,0.223891,0.139879,0.27605,0.72592,0.768243,0.81325,0.864122,0.902587,0.933945,0.954443,0.9887,1.024985,1.043607,1.07409,1.102184,1.119281,1.148863,1.178638,1.232059,1.279531,1.366375,1.50775,1.635895,1.0,0.768519,0.243827,0.055556,0.935185,0.768519,0.419753,0.145062,1.076907,1.095196,1.113862,1.13106,1.147128,1.163219,1.179812,1.198106,1.215037,1.232926,1.252021,1.272375,1.296503,1.323211,1.355052,1.392014,1.436044,1.496529,1.560439
KIT-62500910,KIT,can spot annotate,2,324,0.403182,0.418269,0.62772,0.136261,0.082014,0.16177,0.122818,0.207093,0.240073,0.304814,0.33038,0.358066,0.37461,0.38648,0.402113,0.418269,0.433836,0.451779,0.463616,0.475772,0.49215,0.51318,0.534507,0.569559,0.610846,0.692433,0.157407,0.0,0.0,0.0,0.0,0.0,0.0,0.0,0.419142,0.432862,0.445791,0.456455,0.465653,0.474433,0.482747,0.491773,0.500541,0.509411,0.518582,0.527753,0.538251,0.549654,0.562373,0.577336,0.595159,0.617164,0.647487
KIT-62500912,KIT,hard,1,324,0.888738,0.886198,1.066539,0.186933,0.120052,0.238387,0.595904,0.657646,0.705101,0.731578,0.763045,0.78845,0.801764,0.84146,0.863156,0.886198,0.906236,0.928058,0.959276,0.980371,1.001432,1.038552,1.061734,1.096156,1.237375,1.474989,0.972222,0.583333,0.08642,0.012346,0.716049,0.37037,0.07716,0.006173,0.90761,0.923039,0.93802,0.951607,0.965035,0.978477,0.992308,1.007211,1.021123,1.035508,1.050804,1.06706,1.085585,1.104441,1.127079,1.154156,1.188612,1.24608,1.325359
KIT-62500913,KIT,annotatable,4,324,0.344728,0.296137,1.116138,0.204888,0.109377,0.234847,0.099788,0.135984,0.162184,0.184297,0.200417,0.219462,0.243728,0.261953,0.278626,0.296137,0.318473,0.333607,0.374351,0.400439,0.435264,0.470044,0.554895,0.613742,0.775345,1.116138,0.108025,0.018519,0.0,0.0,0.064815,0.033951,0.006173,0.0,0.359624,0.372937,0.386793,0.399949,0.413498,0.427795,0.44305,0.459753,0.476546,0.495236,0.515629,0.538983,0.566981,0.596624,0.631586,0.674935,0.728376,0.804025,0.915429
KIT-62500916,KIT,hard,1,324,1.057365,1.086497,0.848143,0.160695,0.092942,0.20168,0.736803,0.821365,0.905454,0.942051,0.970583,1.010487,1.040742,1.05914,1.073604,1.086497,1.105399,1.116781,1.13532,1.155852,1.172263,1.183416,1.204357,1.226864,1.264566,1.369856,0.993827,0.888889,0.425926,0.003086,0.910494,0.79321,0.259259,0.003086,1.078899,1.095767,1.110346,1.121917,1.132756,1.142957,1.151977,1.160855,1.169414,1.178247,1.187219,1.196538,1.207099,1.217538,1.228046,1.240393,1.255809,1.277699,1.306058
KIT-62500917,KIT,annotatable,4,324,0.71636,0.692024,1.276197,0.224981,0.115342,0.232817,0.381473,0.461526,0.516082,0.553524,0.586965,0.607121,0.629997,0.655069,0.678311,0.692024,0.709756,0.730457,0.756314,0.786732,0.819782,0.865749,0.927523,1.035326,1.131046,1.428655,0.814815,0.212963,0.04321,0.0,0.324074,0.151235,0.061728,0.012346,0.739397,0.756438,0.773199,0.7878,0.802089,0.816639,0.831575,0.848112,0.864656,0.88239,0.902487,0.924821,0.951813,0.981408,1.017062,1.059124,1.11212,1.180327,1.273801
KIT-62500919,KIT,annotatable,4,324,0.683223,0.739872,1.383227,0.274484,0.211316,0.454939,0.233692,0.309522,0.354633,0.387539,0.431665,0.493839,0.551321,0.655232,0.703273,0.739872,0.778216,0.81203,0.847964,0.864995,0.886604,0.927515,0.957202,0.996946,1.072827,1.392711,0.632716,0.253086,0.012346,0.0,0.487654,0.246914,0.046296,0.006173,0.710948,0.73459,0.759632,0.783632,0.807888,0.832221,0.856444,0.878331,0.896145,0.91337,0.930381,0.947236,0.965191,0.982964,1.003772,1.027244,1.055947,1.098846,1.162507
KIT-62500920,KIT,hard,1,324,0.569119,0.569884,0.733942,0.131116,0.092205,0.183571,0.375155,0.411223,0.437629,0.456412,0.479145,0.489933,0.505402,0.53355,0.55547,0.569884,0.589033,0.603257,0.618129,0.636857,0.662716,0.686613,0.71013,0.741954,0.792934,0.954761,0.570988,0.018519,0.0,0.0,0.052469,0.003086,0.0,0.0,0.583396,0.59374,0.604407,0.614083,0.623834,0.633749,0.644105,0.655091,0.665115,0.675232,0.685778,0.697117,0.709904,0.723338,0.737867,0.753639,0.771886,0.79695,0.832238
KIT-62500923,KIT,annotatable,4,324,0.40434,0.37094,1.433065,0.308507,0.20102,0.394184,0.0,0.0,0.023403,0.119671,0.188798,0.230062,0.272952,0.301102,0.335403,0.37094,0.400636,0.428755,0.490182,0.545562,0.582981,0.619716,0.66765,0.811895,0.96927,1.433065,0.209877,0.061728,0.018519,0.0,0.135802,0.07716,0.046296,0.018519,0.425345,0.448652,0.47633,0.50011,0.522445,0.544636,0.566993,0.591714,0.616044,0.642265,0.670418,0.702155,0.739027,0.7755,0.816425,0.869786,0.942811,1.052523,1.219146
KIT-62500926,KIT,can spot annotate,2,324,0.676509,0.635944,1.28935,0.277506,0.135531,0.271202,0.332798,0.381385,0.415288,0.453628,0.499288,0.541325,0.561193,0.585753,0.609589,0.635944,0.66305,0.682379,0.703449,0.731874,0.77049,0.812626,0.869861,1.019296,1.364584,1.486024,0.675926,0.16358,0.092593,0.049383,0.240741,0.12963,0.092593,0.046296,0.697431,0.716354,0.73595,0.754805,0.772905,0.790993,0.809133,0.829802,0.850655,0.873489,0.898217,0.925904,0.961209,1.001673,1.051017,1.114819,1.203364,1.345285,1.42875
KIT-62500927,KIT,hard,1,324,0.509865,0.518877,1.045541,0.197083,0.138839,0.279133,0.191589,0.259712,0.297634,0.339609,0.368474,0.399277,0.421382,0.457416,0.47846,0.518877,0.544498,0.570661,0.595181,0.622109,0.647608,0.678143,0.708404,0.764685,0.823191,1.045541,0.45679,0.04321,0.0,0.0,0.070988,0.015432,0.0,0.0,0.530715,0.54747,0.564041,0.57909,0.593758,0.608454,0.623416,0.639557,0.654789,0.670729,0.68632,0.701987,0.719563,0.737856,0.758302,0.781676,0.811244,0.851145,0.908512
KIT-62500932,KIT,can spot annotate,2,324,0.412892,0.436713,0.697815,0.164653,0.107404,0.225198,0.085341,0.190897,0.247609,0.279794,0.304706,0.352958,0.384618,0.403375,0.425385,0.436713,0.451192,0.466271,0.492312,0.509224,0.529904,0.555692,0.583959,0.605194,0.634532,0.697815,0.237654,0.0,0.0,0.0,0.0,0.0,0.0,0.0,0.434104,0.450696,0.464917,0.477452,0.489548,0.501117,0.511085,0.52127,0.530691,0.540412,0.550943,0.562085,0.574112,0.586203,0.59938,0.613099,0.626511,0.64343,0.663977
KIT-62501031,KIT,can spot annotate,2,324,0.81002,0.787593,0.904867,0.190144,0.164879,0.325784,0.52881,0.57467,0.604011,0.63166,0.656897,0.677835,0.705682,0.728738,0.759178,0.787593,0.823992,0.86586,0.904652,0.957327,0.982682,1.010817,1.041844,1.073028,1.092298,1.259986,0.929012,0.438272,0.040123,0.0,0.484568,0.274691,0.003086,0.0,0.827882,0.843057,0.858749,0.87374,0.88872,0.904402,0.920593,0.938693,0.955866,0.974058,0.992439,1.010319,1.029411,1.044837,1.05933,1.073771,1.089106,1.103949,1.123903
KIT-62501034,KIT,hard,1,324,0.186808,0.183429,0.605198,0.115593,0.073923,0.141877,0.036313,0.053937,0.071184,0.085044,0.099971,0.111054,0.125796,0.143695,0.160538,0.183429,0.19716,0.21116,0.21911,0.232359,0.241847,0.258092,0.276165,0.322449,0.432812,0.605198,0.012346,0.0,0.0,0.0,0.0,0.0,0.0,0.0,0.195668,0.203888,0.212677,0.221043,0.229485,0.238232,0.247463,0.257535,0.266996,0.276434,0.285731,0.295734,0.307796,0.321103,0.337684,0.359339,0.389469,0.439463,0.499348
KIT-62501035,KIT,hard,1,324,0.367425,0.340298,0.594886,0.128071,0.09125,0.187682,0.177325,0.223916,0.241329,0.256798,0.27139,0.28776,0.300611,0.3147,0.327007,0.340298,0.361725,0.394504,0.415918,0.440173,0.459072,0.487415,0.508662,0.553251,0.593717,0.695016,0.117284,0.0,0.0,0.0,0.0,0.0,0.0,0.0,0.379411,0.389209,0.398942,0.408228,0.417738,0.427498,0.437621,0.448948,0.460427,0.472907,0.486411,0.499586,0.51367,0.527182,0.542105,0.559022,0.578807,0.602507,0.627508
KIT-62501038,KIT,annotatable,4,324,0.377819,0.358259,0.883283,0.145318,0.086305,0.172644,0.166023,0.220849,0.247425,0.262801,0.279722,0.29471,0.314247,0.331961,0.344396,0.358259,0.372277,0.400285,0.422005,0.436327,0.452366,0.469352,0.502782,0.552858,0.645045,0.934957,0.104938,0.009259,0.0,0.0,0.024691,0.003086,0.0,0.0,0.390762,0.401537,0.411896,0.421642,0.431644,0.441871,0.452353,0.463607,0.474903,0.487122,0.500689,0.514716,0.53071,0.547542,0.568207,0.594959,0.631212,0.685261,0.766832
KIT-62501040,KIT,can spot annotate,2,324,0.595805,0.602983,0.817652,0.150418,0.116477,0.23848,0.36493,0.397165,0.426902,0.448635,0.473287,0.501841,0.513842,0.546681,0.58114,0.602983,0.639246,0.652838,0.674349,0.691429,0.711767,0.725621,0.75609,0.779228,0.829431,1.080435,0.574074,0.012346,0.0,0.0,0.12037,0.015432,0.0,0.0,0.610265,0.622849,0.636048,0.648167,0.660719,0.672958,0.685497,0.699292,0.71154,0.72301,0.734271,0.744941,0.756911,0.769443,0.782654,0.798277,0.818227,0.845703,0.884113
KIT-62501041,KIT,annotatable,4,324,0.636059,0.645824,0.97893,0.134194,0.083363,0.165783,0.423504,0.473994,0.506176,0.528348,0.557849,0.579676,0.602102,0.615361,0.624891,0.645824,0.655236,0.666116,0.685263,0.700129,0.723632,0.744809,0.769012,0.80252,0.842057,0.97893,0.768519,0.07716,0.0,0.0,0.098765,0.003086,0.0,0.0,0.65248,0.663787,0.674467,0.684316,0.693396,0.702152,0.710636,0.719612,0.728497,0.737837,0.747342,0.758079,0.770204,0.782964,0.797107,0.812438,0.829604,0.853001,0.884325
KIT-62501042,KIT,annotatable,4,324,0.244176,0.245936,0.617035,0.140313,0.115717,0.226387,0.047573,0.069054,0.082992,0.100112,0.11785,0.137508,0.172109,0.20017,0.223612,0.245936,0.260045,0.278434,0.3055,0.327417,0.344238,0.362959,0.388563,0.433131,0.496246,0.617035,0.009259,0.0,0.0,0.0,0.0,0.0,0.0,0.0,0.255454,0.26634,0.278131,0.289654,0.301574,0.313989,0.326328,0.338648,0.350002,0.361525,0.373327,0.386429,0.400542,0.414235,0.429509,0.448069,0.471246,0.502821,0.537592
KIT-62501043,KIT,annotatable,4,324,0.242004,0.215956,0.540708,0.099245,0.059858,0.135112,0.118984,0.13423,0.14447,0.157859,0.170769,0.180559,0.188883,0.195643,0.204727,0.215956,0.223976,0.241085,0.260944,0.286561,0.305881,0.337158,0.356297,0.384554,0.429441,0.607001,0.003086,0.0,0.0,0.0,0.0,0.0,0.0,0.0,0.249558,0.256338,0.263571,0.270391,0.277361,0.284544,0.292127,0.300927,0.309941,0.319942,0.330809,0.343279,0.357223,0.37077,0.385339,0.400924,0.418131,0.44506,0.474815
KIT-62501047,KIT,annotatable,4,324,0.296004,0.285109,0.73719,0.110368,0.060283,0.118854,0.148395,0.173928,0.196461,0.209206,0.227316,0.237565,0.246784,0.261035,0.273711,0.285109,0.29714,0.307565,0.322624,0.336982,0.346169,0.362532,0.385475,0.410548,0.462333,0.804182,0.030864,0.0,0.0,0.0,0.006173,0.0,0.0,0.0,0.305492,0.313236,0.321115,0.328446,0.335694,0.342965,0.350606,0.358988,0.367213,0.375859,0.385031,0.395377,0.407501,0.420064,0.435555,0.45573,0.482252,0.526393,0.619849
KIT-62501048,KIT,annotatable,4,324,0.267989,0.276858,0.665187,0.144203,0.129736,0.258531,0.043993,0.066835,0.087505,0.117859,0.139583,0.169061,0.195213,0.231402,0.251734,0.276858,0.301636,0.324943,0.343023,0.366667,0.398115,0.417142,0.430259,0.448262,0.47892,0.665187,0.009259,0.0,0.0,0.0,0.0,0.0,0.0,0.0,0.280546,0.292764,0.306171,0.318651,0.331066,0.343755,0.356191,0.369082,0.380689,0.392138,0.403245,0.414646,0.427122,0.439235,0.450495,0.461019,0.472985,0.490338,0.515118
KIT-62501049,KIT,annotatable,4,324,0.706305,0.674665,1.001112,0.232191,0.161326,0.330678,0.394115,0.436231,0.461432,0.483418,0.519027,0.547765,0.591474,0.627084,0.647177,0.674665,0.692646,0.719815,0.740377,0.786937,0.849706,0.919343,1.015532,1.080638,1.12672,1.303316,0.697531,0.253086,0.049383,0.0,0.314815,0.191358,0.037037,0.0,0.723804,0.74075,0.758847,0.776505,0.794488,0.81312,0.832252,0.851924,0.871062,0.891965,0.914817,0.939813,0.971427,1.005611,1.0427,1.08079,1.115949,1.151818,1.199631
KIT-62501050,KIT,hard,1,324,0.380484,0.378933,0.533555,0.089305,0.061738,0.122443,0.237351,0.26918,0.286662,0.307413,0.319837,0.329991,0.338323,0.354013,0.367112,0.378933,0.393221,0.406521,0.417623,0.427542,0.44228,0.455275,0.464102,0.487294,0.527161,0.716538,0.033951,0.0,0.0,0.0,0.0,0.0,0.0,0.0,0.389419,0.396854,0.404281,0.410846,0.417301,0.423772,0.430571,0.437865,0.444789,0.451874,0.459022,0.466527,0.474824,0.483325,0.492697,0.504026,0.518649,0.542676,0.584062
KIT-62501052,KIT,annotatable,4,324,0.247637,0.235164,0.583681,0.136494,0.102758,0.214522,0.044285,0.068595,0.096749,0.121407,0.137771,0.155284,0.18087,0.200202,0.22156,0.235164,0.259623,0.279244,0.306937,0.326075,0.352293,0.366271,0.403416,0.435606,0.472272,0.591453,0.021605,0.0,0.0,0.0,0.0,0.0,0.0,0.0,0.259251,0.270324,0.28205,0.29284,0.303577,0.314794,0.326197,0.337969,0.349517,0.361461,0.374078,0.386825,0.400986,0.414453,0.429623,0.446771,0.466775,0.491154,0.529727
KIT-62501053,KIT,annotatable,4,324,0.455708,0.460062,0.722442,0.118045,0.066397,0.137471,0.257768,0.315545,0.339964,0.3617,0.380523,0.399403,0.412407,0.429739,0.443373,0.460062,0.467507,0.479227,0.493856,0.503745,0.517994,0.536781,0.561448,0.603252,0.659088,0.866321,0.182099,0.0,0.0,0.0,0.012346,0.0,0.0,0.0,0.468214,0.478284,0.48726,0.495667,0.503844,0.511925,0.519957,0.528598,0.536899,0.545284,0.554141,0.564122,0.575906,0.58852,0.603625,0.622791,0.646048,0.682812,0.73987
KIT-62501054,KIT,annotatable,4,324,0.202683,0.184651,0.736203,0.119166,0.069739,0.144681,0.038044,0.05488,0.083181,0.103505,0.120205,0.133816,0.144895,0.158393,0.17423,0.184651,0.196705,0.212289,0.228207,0.243356,0.264885,0.295703,0.341332,0.375601,0.424778,0.748339,0.003086,0.0,0.0,0.0,0.003086,0.0,0.0,0.0,0.211883,0.220975,0.230455,0.23892,0.247356,0.255887,0.264774,0.274691,0.284395,0.294683,0.306152,0.318944,0.33364,0.34973,0.368905,0.391564,0.415348,0.443818,0.488321
KIT-62501056,KIT,can spot annotate,2,324,0.482484,0.44897,1.407777,0.250698,0.187172,0.366066,0.153439,0.188138,0.218238,0.24369,0.288194,0.313335,0.344118,0.372969,0.404821,0.44897,0.484503,0.532296,0.577544,0.627776,0.65426,0.700803,0.756879,0.809816,0.860341,1.420171,0.367284,0.055556,0.012346,0.003086,0.126543,0.037037,0.015432,0.012346,0.502072,0.520376,0.539843,0.558948,0.57812,0.597679,0.618184,0.641006,0.663859,0.687334,0.711313,0.73621,0.76399,0.789256,0.818808,0.85287,0.893206,0.951364,1.06923
KIT-62501057,KIT,hard,1,324,0.47669,0.452281,0.579963,0.110739,0.060199,0.130824,0.325758,0.349077,0.376649,0.392637,0.402472,0.41433,0.421751,0.432319,0.442035,0.452281,0.464453,0.481328,0.494727,0.513957,0.533296,0.552953,0.593971,0.649758,0.69777,0.835484,0.231481,0.0,0.0,0.0,0.009259,0.0,0.0,0.0,0.485672,0.493824,0.501998,0.509202,0.516625,0.524232,0.532332,0.541651,0.551033,0.561304,0.572516,0.5849,0.59939,0.61514,0.632967,0.655457,0.68096,0.710681,0.746201
KIT-62501058,KIT,annotatable (hard),3,324,0.782915,0.774933,0.787014,0.12648,0.090888,0.181397,0.591107,0.618702,0.64276,0.665602,0.685971,0.713418,0.735593,0.749901,0.763665,0.774933,0.796353,0.822529,0.831747,0.856507,0.867368,0.886108,0.904005,0.927795,0.993871,1.240221,0.990741,0.373457,0.015432,0.0,0.425926,0.074074,0.006173,0.0,0.794683,0.805119,0.815957,0.825937,0.835701,0.84529,0.854625,0.86458,0.874266,0.884681,0.895466,0.905966,0.917864,0.929671,0.943239,0.959712,0.981224,1.015937,1.069662
KIT-62501059,KIT,annotatable (hard),3,324,0.592359,0.614995,0.713009,0.154209,0.097314,0.198756,0.290753,0.349559,0.422002,0.475956,0.50648,0.53099,0.555479,0.576018,0.594952,0.614995,0.630941,0.64659,0.666831,0.692835,0.705236,0.722646,0.738129,0.76646,0.815577,0.912768,0.669753,0.040123,0.0,0.0,0.067901,0.0,0.0,0.0,0.609761,0.625988,0.641258,0.653173,0.663855,0.674166,0.684109,0.694742,0.70462,0.714272,0.724449,0.735257,0.746949,0.757517,0.768801,0.782378,0.798978,0.823869,0.859138
KIT-62501062,KIT,hard,1,324,0.44411,0.411248,0.867258,0.159736,0.112333,0.232129,0.222211,0.25769,0.279105,0.301299,0.324572,0.348524,0.360358,0.375899,0.393622,0.411248,0.437254,0.465172,0.493363,0.525774,0.556701,0.589509,0.629328,0.658062,0.723427,0.990482,0.256173,0.009259,0.0,0.0,0.027778,0.006173,0.0,0.0,0.457479,0.469117,0.481576,0.493338,0.505353,0.517279,0.529601,0.543756,0.557933,0.573278,0.589859,0.60705,0.62622,0.644664,0.664424,0.686822,0.712609,0.749696,0.807198
KIT-62501067,KIT,annotatable,4,324,0.259127,0.269301,0.574606,0.101951,0.064701,0.132999,0.060044,0.127545,0.157698,0.176369,0.19781,0.211998,0.224799,0.240312,0.256092,0.269301,0.278508,0.288457,0.305178,0.319337,0.330809,0.339021,0.351405,0.376708,0.393319,0.580904,0.0,0.0,0.0,0.0,0.0,0.0,0.0,0.0,0.270739,0.280487,0.289031,0.296513,0.303645,0.31044,0.317472,0.324952,0.331753,0.338609,0.345724,0.353425,0.361939,0.370224,0.379048,0.389974,0.40409,0.425542,0.468288
KIT-62501069,KIT,can spot annotate,2,324,0.748492,0.728278,0.863811,0.173037,0.136656,0.268769,0.501639,0.531675,0.566609,0.588281,0.614525,0.63669,0.655998,0.675048,0.693892,0.728278,0.763983,0.790614,0.825656,0.860484,0.883294,0.905417,0.93126,0.972222,1.044766,1.263276,0.888889,0.358025,0.027778,0.0,0.382716,0.111111,0.003086,0.0,0.763544,0.777108,0.791155,0.804438,0.817743,0.831495,0.845749,0.861536,0.877497,0.893916,0.910127,0.926621,0.944296,0.960801,0.978281,0.998551,1.024629,1.063462,1.115321
KIT-62501070,KIT,hard,1,324,0.551893,0.560067,1.444769,0.197049,0.11778,0.228782,0.220859,0.296425,0.349599,0.39217,0.43346,0.455214,0.482845,0.511615,0.534237,0.560067,0.571458,0.592901,0.611279,0.64365,0.662243,0.710684,0.746919,0.780058,0.817031,1.563321,0.546296,0.046296,0.009259,0.003086,0.074074,0.021605,0.012346,0.006173,0.570925,0.588156,0.604474,0.61897,0.632539,0.645848,0.659324,0.673353,0.686973,0.7006,0.715365,0.732027,0.751504,0.771758,0.795425,0.823116,0.854579,0.903113,1.00551
KIT-62501072,KIT,hard,1,324,0.956398,0.954718,1.089384,0.187449,0.120487,0.234036,0.614843,0.724841,0.764671,0.799694,0.828764,0.873574,0.897137,0.913799,0.935561,0.954718,0.9766,0.991672,1.013335,1.040263,1.062801,1.116529,1.167316,1.211328,1.267605,1.535706,0.987654,0.746914,0.194444,0.009259,0.811728,0.512346,0.160494,0.009259,0.97675,0.992935,1.008251,1.022168,1.035923,1.049056,1.061464,1.075119,1.088791,1.102965,1.11801,1.134444,1.154201,1.175663,1.199917,1.226228,1.253266,1.28601,1.333311
KIT-62501075,KIT,hard,1,324,0.648164,0.623873,0.975443,0.175359,0.114012,0.247524,0.390967,0.421007,0.469233,0.503794,0.520584,0.541789,0.566655,0.584649,0.601759,0.623873,0.651985,0.675273,0.705807,0.723475,0.768109,0.806748,0.834993,0.884233,0.944969,1.28728,0.734568,0.160494,0.009259,0.0,0.209877,0.049383,0.006173,0.0,0.663141,0.677337,0.691763,0.704294,0.71691,0.729971,0.743336,0.758016,0.772673,0.788524,0.805163,0.822722,0.842911,0.863736,0.887229,0.911795,0.941134,0.982926,1.047742
KIT-62501077,KIT,annotatable,4,324,0.493914,0.511674,1.05159,0.142018,0.083273,0.170017,0.295482,0.326962,0.362743,0.391644,0.414969,0.433231,0.450632,0.468709,0.491503,0.511674,0.522003,0.5312,0.553359,0.56586,0.584987,0.59912,0.617499,0.648016,0.691117,1.05159,0.348765,0.003086,0.0,0.0,0.024691,0.003086,0.0,0.0,0.512558,0.523535,0.534845,0.544429,0.553734,0.562921,0.572045,0.582097,0.590922,0.599677,0.608766,0.618981,0.630557,0.642152,0.654829,0.670679,0.691105,0.721006,0.770329
KIT-62501081,KIT,hard,1,324,0.416195,0.420258,0.498799,0.102983,0.064556,0.130929,0.225924,0.267666,0.300637,0.331706,0.353112,0.368635,0.382651,0.391023,0.403982,0.420258,0.434903,0.448067,0.462715,0.472839,0.484042,0.5029,0.523248,0.544744,0.591331,0.651085,0.145062,0.0,0.0,0.0,0.0,0.0,0.0,0.0,0.427184,0.436987,0.446178,0.454194,0.461531,0.468705,0.475672,0.483488,0.491181,0.499011,0.50686,0.515028,0.524195,0.533409,0.54414,0.556952,0.570597,0.589927,0.615159
KIT-62501083,KIT,annotatable (hard),3,324,0.755162,0.743757,0.914943,0.202111,0.177709,0.357173,0.470337,0.504775,0.535252,0.563901,0.580195,0.594826,0.613783,0.645811,0.679433,0.743757,0.800069,0.835647,0.892366,0.917804,0.937368,0.952309,0.977764,1.013186,1.046101,1.259311,0.851852,0.395062,0.012346,0.0,0.45679,0.209877,0.012346,0.0,0.772025,0.787586,0.804288,0.819952,0.836253,0.853874,0.87287,0.894316,0.91504,0.935837,0.953428,0.970298,0.985484,0.998554,1.012109,1.028663,1.049973,1.07826,1.123655
KIT-62501087,KIT,hard,1,324,0.712405,0.734354,0.781698,0.193442,0.16074,0.337947,0.417357,0.45111,0.485531,0.512017,0.53917,0.582178,0.606032,0.627756,0.670633,0.734354,0.766396,0.794765,0.823021,0.852266,0.877116,0.90225,0.925806,0.965884,0.992131,1.11243,0.75,0.317901,0.0,0.0,0.410494,0.126543,0.0,0.0,0.729812,0.745828,0.763266,0.779559,0.796235,0.812807,0.829643,0.848364,0.866453,0.882216,0.896345,0.910446,0.925387,0.939511,0.954085,0.96952,0.987529,1.00911,1.042454
KIT-62501089,KIT,can spot annotate,2,324,0.568768,0.56034,1.019727,0.194858,0.12624,0.254101,0.280061,0.320277,0.363584,0.395206,0.423801,0.458713,0.486533,0.511187,0.532295,0.56034,0.584215,0.61131,0.632724,0.656,0.677902,0.7099,0.761914,0.824403,0.932857,1.161786,0.533951,0.092593,0.0,0.0,0.12037,0.049383,0.015432,0.0,0.586227,0.601979,0.617956,0.632713,0.647493,0.661637,0.676028,0.691735,0.706817,0.722742,0.739472,0.756585,0.777119,0.798782,0.824925,0.856848,0.897085,0.950373,1.034699
KIT-62501090,KIT,annotatable,4,324,0.163098,0.175515,0.3962,0.088617,0.065289,0.135729,0.015349,0.030777,0.046727,0.070436,0.093093,0.111349,0.129243,0.143763,0.158918,0.175515,0.19143,0.203281,0.21316,0.219673,0.228822,0.240838,0.257388,0.269353,0.28681,0.39808,0.0,0.0,0.0,0.0,0.0,0.0,0.0,0.0,0.171161,0.179346,0.188209,0.196146,0.203654,0.210755,0.217692,0.224787,0.231451,0.237484,0.243445,0.249229,0.255299,0.261871,0.269251,0.277721,0.287704,0.301061,0.323462
KIT-62501093,KIT,annotatable,4,324,0.268761,0.259318,0.634396,0.102846,0.068282,0.13583,0.125832,0.148103,0.170196,0.180782,0.195454,0.206191,0.218533,0.233671,0.24688,0.259318,0.27116,0.282637,0.296869,0.315059,0.331284,0.359868,0.377544,0.40221,0.453251,0.634396,0.006173,0.0,0.0,0.0,0.0,0.0,0.0,0.0,0.278371,0.286141,0.29401,0.301319,0.308836,0.316434,0.324215,0.332775,0.341092,0.34975,0.358923,0.369198,0.381215,0.393586,0.407551,0.422929,0.441197,0.465747,0.507518
KIT-62501095,KIT,annotatable,4,324,0.117454,0.099208,0.362819,0.093706,0.070468,0.14779,0.0,0.009998,0.014876,0.025091,0.034729,0.044278,0.05567,0.071865,0.085134,0.099208,0.117766,0.134778,0.156269,0.163424,0.182519,0.208092,0.229,0.25307,0.290304,0.362819,0.0,0.0,0.0,0.0,0.0,0.0,0.0,0.0,0.123555,0.130205,0.137473,0.144757,0.152309,0.160301,0.168676,0.177784,0.186769,0.196043,0.205853,0.215628,0.22662,0.237485,0.250225,0.263126,0.27778,0.296395,0.321023
KIT-62501100,KIT,hard,1,324,0.59857,0.570541,0.720253,0.153301,0.086569,0.178965,0.403187,0.433512,0.45327,0.474584,0.489504,0.50283,0.520766,0.541755,0.552288,0.570541,0.586404,0.60468,0.621026,0.641521,0.668468,0.695861,0.753686,0.811415,0.949182,1.057435,0.608025,0.07716,0.0,0.0,0.135802,0.052469,0.0,0.0,0.609984,0.620715,0.631597,0.642067,0.652488,0.663547,0.675074,0.687735,0.7004,0.714068,0.729058,0.745375,0.765353,0.787294,0.813116,0.845925,0.884987,0.937782,1.005476
KIT-62501104,KIT,hard,1,324,0.585958,0.605437,0.84486,0.164665,0.108097,0.222638,0.312625,0.354117,0.378911,0.427585,0.474252,0.508225,0.535136,0.565075,0.589952,0.605437,0.631431,0.648391,0.66659,0.681717,0.696891,0.717512,0.745016,0.76909,0.846949,0.959692,0.614198,0.046296,0.0,0.0,0.092593,0.006173,0.0,0.0,0.603616,0.618491,0.634143,0.648544,0.661544,0.673647,0.685186,0.697046,0.707636,0.718436,0.729135,0.740105,0.752251,0.765057,0.780116,0.797673,0.819693,0.85265,0.900443
KIT-62501107,KIT,hard,1,324,0.779487,0.80233,0.636345,0.128801,0.085982,0.178007,0.538344,0.608303,0.642656,0.66997,0.694968,0.717644,0.739425,0.763754,0.778654,0.80233,0.816561,0.833288,0.846944,0.858585,0.872975,0.889993,0.906719,0.927524,0.956569,1.059185,0.938272,0.450617,0.0,0.0,0.453704,0.04321,0.0,0.0,0.795436,0.807317,0.818597,0.828603,0.838319,0.847693,0.85672,0.865934,0.874481,0.882921,0.890921,0.899129,0.908005,0.917052,0.927014,0.938385,0.951685,0.96902,0.992734
KIT-62501111,KIT,can spot annotate,2,324,0.614356,0.611163,0.47796,0.100095,0.079731,0.162664,0.4653,0.478149,0.491929,0.514647,0.533718,0.548353,0.566522,0.586481,0.601843,0.611163,0.630124,0.648964,0.66258,0.678652,0.696381,0.710297,0.728321,0.744861,0.772683,0.870142,0.709877,0.006173,0.0,0.0,0.018519,0.0,0.0,0.0,0.623471,0.631818,0.640922,0.649475,0.657498,0.665721,0.6739,0.682515,0.690499,0.698813,0.707507,0.715996,0.724998,0.734078,0.743544,0.753757,0.764684,0.778767,0.800564
KIT-62501112,KIT,can spot annotate,2,324,0.33818,0.307243,0.697652,0.147574,0.102305,0.223416,0.148629,0.168235,0.186511,0.205663,0.220487,0.23426,0.250132,0.269799,0.289126,0.307243,0.325369,0.359917,0.390111,0.412592,0.443902,0.469806,0.508414,0.559383,0.608938,0.787267,0.098765,0.0,0.0,0.0,0.003086,0.0,0.0,0.0,0.349341,0.359824,0.371212,0.381978,0.393209,0.404786,0.417214,0.431024,0.444611,0.459246,0.474734,0.491289,0.508929,0.526636,0.545999,0.568533,0.593774,0.625886,0.66398
KIT-62501113,KIT,annotatable,4,324,0.323748,0.302949,0.7946,0.176328,0.129864,0.261226,0.074945,0.116526,0.129717,0.159984,0.186755,0.204126,0.222456,0.248015,0.285983,0.302949,0.327487,0.35453,0.38319,0.418067,0.447981,0.475199,0.520388,0.551058,0.657679,0.814001,0.098765,0.0,0.0,0.0,0.006173,0.0,0.0,0.0,0.337587,0.350755,0.364805,0.378624,0.392226,0.406158,0.42086,0.437077,0.452788,0.468429,0.485036,0.50311,0.523628,0.543773,0.565494,0.591089,0.622917,0.669577,0.721091
KIT-62501288,KIT,annotatable,4,324,0.218352,0.202672,0.78636,0.164109,0.116861,0.234032,0.0,0.0,0.018778,0.058659,0.085477,0.113391,0.138135,0.158311,0.183697,0.202672,0.224001,0.242045,0.275122,0.301401,0.319509,0.359129,0.40222,0.453819,0.522343,0.78636,0.040123,0.0,0.0,0.0,0.003086,0.0,0.0,0.0,0.229695,0.242281,0.257212,0.270265,0.283175,0.296197,0.309293,0.323495,0.337368,0.351707,0.366794,0.383479,0.402694,0.421523,0.443801,0.469952,0.499711,0.53829,0.583963
KTR-72502701,KTR,annotatable (hard),3,324,0.392874,0.414679,0.758949,0.131299,0.090286,0.189807,0.15868,0.195693,0.246023,0.285142,0.310284,0.335775,0.351819,0.377839,0.401426,0.414679,0.428992,0.444533,0.463264,0.481796,0.500091,0.509732,0.522642,0.538262,0.564074,0.758949,0.108025,0.0,0.0,0.0,0.0,0.0,0.0,0.0,0.408631,0.421374,0.434129,0.444242,0.453887,0.463081,0.472067,0.481621,0.489714,0.497713,0.505795,0.514384,0.523464,0.531694,0.539839,0.548313,0.559118,0.574047,0.599014
KTR-72502705,KTR,annotatable,4,324,0.882584,0.890692,0.728224,0.145933,0.100415,0.198251,0.64261,0.6866,0.721595,0.754049,0.782403,0.805173,0.839675,0.859107,0.875961,0.890692,0.90354,0.920419,0.937224,0.9509,0.980654,1.014328,1.035751,1.067783,1.123665,1.229888,0.996914,0.648148,0.074074,0.0,0.728395,0.305556,0.015432,0.0,0.898513,0.911338,0.924226,0.935554,0.946584,0.957421,0.967909,0.978253,0.988042,0.998488,1.009567,1.021709,1.035693,1.050681,1.066551,1.084107,1.103316,1.13162,1.161194
KTR-72502708,KTR,hard,1,324,0.59034,0.54063,1.354523,0.273308,0.170892,0.34162,0.197472,0.257853,0.325512,0.365606,0.411547,0.454532,0.479746,0.501577,0.522564,0.54063,0.570069,0.59717,0.631202,0.704652,0.753167,0.838821,0.891151,0.982422,1.090539,1.354523,0.509259,0.175926,0.040123,0.0,0.243827,0.138889,0.033951,0.0,0.614977,0.63624,0.65757,0.676643,0.695845,0.714352,0.733654,0.754953,0.776861,0.801117,0.828259,0.85842,0.895533,0.933775,0.973572,1.017113,1.066966,1.131618,1.21434
KTR-72502717,KTR,annotatable,4,324,0.803488,0.803771,0.914424,0.180012,0.123837,0.250667,0.506435,0.5547,0.604781,0.630054,0.673574,0.713722,0.739391,0.763831,0.785604,0.803771,0.824958,0.845363,0.870858,0.899005,0.924241,0.959707,1.004484,1.04603,1.083794,1.289297,0.916667,0.435185,0.033951,0.0,0.527778,0.212963,0.030864,0.0,0.821295,0.837234,0.853149,0.867553,0.881772,0.894961,0.907848,0.921448,0.934683,0.948546,0.963334,0.979168,0.997034,1.01488,1.035217,1.057792,1.084133,1.113007,1.163303
KTR-72502720,KTR,hard,1,324,0.622125,0.618512,0.681756,0.128908,0.088022,0.17186,0.426646,0.460076,0.488839,0.511041,0.529949,0.550897,0.564943,0.586028,0.600251,0.618512,0.631582,0.644266,0.660863,0.684047,0.701809,0.72289,0.740955,0.778149,0.847668,1.029972,0.740741,0.061728,0.0,0.0,0.080247,0.021605,0.0,0.0,0.633859,0.644274,0.655022,0.66453,0.673924,0.683428,0.69292,0.703197,0.71311,0.723413,0.734155,0.745999,0.760083,0.774227,0.790287,0.809057,0.833956,0.875473,0.936816
KTR-72502722,KTR,hard,1,324,0.875343,0.894729,0.792572,0.132611,0.081212,0.158102,0.64231,0.690606,0.758144,0.7762,0.806302,0.82182,0.84032,0.856391,0.878798,0.894729,0.908841,0.9242,0.935345,0.948818,0.964403,0.982167,1.010094,1.029184,1.054288,1.160149,0.978395,0.645062,0.018519,0.0,0.75,0.259259,0.003086,0.0,0.892859,0.905179,0.916291,0.925566,0.934339,0.942949,0.951633,0.960723,0.969156,0.977159,0.985244,0.993815,1.00314,1.013273,1.024065,1.036626,1.05085,1.067616,1.095905
KTR-72502723,KTR,annotatable,4,324,0.547964,0.511808,0.774181,0.169896,0.105832,0.225068,0.320871,0.349064,0.387466,0.405754,0.424962,0.438139,0.455982,0.472523,0.496667,0.511808,0.537457,0.564312,0.588695,0.613368,0.65003,0.692604,0.756353,0.802646,0.865745,1.008675,0.41358,0.067901,0.0,0.0,0.126543,0.024691,0.0,0.0,0.562031,0.574504,0.587233,0.599187,0.611309,0.623997,0.637337,0.652645,0.667524,0.68354,0.700518,0.719366,0.740653,0.76371,0.789597,0.81841,0.849789,0.886941,0.9286
KTR-72502725,KTR,hard,1,324,0.142714,0.079215,0.826499,0.160429,0.056629,0.156522,0.003593,0.012692,0.021141,0.027146,0.037387,0.044677,0.0522,0.061734,0.069526,0.079215,0.092607,0.109158,0.127122,0.152434,0.193909,0.222001,0.289907,0.374338,0.482606,0.826499,0.033951,0.0,0.0,0.0,0.006173,0.0,0.0,0.0,0.150124,0.157833,0.166493,0.175305,0.184805,0.194966,0.206094,0.219163,0.233039,0.248758,0.26655,0.286829,0.312128,0.340353,0.373853,0.414807,0.464682,0.533913,0.633786
KTR-72502734,KTR,can spot annotate,2,324,0.275373,0.24413,0.761668,0.170895,0.123935,0.27852,0.042856,0.063459,0.094843,0.121014,0.136586,0.156132,0.180555,0.197158,0.219742,0.24413,0.275773,0.307113,0.329788,0.373586,0.415106,0.438801,0.460033,0.512754,0.552453,0.761668,0.061728,0.0,0.0,0.0,0.0,0.0,0.0,0.0,0.288584,0.301469,0.315159,0.327974,0.34106,0.354802,0.368892,0.384685,0.400169,0.416796,0.434149,0.451649,0.471709,0.491309,0.51093,0.531655,0.558034,0.59915,0.666936
KTR-72502740,KTR,can spot annotate,2,324,0.740581,0.762727,1.116155,0.181992,0.1064,0.235193,0.419119,0.483591,0.524629,0.582324,0.625219,0.662557,0.688259,0.722427,0.737119,0.762727,0.787195,0.803645,0.827422,0.845846,0.860411,0.878695,0.90298,0.91844,1.006641,1.399943,0.811728,0.265432,0.018519,0.003086,0.462963,0.098765,0.015432,0.003086,0.759865,0.776572,0.793841,0.808955,0.822538,0.83495,0.847121,0.859301,0.871084,0.883304,0.894947,0.907235,0.921368,0.934759,0.951061,0.971369,0.997339,1.043963,1.13095
KTR-72502749,KTR,hard,1,324,0.303385,0.294307,0.844594,0.172074,0.112698,0.221224,0.025987,0.073258,0.114194,0.155665,0.188399,0.21273,0.237161,0.255868,0.280621,0.294307,0.315199,0.338887,0.361971,0.393274,0.409623,0.439696,0.466069,0.498962,0.569815,0.84528,0.067901,0.0,0.0,0.0,0.018519,0.0,0.0,0.0,0.318576,0.333351,0.348492,0.361365,0.373834,0.386018,0.398279,0.411639,0.424411,0.437971,0.452423,0.468164,0.48618,0.504046,0.524279,0.549026,0.579544,0.631187,0.728892
KTR-72502764,KTR,annotatable,4,324,0.12673,0.099809,0.589356,0.112516,0.051256,0.108664,0.0,0.01757,0.033236,0.044429,0.055954,0.068414,0.07457,0.08293,0.093621,0.099809,0.10821,0.117987,0.127718,0.143289,0.164617,0.180058,0.20519,0.261461,0.378375,0.589356,0.0,0.0,0.0,0.0,0.0,0.0,0.0,0.0,0.133313,0.140388,0.147573,0.154252,0.161074,0.168117,0.175456,0.183956,0.192625,0.202018,0.21277,0.224877,0.240176,0.257474,0.277876,0.303839,0.34111,0.399512,0.481023
KTR-72502891,KTR,can spot annotate,2,324,0.385702,0.377797,0.880336,0.144473,0.075134,0.152713,0.106139,0.255431,0.280488,0.293122,0.310689,0.32577,0.344187,0.357308,0.369515,0.377797,0.393561,0.405836,0.428939,0.44323,0.463402,0.492615,0.518491,0.550724,0.586161,0.880336,0.070988,0.006173,0.0,0.0,0.012346,0.0,0.0,0.0,0.405739,0.415726,0.424849,0.433352,0.442028,0.450618,0.459349,0.468949,0.478441,0.488818,0.50019,0.512519,0.526596,0.541231,0.558805,0.57894,0.602691,0.639727,0.707881
KTR-72502895,KTR,hard,1,324,0.387924,0.402138,1.199212,0.218995,0.122032,0.24468,0.0,0.079603,0.167962,0.204074,0.251061,0.280501,0.317204,0.365259,0.38966,0.402138,0.419594,0.437079,0.455586,0.475093,0.495741,0.524542,0.562123,0.653581,0.765391,1.199212,0.17284,0.040123,0.006173,0.0,0.046296,0.018519,0.003086,0.0,0.408075,0.429448,0.448378,0.464444,0.480048,0.495247,0.510197,0.524868,0.537756,0.551766,0.567275,0.584168,0.605011,0.628046,0.656284,0.691486,0.739421,0.817432,0.922764
KTR-72502907,KTR,annotatable,4,324,0.423108,0.425871,0.725969,0.095241,0.059958,0.119906,0.279578,0.306615,0.328776,0.346695,0.360447,0.377197,0.385058,0.39575,0.410904,0.425871,0.439121,0.448378,0.460024,0.469808,0.480353,0.494249,0.506528,0.520808,0.544729,0.923712,0.049383,0.006173,0.0,0.0,0.009259,0.006173,0.0,0.0,0.432426,0.439944,0.447535,0.454165,0.460698,0.467254,0.473826,0.48119,0.488338,0.49525,0.501997,0.509038,0.517341,0.525908,0.535881,0.547877,0.563935,0.590927,0.648513
KTR-72502931,KTR,annotatable,4,324,0.506669,0.525396,1.045231,0.157237,0.084143,0.178585,0.276487,0.310835,0.36714,0.407253,0.425149,0.450712,0.469922,0.498298,0.51382,0.525396,0.539649,0.558025,0.576516,0.592564,0.603735,0.618525,0.636639,0.66397,0.730907,1.045231,0.435185,0.006173,0.0,0.0,0.018519,0.006173,0.0,0.0,0.529001,0.542017,0.554539,0.564843,0.574575,0.58415,0.593535,0.603209,0.612049,0.621098,0.630757,0.640995,0.652302,0.663047,0.675803,0.691897,0.712968,0.745514,0.793961
KTR-72502934,KTR,hard,1,324,0.65376,0.623072,0.876537,0.132856,0.078733,0.165473,0.492834,0.516429,0.527678,0.546539,0.561978,0.571862,0.58522,0.597583,0.614329,0.623072,0.642608,0.657796,0.682341,0.703948,0.72745,0.756869,0.790572,0.842733,0.886564,1.217104,0.848765,0.101852,0.003086,0.0,0.157407,0.027778,0.009259,0.0,0.664111,0.672895,0.682215,0.691313,0.700198,0.709584,0.719674,0.731029,0.742362,0.754611,0.767999,0.782711,0.80014,0.818306,0.838481,0.862119,0.890582,0.931685,0.997204
KTR-72502935,KTR,hard,1,324,0.58764,0.618203,1.356293,0.306334,0.172646,0.333513,0.0,0.0,0.208348,0.37304,0.458955,0.521471,0.550081,0.583372,0.593352,0.618203,0.648316,0.686554,0.726355,0.762853,0.792468,0.850785,0.895894,0.945885,0.998932,1.356293,0.583333,0.20679,0.003086,0.0,0.268519,0.104938,0.018519,0.003086,0.618167,0.652039,0.691151,0.71359,0.733198,0.750038,0.766125,0.783362,0.800976,0.82032,0.840483,0.862263,0.886044,0.909142,0.93485,0.963687,0.994212,1.031647,1.08893
KTR-72502937,KTR,hard,1,324,0.606884,0.574133,0.990314,0.17106,0.094508,0.200312,0.384607,0.41533,0.446966,0.464016,0.492343,0.509711,0.525399,0.54312,0.559511,0.574133,0.592922,0.603196,0.626968,0.662775,0.692655,0.741659,0.787318,0.871944,0.941169,1.250284,0.635802,0.12037,0.009259,0.0,0.126543,0.027778,0.009259,0.0,0.620927,0.632785,0.645185,0.656871,0.668515,0.680349,0.692735,0.706614,0.720648,0.735662,0.752159,0.7712,0.794492,0.819052,0.847387,0.880233,0.919083,0.970651,1.028012
KTR-72502942,KTR,hard,1,324,0.525762,0.495376,0.882854,0.153144,0.098088,0.214747,0.328258,0.357472,0.377476,0.397296,0.414247,0.434237,0.452894,0.463785,0.480419,0.495376,0.512931,0.539185,0.562729,0.588685,0.628994,0.651793,0.693134,0.746666,0.827921,0.984176,0.373457,0.040123,0.0,0.0,0.074074,0.006173,0.0,0.0,0.539082,0.549901,0.561139,0.571837,0.582911,0.594224,0.605564,0.618535,0.631603,0.645866,0.661436,0.67844,0.697494,0.717558,0.738665,0.76341,0.794109,0.835189,0.891472
KTR-72502943,KTR,annotatable (hard),3,324,0.39554,0.414318,0.922808,0.225421,0.18893,0.379373,0.0,0.096974,0.147927,0.175915,0.200568,0.22713,0.273144,0.346346,0.384433,0.414318,0.457837,0.482226,0.526289,0.554132,0.579941,0.604464,0.63777,0.672087,0.738733,0.922808,0.302469,0.006173,0.0,0.0,0.030864,0.003086,0.0,0.0,0.416088,0.43816,0.457356,0.475444,0.494383,0.514199,0.534335,0.553584,0.570827,0.587819,0.604829,0.621398,0.638914,0.654845,0.67218,0.691418,0.714872,0.746372,0.784156
KTR-72502944,KTR,hard,1,324,0.54231,0.57162,0.942633,0.180533,0.080375,0.162529,0.120585,0.272608,0.393075,0.454596,0.488521,0.509366,0.529719,0.549879,0.558231,0.57162,0.582613,0.597824,0.615772,0.629151,0.651049,0.665915,0.689096,0.729671,0.790856,0.942633,0.57716,0.021605,0.0,0.0,0.04321,0.0,0.0,0.0,0.567399,0.58836,0.604164,0.614829,0.624125,0.632843,0.641457,0.650419,0.659075,0.668317,0.678242,0.688954,0.701158,0.714046,0.728679,0.746161,0.767674,0.80069,0.838048
KTR-72502947,KTR,hard,1,324,0.525193,0.49242,1.482257,0.196566,0.094255,0.192211,0.29943,0.33816,0.369899,0.38859,0.409922,0.43296,0.447028,0.463951,0.474631,0.49242,0.512751,0.535529,0.554556,0.582793,0.602133,0.628012,0.656255,0.736992,0.889284,1.482257,0.339506,0.052469,0.018519,0.006173,0.092593,0.055556,0.018519,0.006173,0.542458,0.554532,0.567133,0.578775,0.590526,0.602346,0.614744,0.628683,0.643025,0.658916,0.676285,0.695118,0.717579,0.741696,0.77142,0.810614,0.866153,0.956512,1.114661
KTR-72502949,KTR,annotatable,4,324,0.448439,0.484619,1.02609,0.162377,0.080606,0.183299,0.154971,0.222359,0.279501,0.334369,0.360681,0.391996,0.424103,0.453378,0.468008,0.484619,0.500883,0.508658,0.523368,0.532146,0.54398,0.562042,0.57377,0.592878,0.637687,1.02609,0.305556,0.012346,0.0,0.0,0.015432,0.009259,0.0,0.0,0.469088,0.484366,0.498744,0.511093,0.522088,0.5326,0.542125,0.551228,0.559283,0.567641,0.575645,0.584361,0.594426,0.605404,0.618698,0.634954,0.65726,0.695474,0.771277
KTR-72502954,KTR,hard,1,324,1.031979,1.059752,0.849831,0.15419,0.102634,0.223292,0.740443,0.814332,0.867507,0.896399,0.923214,0.966754,0.998009,1.027914,1.039238,1.059752,1.073357,1.088443,1.107527,1.12678,1.146506,1.169018,1.194948,1.208773,1.234841,1.390738,0.996914,0.885802,0.348765,0.003086,0.916667,0.709877,0.191358,0.006173,1.050926,1.065785,1.079901,1.092001,1.104013,1.11497,1.125149,1.134766,1.143902,1.153128,1.162626,1.172879,1.184134,1.195055,1.206593,1.218682,1.230545,1.246378,1.273905
KTR-72502955,KTR,can spot annotate,2,324,0.766549,0.760566,0.732331,0.155217,0.102475,0.205114,0.510449,0.559655,0.599667,0.633277,0.657352,0.683183,0.703336,0.724383,0.74427,0.760566,0.777878,0.80213,0.824762,0.848374,0.862466,0.904381,0.940252,0.977145,1.034007,1.158686,0.907407,0.342593,0.006173,0.0,0.41358,0.12037,0.0,0.0,0.781427,0.795135,0.808776,0.82049,0.832038,0.843394,0.854718,0.867209,0.879249,0.891847,0.905295,0.91945,0.935165,0.951302,0.970025,0.992057,1.015175,1.046381,1.088072
KTR-72502960,KTR,hard,1,324,0.559023,0.558918,0.786166,0.127082,0.074179,0.144083,0.318894,0.400261,0.44726,0.472781,0.493976,0.508218,0.518202,0.526585,0.542621,0.558918,0.574208,0.589571,0.604122,0.624397,0.638059,0.665677,0.690498,0.714642,0.749525,0.978641,0.518519,0.009259,0.0,0.0,0.040123,0.006173,0.0,0.0,0.574042,0.586148,0.596047,0.604227,0.612264,0.620171,0.628376,0.63773,0.647148,0.656865,0.666839,0.677459,0.689527,0.701841,0.715923,0.732727,0.750944,0.776783,0.819559
KTR-72502963,KTR,hard,1,324,0.689762,0.697923,1.30442,0.29668,0.197683,0.381253,0.148232,0.27728,0.373207,0.461023,0.529397,0.557276,0.590502,0.628254,0.663738,0.697923,0.736712,0.777544,0.835802,0.879786,0.910649,0.946983,1.001186,1.052447,1.110078,1.30442,0.685185,0.320988,0.04321,0.0,0.416667,0.243827,0.052469,0.0,0.725184,0.752822,0.779506,0.801559,0.821736,0.841455,0.862256,0.88429,0.905488,0.927395,0.950818,0.97401,0.998493,1.020711,1.045915,1.074378,1.107674,1.148818,1.215254
NKR-72502127,NKR,hard,1,324,0.805201,0.855982,1.060953,0.183504,0.108165,0.283358,0.491192,0.548874,0.590406,0.606502,0.646195,0.704084,0.750418,0.797999,0.836219,0.855982,0.876049,0.885276,0.89586,0.914667,0.929553,0.948567,0.96457,0.984766,1.069184,1.297208,0.888889,0.530864,0.033951,0.0,0.635802,0.17284,0.012346,0.0,0.825271,0.842146,0.858896,0.874919,0.891134,0.905895,0.919318,0.931879,0.941631,0.950867,0.960133,0.969989,0.981899,0.994557,1.008621,1.025576,1.048626,1.08612,1.155802
NKR-72502137,NKR,can spot annotate,2,324,0.352191,0.350851,0.624969,0.102796,0.04994,0.098909,0.163465,0.23824,0.267834,0.284148,0.303131,0.319281,0.324542,0.334098,0.339291,0.350851,0.3573,0.365598,0.375076,0.384404,0.40204,0.419847,0.44709,0.485316,0.533772,0.656827,0.037037,0.0,0.0,0.0,0.0,0.0,0.0,0.0,0.364818,0.373409,0.381007,0.387474,0.393611,0.39939,0.40528,0.412035,0.418734,0.425887,0.433782,0.442681,0.453606,0.465752,0.480115,0.497455,0.518838,0.550373,0.587698
NKR-72502142,NKR,hard,1,324,0.637691,0.636849,0.837152,0.15592,0.103962,0.206295,0.366028,0.45592,0.488052,0.510653,0.538042,0.558459,0.579126,0.597603,0.614982,0.636849,0.663681,0.684613,0.701883,0.720438,0.744337,0.789568,0.815179,0.835808,0.871692,0.996536,0.75,0.132716,0.0,0.0,0.169753,0.006173,0.0,0.0,0.656109,0.669736,0.68199,0.693403,0.704547,0.715633,0.726703,0.738873,0.750826,0.763155,0.775373,0.787942,0.802253,0.817262,0.833995,0.850879,0.866813,0.887369,0.921733
NKR-72502165,NKR,hard,1,324,0.534327,0.546844,1.34156,0.188646,0.107563,0.225371,0.206796,0.276996,0.341415,0.397512,0.42338,0.451541,0.485402,0.506015,0.530517,0.546844,0.567679,0.587673,0.602916,0.629938,0.648751,0.671095,0.695084,0.740674,0.811746,1.36172,0.472222,0.030864,0.009259,0.0,0.080247,0.018519,0.012346,0.003086,0.554686,0.572029,0.588446,0.601971,0.614661,0.627098,0.639118,0.651636,0.663559,0.675986,0.68932,0.703205,0.71935,0.73666,0.755383,0.779787,0.811268,0.861917,0.954155
NKR-72502166,NKR,annotatable,4,324,0.518305,0.527458,0.955148,0.163601,0.097572,0.194484,0.20811,0.313573,0.364052,0.39996,0.429201,0.454454,0.465211,0.49147,0.508634,0.527458,0.54331,0.566574,0.592187,0.606306,0.623685,0.643692,0.676338,0.717397,0.762864,0.955148,0.435185,0.015432,0.0,0.0,0.04321,0.006173,0.0,0.0,0.5391,0.553681,0.567057,0.578524,0.589203,0.599686,0.610326,0.62213,0.633045,0.644524,0.656238,0.668717,0.682109,0.695812,0.711271,0.73043,0.75426,0.786652,0.834362
NKR-72502171,NKR,hard,1,324,0.872669,0.876458,1.074606,0.166431,0.096182,0.191223,0.55619,0.658929,0.717513,0.757509,0.779938,0.799513,0.83634,0.853631,0.865507,0.876458,0.895139,0.913429,0.927927,0.945655,0.971162,0.992959,1.02931,1.070194,1.134264,1.403809,0.938272,0.614198,0.046296,0.0,0.75,0.320988,0.046296,0.006173,0.892856,0.908112,0.921681,0.933123,0.943825,0.954933,0.965197,0.975872,0.986348,0.997869,1.010156,1.023061,1.038404,1.05485,1.073342,1.095474,1.121644,1.158472,1.213824
NKR-72502175,NKR,hard,1,324,0.061962,0.042949,0.503075,0.0732,0.042949,0.10866,0.0,0.0,0.0,0.0,0.0,0.0,0.0,0.0,0.021653,0.042949,0.06275,0.075295,0.085508,0.100902,0.10866,0.119061,0.129316,0.145431,0.183416,0.503075,0.0,0.0,0.0,0.0,0.0,0.0,0.0,0.0,0.065181,0.068752,0.073003,0.077512,0.082616,0.088439,0.095146,0.103483,0.11233,0.120067,0.127477,0.134812,0.143074,0.151178,0.160289,0.171349,0.186697,0.212828,0.261527
NKR-72502177,NKR,hard,1,324,0.694987,0.703746,0.855734,0.150727,0.10672,0.219938,0.446971,0.483753,0.523669,0.55276,0.587308,0.614641,0.636598,0.659695,0.683746,0.703746,0.720649,0.740203,0.766343,0.782066,0.807246,0.817855,0.839384,0.876741,0.934583,1.199792,0.83642,0.169753,0.003086,0.0,0.253086,0.049383,0.006173,0.0,0.709915,0.723237,0.736829,0.748997,0.760743,0.77203,0.78299,0.794834,0.805836,0.817006,0.828624,0.840847,0.853735,0.866893,0.881307,0.898325,0.921186,0.956329,1.006656
NKR-72502181,NKR,hard,1,324,0.739475,0.737113,0.554579,0.093948,0.049096,0.09799,0.59196,0.6192,0.645027,0.670379,0.690026,0.698332,0.708632,0.723512,0.730045,0.737113,0.744447,0.754725,0.7636,0.77694,0.788016,0.813584,0.832375,0.863569,0.899012,1.022376,0.975309,0.16358,0.0,0.0,0.216049,0.027778,0.0,0.0,0.749855,0.757793,0.765416,0.772119,0.778112,0.784039,0.790157,0.796739,0.803122,0.810108,0.81774,0.826325,0.836441,0.847231,0.859765,0.874398,0.891637,0.91437,0.951458
NKR-72502186,NKR,hard,1,324,1.057755,1.05791,0.701803,0.106592,0.066545,0.132189,0.900486,0.93524,0.962062,0.974793,0.990196,1.000904,1.015103,1.025004,1.039086,1.05791,1.075844,1.084359,1.094654,1.111471,1.122385,1.136803,1.166506,1.182273,1.235811,1.345055,1.0,0.975309,0.299383,0.0,0.987654,0.833333,0.145062,0.0,1.070042,1.07841,1.08625,1.093491,1.100747,1.108141,1.115654,1.124025,1.132256,1.140436,1.148448,1.156855,1.166845,1.177624,1.189712,1.204408,1.222016,1.247836,1.292233
NKR-72502187,NKR,hard,1,324,0.661718,0.664753,1.449472,0.242201,0.140953,0.273789,0.25557,0.394821,0.451854,0.484537,0.52022,0.537332,0.581556,0.600046,0.629869,0.664753,0.68347,0.721685,0.74223,0.773875,0.794009,0.822279,0.877806,0.93757,1.051662,1.449472,0.688272,0.17284,0.027778,0.0,0.29321,0.117284,0.040123,0.012346,0.689393,0.709445,0.7274,0.743345,0.759377,0.775715,0.792134,0.809849,0.827302,0.844734,0.863525,0.883203,0.905915,0.93031,0.959306,0.996902,1.04441,1.115213,1.232707
NKR-72502209,NKR,annotatable,4,324,0.346635,0.350613,0.680721,0.087009,0.056453,0.11064,0.182294,0.240773,0.26327,0.28521,0.293113,0.303081,0.318246,0.336712,0.343279,0.350613,0.36396,0.371988,0.383953,0.396493,0.403753,0.413828,0.430744,0.447926,0.470701,0.731836,0.006173,0.0,0.0,0.0,0.0,0.0,0.0,0.0,0.357446,0.365204,0.372235,0.378187,0.384039,0.390124,0.396079,0.401911,0.407518,0.413508,0.419652,0.426023,0.433308,0.440246,0.448324,0.457768,0.470112,0.485763,0.512459
NKR-72502221,NKR,hard,1,324,1.00636,0.999466,0.794565,0.131464,0.084752,0.16711,0.787954,0.844303,0.875701,0.899889,0.921902,0.944371,0.960434,0.97222,0.986827,0.999466,1.011539,1.022214,1.047264,1.063144,1.089012,1.110066,1.126285,1.17748,1.245019,1.404992,1.0,0.916667,0.231481,0.003086,0.932099,0.614198,0.104938,0.012346,1.019645,1.030893,1.041451,1.050974,1.060208,1.069155,1.07786,1.087654,1.097375,1.107564,1.118716,1.131453,1.145813,1.16073,1.176785,1.19628,1.22156,1.256902,1.311
NKR-72502224,NKR,hard,1,324,0.33464,0.34545,0.432074,0.075604,0.046812,0.095139,0.197029,0.229329,0.252839,0.274885,0.293091,0.305074,0.31545,0.329519,0.335148,0.34545,0.353416,0.36059,0.372611,0.378065,0.38823,0.396992,0.410334,0.421161,0.43506,0.540685,0.0,0.0,0.0,0.0,0.0,0.0,0.0,0.0,0.344054,0.351334,0.358151,0.363931,0.369239,0.374223,0.379136,0.384084,0.388814,0.393522,0.398453,0.403564,0.408963,0.414553,0.420734,0.427712,0.435651,0.445872,0.463641
NKR-72502225,NKR,annotatable (hard),3,324,0.371646,0.374462,0.41603,0.069365,0.043174,0.085301,0.254718,0.283742,0.305007,0.320735,0.332293,0.339231,0.350916,0.358573,0.366312,0.374462,0.386352,0.395121,0.403357,0.410771,0.417595,0.424472,0.437699,0.448037,0.480893,0.550535,0.003086,0.0,0.0,0.0,0.0,0.0,0.0,0.0,0.380322,0.38642,0.392135,0.397074,0.401785,0.406354,0.411044,0.41596,0.420736,0.425649,0.430609,0.4355,0.440882,0.446468,0.452901,0.460678,0.47029,0.484246,0.50802
NKR-72502227,NKR,annotatable,4,324,0.229255,0.252451,0.617953,0.100483,0.052575,0.117731,0.032948,0.079661,0.121595,0.152547,0.177621,0.201035,0.213177,0.223927,0.236566,0.252451,0.260459,0.265723,0.272635,0.28416,0.295353,0.305161,0.316082,0.329217,0.3452,0.617953,0.0,0.0,0.0,0.0,0.0,0.0,0.0,0.0,0.240905,0.25125,0.260741,0.2684,0.275463,0.281376,0.287071,0.293165,0.298811,0.304312,0.309489,0.315212,0.322149,0.329378,0.33712,0.346081,0.357351,0.375613,0.413934
NKR-72502228,NKR,annotatable,4,324,0.334405,0.340906,0.473881,0.068768,0.035656,0.073969,0.198871,0.243667,0.269841,0.28974,0.301522,0.314079,0.319427,0.329213,0.335462,0.340906,0.34821,0.354605,0.359243,0.36777,0.37549,0.382784,0.389306,0.40999,0.429274,0.556326,0.0,0.0,0.0,0.0,0.0,0.0,0.0,0.0,0.343444,0.350005,0.35564,0.360184,0.364421,0.368321,0.372212,0.376393,0.38039,0.38456,0.388896,0.393565,0.399093,0.404832,0.411371,0.419259,0.430113,0.44577,0.472589
NKR-72502230,NKR,can spot annotate,2,324,0.318371,0.322852,0.735797,0.107451,0.048888,0.099655,0.114943,0.191854,0.236421,0.263773,0.278408,0.287431,0.295118,0.303064,0.312561,0.322852,0.338101,0.343112,0.357029,0.367238,0.378063,0.391446,0.409081,0.429317,0.47292,0.735797,0.003086,0.0,0.0,0.0,0.003086,0.0,0.0,0.0,0.333398,0.343259,0.35115,0.357365,0.363055,0.368751,0.374684,0.381302,0.387915,0.394767,0.401798,0.409412,0.418347,0.427618,0.438728,0.451703,0.468162,0.49514,0.538922
NKR-72502233,NKR,annotatable,4,324,0.30088,0.329548,0.623139,0.137782,0.089017,0.184271,0.0,0.09591,0.148082,0.175847,0.2173,0.242255,0.270087,0.286054,0.312539,0.329548,0.347785,0.360696,0.376339,0.390911,0.401571,0.419021,0.433572,0.458444,0.480991,0.623139,0.003086,0.0,0.0,0.0,0.0,0.0,0.0,0.0,0.31651,0.331558,0.344535,0.355826,0.366148,0.375824,0.385074,0.394616,0.402934,0.410981,0.418701,0.426809,0.435395,0.44407,0.453485,0.46375,0.475976,0.492284,0.513136
NKR-72502235,NKR,hard,1,324,0.497358,0.501711,0.709095,0.119724,0.075291,0.157125,0.299138,0.341992,0.366383,0.388524,0.415062,0.435656,0.456895,0.473058,0.486501,0.501711,0.515265,0.532804,0.547669,0.557862,0.572187,0.585608,0.60101,0.630118,0.691806,0.913185,0.42284,0.012346,0.0,0.0,0.021605,0.0,0.0,0.0,0.50918,0.519465,0.529676,0.539065,0.548137,0.556788,0.565077,0.573923,0.582446,0.591079,0.600044,0.609362,0.619843,0.630967,0.644094,0.660569,0.681803,0.717969,0.7798
NKR-72502244,NKR,hard,1,324,0.565588,0.571438,0.960577,0.086836,0.045312,0.093554,0.426978,0.46516,0.4945,0.509843,0.522921,0.53686,0.547704,0.553496,0.564865,0.571438,0.578468,0.585843,0.592502,0.609048,0.616475,0.624108,0.634396,0.650971,0.674258,0.960577,0.731481,0.006173,0.0,0.0,0.012346,0.003086,0.0,0.0,0.57641,0.583633,0.589959,0.595451,0.600717,0.605641,0.610452,0.615685,0.620852,0.626044,0.631664,0.637829,0.645189,0.652471,0.660436,0.670631,0.68415,0.706174,0.747961
NKR-72502297,NKR,annotatable,4,324,0.756286,0.794076,0.743081,0.15286,0.099422,0.243538,0.498158,0.571425,0.592898,0.611159,0.635908,0.685784,0.710287,0.746228,0.775625,0.794076,0.820488,0.841072,0.853499,0.871271,0.879445,0.889875,0.90006,0.912607,0.930799,0.986376,0.935185,0.469136,0.0,0.0,0.444444,0.006173,0.0,0.0,0.777084,0.789733,0.802521,0.815003,0.827756,0.839707,0.850438,0.861104,0.870164,0.878634,0.886552,0.893502,0.900394,0.90647,0.912556,0.919399,0.927219,0.93796,0.955242
NKR-72502298,NKR,hard,1,324,0.882534,0.911665,0.802028,0.18031,0.154782,0.319271,0.624728,0.657959,0.668912,0.685401,0.702923,0.728837,0.775164,0.813666,0.871947,0.911665,0.935608,0.964455,0.983163,1.002305,1.022194,1.051326,1.076049,1.111857,1.161933,1.325238,0.996914,0.601852,0.104938,0.0,0.601852,0.37963,0.037037,0.0,0.897807,0.911878,0.927237,0.942685,0.959066,0.976421,0.993636,1.010904,1.025871,1.039305,1.052175,1.064957,1.078828,1.092877,1.108749,1.126682,1.147352,1.176737,1.212405
NKR-72502299,NKR,annotatable,4,324,0.363704,0.371269,0.604205,0.110049,0.077607,0.156694,0.165828,0.206528,0.242044,0.264415,0.289977,0.311515,0.328507,0.343741,0.357128,0.371269,0.38945,0.403821,0.418553,0.43119,0.44667,0.458229,0.469379,0.491016,0.528715,0.660382,0.027778,0.0,0.0,0.0,0.0,0.0,0.0,0.0,0.375553,0.385878,0.395953,0.404922,0.413303,0.421373,0.429069,0.437202,0.445078,0.453077,0.461065,0.468942,0.477628,0.486227,0.495525,0.506325,0.519814,0.541132,0.570586
NKR-72502307,NKR,annotatable,4,324,0.516024,0.527678,0.715005,0.142911,0.103874,0.211132,0.299283,0.325545,0.359899,0.391068,0.413741,0.438929,0.464175,0.481956,0.501716,0.527678,0.544239,0.565171,0.586897,0.602578,0.624873,0.645123,0.677578,0.700777,0.736297,0.78387,0.475309,0.0,0.0,0.0,0.003086,0.0,0.0,0.0,0.532205,0.544293,0.556891,0.568172,0.579054,0.58975,0.600451,0.611523,0.622251,0.63296,0.643678,0.654868,0.66666,0.678883,0.692017,0.705801,0.721238,0.739424,0.760881
NKR-72502310,NKR,can spot annotate,2,324,1.324919,1.360205,1.090007,0.201045,0.134665,0.263037,0.915923,1.104075,1.146017,1.175721,1.215431,1.241516,1.268827,1.293084,1.322642,1.360205,1.398455,1.413078,1.423248,1.45364,1.478468,1.508449,1.529009,1.550539,1.571165,1.61686,0.996914,0.959877,0.87037,0.490741,0.975309,0.947531,0.839506,0.466049,1.354067,1.372443,1.387778,1.401634,1.41504,1.428177,1.441378,1.45544,1.468568,1.48133,1.492638,1.503497,1.516283,1.52914,1.541687,1.553383,1.563948,1.57576,1.591049
NKR-72502313,NKR,can spot annotate,2,324,0.818912,0.81006,0.811898,0.156863,0.114496,0.228115,0.578289,0.617649,0.669295,0.687786,0.707949,0.726873,0.744098,0.765486,0.786386,0.81006,0.826548,0.850803,0.894954,0.916137,0.936064,0.959529,0.993242,1.027413,1.071552,1.217265,0.969136,0.459877,0.027778,0.0,0.521605,0.200617,0.015432,0.0,0.835218,0.848515,0.860823,0.872169,0.883664,0.895397,0.907484,0.920876,0.93404,0.947175,0.961175,0.976346,0.992158,1.006195,1.022149,1.040451,1.061648,1.089452,1.131442
NKR-72502314,NKR,hard,1,324,0.668337,0.669069,1.021416,0.193665,0.136018,0.270484,0.371181,0.424064,0.472265,0.505214,0.532122,0.559007,0.584344,0.610993,0.629468,0.669069,0.693654,0.712957,0.740744,0.775187,0.802607,0.82545,0.859105,0.900334,1.015224,1.178403,0.712963,0.169753,0.015432,0.0,0.283951,0.089506,0.015432,0.0,0.68826,0.703902,0.719703,0.73391,0.748306,0.762619,0.777101,0.792848,0.808426,0.824104,0.839789,0.85668,0.876444,0.896059,0.916902,0.941381,0.973866,1.026345,1.090867
NKR-72502319,NKR,hard,1,324,0.865561,0.878075,0.615114,0.099554,0.050592,0.102775,0.680963,0.724135,0.76525,0.798776,0.824206,0.838366,0.846309,0.859805,0.865803,0.878075,0.88683,0.892417,0.90477,0.914105,0.926981,0.938777,0.945122,0.965406,1.010732,1.168819,1.0,0.756173,0.015432,0.0,0.771605,0.101852,0.003086,0.0,0.87822,0.887797,0.896768,0.903715,0.909833,0.915327,0.920907,0.926872,0.932683,0.938581,0.944801,0.951557,0.959436,0.967858,0.977089,0.988099,1.00316,1.028427,1.068477
NKR-72502321,NKR,can spot annotate,2,324,0.541957,0.529396,0.855904,0.143701,0.096608,0.203514,0.304589,0.364356,0.402989,0.425977,0.451582,0.469413,0.481847,0.499687,0.518188,0.529396,0.549784,0.575672,0.595786,0.614222,0.655096,0.670822,0.690229,0.725337,0.77044,0.985988,0.466049,0.012346,0.0,0.0,0.046296,0.003086,0.0,0.0,0.558166,0.570104,0.581498,0.591708,0.601704,0.611759,0.621951,0.633385,0.644478,0.656347,0.669116,0.682297,0.696816,0.711777,0.726744,0.742624,0.762355,0.790813,0.831704
NKR-72502322,NKR,can spot annotate,2,324,1.213618,1.209285,0.595545,0.098034,0.05784,0.116507,1.047831,1.102709,1.135318,1.151462,1.164952,1.175891,1.184546,1.192994,1.200095,1.209285,1.217417,1.235923,1.252523,1.265344,1.281458,1.299503,1.316152,1.326734,1.34634,1.452561,1.0,1.0,0.898148,0.037037,1.0,0.981481,0.694444,0.027778,1.226933,1.234953,1.242295,1.248365,1.254315,1.260246,1.266314,1.273099,1.27996,1.287266,1.295347,1.303872,1.312612,1.321269,1.330435,1.340437,1.351286,1.367951,1.399722
NKR-72502327,NKR,annotatable,4,324,0.425747,0.432085,0.875633,0.134247,0.085102,0.166127,0.20774,0.248634,0.282339,0.313483,0.339543,0.362896,0.379409,0.402206,0.412168,0.432085,0.444993,0.455201,0.474375,0.488276,0.50567,0.52712,0.548769,0.587861,0.626119,0.96978,0.154321,0.003086,0.0,0.0,0.018519,0.003086,0.0,0.0,0.439771,0.451163,0.462451,0.472644,0.48222,0.491565,0.500665,0.510328,0.519644,0.529162,0.53915,0.550148,0.562982,0.576592,0.59262,0.611075,0.635044,0.668302,0.731578
NKR-72502330,NKR,hard,1,324,0.27434,0.279303,0.593811,0.073398,0.041374,0.08213,0.14631,0.190891,0.205069,0.221607,0.23444,0.245862,0.253353,0.260813,0.26883,0.279303,0.285875,0.292422,0.300051,0.307106,0.316571,0.325907,0.339883,0.357483,0.383502,0.641128,0.003086,0.0,0.0,0.0,0.0,0.0,0.0,0.0,0.283123,0.289438,0.295061,0.300106,0.304877,0.309549,0.314119,0.319141,0.324039,0.328972,0.334113,0.33967,0.346225,0.353216,0.36144,0.371352,0.383896,0.402497,0.434019
NKR-72502333,NKR,hard,1,324,0.58622,0.575102,0.541849,0.078522,0.042979,0.084387,0.47738,0.507797,0.522468,0.529292,0.537345,0.546908,0.552383,0.562967,0.568206,0.575102,0.580703,0.587217,0.596549,0.613685,0.621732,0.637164,0.659635,0.681227,0.744438,0.912204,0.83642,0.009259,0.0,0.0,0.033951,0.0,0.0,0.0,0.593766,0.599275,0.604496,0.609391,0.614379,0.61946,0.624751,0.630743,0.636641,0.643096,0.650228,0.658393,0.668366,0.678701,0.690675,0.70569,0.724715,0.754461,0.795185
NKR-72502335,NKR,can spot annotate,2,324,0.545688,0.548835,1.522494,0.206611,0.13265,0.267061,0.207722,0.288911,0.332705,0.384155,0.427121,0.459677,0.48979,0.510155,0.526216,0.548835,0.574465,0.603159,0.629497,0.654753,0.694182,0.720853,0.744542,0.778593,0.806954,1.522494,0.496914,0.021605,0.009259,0.003086,0.111111,0.009259,0.009259,0.009259,0.569656,0.587661,0.605005,0.620098,0.634072,0.647563,0.660393,0.674457,0.688392,0.70334,0.718571,0.734296,0.752178,0.769997,0.788164,0.807486,0.831115,0.868915,0.943658
NKR-72502337,NKR,hard,1,324,1.276631,1.281711,0.543286,0.07733,0.051604,0.101306,1.159815,1.185892,1.206031,1.213358,1.224266,1.234653,1.250111,1.262959,1.273422,1.281711,1.287464,1.300317,1.311154,1.316448,1.325572,1.338082,1.348655,1.381984,1.394819,1.460481,1.0,1.0,0.969136,0.135802,1.0,0.996914,0.91358,0.064815,1.286133,1.292563,1.298424,1.303879,1.309421,1.315079,1.3207,1.326187,1.331431,1.336756,1.342509,1.348598,1.355163,1.361981,1.370254,1.379798,1.391623,1.402449,1.417105
NKR-72502338,NKR,hard,1,324,0.501312,0.499528,0.449969,0.083558,0.058271,0.115409,0.368722,0.40438,0.41707,0.429633,0.443537,0.456234,0.46562,0.482409,0.490148,0.499528,0.509356,0.522311,0.532266,0.549434,0.558946,0.576706,0.591111,0.610209,0.63766,0.707818,0.296296,0.0,0.0,0.0,0.0,0.0,0.0,0.0,0.510758,0.517564,0.524233,0.530405,0.536626,0.542649,0.548761,0.555324,0.561478,0.568095,0.575187,0.582544,0.59083,0.599063,0.608002,0.618249,0.629286,0.644567,0.663448
NKR-72502344,NKR,annotatable,4,324,0.378154,0.374666,1.652564,0.194874,0.094901,0.189714,0.111461,0.171714,0.207835,0.242076,0.265563,0.291583,0.309677,0.332003,0.352584,0.374666,0.392159,0.403734,0.41618,0.4324,0.455277,0.47796,0.503431,0.546906,0.594028,1.652564,0.089506,0.030864,0.009259,0.003086,0.037037,0.027778,0.012346,0.003086,0.394217,0.4084,0.421692,0.433569,0.445299,0.457148,0.469148,0.482143,0.494607,0.507462,0.520987,0.53609,0.55509,0.576595,0.602599,0.635842,0.683231,0.767903,0.969843
NKR-72502347,NKR,hard,1,324,0.398546,0.416834,0.604944,0.134515,0.094401,0.18112,0.144351,0.196726,0.24823,0.275842,0.309215,0.327376,0.365782,0.388249,0.401351,0.416834,0.431244,0.451636,0.463901,0.475608,0.490335,0.513964,0.528344,0.559211,0.599415,0.67975,0.126543,0.0,0.0,0.0,0.0,0.0,0.0,0.0,0.413341,0.426679,0.439458,0.450314,0.460716,0.470808,0.480024,0.489048,0.497632,0.506275,0.515226,0.524189,0.53418,0.544576,0.556922,0.569982,0.585971,0.608963,0.635338
NKR-72502348,NKR,hard,1,324,0.550599,0.563278,0.566546,0.106583,0.057639,0.116123,0.352884,0.398055,0.435912,0.474226,0.495971,0.510835,0.524172,0.540159,0.551761,0.563278,0.572601,0.58398,0.594091,0.600897,0.612095,0.625734,0.642765,0.674522,0.718252,0.824018,0.62963,0.0,0.0,0.0,0.021605,0.0,0.0,0.0,0.563138,0.57358,0.583167,0.591022,0.598039,0.604724,0.611342,0.618215,0.624708,0.631315,0.638365,0.645811,0.654347,0.663671,0.674871,0.688566,0.706716,0.733389,0.769852
NKR-72502353,NKR,annotatable,4,324,0.474643,0.507616,0.653105,0.132636,0.081007,0.173872,0.216866,0.280168,0.308723,0.362223,0.39699,0.421678,0.452227,0.472435,0.483191,0.507616,0.521233,0.532089,0.542774,0.557584,0.570862,0.584496,0.607025,0.621298,0.642121,0.704263,0.345679,0.0,0.0,0.0,0.0,0.0,0.0,0.0,0.491263,0.504393,0.517322,0.528283,0.538258,0.54718,0.555452,0.563565,0.571266,0.578524,0.585483,0.592632,0.600746,0.60905,0.617527,0.627257,0.637303,0.650079,0.668188
NKR-72502360,NKR,annotatable,4,324,0.366516,0.372603,0.725401,0.143857,0.095494,0.188863,0.115738,0.173817,0.220004,0.246205,0.269664,0.287202,0.310664,0.345257,0.358597,0.372603,0.389319,0.404646,0.418214,0.433692,0.458527,0.477727,0.502195,0.530387,0.6061,0.757917,0.064815,0.0,0.0,0.0,0.009259,0.0,0.0,0.0,0.381561,0.39429,0.406561,0.417401,0.427889,0.438447,0.44907,0.459634,0.469347,0.479378,0.490169,0.501675,0.51519,0.529705,0.546218,0.565507,0.590298,0.628154,0.684371
NKR-72502363,NKR,can spot annotate,2,324,0.438707,0.420465,0.76584,0.120879,0.063147,0.126365,0.275434,0.302408,0.328881,0.347161,0.362079,0.3739,0.386946,0.398601,0.413114,0.420465,0.426777,0.43882,0.456187,0.475299,0.488444,0.516634,0.561878,0.615528,0.686898,0.940146,0.166667,0.003086,0.0,0.0,0.003086,0.003086,0.0,0.0,0.449203,0.458009,0.46678,0.474714,0.48261,0.490797,0.499214,0.50853,0.517831,0.527749,0.539156,0.552288,0.568165,0.584912,0.605167,0.631005,0.661125,0.701309,0.741962
NKR-72502513,NKR,annotatable (hard),3,324,0.723052,0.708341,1.33668,0.17481,0.072171,0.14872,0.551195,0.597477,0.617326,0.628908,0.64269,0.656434,0.666406,0.677234,0.699437,0.708341,0.720244,0.737743,0.754901,0.776645,0.79141,0.820747,0.850189,0.89245,0.99337,1.33668,0.941358,0.179012,0.024691,0.0,0.228395,0.070988,0.030864,0.0,0.745912,0.755017,0.764098,0.772884,0.78176,0.791034,0.800935,0.812244,0.823494,0.835306,0.848623,0.863311,0.880753,0.899086,0.921719,0.950435,0.987693,1.049967,1.154005
NKR-72502533,NKR,hard,1,324,0.609497,0.606968,0.974697,0.158635,0.09926,0.201791,0.359761,0.413741,0.443392,0.471695,0.509315,0.529072,0.543715,0.562472,0.582505,0.606968,0.624461,0.647477,0.664119,0.683938,0.711107,0.732359,0.760312,0.821918,0.873834,1.171913,0.694444,0.058642,0.003086,0.0,0.126543,0.037037,0.003086,0.0,0.624983,0.637929,0.651093,0.662979,0.674471,0.685568,0.696783,0.709387,0.721818,0.734523,0.747618,0.761777,0.777742,0.794825,0.814537,0.837227,0.86722,0.90742,0.976476
NKR-72502552,NKR,hard,1,324,0.374214,0.336941,1.117926,0.219509,0.103115,0.205525,0.106424,0.154993,0.177223,0.206531,0.235639,0.25255,0.270364,0.290371,0.317985,0.336941,0.348879,0.369022,0.388553,0.411362,0.441164,0.476078,0.573083,0.700021,0.858332,1.117926,0.160494,0.033951,0.0,0.0,0.08642,0.052469,0.012346,0.0,0.390472,0.404584,0.419358,0.43344,0.44754,0.462044,0.477214,0.494539,0.511525,0.529683,0.550326,0.573754,0.603066,0.636342,0.678524,0.732032,0.800198,0.884669,0.986629
RUB-62501292,RUB,annotatable,4,324,0.782442,0.70527,1.204826,0.266314,0.165723,0.387897,0.411294,0.50157,0.531796,0.545926,0.579471,0.617318,0.639158,0.657845,0.680798,0.70527,0.751922,0.822591,0.860564,0.907319,0.967367,1.036145,1.111958,1.203759,1.26474,1.441585,0.830247,0.367284,0.135802,0.003086,0.419753,0.274691,0.148148,0.021605,0.805319,0.824002,0.843063,0.861883,0.881607,0.90181,0.922573,0.94671,0.971649,0.999178,1.028758,1.058913,1.091444,1.125956,1.163635,1.203487,1.243489,1.285753,1.336153
RUB-62501325,RUB,hard,1,324,0.288428,0.3041,0.552934,0.129796,0.102757,0.209075,0.07464,0.104008,0.131171,0.160159,0.185727,0.216115,0.239811,0.250972,0.27103,0.3041,0.322243,0.339754,0.357616,0.375265,0.394802,0.414576,0.432199,0.449714,0.476818,0.552934,0.003086,0.0,0.0,0.0,0.0,0.0,0.0,0.0,0.301232,0.31299,0.325093,0.336053,0.34702,0.357245,0.367215,0.377888,0.388327,0.398691,0.40832,0.417664,0.427823,0.438041,0.448576,0.458852,0.469956,0.485228,0.503772
RUB-62501327,RUB,annotatable,4,324,0.262718,0.260261,0.589014,0.125075,0.087267,0.173529,0.069355,0.099736,0.125354,0.149413,0.174589,0.192913,0.21438,0.229169,0.246813,0.260261,0.280734,0.294416,0.309042,0.326061,0.348118,0.372633,0.393992,0.416908,0.468487,0.589014,0.0,0.0,0.0,0.0,0.0,0.0,0.0,0.0,0.275259,0.285775,0.296379,0.306283,0.315748,0.325035,0.33436,0.344119,0.353691,0.363598,0.373769,0.384487,0.396807,0.409798,0.42421,0.440232,0.458486,0.486425,0.526761
RUB-62501332,RUB,hard,1,324,0.214354,0.211602,0.411363,0.086837,0.068689,0.136089,0.076981,0.099507,0.117427,0.134629,0.148382,0.162117,0.176097,0.185068,0.198273,0.211602,0.226068,0.236707,0.253201,0.272842,0.284472,0.294363,0.305231,0.323635,0.357867,0.436049,0.0,0.0,0.0,0.0,0.0,0.0,0.0,0.0,0.222553,0.229899,0.237497,0.244479,0.251265,0.258009,0.264878,0.272266,0.279527,0.286914,0.294406,0.302329,0.310857,0.31815,0.325924,0.334952,0.346785,0.363915,0.385657
RUB-62501334,RUB,annotatable,4,324,0.148016,0.129103,0.602752,0.092361,0.051949,0.107855,0.034615,0.04903,0.060873,0.075604,0.082877,0.094203,0.102838,0.114386,0.122073,0.129103,0.142371,0.152582,0.163137,0.176311,0.190732,0.219458,0.237575,0.254266,0.315186,0.602752,0.0,0.0,0.0,0.0,0.0,0.0,0.0,0.0,0.154749,0.16094,0.167591,0.173685,0.179963,0.186485,0.193132,0.200492,0.2079,0.21603,0.224882,0.234446,0.245965,0.258752,0.273471,0.290955,0.311457,0.34607,0.407632
RUB-62501335,RUB,annotatable,4,324,0.182397,0.178835,0.350885,0.077533,0.055957,0.111511,0.056817,0.082603,0.093859,0.109496,0.124265,0.137511,0.149897,0.160116,0.167892,0.178835,0.193702,0.202016,0.212929,0.22216,0.235776,0.25641,0.273631,0.287068,0.314358,0.369209,0.0,0.0,0.0,0.0,0.0,0.0,0.0,0.0,0.189674,0.196237,0.202973,0.209149,0.215195,0.221192,0.22723,0.233605,0.239858,0.246464,0.253066,0.259862,0.267761,0.27601,0.285168,0.295157,0.304472,0.317325,0.334009
RUB-62501337,RUB,can spot annotate,2,324,0.174363,0.172224,0.397679,0.093289,0.076276,0.152016,0.029415,0.053498,0.067335,0.082784,0.094144,0.107295,0.122845,0.135735,0.159779,0.172224,0.192491,0.201079,0.217921,0.23549,0.24616,0.264221,0.275818,0.302849,0.331334,0.408315,0.0,0.0,0.0,0.0,0.0,0.0,0.0,0.0,0.182251,0.189944,0.198016,0.20555,0.213182,0.221135,0.229216,0.237959,0.245982,0.253836,0.261683,0.269732,0.279016,0.287498,0.296589,0.307251,0.319162,0.336767,0.356309
RUB-62501338,RUB,can spot annotate,2,324,0.337976,0.3441,0.788619,0.155956,0.092853,0.189717,0.063898,0.111498,0.170816,0.208883,0.244677,0.264184,0.289824,0.308553,0.326492,0.3441,0.359825,0.374748,0.390449,0.414442,0.434394,0.455133,0.48723,0.529128,0.603779,0.791828,0.098765,0.0,0.0,0.0,0.006173,0.0,0.0,0.0,0.353744,0.368604,0.382346,0.394277,0.405156,0.415717,0.4264,0.437489,0.44837,0.459402,0.471098,0.483767,0.499009,0.514902,0.532782,0.55502,0.583312,0.623044,0.67849
RUB-62501340,RUB,hard,1,324,0.255039,0.233635,0.575422,0.102352,0.062218,0.12222,0.111545,0.146024,0.157998,0.170184,0.18533,0.189696,0.208803,0.214913,0.222246,0.233635,0.249844,0.259662,0.275691,0.292767,0.30755,0.329555,0.360616,0.387156,0.447572,0.6502,0.012346,0.0,0.0,0.0,0.0,0.0,0.0,0.0,0.263284,0.270386,0.277738,0.284661,0.291738,0.299066,0.306491,0.314703,0.323248,0.33263,0.342561,0.353307,0.366302,0.379981,0.395573,0.414816,0.437406,0.471682,0.524515
RUB-62501342,RUB,annotatable,4,324,0.424707,0.415071,0.911683,0.19732,0.138472,0.276317,0.125733,0.175771,0.203974,0.233656,0.278452,0.316528,0.340814,0.369863,0.39107,0.415071,0.450186,0.473418,0.498777,0.52443,0.55477,0.595188,0.627374,0.676233,0.784365,0.911683,0.228395,0.003086,0.0,0.0,0.067901,0.009259,0.0,0.0,0.443909,0.459876,0.476533,0.492089,0.507951,0.52273,0.537296,0.553164,0.56854,0.584774,0.601046,0.618103,0.637752,0.658337,0.682054,0.708839,0.741235,0.788547,0.84282
RUB-62501343,RUB,can spot annotate,2,324,0.173224,0.151871,0.554337,0.092666,0.062492,0.130214,0.044799,0.066594,0.0801,0.094873,0.106362,0.115563,0.126521,0.133195,0.14105,0.151871,0.166211,0.180632,0.204491,0.220417,0.236576,0.256873,0.26956,0.301873,0.338063,0.565851,0.0,0.0,0.0,0.0,0.0,0.0,0.0,0.0,0.180637,0.187513,0.1945,0.201049,0.207736,0.214511,0.22174,0.229784,0.23817,0.247186,0.256876,0.267038,0.278447,0.289136,0.301273,0.314826,0.331519,0.356415,0.392668
RUB-62501346,RUB,can spot annotate,2,324,0.328547,0.296734,0.74787,0.126632,0.084207,0.181903,0.179535,0.196703,0.206346,0.217733,0.230162,0.238088,0.250317,0.263383,0.279791,0.296734,0.330616,0.346067,0.369278,0.385413,0.412064,0.427909,0.447151,0.481661,0.539451,0.901993,0.049383,0.003086,0.0,0.0,0.009259,0.0,0.0,0.0,0.336859,0.345003,0.353941,0.362767,0.371991,0.381687,0.392063,0.403959,0.415966,0.428642,0.441157,0.453855,0.46801,0.483004,0.499313,0.518874,0.546076,0.589859,0.672661
RUB-62501347,RUB,annotatable,4,324,0.334047,0.326263,0.890777,0.117567,0.06459,0.127582,0.161598,0.197467,0.23425,0.250648,0.266743,0.278713,0.291597,0.304258,0.316535,0.326263,0.337127,0.35368,0.365894,0.385182,0.394325,0.414549,0.437368,0.471637,0.526971,0.92998,0.033951,0.003086,0.0,0.0,0.006173,0.003086,0.0,0.0,0.346482,0.355804,0.364268,0.371938,0.379321,0.386828,0.394673,0.403272,0.411576,0.420545,0.430379,0.440916,0.453103,0.465832,0.480846,0.500108,0.524644,0.564009,0.627544
RUB-62501349,RUB,annotatable,4,324,0.219923,0.210266,0.714366,0.114911,0.069104,0.140491,0.067383,0.090365,0.114702,0.126235,0.136146,0.149376,0.164775,0.180517,0.197971,0.210266,0.222843,0.233091,0.248828,0.264057,0.276637,0.29692,0.316257,0.356672,0.423332,0.714366,0.009259,0.0,0.0,0.0,0.0,0.0,0.0,0.0,0.229567,0.237837,0.246319,0.253937,0.262062,0.270337,0.279001,0.288376,0.297187,0.306472,0.316244,0.327085,0.339913,0.353369,0.369758,0.390409,0.417661,0.464628,0.533287
RUB-62501365,RUB,annotatable,4,324,0.128242,0.105365,0.409115,0.098209,0.076371,0.165597,0.004458,0.016391,0.025805,0.034323,0.045746,0.055132,0.066839,0.079747,0.088974,0.105365,0.117174,0.133818,0.160008,0.192884,0.211343,0.230886,0.249391,0.273021,0.301607,0.409115,0.0,0.0,0.0,0.0,0.0,0.0,0.0,0.0,0.134893,0.141816,0.149285,0.156709,0.164414,0.172512,0.180932,0.190402,0.199976,0.210096,0.220868,0.232936,0.246275,0.257618,0.268352,0.280158,0.293676,0.311284,0.333213
RUB-62501379,RUB,hard,1,324,0.30605,0.302728,0.655208,0.115799,0.081121,0.161968,0.123017,0.166996,0.185944,0.208035,0.217612,0.238182,0.25499,0.276858,0.287951,0.302728,0.316871,0.332372,0.341473,0.355812,0.37958,0.398964,0.420442,0.4631,0.50129,0.70938,0.04321,0.0,0.0,0.0,0.0,0.0,0.0,0.0,0.316895,0.326252,0.335566,0.344048,0.35268,0.361505,0.370361,0.379928,0.388648,0.397919,0.407639,0.417846,0.430092,0.443546,0.458181,0.474764,0.496312,0.528106,0.578225
RUB-62501381,RUB,hard,1,324,0.143765,0.125666,0.471083,0.131134,0.125666,0.24033,0.0,0.0,0.0,0.0,0.0,0.014831,0.055988,0.075189,0.103694,0.125666,0.15428,0.17884,0.202093,0.223752,0.24033,0.265224,0.300175,0.333998,0.373953,0.471083,0.0,0.0,0.0,0.0,0.0,0.0,0.0,0.0,0.151234,0.15952,0.169382,0.179845,0.191687,0.205125,0.217903,0.231375,0.2443,0.257022,0.269622,0.282115,0.2961,0.309818,0.324769,0.342838,0.362632,0.386208,0.41663
RUB-62501383,RUB,annotatable,4,324,0.243376,0.238629,0.772584,0.150697,0.107953,0.213274,0.015773,0.059525,0.080121,0.101855,0.127897,0.152802,0.175071,0.197577,0.212716,0.238629,0.251446,0.269349,0.293967,0.319641,0.341172,0.359924,0.386789,0.422157,0.483832,0.772584,0.027778,0.0,0.0,0.0,0.009259,0.0,0.0,0.0,0.255713,0.267797,0.280086,0.291794,0.303487,0.31491,0.326255,0.338433,0.350318,0.362583,0.375461,0.389669,0.405786,0.422724,0.44053,0.462185,0.491213,0.536948,0.619515
RUB-62501385,RUB,can spot annotate,2,324,0.282219,0.282365,0.669759,0.13891,0.10437,0.210718,0.079117,0.107325,0.123428,0.137048,0.172095,0.1932,0.210602,0.235096,0.255155,0.282365,0.306069,0.327082,0.347541,0.356318,0.382813,0.402628,0.427345,0.456958,0.513347,0.691113,0.027778,0.0,0.0,0.0,0.0,0.0,0.0,0.0,0.293879,0.305113,0.316863,0.328431,0.3399,0.351131,0.362564,0.374839,0.38679,0.398625,0.410176,0.421529,0.434067,0.447475,0.4626,0.480328,0.502258,0.536507,0.584636
RUB-62501389,RUB,can spot annotate,2,324,0.498018,0.500073,0.88214,0.148616,0.105764,0.214275,0.278677,0.320525,0.336698,0.367764,0.389264,0.40908,0.424977,0.449624,0.478739,0.500073,0.524562,0.538535,0.555879,0.581365,0.60354,0.617372,0.638459,0.678404,0.739178,1.020686,0.410494,0.015432,0.0,0.0,0.018519,0.009259,0.0,0.0,0.513008,0.524792,0.53688,0.548138,0.559381,0.570638,0.582254,0.595081,0.606532,0.617888,0.629276,0.641178,0.655057,0.669263,0.684376,0.702677,0.727612,0.765951,0.825103
RUB-62501390,RUB,annotatable,4,324,0.425222,0.431733,0.859609,0.134775,0.100918,0.190829,0.209174,0.259415,0.281531,0.302207,0.32413,0.340181,0.356526,0.382842,0.406797,0.431733,0.451672,0.469215,0.479651,0.500985,0.51496,0.543201,0.567407,0.596125,0.640061,0.859609,0.188272,0.0,0.0,0.0,0.006173,0.0,0.0,0.0,0.438293,0.449492,0.460764,0.471294,0.481678,0.492256,0.503322,0.515022,0.526032,0.536643,0.546738,0.557187,0.569831,0.582926,0.597373,0.613957,0.633472,0.661724,0.700833
RUB-62501392,RUB,hard,1,323,0.475719,0.467706,1.130147,0.184043,0.122675,0.241521,0.195058,0.283281,0.316586,0.341831,0.369158,0.390939,0.410597,0.42463,0.443995,0.467706,0.48759,0.508216,0.554775,0.585619,0.610679,0.632454,0.653605,0.673985,0.715344,1.130147,0.331269,0.009288,0.0,0.0,0.034056,0.027864,0.009288,0.0,0.498519,0.513157,0.525571,0.538671,0.550897,0.562965,0.575305,0.588381,0.602242,0.616603,0.632801,0.649478,0.666121,0.681491,0.69761,0.715979,0.742358,0.781284,0.869422
RUB-62501396,RUB,annotatable,4,324,0.355646,0.330428,1.228786,0.191084,0.093079,0.183929,0.123213,0.156665,0.194895,0.214003,0.23177,0.253904,0.278681,0.295836,0.319735,0.330428,0.349828,0.363052,0.372997,0.391732,0.415699,0.446379,0.487686,0.573741,0.713206,1.266844,0.104938,0.018519,0.012346,0.0,0.04321,0.024691,0.012346,0.0,0.369232,0.381934,0.39452,0.406254,0.41836,0.430582,0.443237,0.45694,0.470276,0.484659,0.500483,0.518221,0.540871,0.566988,0.599499,0.640362,0.697205,0.792814,0.946416
RUB-62501397,RUB,hard,1,324,0.217182,0.185778,1.015551,0.193455,0.090646,0.188389,0.0116,0.03144,0.050957,0.068957,0.083237,0.10048,0.122985,0.150699,0.168719,0.185778,0.199845,0.216317,0.233024,0.247792,0.271625,0.285659,0.330934,0.423739,0.63296,1.015551,0.052469,0.015432,0.0,0.0,0.037037,0.021605,0.0,0.0,0.228203,0.239615,0.251931,0.263666,0.276022,0.288886,0.302229,0.316764,0.330899,0.346158,0.363043,0.382303,0.406402,0.43363,0.467933,0.514792,0.581436,0.691918,0.844345
RUB-62501399,RUB,can spot annotate,2,324,0.259575,0.261355,0.60204,0.116351,0.069527,0.139175,0.063479,0.108504,0.139698,0.168906,0.19308,0.207178,0.220626,0.234897,0.248134,0.261355,0.269354,0.28027,0.293185,0.31346,0.332255,0.348012,0.370607,0.410668,0.44664,0.60204,0.009259,0.0,0.0,0.0,0.0,0.0,0.0,0.0,0.272067,0.282304,0.292092,0.300642,0.308586,0.316141,0.32389,0.332246,0.340407,0.348816,0.357935,0.368164,0.380452,0.39315,0.406811,0.423433,0.445082,0.472165,0.51959
RUB-62501403,RUB,hard,1,324,0.560554,0.513144,1.130608,0.194862,0.10312,0.211817,0.334121,0.36877,0.394741,0.407214,0.424461,0.444051,0.465811,0.477529,0.495085,0.513144,0.536379,0.572298,0.594421,0.612894,0.636278,0.684544,0.733024,0.798077,0.946613,1.36494,0.453704,0.074074,0.021605,0.0,0.108025,0.055556,0.021605,0.0,0.574358,0.586592,0.599405,0.611715,0.624722,0.638218,0.652321,0.668261,0.684526,0.70235,0.72185,0.742636,0.76653,0.793364,0.826946,0.867785,0.919999,1.004197,1.127138
RUB-62501408,RUB,annotatable,4,324,0.162581,0.138813,0.619929,0.124729,0.083176,0.176048,0.0,0.0,0.033872,0.052919,0.065111,0.08201,0.094838,0.114327,0.127038,0.138813,0.161444,0.182061,0.193398,0.217974,0.24116,0.26181,0.283564,0.339055,0.391223,0.619929,0.003086,0.0,0.0,0.0,0.0,0.0,0.0,0.0,0.171027,0.180399,0.190538,0.199811,0.209101,0.21874,0.228621,0.239423,0.250193,0.261784,0.273929,0.286724,0.301786,0.317529,0.335026,0.354943,0.38069,0.417043,0.468494
RUB-62501416,RUB,hard,1,324,0.332637,0.353104,0.487776,0.106446,0.071371,0.15492,0.135695,0.189197,0.215773,0.237659,0.255962,0.275356,0.295618,0.321044,0.336932,0.353104,0.367093,0.378998,0.389796,0.401534,0.410882,0.421185,0.435878,0.452121,0.491016,0.543077,0.018519,0.0,0.0,0.0,0.0,0.0,0.0,0.0,0.344943,0.355134,0.364629,0.373196,0.381517,0.389647,0.397558,0.405464,0.412455,0.419351,0.425761,0.43226,0.439445,0.446831,0.454737,0.464393,0.476632,0.493663,0.51257
RUB-62501418,RUB,can spot annotate,2,324,0.468856,0.477196,1.102601,0.220556,0.166243,0.333087,0.115031,0.187712,0.234982,0.270193,0.294447,0.322229,0.343392,0.379353,0.438026,0.477196,0.500692,0.542599,0.557696,0.596377,0.627533,0.657828,0.69392,0.744129,0.843921,1.131609,0.429012,0.046296,0.003086,0.0,0.080247,0.027778,0.0,0.0,0.489315,0.507764,0.526157,0.542792,0.559953,0.577725,0.596241,0.616563,0.635194,0.652252,0.670184,0.688219,0.708735,0.730683,0.753265,0.780301,0.814893,0.866617,0.930892
RUB-62501419,RUB,annotatable (hard),3,324,0.429819,0.391094,0.791885,0.16889,0.103962,0.2296,0.197534,0.231302,0.262944,0.293816,0.313,0.328014,0.345645,0.365242,0.377722,0.391094,0.412868,0.441569,0.470944,0.503245,0.5426,0.600309,0.636112,0.690706,0.739234,0.887503,0.246914,0.009259,0.0,0.0,0.018519,0.0,0.0,0.0,0.444705,0.457524,0.470577,0.482392,0.494218,0.506598,0.519588,0.53391,0.548513,0.564718,0.582572,0.601707,0.623109,0.645991,0.66995,0.695413,0.721556,0.749453,0.782423
RUB-62501424,RUB,hard,1,324,0.207975,0.200001,0.659418,0.176183,0.178159,0.362434,0.0,0.0,0.0,0.0,0.0,0.043938,0.089898,0.119518,0.153564,0.200001,0.238416,0.272237,0.304825,0.338694,0.362434,0.403789,0.419274,0.439604,0.479477,0.659418,0.006173,0.0,0.0,0.0,0.0,0.0,0.0,0.0,0.218779,0.230767,0.245033,0.26017,0.2773,0.29533,0.312516,0.330796,0.348332,0.364886,0.380888,0.396155,0.412431,0.426976,0.442194,0.456342,0.471015,0.492859,0.525127
RUB-62501426,RUB,can spot annotate,2,324,0.364808,0.342704,0.685906,0.144596,0.098043,0.207633,0.170127,0.200405,0.220348,0.239336,0.261306,0.275703,0.28876,0.31113,0.326196,0.342704,0.35417,0.375482,0.399947,0.433079,0.468939,0.498235,0.532376,0.574596,0.627695,0.728234,0.12963,0.0,0.0,0.0,0.003086,0.0,0.0,0.0,0.377996,0.388375,0.39933,0.409766,0.420225,0.431062,0.442398,0.454972,0.467304,0.480464,0.494818,0.511008,0.5296,0.547914,0.56666,0.587781,0.611929,0.643508,0.681889
RUB-62501429,RUB,annotatable,4,324,0.32765,0.334951,0.742697,0.137312,0.113939,0.224081,0.1015,0.13817,0.172731,0.194289,0.215675,0.245767,0.265027,0.288218,0.316816,0.334951,0.364328,0.381952,0.401248,0.421361,0.439756,0.455012,0.476248,0.494691,0.51569,0.768572,0.015432,0.0,0.0,0.0,0.003086,0.0,0.0,0.0,0.340931,0.353018,0.36526,0.37649,0.387898,0.399266,0.410187,0.422088,0.432854,0.443496,0.454041,0.4642,0.47512,0.485899,0.497266,0.509244,0.523515,0.542692,0.579225
RUB-62501430,RUB,can spot annotate,2,324,0.095905,0.0,1.268784,0.176402,0.0,0.143275,0.0,0.0,0.0,0.0,0.0,0.0,0.0,0.0,0.0,0.0,0.0,0.0,0.06773,0.105279,0.143275,0.187861,0.234196,0.296236,0.46421,1.268784,0.012346,0.009259,0.003086,0.0,0.009259,0.009259,0.003086,0.0,0.100887,0.106415,0.112993,0.119973,0.127873,0.136886,0.147266,0.160171,0.174568,0.191809,0.212829,0.239024,0.270611,0.301403,0.336174,0.378978,0.433975,0.525217,0.675353
RUB-62501433,RUB,annotatable,4,324,0.430937,0.402448,0.947431,0.211687,0.143299,0.304016,0.101713,0.162694,0.205213,0.25344,0.27763,0.302001,0.331152,0.350674,0.379635,0.402448,0.434537,0.459407,0.488889,0.535409,0.581646,0.630992,0.682625,0.743918,0.80294,0.987491,0.259259,0.018519,0.0,0.0,0.080247,0.018519,0.0,0.0,0.449198,0.466833,0.484465,0.499792,0.515188,0.530948,0.54747,0.565643,0.583255,0.602159,0.622705,0.644338,0.670414,0.696665,0.724342,0.753406,0.785723,0.824005,0.875313
RUB-62501464,RUB,annotatable,4,324,0.270375,0.244345,0.757331,0.139614,0.089204,0.181225,0.08104,0.120984,0.142657,0.155694,0.17356,0.189058,0.206122,0.221386,0.233158,0.244345,0.26173,0.278725,0.307983,0.332873,0.354784,0.377992,0.402943,0.471719,0.537694,0.757331,0.058642,0.0,0.0,0.0,0.003086,0.0,0.0,0.0,0.283161,0.293309,0.303289,0.312888,0.322576,0.332648,0.342983,0.354362,0.365828,0.378521,0.39253,0.407586,0.42474,0.441926,0.461202,0.483407,0.514733,0.555967,0.602993
RUB-62501466,RUB,can spot annotate,2,324,0.917482,0.932929,0.892393,0.153738,0.106757,0.215268,0.653075,0.702162,0.758253,0.788361,0.809781,0.833404,0.85464,0.886408,0.918067,0.932929,0.948831,0.978138,0.993183,1.006155,1.025048,1.052401,1.079284,1.10042,1.149866,1.344401,0.987654,0.70679,0.111111,0.0,0.765432,0.435185,0.037037,0.0,0.934857,0.948938,0.962334,0.973874,0.985481,0.997128,1.008836,1.020977,1.031496,1.041968,1.053043,1.063742,1.075229,1.087545,1.10202,1.11827,1.135646,1.160409,1.199064
RUB-62501467,RUB,hard,1,324,0.305973,0.293673,0.794136,0.170356,0.147533,0.292133,0.071565,0.100134,0.124331,0.136754,0.154659,0.173992,0.198583,0.226241,0.257502,0.293673,0.327113,0.363809,0.400178,0.426001,0.446792,0.466529,0.480219,0.517234,0.591978,0.807724,0.074074,0.0,0.0,0.0,0.009259,0.0,0.0,0.0,0.319392,0.332367,0.346072,0.359383,0.373564,0.388492,0.404076,0.420931,0.436732,0.452922,0.468842,0.483852,0.499549,0.513309,0.528243,0.54575,0.569698,0.607373,0.663843
RUB-62501471,RUB,annotatable,4,324,0.922009,0.912185,0.786805,0.175799,0.138202,0.267137,0.643931,0.676968,0.719434,0.757426,0.794471,0.817444,0.849427,0.871651,0.887535,0.912185,0.954388,0.977397,1.005387,1.034535,1.061608,1.085339,1.109391,1.170656,1.200997,1.323933,0.993827,0.657407,0.135802,0.0,0.753086,0.462963,0.108025,0.0,0.938626,0.954019,0.970134,0.984301,0.998084,1.012062,1.025584,1.040096,1.054591,1.069825,1.084645,1.099116,1.115237,1.130776,1.146959,1.164796,1.186882,1.215718,1.24567
RUB-62501472,RUB,annotatable,4,324,0.295044,0.288906,0.728162,0.123592,0.078012,0.156969,0.101129,0.142261,0.167915,0.191427,0.211262,0.231356,0.254759,0.265167,0.279125,0.288906,0.303977,0.316673,0.331679,0.350662,0.36823,0.390928,0.4162,0.444229,0.477179,0.76376,0.027778,0.0,0.0,0.0,0.006173,0.0,0.0,0.0,0.306878,0.316768,0.326849,0.336109,0.344891,0.353821,0.362316,0.371287,0.380017,0.389468,0.399678,0.410787,0.424019,0.437997,0.453822,0.47268,0.49587,0.531028,0.597101
RUB-62501474,RUB,hard,1,324,0.312563,0.310776,0.749296,0.158295,0.114183,0.228929,0.057098,0.087022,0.124789,0.161387,0.198136,0.232188,0.253794,0.27089,0.295029,0.310776,0.327392,0.345962,0.377118,0.405566,0.427065,0.451878,0.467292,0.501707,0.582765,0.763565,0.074074,0.0,0.0,0.0,0.0,0.0,0.0,0.0,0.326824,0.341025,0.355608,0.368767,0.380872,0.392662,0.403803,0.416379,0.428087,0.440459,0.453639,0.468068,0.484208,0.49917,0.515299,0.533901,0.55798,0.596488,0.65063
RUB-62501478,RUB,hard,1,324,0.549432,0.54838,0.646635,0.115314,0.086282,0.169423,0.368188,0.404206,0.42348,0.450834,0.467,0.483733,0.495955,0.509086,0.530295,0.54838,0.566104,0.581439,0.601738,0.618363,0.636424,0.652208,0.671066,0.690484,0.718304,0.898759,0.512346,0.003086,0.0,0.0,0.027778,0.003086,0.0,0.0,0.56109,0.570613,0.580465,0.589228,0.597886,0.606521,0.61539,0.625366,0.634908,0.644478,0.654069,0.663995,0.674338,0.684867,0.695759,0.70855,0.723698,0.746003,0.785902
RUB-62501479,RUB,can spot annotate,2,324,0.476305,0.450846,0.938726,0.179261,0.116265,0.25057,0.227537,0.279986,0.311345,0.333544,0.35033,0.367848,0.389202,0.411042,0.427703,0.450846,0.473291,0.491484,0.515218,0.551729,0.6009,0.625481,0.662901,0.746805,0.808745,1.00993,0.302469,0.024691,0.0,0.0,0.07716,0.018519,0.0,0.0,0.493506,0.506507,0.51964,0.531858,0.544404,0.55755,0.57119,0.586353,0.601279,0.617234,0.634457,0.653154,0.675718,0.699404,0.722392,0.749318,0.786051,0.830422,0.881425
RUB-62501480,RUB,hard,1,324,0.88613,0.868393,1.121334,0.177067,0.115241,0.231708,0.614663,0.673292,0.698567,0.745852,0.769387,0.788317,0.81198,0.828959,0.855672,0.868393,0.888637,0.906044,0.934273,0.970488,1.001095,1.039825,1.078085,1.117725,1.189308,1.526656,0.984568,0.604938,0.101852,0.003086,0.660494,0.32716,0.070988,0.009259,0.902912,0.9174,0.931774,0.944632,0.956924,0.969478,0.982485,0.996924,1.010694,1.025374,1.04156,1.059244,1.080043,1.100562,1.12304,1.147693,1.177014,1.22031,1.280567
RUB-62501483,RUB,can spot annotate,2,324,0.424557,0.464207,0.79412,0.173318,0.105098,0.223636,0.095243,0.146812,0.209626,0.270566,0.321747,0.353222,0.380019,0.426901,0.443223,0.464207,0.486725,0.50653,0.513499,0.527075,0.545382,0.565462,0.588775,0.62122,0.659262,0.817412,0.268519,0.0,0.0,0.0,0.006173,0.0,0.0,0.0,0.443994,0.461812,0.479543,0.49463,0.507625,0.519835,0.531659,0.542248,0.551864,0.561748,0.571513,0.580736,0.591267,0.602939,0.616413,0.631334,0.649963,0.674233,0.709121
RUB-62501484,RUB,hard,1,324,0.444729,0.458389,0.607625,0.123338,0.083902,0.157603,0.232715,0.274972,0.31905,0.34287,0.362833,0.379729,0.401819,0.425133,0.438159,0.458389,0.471475,0.486181,0.494344,0.508694,0.520436,0.546569,0.57581,0.60158,0.639451,0.752331,0.209877,0.0,0.0,0.0,0.0,0.0,0.0,0.0,0.458563,0.470197,0.480754,0.490009,0.499177,0.508263,0.517046,0.526081,0.534646,0.543048,0.551464,0.560508,0.571085,0.582659,0.596283,0.611484,0.628705,0.650325,0.679498
RUB-62501486,RUB,hard,1,324,0.926423,0.913399,1.117081,0.191299,0.126309,0.247818,0.659194,0.716531,0.743525,0.7652,0.795993,0.817019,0.837357,0.866861,0.888046,0.913399,0.922904,0.95103,0.985847,1.012963,1.043811,1.09059,1.146304,1.207644,1.263046,1.384535,0.984568,0.632716,0.157407,0.0,0.774691,0.429012,0.154321,0.012346,0.946426,0.960512,0.974642,0.988295,1.002151,1.016056,1.030286,1.045857,1.061061,1.076978,1.094348,1.113745,1.135987,1.158601,1.184141,1.211609,1.241456,1.275704,1.316682
RUB-62501492,RUB,annotatable (hard),3,324,0.18221,0.169563,0.510362,0.105679,0.071409,0.148811,0.022647,0.04542,0.058562,0.084693,0.106525,0.118919,0.13659,0.149469,0.159212,0.169563,0.185529,0.205193,0.21901,0.229585,0.255336,0.275821,0.297412,0.332566,0.364234,0.510362,0.0,0.0,0.0,0.0,0.0,0.0,0.0,0.0,0.191042,0.199608,0.208717,0.21738,0.225327,0.233236,0.241213,0.249857,0.258486,0.267805,0.277833,0.287956,0.299377,0.311808,0.325776,0.340901,0.357806,0.379322,0.410048
RUB-62501495,RUB,can spot annotate,2,324,0.709378,0.742546,1.314145,0.257039,0.150316,0.314616,0.252636,0.315733,0.380477,0.4635,0.558844,0.608809,0.645201,0.678064,0.713332,0.742546,0.769229,0.794961,0.827273,0.85102,0.87346,0.908007,0.968274,1.017988,1.103375,1.429129,0.746914,0.311728,0.033951,0.0,0.410494,0.17284,0.037037,0.006173,0.736038,0.760966,0.786404,0.808436,0.828068,0.845388,0.862243,0.879971,0.896241,0.91245,0.929329,0.947603,0.968774,0.989917,1.01511,1.046588,1.082809,1.130008,1.200001
RUB-62501499,RUB,can spot annotate,2,324,0.511611,0.473756,0.846453,0.154306,0.096683,0.219752,0.309143,0.336147,0.357023,0.382351,0.401321,0.415975,0.425795,0.44366,0.451247,0.473756,0.495055,0.530531,0.555135,0.580595,0.621073,0.646668,0.671102,0.732173,0.794695,1.047557,0.367284,0.021605,0.0,0.0,0.064815,0.009259,0.0,0.0,0.523803,0.534835,0.546419,0.557142,0.568124,0.579449,0.591575,0.605259,0.619472,0.635086,0.6516,0.668915,0.688062,0.707577,0.727714,0.751,0.781027,0.823547,0.877462
RUB-62501512,RUB,hard,1,324,0.291204,0.280891,0.696302,0.146059,0.111247,0.224255,0.08398,0.111637,0.123119,0.145978,0.17008,0.181161,0.21172,0.236523,0.256228,0.280891,0.309979,0.338004,0.358428,0.379803,0.394335,0.42306,0.454149,0.488082,0.536236,0.696302,0.037037,0.0,0.0,0.0,0.0,0.0,0.0,0.0,0.303351,0.31467,0.3269,0.338811,0.350659,0.363074,0.375668,0.388914,0.401787,0.414884,0.428195,0.440592,0.454333,0.468529,0.484868,0.502643,0.523835,0.552323,0.592223
RUB-62501515,RUB,can spot annotate,2,324,0.365316,0.361791,1.170508,0.220837,0.183521,0.355494,0.045137,0.071215,0.096398,0.123928,0.173616,0.212144,0.255832,0.299433,0.336545,0.361791,0.403385,0.448048,0.481566,0.504776,0.52911,0.564652,0.602801,0.648051,0.706506,1.170508,0.237654,0.009259,0.0,0.0,0.012346,0.003086,0.003086,0.0,0.383597,0.401383,0.42094,0.440192,0.459888,0.47899,0.49749,0.516897,0.534862,0.553198,0.571468,0.589015,0.607038,0.625929,0.647203,0.671216,0.699795,0.73732,0.795133
RUB-62501517,RUB,annotatable,4,324,0.630688,0.635962,0.635363,0.128617,0.0854,0.168783,0.410885,0.455905,0.485383,0.518624,0.546345,0.563383,0.575176,0.599025,0.617107,0.635962,0.656474,0.667539,0.682892,0.701089,0.715128,0.744992,0.761616,0.807177,0.843819,0.923629,0.768519,0.08642,0.0,0.0,0.089506,0.0,0.0,0.0,0.643817,0.655622,0.66701,0.677249,0.686684,0.696034,0.705647,0.716119,0.725575,0.735293,0.744958,0.755153,0.767237,0.779699,0.79369,0.809968,0.828189,0.850921,0.872452
RUB-62501518,RUB,can spot annotate,2,322,0.227644,0.225674,1.305208,0.12566,0.07273,0.141635,0.054063,0.079174,0.1024,0.127939,0.157011,0.172359,0.184478,0.195953,0.210419,0.225674,0.237598,0.24811,0.261872,0.282731,0.298646,0.312253,0.332455,0.35407,0.381611,1.323674,0.006211,0.006211,0.003106,0.0,0.006211,0.006211,0.006211,0.003106,0.237396,0.246824,0.256152,0.264938,0.273286,0.281407,0.289246,0.297398,0.305932,0.314488,0.323558,0.333636,0.344932,0.357094,0.370966,0.387303,0.409378,0.442444,0.519781
RUB-62501519,RUB,annotatable,4,324,0.764799,0.767297,0.67179,0.116327,0.076831,0.155448,0.578499,0.624777,0.653697,0.677564,0.692037,0.708392,0.71761,0.733781,0.749998,0.767297,0.778345,0.792164,0.813019,0.831409,0.847485,0.866073,0.884434,0.906309,0.949023,1.035062,0.959877,0.256173,0.0,0.0,0.419753,0.07716,0.0,0.0,0.77904,0.788411,0.797576,0.805776,0.813682,0.82172,0.829937,0.839048,0.847677,0.856523,0.865696,0.875554,0.886681,0.897309,0.90873,0.921353,0.936703,0.958124,0.983339
RUB-62501521,RUB,hard,1,324,0.549241,0.488444,1.184132,0.26625,0.163037,0.340488,0.165486,0.221791,0.292433,0.326257,0.372913,0.40657,0.428665,0.441978,0.463928,0.488444,0.523315,0.569061,0.612675,0.651173,0.713401,0.781039,0.858648,0.95624,1.076905,1.265573,0.41358,0.151235,0.024691,0.0,0.197531,0.123457,0.027778,0.0,0.570786,0.59152,0.612683,0.631592,0.64979,0.668307,0.687523,0.709611,0.732604,0.757989,0.786004,0.815699,0.850024,0.886872,0.928896,0.974751,1.025666,1.083715,1.147081
RUB-62501522,RUB,annotatable,4,324,0.195044,0.165848,0.697902,0.144451,0.096234,0.202346,0.024844,0.035606,0.048477,0.063314,0.079569,0.092886,0.110134,0.124249,0.141421,0.165848,0.186036,0.21412,0.231521,0.252133,0.281915,0.307589,0.337496,0.393115,0.474378,0.703216,0.021605,0.0,0.0,0.0,0.0,0.0,0.0,0.0,0.204352,0.213969,0.224601,0.235062,0.245839,0.257121,0.268931,0.282288,0.295571,0.309578,0.324251,0.339724,0.357317,0.376444,0.39797,0.423115,0.455177,0.502148,0.562434
RUB-62501525,RUB,hard,1,324,0.280622,0.265861,0.61647,0.106547,0.062414,0.129553,0.138452,0.159591,0.182622,0.196759,0.207148,0.223669,0.231527,0.24377,0.252294,0.265861,0.278209,0.29262,0.305087,0.317322,0.336701,0.354211,0.376617,0.438964,0.485919,0.647169,0.018519,0.0,0.0,0.0,0.0,0.0,0.0,0.0,0.290092,0.297972,0.305782,0.312977,0.320277,0.327669,0.335298,0.343872,0.352467,0.361586,0.371515,0.382165,0.39479,0.408602,0.424817,0.44438,0.470169,0.507152,0.549674
RUB-62501526,RUB,hard,1,324,0.145284,0.144279,0.574184,0.113351,0.074412,0.153848,0.0,0.0,0.0,0.033356,0.05781,0.080579,0.095999,0.119158,0.132384,0.144279,0.156346,0.171114,0.183994,0.196584,0.211658,0.22604,0.238737,0.268304,0.318625,0.574184,0.009259,0.0,0.0,0.0,0.0,0.0,0.0,0.0,0.152831,0.161205,0.171171,0.181217,0.190441,0.198936,0.207376,0.216232,0.224367,0.232848,0.241901,0.251417,0.262463,0.274442,0.288449,0.305563,0.329559,0.368531,0.45122
RUB-62501527,RUB,can spot annotate,2,324,0.411537,0.4155,0.905401,0.140963,0.088638,0.175754,0.214041,0.246927,0.273747,0.294474,0.317564,0.335651,0.352917,0.375751,0.391795,0.4155,0.431086,0.44554,0.462668,0.477713,0.493319,0.5113,0.546315,0.590224,0.659139,0.905401,0.148148,0.003086,0.0,0.0,0.009259,0.0,0.0,0.0,0.426639,0.437539,0.448497,0.45871,0.468845,0.478987,0.489208,0.500368,0.510795,0.521113,0.532042,0.543652,0.557075,0.571513,0.588793,0.610176,0.637701,0.674174,0.729044
RUB-62501529,RUB,annotatable,4,324,0.152775,0.145281,0.471549,0.106653,0.076143,0.150434,0.0,0.0,0.038165,0.055641,0.071304,0.083762,0.094475,0.112465,0.129909,0.145281,0.16152,0.174681,0.18922,0.206769,0.221737,0.239846,0.265834,0.293736,0.343239,0.471549,0.0,0.0,0.0,0.0,0.0,0.0,0.0,0.0,0.160712,0.169518,0.178943,0.187111,0.195239,0.203597,0.212173,0.221647,0.230812,0.240067,0.249479,0.259462,0.270944,0.282628,0.296242,0.311996,0.331291,0.359003,0.395285
RUB-62501533,RUB,hard,1,324,0.769688,0.784274,0.679107,0.087972,0.058217,0.118216,0.624324,0.643958,0.666795,0.690952,0.711819,0.724073,0.739203,0.761146,0.770279,0.784274,0.794524,0.802828,0.814404,0.820477,0.830035,0.840011,0.849162,0.864089,0.891567,1.156675,0.993827,0.305556,0.0,0.0,0.358025,0.009259,0.003086,0.0,0.779023,0.786992,0.795271,0.802383,0.809065,0.81553,0.822032,0.828388,0.834052,0.839543,0.845022,0.850716,0.857019,0.863474,0.870948,0.879685,0.89112,0.909255,0.94064
RUB-62501535,RUB,can spot annotate,2,324,0.25264,0.237392,0.711,0.15714,0.12864,0.254955,0.037201,0.061807,0.0824,0.096593,0.117596,0.131713,0.158778,0.185299,0.215286,0.237392,0.268176,0.292297,0.319214,0.338442,0.372551,0.410011,0.427689,0.462296,0.510071,0.711,0.046296,0.0,0.0,0.0,0.003086,0.0,0.0,0.0,0.264761,0.27682,0.289532,0.301839,0.31478,0.328307,0.342292,0.357273,0.371289,0.385401,0.400007,0.414664,0.430974,0.447306,0.465234,0.483691,0.505232,0.537669,0.588957
RUB-62501539,RUB,can spot annotate,2,324,0.78501,0.788302,0.507586,0.094802,0.067868,0.133819,0.609719,0.657236,0.688962,0.704262,0.724669,0.74128,0.750527,0.768075,0.777781,0.788302,0.800684,0.811874,0.827236,0.843139,0.858488,0.869612,0.885498,0.895499,0.926859,1.053304,1.0,0.382716,0.0,0.0,0.398148,0.024691,0.0,0.0,0.795464,0.804767,0.81289,0.820109,0.827048,0.833492,0.840165,0.847201,0.853884,0.86101,0.868362,0.876169,0.88484,0.892823,0.90083,0.909996,0.920477,0.936425,0.963566
RUB-62501541,RUB,annotatable,4,324,0.332597,0.331561,0.68002,0.143588,0.075442,0.151174,0.089048,0.165848,0.191285,0.222574,0.246681,0.271254,0.292069,0.302962,0.317117,0.331561,0.349485,0.361906,0.375679,0.388087,0.397855,0.43672,0.489169,0.52624,0.587985,0.68002,0.058642,0.0,0.0,0.0,0.0,0.0,0.0,0.0,0.349339,0.3614,0.37256,0.382793,0.392673,0.402009,0.411139,0.42101,0.431047,0.441601,0.452753,0.464826,0.479198,0.495282,0.515742,0.540496,0.565564,0.597108,0.63976
RUB-62501575,RUB,annotatable,4,324,0.217968,0.236404,0.481673,0.113363,0.086952,0.199025,0.025615,0.057555,0.079932,0.088337,0.10933,0.140504,0.178801,0.2054,0.226487,0.236404,0.259001,0.272197,0.283843,0.29763,0.308355,0.31948,0.336392,0.346117,0.377768,0.481673,0.0,0.0,0.0,0.0,0.0,0.0,0.0,0.0,0.228773,0.239187,0.249644,0.259894,0.27042,0.280605,0.290276,0.29874,0.306249,0.313606,0.320826,0.327816,0.335291,0.342647,0.35053,0.359672,0.370503,0.385902,0.410406
RUB-72501730,RUB,can spot annotate,2,324,1.25696,1.261885,0.560861,0.08451,0.051387,0.10167,1.127908,1.151535,1.166853,1.191151,1.210054,1.223406,1.231017,1.239346,1.247675,1.261885,1.272587,1.28455,1.295657,1.301172,1.311724,1.318669,1.33957,1.357738,1.392047,1.476831,1.0,1.0,0.969136,0.101852,1.0,0.990741,0.839506,0.046296,1.26729,1.274265,1.281398,1.287726,1.293487,1.299018,1.304492,1.31057,1.316612,1.32278,1.328763,1.335028,1.341773,1.348855,1.357191,1.367453,1.379207,1.395052,1.418417
RUB-72501735,RUB,hard,1,324,1.360255,1.379517,0.572326,0.090608,0.051671,0.101387,1.185692,1.231826,1.26385,1.301465,1.322353,1.329465,1.341896,1.354348,1.365729,1.379517,1.391145,1.398886,1.406343,1.414659,1.42374,1.43494,1.442515,1.450181,1.468186,1.59659,1.0,1.0,0.972222,0.540123,1.0,1.0,0.959877,0.438272,1.372618,1.381566,1.389914,1.396639,1.402,1.407381,1.412852,1.418512,1.423784,1.428873,1.433586,1.438461,1.443933,1.449278,1.455084,1.461698,1.469349,1.481252,1.504384
RUB-72501737,RUB,annotatable,4,324,0.815226,0.844728,1.397112,0.234432,0.118351,0.240263,0.3556,0.50894,0.591022,0.657684,0.715597,0.745547,0.771476,0.791189,0.818949,0.844728,0.866715,0.886158,0.902502,0.926446,0.95586,0.982311,1.011034,1.058976,1.127182,1.472195,0.848765,0.5,0.058642,0.021605,0.62037,0.283951,0.046296,0.021605,0.845432,0.868208,0.887705,0.903959,0.918325,0.931592,0.94513,0.959613,0.973318,0.987137,1.001607,1.017126,1.035433,1.055204,1.077504,1.104204,1.139717,1.196528,1.297911
RUB-72501739,RUB,hard,1,324,1.028303,1.016964,1.689877,0.283405,0.190686,0.398244,0.642937,0.699458,0.762493,0.799464,0.842824,0.891155,0.908182,0.947494,0.978392,1.016964,1.040245,1.078856,1.130397,1.173346,1.241068,1.301577,1.341707,1.401059,1.460556,1.689877,0.975309,0.768519,0.373457,0.12963,0.802469,0.57716,0.311728,0.12963,1.061032,1.082541,1.104292,1.124186,1.143879,1.16363,1.183642,1.206011,1.227687,1.250442,1.274984,1.301272,1.330412,1.359495,1.388969,1.417952,1.447992,1.485077,1.543748
RUB-72501743,RUB,hard,1,324,1.250068,1.238109,0.743456,0.154419,0.119762,0.230952,1.005181,1.040468,1.087461,1.105622,1.135057,1.155338,1.179163,1.207738,1.225872,1.238109,1.263039,1.285055,1.314887,1.345091,1.366009,1.388687,1.445588,1.468225,1.49477,1.667868,1.0,1.0,0.790123,0.231481,1.0,0.975309,0.691358,0.20679,1.264615,1.277973,1.291193,1.303135,1.315341,1.327347,1.339321,1.352145,1.364361,1.377415,1.391692,1.405999,1.421602,1.436612,1.45266,1.472355,1.492164,1.510583,1.539098
RUB-72501749,RUB,annotatable,4,324,0.636365,0.60993,1.435565,0.366499,0.295504,0.619042,0.0,0.14872,0.242949,0.31078,0.356278,0.406112,0.439974,0.511204,0.556529,0.60993,0.687084,0.756582,0.81799,0.88755,0.97532,1.021193,1.069199,1.117442,1.187206,1.435565,0.540123,0.320988,0.089506,0.003086,0.401235,0.277778,0.08642,0.006173,0.669423,0.704286,0.735433,0.764122,0.792313,0.821821,0.851976,0.885106,0.916944,0.949971,0.983835,1.016208,1.049818,1.081889,1.109914,1.136526,1.16601,1.203618,1.253
RUB-72501750,RUB,annotatable,4,324,0.448416,0.432313,1.374384,0.188444,0.093976,0.182517,0.214516,0.235725,0.264675,0.292276,0.333554,0.359418,0.378526,0.396228,0.412827,0.432313,0.451099,0.468543,0.484373,0.494646,0.516071,0.539878,0.563242,0.665047,0.843402,1.50765,0.191358,0.046296,0.006173,0.003086,0.067901,0.04321,0.009259,0.003086,0.462601,0.47573,0.489695,0.502588,0.515361,0.527382,0.539417,0.552794,0.566085,0.580544,0.595775,0.612771,0.632958,0.656487,0.686376,0.724624,0.78027,0.873662,1.003162
RUB-72501751,RUB,hard,1,324,1.082774,1.093995,0.86767,0.205489,0.165485,0.333667,0.760129,0.797241,0.839397,0.863199,0.91857,0.954022,0.988525,1.028238,1.054918,1.093995,1.131527,1.154117,1.184774,1.218723,1.252237,1.289736,1.317362,1.343828,1.378617,1.523103,1.0,0.876543,0.462963,0.061728,0.901235,0.697531,0.404321,0.055556,1.102105,1.119788,1.138308,1.156046,1.173749,1.190533,1.207206,1.224475,1.24063,1.257351,1.273567,1.289405,1.307622,1.324653,1.342243,1.360242,1.37876,1.406234,1.450905
RUB-72501752,RUB,annotatable,4,324,0.836545,0.846756,0.935268,0.144743,0.093058,0.187918,0.602778,0.663094,0.684537,0.710954,0.738266,0.762255,0.792673,0.812459,0.832173,0.846756,0.862896,0.878869,0.888772,0.908033,0.926185,0.955874,0.976495,1.005133,1.05141,1.340532,0.975309,0.549383,0.021605,0.0,0.62037,0.194444,0.021605,0.0,0.852628,0.864789,0.876655,0.887784,0.898702,0.909053,0.919223,0.929617,0.939422,0.949262,0.959653,0.970654,0.98383,0.997918,1.014018,1.032399,1.054151,1.088147,1.146383
RUB-72501758,RUB,hard,1,324,0.962325,0.952893,0.963586,0.178827,0.123215,0.239539,0.658545,0.719694,0.778708,0.816527,0.848123,0.871579,0.892751,0.909563,0.928153,0.952893,0.982146,1.006699,1.044038,1.065381,1.087662,1.118792,1.146583,1.193674,1.254139,1.461304,0.987654,0.787037,0.216049,0.006173,0.814815,0.493827,0.135802,0.006173,0.981479,0.997047,1.011911,1.025157,1.038021,1.050564,1.063321,1.077449,1.091922,1.106757,1.121842,1.137705,1.154942,1.171472,1.190027,1.211136,1.23708,1.271919,1.317673
RUB-72501759,RUB,hard,1,322,0.782496,0.764799,1.484595,0.228803,0.142792,0.297314,0.438902,0.509832,0.56761,0.603775,0.625677,0.654614,0.683419,0.713304,0.735339,0.764799,0.786415,0.819083,0.846584,0.887522,0.922991,0.940573,0.993472,1.086422,1.178811,1.62655,0.860248,0.357143,0.062112,0.015528,0.475155,0.21118,0.068323,0.012422,0.805366,0.823473,0.839625,0.855241,0.871145,0.888589,0.90545,0.922177,0.940154,0.959379,0.979505,1.001321,1.025097,1.050887,1.082565,1.119681,1.167848,1.227493,1.333153
RUB-72501760,RUB,hard,1,324,0.940379,0.985485,1.609841,0.308778,0.220578,0.511584,0.434263,0.49747,0.572071,0.634207,0.67207,0.757212,0.836454,0.897037,0.947754,0.985485,1.034991,1.073207,1.11153,1.154052,1.183653,1.204552,1.234812,1.294362,1.39402,1.609841,0.817901,0.632716,0.320988,0.052469,0.700617,0.570988,0.32716,0.064815,0.971286,0.99946,1.028667,1.055293,1.081924,1.108189,1.132064,1.154954,1.176301,1.197043,1.217505,1.237439,1.259666,1.279777,1.301885,1.328453,1.365898,1.417911,1.490655
RUB-72501764,RUB,annotatable,4,324,0.337926,0.367891,0.998756,0.185152,0.148381,0.318768,0.053833,0.086975,0.10306,0.131055,0.159346,0.20224,0.24705,0.318717,0.347099,0.367891,0.387903,0.40975,0.43744,0.453891,0.478114,0.495915,0.535735,0.55787,0.597061,1.008379,0.138889,0.003086,0.0,0.0,0.006173,0.003086,0.0,0.0,0.353868,0.369437,0.386387,0.403241,0.420284,0.437492,0.453854,0.467924,0.480379,0.492563,0.505222,0.518258,0.532601,0.546976,0.563051,0.582259,0.604151,0.633479,0.684673
RUB-72501771,RUB,annotatable,4,324,0.310601,0.196183,1.126555,0.333216,0.196183,0.517371,0.0,0.0,0.0,0.0,0.0,0.047239,0.08917,0.134906,0.160922,0.196183,0.217958,0.283153,0.333619,0.415384,0.517371,0.653258,0.742197,0.850175,1.028365,1.126555,0.243827,0.114198,0.0,0.0,0.117284,0.070988,0.030864,0.0,0.326736,0.34464,0.365945,0.388551,0.414135,0.44303,0.471197,0.502861,0.534874,0.570209,0.609945,0.654795,0.70698,0.760454,0.819278,0.877405,0.933523,1.010126,1.071444
RUB-72501776,RUB,can spot annotate,2,324,0.713755,0.700498,1.057648,0.168505,0.111079,0.207396,0.463739,0.519019,0.544635,0.569973,0.606347,0.624158,0.648893,0.669523,0.683728,0.700498,0.729282,0.742043,0.779957,0.794155,0.813742,0.832889,0.863869,0.895102,1.0555,1.357148,0.808642,0.151235,0.021605,0.0,0.345679,0.083333,0.024691,0.003086,0.730271,0.743243,0.756407,0.768756,0.780928,0.792695,0.804645,0.81773,0.830368,0.844141,0.858179,0.873488,0.891242,0.908323,0.928648,0.954308,0.98807,1.045295,1.139643
RUB-72501787,RUB,annotatable,4,324,0.182442,0.15464,0.806275,0.146008,0.089023,0.181527,0.018573,0.028745,0.041596,0.050559,0.067676,0.086005,0.101717,0.117824,0.13549,0.15464,0.170639,0.191251,0.207317,0.224328,0.249202,0.293395,0.329483,0.366866,0.469049,0.811239,0.027778,0.0,0.0,0.0,0.003086,0.0,0.0,0.0,0.191214,0.200423,0.210669,0.220867,0.231483,0.242374,0.253655,0.266426,0.279023,0.292411,0.306689,0.322218,0.340954,0.361988,0.386498,0.415787,0.4511,0.505563,0.587612
RUB-72501801,RUB,hard,1,324,0.127854,0.094859,0.52622,0.104235,0.05225,0.109983,0.024163,0.03104,0.040108,0.04563,0.052525,0.059612,0.071504,0.078267,0.085186,0.094859,0.102369,0.114186,0.135567,0.15037,0.162508,0.198315,0.229156,0.281518,0.348744,0.527509,0.0,0.0,0.0,0.0,0.0,0.0,0.0,0.0,0.1338,0.139643,0.146063,0.152447,0.159246,0.166597,0.174341,0.182999,0.192143,0.202204,0.213596,0.226689,0.242074,0.258102,0.278255,0.301933,0.331245,0.371149,0.424515
RUB-72501807,RUB,hard,1,324,0.156612,0.161897,0.515062,0.125384,0.107512,0.256325,0.0,0.0,0.0,0.0,0.0,0.063721,0.085406,0.113737,0.13471,0.161897,0.18342,0.211277,0.230225,0.244435,0.256325,0.270145,0.284612,0.310371,0.347265,0.515062,0.0,0.0,0.0,0.0,0.0,0.0,0.0,0.0,0.164748,0.173775,0.184518,0.195916,0.208816,0.221786,0.232878,0.244539,0.255119,0.265512,0.275392,0.285322,0.294821,0.304238,0.314628,0.326796,0.343504,0.368037,0.409297
RUB-72501814,RUB,annotatable,4,324,0.044983,0.0,0.510799,0.090873,0.0,0.035258,0.0,0.0,0.0,0.0,0.0,0.0,0.0,0.0,0.0,0.0,0.0,0.0,0.004529,0.014355,0.035258,0.066219,0.133223,0.201902,0.258396,0.510799,0.0,0.0,0.0,0.0,0.0,0.0,0.0,0.0,0.04732,0.049913,0.052998,0.056272,0.059977,0.064205,0.069073,0.075126,0.081879,0.089966,0.099825,0.112111,0.128675,0.148289,0.173175,0.204015,0.239236,0.278912,0.330799
RUB-72501818,RUB,can spot annotate,2,324,0.539527,0.310724,1.405364,0.496309,0.310724,1.051083,0.0,0.0,0.0,0.0,0.0,0.07894,0.152891,0.21612,0.241619,0.310724,0.401574,1.024915,1.03066,1.038206,1.051083,1.072348,1.095124,1.122532,1.167161,1.405364,0.435185,0.435185,0.027778,0.0,0.435185,0.435185,0.20679,0.021605,0.567555,0.598654,0.635661,0.67493,0.71937,0.769448,0.818748,0.873933,0.932203,0.99633,1.066656,1.094432,1.104458,1.116,1.130095,1.147131,1.167121,1.198937,1.252675
RUB-72501819,RUB,hard,1,324,0.755543,0.752514,1.052895,0.159377,0.094356,0.188009,0.49227,0.562006,0.59573,0.639702,0.658478,0.684916,0.708035,0.718889,0.732537,0.752514,0.774461,0.791411,0.814812,0.8289,0.846488,0.873406,0.889841,0.921836,0.992054,1.348291,0.910494,0.287037,0.027778,0.0,0.398148,0.067901,0.030864,0.003086,0.772347,0.785984,0.798778,0.809646,0.820307,0.830789,0.840939,0.852013,0.863493,0.875631,0.887999,0.901145,0.916047,0.931471,0.950033,0.97208,1.00217,1.052886,1.153927
RUB-72501821,RUB,annotatable,4,324,0.118665,0.0,0.894463,0.157248,0.0,0.215432,0.0,0.0,0.0,0.0,0.0,0.0,0.0,0.0,0.0,0.0,0.073936,0.115365,0.14791,0.183518,0.215432,0.250071,0.301924,0.352702,0.407599,0.894463,0.009259,0.0,0.0,0.0,0.006173,0.003086,0.0,0.0,0.124829,0.131669,0.139809,0.148446,0.15822,0.169372,0.182215,0.198183,0.215997,0.23733,0.259755,0.279693,0.302251,0.324288,0.348895,0.377957,0.410498,0.453912,0.529549
RUB-72501822,RUB,can spot annotate,2,324,0.608075,0.610357,1.085785,0.185208,0.122034,0.242914,0.271579,0.387301,0.428618,0.457563,0.48831,0.522102,0.539275,0.558191,0.582862,0.610357,0.632074,0.652448,0.674055,0.701662,0.731224,0.756888,0.791838,0.829839,0.918682,1.187739,0.601852,0.083333,0.003086,0.0,0.182099,0.052469,0.003086,0.0,0.62847,0.644556,0.659564,0.673094,0.686075,0.698939,0.711687,0.726019,0.740036,0.75412,0.768426,0.784148,0.80219,0.821266,0.841753,0.865502,0.894664,0.939092,1.00173
RUB-72501823,RUB,hard,1,324,0.138338,0.109571,0.640379,0.15119,0.109571,0.256777,0.0,0.0,0.0,0.0,0.0,0.0,0.0,0.0,0.050236,0.109571,0.138919,0.164014,0.204443,0.225899,0.256777,0.285578,0.315382,0.360059,0.39502,0.640379,0.006173,0.0,0.0,0.0,0.0,0.0,0.0,0.0,0.145524,0.153498,0.162987,0.173056,0.18445,0.197451,0.212424,0.231038,0.25141,0.267859,0.283672,0.300208,0.318036,0.335244,0.353903,0.373159,0.396823,0.428953,0.480373
RUB-72501824,RUB,annotatable,4,324,0.156124,0.072538,0.932623,0.199144,0.072538,0.265997,0.0,0.0,0.0,0.0,0.0,0.0,0.0,0.0,0.0,0.072538,0.13001,0.169262,0.194427,0.225739,0.265997,0.30898,0.366837,0.445144,0.550623,0.932623,0.040123,0.003086,0.0,0.0,0.021605,0.006173,0.0,0.0,0.164235,0.173234,0.183943,0.195306,0.208166,0.222838,0.239736,0.260744,0.284182,0.310709,0.333571,0.35638,0.382587,0.410745,0.44325,0.481635,0.52956,0.599196,0.699258
RUB-72501825,RUB,annotatable,4,324,0.19128,0.170628,0.931353,0.145276,0.07262,0.140504,0.0,0.0,0.063311,0.094494,0.11243,0.126079,0.132277,0.146526,0.160368,0.170628,0.189826,0.201069,0.216014,0.233237,0.252934,0.273299,0.301596,0.345697,0.412701,0.931353,0.018519,0.009259,0.0,0.0,0.015432,0.006173,0.0,0.0,0.201216,0.212242,0.224131,0.233016,0.241714,0.250286,0.259526,0.270183,0.280655,0.29194,0.304212,0.317667,0.334072,0.35215,0.37342,0.400765,0.437202,0.496701,0.613411
