fov_key,dataset,filename,lbp_entropy_step2,lbp_entropy_step4,lbp_entropy_step6,lbp_entropy_step8,lbp_entropy_step12,lbp_entropy_step16,lbp_entropy_step24,lbp_entropy_step32,lbp_entropy_step48,lbp_entropy_step64,lbp_entropy_step96
initial-071626/dpc-235-KIT-62501048.png,initial-071626,dpc-235-KIT-62501048.png,3.648831251717044,3.6487959317558003,3.647974691181557,3.651258295020269,3.6484586282886187,3.640659491092495,3.652513384761069,3.6632719142785892,3.6263710119019166,3.6022007627889536,3.6507269129846023
initial-071626/dpc-105-KIT-62500652.png,initial-071626,dpc-105-KIT-62500652.png,4.059660160776788,4.059683141143895,4.05767997750023,4.059760621995562,4.060785492256571,4.06404934518075,4.047033188056436,4.0462076376736125,4.078068619752906,4.098242522789464,4.055449529024226
initial-071626/dpc-051-LB-D3-2025-08-30-125645-25021889-D-thin-1.png,initial-071626,dpc-051-LB-D3-2025-08-30-125645-25021889-D-thin-1.png,3.526871812020414,3.529058555030197,3.5232021535593914,3.5284092878420386,3.5290971116007617,3.525410023223738,3.545740838635408,3.5398221179040315,3.5534895987300104,3.517388641614693,3.6179011193798223
initial-071626/dpc-035-LB-D3-2025-10-03-122127-250912792D-thin-3-4.png,initial-071626,dpc-035-LB-D3-2025-10-03-122127-250912792D-thin-3-4.png,4.04843528344905,4.050682510079856,4.045230977801953,4.054196252036513,4.05112738919809,4.062276055110704,4.070137061690191,4.0719644790412595,4.087315514409457,4.081717647044498,4.147068097975816
initial-071626/dpc-015-LB-D3-2025-10-03-122127-250912792D-thin-3-4.png,initial-071626,dpc-015-LB-D3-2025-10-03-122127-250912792D-thin-3-4.png,3.9169616975084875,3.919036855102712,3.9160146630819286,3.916545362261842,3.916282943244517,3.911241042649494,3.903911991432443,3.8837245910856315,3.864852890404238,3.8723928692378067,3.8250927798855074
initial-071626/dpc-174-LB-D3-2025-08-30-125645-25021889-D-thin-1.png,initial-071626,dpc-174-LB-D3-2025-08-30-125645-25021889-D-thin-1.png,3.8994142979615427,3.9013245952255993,3.9030356596645226,3.897222674064237,3.906799527026026,3.8887187601029423,3.8980555436270414,3.909510064221654,3.892310957240866,3.8961354652268883,3.9231963167760515
initial-071626/dpc-145-LB-D12-2026-03-04-114809-250817119ELWA-Negative-2.png,initial-071626,dpc-145-LB-D12-2026-03-04-114809-250817119ELWA-Negative-2.png,3.9277644896302872,3.930788774353309,3.929678981087191,3.9319404353227005,3.9350888909593467,3.9400322864443855,3.930959402590397,3.963616632661062,3.9559693144488075,3.991455620757684,3.9980492680164703
initial-071626/dpc-134-LB-D3-2025-08-30-125645-25021889-D-thin-1.png,initial-071626,dpc-134-LB-D3-2025-08-30-125645-25021889-D-thin-1.png,3.9442363098861977,3.9453950181593624,3.950747982977859,3.9487946281121507,3.941255162541432,3.95345010206535,3.9346891495193885,3.9879851927703456,3.935384510560189,4.030470814595499,4.0222417736846845
initial-071626/dpc-198-KIT-62501056.png,initial-071626,dpc-198-KIT-62501056.png,3.8786982004399624,3.8778326002086465,3.8772193628925407,3.880553458739546,3.877135383353438,3.8670112482120413,3.8693043607772974,3.873313140529536,3.8720998257400576,3.852395975331646,3.8865906455775234
initial-071626/dpc-168-KIT-62500666.png,initial-071626,dpc-168-KIT-62500666.png,3.8363285528955178,3.8358719424513064,3.8330183778039797,3.835683383602694,3.8327153591591996,3.836374249326915,3.849430820476768,3.8555279691026474,3.8346355920184116,3.8416342781102335,3.8558091972075674
initial-071626/dpc-146-LB-D3-2025-08-30-125645-25021889-D-thin-1.png,initial-071626,dpc-146-LB-D3-2025-08-30-125645-25021889-D-thin-1.png,4.025719340501812,4.028158885579229,4.024912487667282,4.031511523588123,4.016842083911235,4.032297851938887,4.040760630044031,4.020537318548057,4.047282874923308,4.0524138204551,4.000478127005542
initial-071626/dpc-008-LB-D3-2025-08-30-130619-2412193030-D-thin-2.png,initial-071626,dpc-008-LB-D3-2025-08-30-130619-2412193030-D-thin-2.png,4.077087750242493,4.0766167867002325,4.074751517035185,4.0828247660612815,4.0838724292050985,4.091325206826359,4.108080579835431,4.086493388571952,4.088558324140842,4.133479013804658,4.122235654812914
initial-071626/dpc-020-LB-D3-2025-08-30-132634-250816974-D-thin-4.png,initial-071626,dpc-020-LB-D3-2025-08-30-132634-250816974-D-thin-4.png,3.936721573382273,3.936429539087369,3.9309025749219186,3.9414344087713995,3.9381029033473665,3.9391688076471123,3.940006227976485,3.9516526861832437,3.935190542415961,3.917493297807941,3.9658144489257507
tanzania-073026/dpc-001-KTR-72502948.png,tanzania-073026,dpc-001-KTR-72502948.png,3.888923710683399,3.887297176018389,3.888360422478283,3.8909841263629,3.8981968050182316,3.882352026449238,3.899747645040894,3.9202378853619826,3.8492592198135274,3.899117738254017,3.8629901217029787
tanzania-073026/dpc-002-KTR-72502948.png,tanzania-073026,dpc-002-KTR-72502948.png,3.9056637486334926,3.907408351647531,3.908117053202723,3.9041857394097588,3.909689698757814,3.9028368353132596,3.8971262621567297,3.90835025812135,3.8911874092734244,3.909838391893783,3.84372185716118
tanzania-073026/dpc-003-KTR-72502948.png,tanzania-073026,dpc-003-KTR-72502948.png,3.8943547152838183,3.8921486484649597,3.8976235932022294,3.8913679681251034,3.903141215004879,3.8946816211723467,3.8971819362795017,3.8715777903026654,3.919421230195555,3.876283302170929,3.907077328649517
tanzania-073026/dpc-004-KTR-72502948.png,tanzania-073026,dpc-004-KTR-72502948.png,3.8310261754258907,3.82937156237268,3.836026898159864,3.8264976905364585,3.834107855949185,3.823101981607349,3.833847119969521,3.811483577883582,3.8548896231952985,3.753453956247006,3.887104536102083
tanzania-073026/dpc-005-KTR-72502948.png,tanzania-073026,dpc-005-KTR-72502948.png,3.800831985094607,3.7987692069682573,3.8012282885213846,3.804188986645777,3.8011848635203487,3.8037552623819186,3.7939901256640702,3.8276461666735395,3.7747633478466387,3.853422763700952,3.8507592774067394
tanzania-073026/dpc-006-KTR-72502948.png,tanzania-073026,dpc-006-KTR-72502948.png,3.842165660757825,3.8375845563713025,3.837647766545447,3.8482750661170186,3.8435839200074664,3.8396086771882767,3.850316366996144,3.888155121987427,3.890924144520662,3.9111619697569218,3.9303781726595863
tanzania-073026/dpc-007-KTR-72502948.png,tanzania-073026,dpc-007-KTR-72502948.png,3.8666138216603114,3.8701797563216225,3.8645022204142925,3.86913872258599,3.8669666607681243,3.8693784948086263,3.863102578850352,3.8620196362998227,3.838608642085964,3.820652061154983,3.798862600452472
tanzania-073026/dpc-008-KTR-72502948.png,tanzania-073026,dpc-008-KTR-72502948.png,3.846817910023775,3.846850436739321,3.8474715573985043,3.84584519999218,3.8451777587541978,3.849380177690872,3.8464071153297303,3.8456584828963782,3.866100755416009,3.7960838458475648,3.857094877552888
tanzania-073026/dpc-009-KTR-72502948.png,tanzania-073026,dpc-009-KTR-72502948.png,3.870910190614617,3.87132608702957,3.874406512267062,3.866832360123097,3.8719587190069635,3.8609668580029832,3.8721406760581636,3.8742922690381176,3.904155263989147,3.8609018740523235,3.9252758690711937
tanzania-073026/dpc-010-KTR-72502948.png,tanzania-073026,dpc-010-KTR-72502948.png,3.783315678048637,3.7835602699665385,3.7782586767861788,3.7853206753261874,3.7755534755755806,3.779087545094469,3.7962054263477887,3.7748049504144845,3.7733704961603385,3.7503803704332936,3.6726561826214423
tanzania-073026/dpc-011-KTR-72502948.png,tanzania-073026,dpc-011-KTR-72502948.png,3.826150963615861,3.8234741106664147,3.825122136170414,3.822387294893735,3.816516188870569,3.815970648937503,3.8307760590063045,3.8396244011845235,3.8083128896086373,3.772694606380756,3.862926655616069
tanzania-073026/dpc-012-KTR-72502948.png,tanzania-073026,dpc-012-KTR-72502948.png,3.839584319591424,3.8385974697453857,3.848438987863304,3.835251306799507,3.85780710918631,3.820190728405966,3.8628107605337476,3.8430465153733433,3.8666931101339963,3.8156753192253814,3.822631790538382
tanzania-073026/dpc-013-KTR-72502948.png,tanzania-073026,dpc-013-KTR-72502948.png,3.823490359310067,3.8208868323147644,3.8245211000774404,3.8266215044179273,3.821975583202522,3.831879767807546,3.8236551975406634,3.8399652110716067,3.821112884070914,3.7963247176630226,3.769657834211607
tanzania-073026/dpc-014-KTR-72502948.png,tanzania-073026,dpc-014-KTR-72502948.png,3.8150449230008268,3.8160438604471354,3.8057262811128023,3.807850026930703,3.8126833545461585,3.8235452640739815,3.795819900667049,3.840462833227172,3.803241712040918,3.8368573889136286,3.941561690979973
tanzania-073026/dpc-015-KTR-72502948.png,tanzania-073026,dpc-015-KTR-72502948.png,3.8287723077379487,3.82906378562798,3.827679200644673,3.8284590587333516,3.811064051811386,3.831438773728348,3.8296612627111535,3.82481938825017,3.825963942429498,3.899607594540835,3.8711473194217643
tanzania-073026/dpc-016-KTR-72502948.png,tanzania-073026,dpc-016-KTR-72502948.png,3.884955368876509,3.8855802888574558,3.8909472676735257,3.879807667597703,3.8936955790167187,3.8780723109369037,3.863074573483921,3.8572424771764764,3.885808222889758,3.8109080981545667,3.901390021571531
tanzania-073026/dpc-017-KTR-72502948.png,tanzania-073026,dpc-017-KTR-72502948.png,3.8903510509021384,3.8907525238426626,3.891318441500257,3.891577632159132,3.8859999776561978,3.89595283153954,3.896478725411437,3.903028721796415,3.8510242290646293,3.966215237341351,3.9038621110048086
tanzania-073026/dpc-018-KTR-72502948.png,tanzania-073026,dpc-018-KTR-72502948.png,3.8937512655012654,3.8948485996363997,3.8926015754706267,3.901041832863404,3.9049268665448738,3.8910539948964633,3.8953578161025177,3.8931368083522204,3.9299346936511332,3.794995956716438,3.9747953983584754
tanzania-073026/dpc-019-KTR-72502948.png,tanzania-073026,dpc-019-KTR-72502948.png,3.92755871281617,3.9270627534008766,3.9203059039605654,3.923383888440277,3.922787714954941,3.9227227162110756,3.9249251035739743,3.925827830277632,3.8960630400537495,3.9543035163473332,3.8675829015377765
tanzania-073026/dpc-020-KTR-72502948.png,tanzania-073026,dpc-020-KTR-72502948.png,3.934098746392752,3.9314021253811613,3.937617601740042,3.934345986386769,3.922550380477751,3.916469229402307,3.9327861477194737,3.8649019335700237,3.9579266877925607,3.891937010484448,3.8140662406744643
tanzania-073026/dpc-021-KTR-72502948.png,tanzania-073026,dpc-021-KTR-72502948.png,3.888056347388019,3.890230036063431,3.887409715488154,3.886632418712667,3.8890851820780092,3.8929695959891037,3.872950833917655,3.898402837061255,3.8983599243315887,3.863784098542625,3.886555119005793
tanzania-073026/dpc-022-KTR-72502948.png,tanzania-073026,dpc-022-KTR-72502948.png,3.859010556575604,3.8610546570010564,3.85774887705239,3.8682847712864437,3.868211210989893,3.8519136588354854,3.88259617521053,3.855791736698766,3.859076933855745,3.821804984962789,3.894076732626517
tanzania-073026/dpc-023-KTR-72502948.png,tanzania-073026,dpc-023-KTR-72502948.png,3.790383292270249,3.793607055654989,3.7903089531938967,3.792926561247331,3.7893337012776196,3.7973327478455543,3.7963046580270405,3.8031736322341043,3.772986207409346,3.832696630998468,3.7266326837647594
tanzania-073026/dpc-024-KTR-72502948.png,tanzania-073026,dpc-024-KTR-72502948.png,3.849359295817852,3.8483376318357867,3.8469273849706265,3.847999450142882,3.847986355159708,3.8511579776461256,3.8525913225786494,3.8516184018010455,3.8778510699153705,3.832856183102827,3.887676099405212
tanzania-073026/dpc-025-KTR-72502948.png,tanzania-073026,dpc-025-KTR-72502948.png,3.855142235175013,3.8584288773563067,3.860322460748913,3.8660769509771695,3.870324344026944,3.875070522204528,3.889129729218241,3.8933700081693,3.9058303742181066,3.8622667042070247,3.9488130100351
tanzania-073026/dpc-026-KTR-72502948.png,tanzania-073026,dpc-026-KTR-72502948.png,3.850788954108565,3.8533190625019094,3.8539281706413555,3.8583116767973324,3.8492949182580793,3.852518347609294,3.8774223583039777,3.8690137045304023,3.894679646715463,3.865941846240224,3.9368031609539047
tanzania-073026/dpc-027-KTR-72502948.png,tanzania-073026,dpc-027-KTR-72502948.png,3.8570149887169123,3.857181430166246,3.8612821634642533,3.8517657148676303,3.855872918406351,3.8601052337812027,3.865114489313491,3.893069641028913,3.8908005459755683,3.890559373277425,3.8741541622567537
tanzania-073026/dpc-028-KTR-72502948.png,tanzania-073026,dpc-028-KTR-72502948.png,3.7718947345402576,3.773444107646846,3.7722276999472926,3.7711759232535784,3.7778459375557167,3.770454567318538,3.7734201773911247,3.750807663329163,3.785939177058234,3.7218362027587615,3.806754609708568
tanzania-073026/dpc-029-KTR-72502948.png,tanzania-073026,dpc-029-KTR-72502948.png,3.8431235234692114,3.844462167243047,3.83825727571826,3.8428450785717043,3.83752278875121,3.8472064357183675,3.8526001965900765,3.829863852726943,3.8816111022286885,3.8616012436141753,3.778348799849607
tanzania-073026/dpc-030-KTR-72502948.png,tanzania-073026,dpc-030-KTR-72502948.png,3.8493509183222563,3.847734996714693,3.8535076869230123,3.854702228464088,3.853395556726497,3.8657676114866755,3.8598105807901932,3.870761182121006,3.836365521489409,3.885961995130965,3.805810163962752
tanzania-073026/dpc-031-KTR-72502948.png,tanzania-073026,dpc-031-KTR-72502948.png,3.8286850750634804,3.8261638607133834,3.825273299981786,3.823476822595328,3.8213227071508458,3.8158358289127925,3.819981581569494,3.833599671539874,3.7920006319204567,3.9035270511176803,3.8260212091218597
tanzania-073026/dpc-032-KTR-72502948.png,tanzania-073026,dpc-032-KTR-72502948.png,3.8302028198099647,3.8306966687923123,3.8285954056869214,3.830217972700153,3.833291758652691,3.8304777026307244,3.8261655769481777,3.8596934728730843,3.7981765513848655,3.8516684259680973,3.8526369760470294
tanzania-073026/dpc-033-KTR-72502948.png,tanzania-073026,dpc-033-KTR-72502948.png,3.8259434172071445,3.8279271522493024,3.8249965328732825,3.8389662323647977,3.8307573194020335,3.82380792119312,3.8433070951042474,3.8250336302980017,3.8639042910615577,3.8550143372897185,3.8659437552446447
tanzania-073026/dpc-034-KTR-72502948.png,tanzania-073026,dpc-034-KTR-72502948.png,3.8777328479001474,3.8782403764268825,3.8829240224376917,3.8702616219074963,3.8855755054856,3.8629293821084696,3.8990298830076107,3.8733918187813052,3.882088855387617,3.9415520508893604,3.9162946803799006
tanzania-073026/dpc-035-KTR-72502948.png,tanzania-073026,dpc-035-KTR-72502948.png,3.904232507899955,3.902600953955495,3.9043433735011717,3.902113716536081,3.902251194067163,3.8972488646923207,3.908910112267661,3.926071775103123,3.897689541256682,3.8706281704591285,3.8560509066215154
tanzania-073026/dpc-036-KTR-72502948.png,tanzania-073026,dpc-036-KTR-72502948.png,3.912461456861804,3.913620706000167,3.91241402850081,3.915871280504592,3.919582961044996,3.9199817488232536,3.9167985307569086,3.942275543327848,3.9291097490648053,4.004446418114896,4.015513860710841
tanzania-073026/dpc-037-KTR-72502948.png,tanzania-073026,dpc-037-KTR-72502948.png,3.883774073011339,3.880804847872328,3.8887404346725294,3.87941553630478,3.885074924379855,3.8839739063526806,3.8768007571949474,3.93764247067712,3.804491760694056,3.9429774843202905,3.8766510332630526
tanzania-073026/dpc-038-KTR-72502948.png,tanzania-073026,dpc-038-KTR-72502948.png,3.884469545995221,3.8856896307211515,3.8830781155443246,3.8813815341943765,3.879486523738183,3.8752170002606143,3.8821376170073405,3.857518274799114,3.84303073836799,3.8937351214558533,3.820927626717122
tanzania-073026/dpc-039-KTR-72502948.png,tanzania-073026,dpc-039-KTR-72502948.png,3.7483887193360728,3.75035321067612,3.747384966804281,3.747334293413499,3.7448065004417845,3.7470108771450863,3.74440738811093,3.7490767888017493,3.745405131152667,3.7566058206627604,3.6567581063076586
tanzania-073026/dpc-040-KTR-72502948.png,tanzania-073026,dpc-040-KTR-72502948.png,3.752395400676018,3.752246451657421,3.7545858740429727,3.7575746871602487,3.7535002027821065,3.767676757479341,3.7425805414201907,3.7862564905595084,3.7430053813413893,3.7849451195946897,3.689728805769404
tanzania-073026/dpc-041-KTR-72502948.png,tanzania-073026,dpc-041-KTR-72502948.png,3.727672543940553,3.729784001609218,3.7283669392314374,3.7347092515599107,3.727134048639166,3.7468878684789444,3.7272801554595096,3.7483722970312066,3.7278825082398592,3.721048372528977,3.7726661130114443
tanzania-073026/dpc-042-KTR-72502948.png,tanzania-073026,dpc-042-KTR-72502948.png,3.811767117567581,3.814675706367416,3.814242469708046,3.8123110195259375,3.8208540748837265,3.810816108851463,3.801622119164949,3.8109396315491963,3.806355774858927,3.8397235567721353,3.77527579356386
tanzania-073026/dpc-043-KTR-72502948.png,tanzania-073026,dpc-043-KTR-72502948.png,3.802488110008305,3.801442889906539,3.8035813251973356,3.7992825319427848,3.806184325342092,3.8066404747811973,3.8072929875405093,3.816814913248736,3.8269568589751364,3.890387471847795,3.8141391744784414
tanzania-073026/dpc-044-KTR-72502948.png,tanzania-073026,dpc-044-KTR-72502948.png,3.830364464726423,3.8291227722593226,3.833516672570288,3.8290869279830666,3.8268637252441793,3.843729434308704,3.827647726385395,3.836199808907793,3.872629562946928,3.8621685674850434,3.905174157373418
tanzania-073026/dpc-045-KTR-72502948.png,tanzania-073026,dpc-045-KTR-72502948.png,3.814051885898751,3.8160988174256905,3.8221188498196055,3.81788932303274,3.813231572139533,3.813497541529751,3.8039033740654187,3.838140632940363,3.773345307903738,3.8983995418711337,3.82564895220254
tanzania-073026/dpc-046-KTR-72502948.png,tanzania-073026,dpc-046-KTR-72502948.png,3.7497173286548398,3.7487665887350823,3.747567184809331,3.7459926803960375,3.746258479199422,3.739277744810431,3.7438763063963716,3.7266616577370035,3.758089392124921,3.660879878755267,3.7135786101881285
tanzania-073026/dpc-047-KTR-72502948.png,tanzania-073026,dpc-047-KTR-72502948.png,3.7781238092789935,3.7776043468585527,3.7751331439882874,3.774191454101818,3.7729291949237966,3.763141701318585,3.7826058383816337,3.754107682973377,3.7938682249104367,3.739320461709931,3.7055153960919007
tanzania-073026/dpc-048-KTR-72502948.png,tanzania-073026,dpc-048-KTR-72502948.png,3.869155911030162,3.873629754017851,3.866210937952278,3.872518466202253,3.874806574299951,3.8616846104074427,3.874115090206522,3.8397398442313557,3.8714662502812054,3.7307197726822925,3.849379490163166
tanzania-073026/dpc-049-KTR-72502948.png,tanzania-073026,dpc-049-KTR-72502948.png,3.8187388372112947,3.8225542231392864,3.820198268736527,3.81992972744318,3.8247612665624295,3.8252679915630434,3.8216984754903214,3.8280247643469383,3.816597429722055,3.8604415451947456,3.858147441987516
tanzania-073026/dpc-050-KTR-72502948.png,tanzania-073026,dpc-050-KTR-72502948.png,3.7904884275113244,3.7931234976201917,3.7960597488414227,3.797876613169722,3.8011407823396164,3.789974943781824,3.804649891447632,3.7340916463025016,3.7900659070794536,3.7522309738010033,3.689993823724219
tanzania-073026/dpc-051-KTR-72502948.png,tanzania-073026,dpc-051-KTR-72502948.png,3.70577546277349,3.7058442267691514,3.709335742148126,3.7014103231321647,3.7029718921244887,3.7071543324337357,3.711371855468074,3.7270699346607405,3.7100668322460524,3.71168537875612,3.726258879270167
tanzania-073026/dpc-052-KTR-72502948.png,tanzania-073026,dpc-052-KTR-72502948.png,3.8629339810048924,3.862565163011166,3.8639242851075033,3.865580779677445,3.8660564504835104,3.859059212176797,3.867895259380896,3.856826845200417,3.8472896862842445,3.7705003512962634,3.879657741263477
tanzania-073026/dpc-053-KTR-72502948.png,tanzania-073026,dpc-053-KTR-72502948.png,3.9130223400045523,3.9169949744061947,3.912566931346328,3.9182594623643587,3.9165860664422363,3.9216636817892043,3.883079470440245,3.9066408404325803,3.8727008070589704,3.8694864478817403,3.8399111773738404
tanzania-073026/dpc-054-KTR-72502948.png,tanzania-073026,dpc-054-KTR-72502948.png,3.9515429402523106,3.9549408788362603,3.952597871369408,3.9516105972806006,3.9546520299014887,3.9553297054438517,3.9584414374957713,3.9457008190166123,3.969466098843825,3.882098391164425,4.017704878036163
tanzania-073026/dpc-055-KTR-72502948.png,tanzania-073026,dpc-055-KTR-72502948.png,3.6933057915504426,3.6997122525572106,3.69496515797935,3.6980815301937047,3.695201140214627,3.71186604724472,3.7191865585248687,3.726777642038104,3.704007780285626,3.7861272961897106,3.741016244044647
tanzania-073026/dpc-056-KTR-72502948.png,tanzania-073026,dpc-056-KTR-72502948.png,3.695549811017812,3.695964430889822,3.6931284991101334,3.6927745296206522,3.69499471694876,3.699320750312236,3.697992989504223,3.6730762457084065,3.7259592329636337,3.628160815059172,3.7345042314578136
tanzania-073026/dpc-057-KTR-72502948.png,tanzania-073026,dpc-057-KTR-72502948.png,3.6618999613604126,3.6644455052883194,3.661525159576844,3.6655644047320477,3.6758253205332014,3.663403779559234,3.668870557920491,3.668840807215253,3.661379150862733,3.6754708777461844,3.6485867518926653
tanzania-073026/dpc-058-KTR-72502948.png,tanzania-073026,dpc-058-KTR-72502948.png,3.578940694738392,3.580528640985899,3.582088081390435,3.5808637066411055,3.5946805399680315,3.5900978026491623,3.5775516248381813,3.5697623027233183,3.5882048254002403,3.606298748310624,3.470474603744321
tanzania-073026/dpc-059-KTR-72502948.png,tanzania-073026,dpc-059-KTR-72502948.png,3.5085900036914737,3.508464360435755,3.515684890380372,3.5081687797570607,3.5290002211505933,3.508419096339139,3.5383860490187775,3.501816461345776,3.5444327967330977,3.5409947121679846,3.523588210390767
tanzania-073026/dpc-060-KTR-72502948.png,tanzania-073026,dpc-060-KTR-72502948.png,3.6551010927454857,3.6583510321850703,3.6587865749619386,3.6543088585185917,3.662173191801089,3.6521184046714805,3.6569348114574867,3.6315581270189545,3.6258455399963703,3.5431675411203694,3.4952055901486636
tanzania-073026/dpc-061-KTR-72502948.png,tanzania-073026,dpc-061-KTR-72502948.png,3.754305807003297,3.754215990517884,3.7569960830253293,3.753508511716277,3.74555331536098,3.7545558674100667,3.7216472849844604,3.735566180729424,3.7193116511899067,3.8061444582088373,3.7022380288279315
tanzania-073026/dpc-062-KTR-72502948.png,tanzania-073026,dpc-062-KTR-72502948.png,3.7139280154116325,3.7128023501205485,3.7120334949480087,3.7109220630937063,3.7102767536500716,3.71417331558143,3.713074529824989,3.7192292813719936,3.7468152812679563,3.7056703866413168,3.7435706962569784
tanzania-073026/dpc-063-KTR-72502948.png,tanzania-073026,dpc-063-KTR-72502948.png,3.6950266528892874,3.696817723774829,3.6953743721561585,3.687816215927809,3.696237129199398,3.6784795262369965,3.700376968199271,3.706107639336654,3.737030024772129,3.774145735872067,3.774963357851314
tanzania-073026/dpc-064-KTR-72502948.png,tanzania-073026,dpc-064-KTR-72502948.png,3.6139319306085147,3.6125365333570225,3.6097921866192593,3.6117498674836392,3.6063218032086346,3.6020100962402415,3.6035035409492027,3.608459950758615,3.636735466842817,3.6014875251631784,3.627731381719075
tanzania-073026/dpc-065-KTR-72502948.png,tanzania-073026,dpc-065-KTR-72502948.png,3.7660765749588974,3.7650193531784475,3.76952832511492,3.7627567584159967,3.776669763568496,3.753737239043151,3.776415629331296,3.7481213483795637,3.745678613555541,3.7493625357640474,3.82951701137854
tanzania-073026/dpc-066-KTR-72502948.png,tanzania-073026,dpc-066-KTR-72502948.png,3.76263060618605,3.76197771886762,3.764157558470716,3.764497729182159,3.7654126902739624,3.775862433491212,3.7548792129624133,3.8103993388898556,3.7779092722858785,3.723404909077497,3.8232374536371108
tanzania-073026/dpc-067-KTR-72502948.png,tanzania-073026,dpc-067-KTR-72502948.png,3.6511203569868513,3.6499479190814617,3.656119878012792,3.6460089092757615,3.6593015768794936,3.6551843981878545,3.6444621994725575,3.6610409086668447,3.6390690528324123,3.662288153899992,3.6261115040752223
tanzania-073026/dpc-068-KTR-72502948.png,tanzania-073026,dpc-068-KTR-72502948.png,3.6564726862449,3.6566307786486263,3.656275350561293,3.6581314469790813,3.6565406954462407,3.657412953927714,3.667370017557636,3.635132157996317,3.6872059865598015,3.6384573365215167,3.7439509712300953
tanzania-073026/dpc-069-KTR-72502948.png,tanzania-073026,dpc-069-KTR-72502948.png,3.642671141061043,3.6445462099326837,3.644075655807061,3.6445871858535988,3.649530830461572,3.6529766728135487,3.6557273522214655,3.658523583936769,3.6430905301454977,3.623425740215012,3.695411625356241
tanzania-073026/dpc-070-KTR-72502948.png,tanzania-073026,dpc-070-KTR-72502948.png,3.7153685584875644,3.7153764986420197,3.714428376222365,3.717226888649627,3.711051893339025,3.7071477116023552,3.7165164498063863,3.688704806217424,3.7416148447859894,3.6822478245330204,3.7383645170526423
tanzania-073026/dpc-071-KTR-72502948.png,tanzania-073026,dpc-071-KTR-72502948.png,3.832977273651707,3.8328348792856244,3.832163867200836,3.834798203654674,3.8488994703757076,3.836013083554418,3.847976163087738,3.8197527466564494,3.8927280988448523,3.8016351829761086,3.8541503953572755
tanzania-073026/dpc-072-KTR-72502948.png,tanzania-073026,dpc-072-KTR-72502948.png,3.763592396689547,3.7655712357421907,3.766537201953321,3.7545749765922474,3.7672125755958437,3.76271076966715,3.757147479322038,3.7499090232908854,3.7489860891973112,3.768996578750447,3.7220310264827483
tanzania-073026/dpc-073-KTR-72502948.png,tanzania-073026,dpc-073-KTR-72502948.png,3.505096280013415,3.506063915244077,3.5082190976820664,3.5089733628791695,3.5173254341253464,3.519978714649813,3.5174644254654566,3.5330414299728705,3.515279016900508,3.5328413250263173,3.468282755603517
tanzania-073026/dpc-074-KTR-72502948.png,tanzania-073026,dpc-074-KTR-72502948.png,3.4677584947338222,3.4671351393939247,3.466098643628303,3.4552403150180044,3.457600198590593,3.4599921355776266,3.468201281780784,3.479908850922439,3.419280473528678,3.443855002310735,3.532517327597456
tanzania-073026/dpc-075-KTR-72502948.png,tanzania-073026,dpc-075-KTR-72502948.png,3.416502796564364,3.4157841693059665,3.4146598482419175,3.421576120401032,3.421012254642851,3.415698410077713,3.43936804829773,3.383964302524828,3.4422917529118577,3.383646281349837,3.4315047585977743
tanzania-073026/dpc-076-KTR-72502948.png,tanzania-073026,dpc-076-KTR-72502948.png,3.3038879652931765,3.3089468843991847,3.299185380055655,3.3195472703687416,3.3101379345976882,3.321537363170619,3.3342537884278385,3.320599897084795,3.331454826161342,3.2785993738599633,3.350414003697933
tanzania-073026/dpc-077-KTR-72502948.png,tanzania-073026,dpc-077-KTR-72502948.png,3.302025578141799,3.300373866270374,3.302182047007185,3.304629052178429,3.3022414933586264,3.312451899953973,3.3057942012303574,3.3146437644569984,3.296363525459024,3.3598829326581194,3.2842981905210262
tanzania-073026/dpc-078-KTR-72502948.png,tanzania-073026,dpc-078-KTR-72502948.png,3.4347730966842835,3.4322934151814595,3.4256459315954455,3.431639639859905,3.433235448093054,3.432933072353735,3.4373760298157836,3.4312476793096796,3.4537181939328776,3.446676727264124,3.542903858959405
tanzania-073026/dpc-079-KTR-72502948.png,tanzania-073026,dpc-079-KTR-72502948.png,3.5475627766207745,3.548138334890691,3.546455666086467,3.5420024219905035,3.554119686800451,3.543861960383288,3.534560317189072,3.552087599659282,3.546660803026814,3.5453403097674165,3.467026763318387
tanzania-073026/dpc-080-KTR-72502948.png,tanzania-073026,dpc-080-KTR-72502948.png,3.580833019996309,3.582642440175294,3.5808269347472463,3.5811975632291837,3.591521315732141,3.5915792113649614,3.591414492050162,3.610257406532173,3.6013251275604894,3.6375408962511937,3.5368346988777724
tanzania-073026/dpc-081-KTR-72502948.png,tanzania-073026,dpc-081-KTR-72502948.png,3.6370218232770513,3.6395512154553105,3.6353131939780488,3.6385186918478434,3.6429866722114337,3.630460197250063,3.6591714955676133,3.598282832505106,3.675254100672093,3.631896348658468,3.585655758017501
tanzania-073026/dpc-082-KTR-72502948.png,tanzania-073026,dpc-082-KTR-72502948.png,3.483309806107333,3.4850452533877947,3.484765091808675,3.4821271031139482,3.481528152946541,3.5017739393518745,3.4679442958514586,3.4910664788292256,3.5197284177702626,3.5084095674746476,3.502540095284418
tanzania-073026/dpc-083-KTR-72502948.png,tanzania-073026,dpc-083-KTR-72502948.png,3.553915759905487,3.5543365541267207,3.5516060120987447,3.5514946303445467,3.5529902870566468,3.559283251128257,3.5702057446213744,3.5371090121786453,3.570940472667612,3.5353459827654987,3.5570895303806482
tanzania-073026/dpc-084-KTR-72502948.png,tanzania-073026,dpc-084-KTR-72502948.png,3.6085328654699538,3.6100925939378294,3.6067046875127207,3.618218568215492,3.610894597009258,3.6233303786379443,3.641501871131613,3.633635668142234,3.693659630591419,3.5949920699597864,3.6810468739064155
tanzania-073026/dpc-085-KTR-72502948.png,tanzania-073026,dpc-085-KTR-72502948.png,3.5865533894262263,3.5872584416254765,3.5817902544717333,3.588648697631966,3.580533700006281,3.5965998809997117,3.5651183047946997,3.5622265542983262,3.526875966525273,3.5599386685059193,3.499798542259284
tanzania-073026/dpc-086-KTR-72502948.png,tanzania-073026,dpc-086-KTR-72502948.png,3.615998395849957,3.6185760334209944,3.6185890472881264,3.6147958923577046,3.6129413922585707,3.623656588083899,3.610613244966947,3.64442032373055,3.6035366693300404,3.6442150391129386,3.6041051892868627
tanzania-073026/dpc-087-KTR-72502948.png,tanzania-073026,dpc-087-KTR-72502948.png,3.572151955605054,3.5694696030347144,3.575998334319678,3.5697559644777015,3.569879082576187,3.5578465433143873,3.6014829513729416,3.5624980517132294,3.6071679104039562,3.5558789612235135,3.624774005640592
tanzania-073026/dpc-088-KTR-72502948.png,tanzania-073026,dpc-088-KTR-72502948.png,3.6405802566307175,3.6399474942163486,3.647015631017034,3.644951951393215,3.648616581230371,3.641450893265409,3.6518895244190057,3.6456014744971608,3.655632411951828,3.6742875537482833,3.6461015428688968
tanzania-073026/dpc-089-KTR-72502948.png,tanzania-073026,dpc-089-KTR-72502948.png,3.6924895858110296,3.6938211029933665,3.6921996145524596,3.69497658714372,3.7035584915868336,3.6941824689293523,3.7006154433958867,3.692434957769153,3.715065245394151,3.708793628254565,3.7628601223918707
tanzania-073026/dpc-090-KTR-72502948.png,tanzania-073026,dpc-090-KTR-72502948.png,3.6110233942649828,3.612852774432305,3.6174082858403884,3.613756756937102,3.6318610349969402,3.6092591435149104,3.6290061733022845,3.624523810142975,3.6309547863951277,3.661884724987183,3.6401651300221163
tanzania-073026/dpc-091-KTR-72502948.png,tanzania-073026,dpc-091-KTR-72502948.png,3.126670441383102,3.1272745595198392,3.135996207211588,3.1305763322275264,3.1424924374721894,3.144719242881463,3.1430993473557702,3.122544722529464,3.1547116344333257,3.173812851565075,3.105698025047829
tanzania-073026/dpc-092-KTR-72502948.png,tanzania-073026,dpc-092-KTR-72502948.png,3.11829125779866,3.122208517637551,3.119570495851939,3.1220008228058984,3.118216529519442,3.1265427084176176,3.131802756534996,3.13022921495142,3.1603974906434105,3.0370087207571395,3.13302398672704
tanzania-073026/dpc-093-KTR-72502948.png,tanzania-073026,dpc-093-KTR-72502948.png,3.1340740057560574,3.1354163293768735,3.1326408404333144,3.141687357638763,3.135079538644822,3.1462994532330133,3.126459344413774,3.15316362983359,3.1329473264187238,3.1346828488673846,3.0929975892884363
tanzania-073026/dpc-094-KTR-72502948.png,tanzania-073026,dpc-094-KTR-72502948.png,3.031212113880922,3.0325070146563853,3.016555560368985,3.031582652491264,3.0267294570110677,3.022897957533039,3.012829790724903,3.0724964363184437,2.9930051089263374,3.164966741461774,2.980496379385927
tanzania-073026/dpc-095-KTR-72502948.png,tanzania-073026,dpc-095-KTR-72502948.png,3.055024830155675,3.0553830727848745,3.047752347924706,3.056373920466324,3.0440037863211318,3.058666715736042,3.0387228237191377,3.054036747449503,3.0458521109212064,3.0864214177836615,3.167376494099441
tanzania-073026/dpc-096-KTR-72502948.png,tanzania-073026,dpc-096-KTR-72502948.png,3.1983834085566225,3.197477931749174,3.197560262242703,3.1948397780767435,3.204637314357163,3.1792784685936857,3.2143158590440954,3.153979526350457,3.1696880342562954,3.1073341156483534,3.19760184900309
tanzania-073026/dpc-097-KTR-72502948.png,tanzania-073026,dpc-097-KTR-72502948.png,3.274316717380143,3.274687063981774,3.2881733227413097,3.2620011824720403,3.287801254041781,3.266004460145795,3.252714566613996,3.2784052198890103,3.274058087975185,3.3412401802311043,3.2723956198547643
tanzania-073026/dpc-098-KTR-72502948.png,tanzania-073026,dpc-098-KTR-72502948.png,3.3407858304731985,3.346692411101459,3.3381904283332595,3.3398707491681594,3.3360362841157167,3.3310043071534725,3.3095262030243555,3.2858489006677365,3.2943717634992287,3.285310298410433,3.200048625240799
tanzania-073026/dpc-099-KTR-72502948.png,tanzania-073026,dpc-099-KTR-72502948.png,3.410661874269276,3.414503218388479,3.4123913713924345,3.4109339781469976,3.413292664024722,3.4040836705642663,3.398096390832217,3.4163918212323745,3.409979377809707,3.478817601665038,3.431751902636324
tanzania-073026/dpc-100-KTR-72502948.png,tanzania-073026,dpc-100-KTR-72502948.png,3.230489058509778,3.2333093902133196,3.2243790867117386,3.2356704660058053,3.238675015856009,3.228526754434803,3.264123446947718,3.2353235470892776,3.301184082658942,3.2796936679910074,3.3516766453168305
tanzania-073026/dpc-101-KTR-72502948.png,tanzania-073026,dpc-101-KTR-72502948.png,3.2656701659734333,3.264867275967403,3.2641918832758527,3.2748771145710083,3.278587607107276,3.2838532922763912,3.295622147093399,3.2853070730118654,3.2890522397841426,3.28102703032631,3.195749541375643
tanzania-073026/dpc-102-KTR-72502948.png,tanzania-073026,dpc-102-KTR-72502948.png,3.353190972935354,3.3554585555281062,3.3529581593475513,3.3526110667353812,3.356187919618356,3.3617975192361396,3.3617314315053797,3.3807579956979152,3.3654735006855447,3.4100420807059164,3.3273248831994433
tanzania-073026/dpc-103-KTR-72502948.png,tanzania-073026,dpc-103-KTR-72502948.png,3.3631066648023804,3.36191260609723,3.3625129846534745,3.3627761911922507,3.3645473447406142,3.38136269708604,3.367082324257108,3.3672229183665072,3.322540618146964,3.358287183407886,3.334967231936185
tanzania-073026/dpc-104-KTR-72502948.png,tanzania-073026,dpc-104-KTR-72502948.png,3.4097996335975247,3.4150742352383787,3.4071402652322966,3.4158886839641562,3.4055580601470594,3.416854892867271,3.424317594820398,3.4148115251577433,3.4829780136236312,3.3699980821534963,3.296707265682031
tanzania-073026/dpc-105-KTR-72502948.png,tanzania-073026,dpc-105-KTR-72502948.png,3.401417906457374,3.4024276711504395,3.393439824579261,3.403447700706922,3.397474665479608,3.402800913077692,3.3926972437439824,3.417900476949102,3.3335603576825314,3.508116677636241,3.3149314600186663
tanzania-073026/dpc-106-KTR-72502948.png,tanzania-073026,dpc-106-KTR-72502948.png,3.5237305163077783,3.527952800677336,3.525331215046658,3.528070090334687,3.5283890443700887,3.5294341887007805,3.527419031503292,3.521169408489877,3.5943541215284984,3.5061339865335808,3.5177951613282024
tanzania-073026/dpc-107-KTR-72502948.png,tanzania-073026,dpc-107-KTR-72502948.png,3.4903123113688777,3.4934735109333834,3.4923559480198225,3.5000122171637607,3.5012346494422433,3.5039483867529886,3.51217855723939,3.477072277095118,3.490614336869941,3.509463068488626,3.5199311004035883
tanzania-073026/dpc-108-KTR-72502948.png,tanzania-073026,dpc-108-KTR-72502948.png,3.44014059464465,3.443339470448116,3.4326684460502968,3.4511940162261014,3.432845943469408,3.449998130866021,3.4204182316678113,3.464002060573284,3.451264941819214,3.5335884996427134,3.421364333754589
tanzania-073026/dpc-109-KTR-72502948.png,tanzania-073026,dpc-109-KTR-72502948.png,3.5836544942347848,3.581942494650143,3.5890309087664884,3.58782719722587,3.603073228950208,3.594792504535844,3.5950056625964137,3.6012767268967907,3.6037089577941837,3.586974501443116,3.6391963125798283
tanzania-073026/dpc-110-KTR-72502948.png,tanzania-073026,dpc-110-KTR-72502948.png,3.6951904616666327,3.696345435033974,3.6888880311401997,3.6919032910075016,3.6903250660325746,3.694163776747154,3.7081322226896614,3.6891252631902534,3.734503969927191,3.6552552893170933,3.5996761315530836
tanzania-073026/dpc-111-KTR-72502948.png,tanzania-073026,dpc-111-KTR-72502948.png,3.3164198384521706,3.321475326806023,3.320953530783188,3.3232243277590636,3.3281574521981145,3.326402067087634,3.3619250882307212,3.3315043305176593,3.3487912925334387,3.3800290477588026,3.3429046221511696
tanzania-073026/dpc-112-KTR-72502948.png,tanzania-073026,dpc-112-KTR-72502948.png,3.3093475242814487,3.309724513193874,3.309726191766442,3.3115060985718676,3.316183371223646,3.3107416462941632,3.323861720341432,3.2848675557324576,3.3296455354063923,3.325726795342178,3.2686119475610744
tanzania-073026/dpc-113-KTR-72502948.png,tanzania-073026,dpc-113-KTR-72502948.png,3.283960491124234,3.2865564225375157,3.2838016223098236,3.2986344458247054,3.295325047313238,3.291898644300105,3.298584153909082,3.296276251720135,3.308270659992128,3.2723184724107273,3.329910962087887
tanzania-073026/dpc-114-KTR-72502948.png,tanzania-073026,dpc-114-KTR-72502948.png,3.4830647032681252,3.483425294359621,3.4798134719906004,3.4870408720651147,3.4961391362404215,3.504311222446544,3.495859484562845,3.5060188874273863,3.5275185782900245,3.56568290694116,3.4163295891926104
tanzania-073026/dpc-115-KTR-72502948.png,tanzania-073026,dpc-115-KTR-72502948.png,3.537873964629375,3.5390752633618487,3.542012252208525,3.5434072291532486,3.5543842952229543,3.5581897716534083,3.552030464960004,3.557469395226904,3.571833284770209,3.569035525706775,3.5414286572159384
tanzania-073026/dpc-116-KTR-72502948.png,tanzania-073026,dpc-116-KTR-72502948.png,3.6649644086177453,3.6685619645021594,3.6601677655046374,3.6674276121031824,3.6588874666866626,3.671648141417086,3.6648237273021533,3.6533847139198143,3.712632513182877,3.6682194524372433,3.6913783752778873
tanzania-073026/dpc-117-KTR-72502948.png,tanzania-073026,dpc-117-KTR-72502948.png,3.772350765395519,3.7748804654404684,3.7755758173942446,3.765829684348567,3.779928288070953,3.766914903831758,3.7672767289948883,3.77374935451948,3.7728788934525825,3.8125421098079135,3.7618242160237703
tanzania-073026/dpc-118-KTR-72502948.png,tanzania-073026,dpc-118-KTR-72502948.png,3.4047342579735824,3.4056369415872605,3.3977331276955938,3.4069663134566923,3.387173102760454,3.4089750517135338,3.405504928683261,3.4037433696146153,3.4412158336850323,3.4140215893493013,3.423054487580895
tanzania-073026/dpc-119-KTR-72502948.png,tanzania-073026,dpc-119-KTR-72502948.png,3.418933921372433,3.4235470311919545,3.412147235581583,3.426595043683803,3.4302930121858592,3.4296664050794092,3.4423992178191334,3.4796577104094535,3.4742612000447157,3.4652223992176356,3.5507647003673966
tanzania-073026/dpc-120-KTR-72502948.png,tanzania-073026,dpc-120-KTR-72502948.png,3.477356610286708,3.4771320603953564,3.471483260348842,3.473617342667136,3.4663018747021113,3.4771249841554948,3.449752124640492,3.461010109574101,3.4590167099613494,3.520778362500492,3.4924590331077168
tanzania-073026/dpc-121-KTR-72502948.png,tanzania-073026,dpc-121-KTR-72502948.png,3.384846408222269,3.38713864888553,3.3801631765533666,3.39194845766,3.395443329942047,3.3812915554610377,3.393542713980662,3.3955002299228183,3.36905780334577,3.372677313850435,3.516903171303
tanzania-073026/dpc-122-KTR-72502948.png,tanzania-073026,dpc-122-KTR-72502948.png,3.3630416250386026,3.3665064992108795,3.3658922679824523,3.3661951665969676,3.3727289771025557,3.3732996961858785,3.3742152346233034,3.378935560219871,3.3758033928788223,3.329734445015246,3.381758387075183
tanzania-073026/dpc-123-KTR-72502948.png,tanzania-073026,dpc-123-KTR-72502948.png,3.391214785480056,3.392317171401637,3.3912540918005,3.3833918431512173,3.399510623954279,3.394607114355519,3.397610214730463,3.4135272096165843,3.36831588094485,3.332212866462749,3.318705077598506
tanzania-073026/dpc-124-KTR-72502948.png,tanzania-073026,dpc-124-KTR-72502948.png,3.575809450744231,3.5742900239639797,3.576985725790697,3.5697026232863616,3.575064229376385,3.563899665634397,3.5659989350287566,3.5418574357113104,3.525312105242087,3.550096524767066,3.491149489834632
tanzania-073026/dpc-125-KTR-72502948.png,tanzania-073026,dpc-125-KTR-72502948.png,3.6041890766297318,3.605774456616163,3.607211804154684,3.604264245676033,3.619804929207244,3.597608148720741,3.6170555897310535,3.6109766646523456,3.6267643160045018,3.5869254219572633,3.550788176393693
tanzania-073026/dpc-126-KTR-72502948.png,tanzania-073026,dpc-126-KTR-72502948.png,3.545345919382478,3.544179546035558,3.5415480427918906,3.553847419581738,3.5406969343042096,3.560654517985249,3.5529167888629756,3.527952627783714,3.5848218359070434,3.5893148757757967,3.522663395635898
tanzania-073026/dpc-127-KTR-72502948.png,tanzania-073026,dpc-127-KTR-72502948.png,3.440795641516389,3.440611397401048,3.434729622815895,3.4428772948803696,3.4407892340089306,3.4365434020156918,3.440107871791649,3.4346465206313583,3.447381165745345,3.395815855894063,3.3597481823313338
tanzania-073026/dpc-128-KTR-72502948.png,tanzania-073026,dpc-128-KTR-72502948.png,3.510201060073712,3.515769398859374,3.516553005767597,3.5166391152796876,3.5214837459167843,3.5122921255623862,3.537519963529912,3.5198601389544537,3.5753167129132577,3.5556717594192913,3.5639184623277513
tanzania-073026/dpc-129-KTR-72502948.png,tanzania-073026,dpc-129-KTR-72502948.png,3.4652076042253817,3.467618608831554,3.466018678514998,3.4653324859872026,3.4608521960291565,3.4783188426271816,3.478473190963049,3.448887282848047,3.49354288526741,3.436161919311062,3.4569751705251717
tanzania-073026/dpc-130-KTR-72502948.png,tanzania-073026,dpc-130-KTR-72502948.png,3.3314658905105383,3.336409410829821,3.333072242942472,3.3392919598458706,3.3504918703435456,3.355157697160558,3.382866685720013,3.365442549481499,3.3946012293908594,3.481848243687038,3.3983911318538826
tanzania-073026/dpc-131-KTR-72502948.png,tanzania-073026,dpc-131-KTR-72502948.png,3.2586984045460583,3.264170691629179,3.2532342498580187,3.2685251787457723,3.255991441316511,3.2562560233897013,3.269426427577946,3.271283351480621,3.326013060714209,3.2603626788980504,3.37139392487034
tanzania-073026/dpc-132-KTR-72502948.png,tanzania-073026,dpc-132-KTR-72502948.png,3.368159580705379,3.36881164632763,3.3718161410770042,3.374942130132132,3.376149486227292,3.3776123102560236,3.379468237083838,3.4157800262204905,3.348140169289432,3.461066450450947,3.3945964433779774
tanzania-073026/dpc-133-KTR-72502948.png,tanzania-073026,dpc-133-KTR-72502948.png,3.279658527482525,3.281116214186826,3.2730604981532845,3.289120659211024,3.282262732433417,3.2806384100327692,3.2831099044144785,3.290574591171809,3.27963998750863,3.2690053820316516,3.241585867219568
tanzania-073026/dpc-134-KTR-72502948.png,tanzania-073026,dpc-134-KTR-72502948.png,3.149465081876476,3.147581563058548,3.148280990503876,3.1531622464277027,3.152968281186235,3.155040070280749,3.176377399003617,3.1383975363744123,3.2066312913357122,3.2261053879173707,3.180468369369191
tanzania-073026/dpc-135-KTR-72502948.png,tanzania-073026,dpc-135-KTR-72502948.png,3.151247041400793,3.1597494936140604,3.1471586675582532,3.1460787604739373,3.1611164107366525,3.154360608327399,3.15402499901654,3.1027640406815054,3.112315918311634,3.044101966111388,3.0399111758344963
tanzania-073026/dpc-136-KTR-72502948.png,tanzania-073026,dpc-136-KTR-72502948.png,2.962233392439151,2.9667201659143214,2.95856159413875,2.964016266189544,2.9587065949140365,2.9485151274016923,2.9836841347634073,2.974803130778866,2.9640693839962555,2.9806727860358797,2.9355395427335216
tanzania-073026/dpc-137-KTR-72502948.png,tanzania-073026,dpc-137-KTR-72502948.png,3.0535825040514952,3.0578365887991814,3.0604552637272806,3.064744590902019,3.07023437888111,3.0759842096155054,3.0751693563666023,3.0775160748210983,3.1048286074604663,3.0662423954396614,3.058204493032691
tanzania-073026/dpc-138-KTR-72502948.png,tanzania-073026,dpc-138-KTR-72502948.png,3.0572699566639927,3.060407716916742,3.055447191812364,3.057545080825262,3.0664748708032112,3.0697672581388593,3.0634375714378295,3.07610971140234,3.0771464910368125,3.0338410221203866,3.137443534059137
tanzania-073026/dpc-139-KTR-72502948.png,tanzania-073026,dpc-139-KTR-72502948.png,3.114133208532596,3.117844474203876,3.1126818212138057,3.119825549113081,3.1251237539673418,3.1298779665636287,3.1213536089426714,3.130328112056099,3.1315920930979213,3.1378735176055628,3.2451560447186116
tanzania-073026/dpc-140-KTR-72502948.png,tanzania-073026,dpc-140-KTR-72502948.png,3.165891334282647,3.1720366342053015,3.1678853899517105,3.168637401729644,3.169610474684558,3.1659977888747513,3.1744750220548283,3.1676894687152823,3.185439687844567,3.2272259816231013,3.192067176501967
tanzania-073026/dpc-141-KTR-72502948.png,tanzania-073026,dpc-141-KTR-72502948.png,3.030582577032465,3.0268304104807053,3.0230614256290465,3.025949349599801,3.0217993935624614,3.0238840270488008,3.0232978532387946,3.0490924226981755,3.038860348588416,3.03623578203365,3.038611423665968
tanzania-073026/dpc-142-KTR-72502948.png,tanzania-073026,dpc-142-KTR-72502948.png,3.1485880833926916,3.153451027967119,3.1409044597899554,3.1556103492375573,3.1482775458507692,3.145134355231446,3.149043532646924,3.1724745574071216,3.114270436892643,3.1728746217163852,3.239154273402417
tanzania-073026/dpc-143-KTR-72502948.png,tanzania-073026,dpc-143-KTR-72502948.png,3.2401464737853343,3.2431711933422624,3.245392352405958,3.2453410897924,3.253339592757989,3.2452409751404323,3.255499143241294,3.2313723076859113,3.3090044911330634,3.2353912359763743,3.304792249684235
tanzania-073026/dpc-144-KTR-72502948.png,tanzania-073026,dpc-144-KTR-72502948.png,3.2539585226867067,3.2533752219020338,3.252645772743918,3.261139392201167,3.2491158410717293,3.262085083418226,3.278593549098071,3.260938747149643,3.2724625570129615,3.271659617925339,3.2908966144770555
tanzania-073026/dpc-145-KTR-72502948.png,tanzania-073026,dpc-145-KTR-72502948.png,3.467489383921281,3.4701088422031945,3.46545252076534,3.471389886355835,3.470355757262623,3.4774281684700963,3.466729675295142,3.4583543488290776,3.4788508308834643,3.4061132349423913,3.469757865616703
tanzania-073026/dpc-146-KTR-72502948.png,tanzania-073026,dpc-146-KTR-72502948.png,3.446567063814461,3.4497992176673082,3.4475112649873525,3.455144371733814,3.461336810234396,3.447477753193535,3.4524311762109248,3.4748477308680217,3.4553903030745197,3.4272648003647443,3.487807420916698
tanzania-073026/dpc-147-KTR-72502948.png,tanzania-073026,dpc-147-KTR-72502948.png,3.434977536225557,3.4345821773352596,3.438031285075877,3.442003579933901,3.4401534514587353,3.4440425091215543,3.4383726695198087,3.4663501787105746,3.474558631089047,3.4740556929780015,3.548726005946454
tanzania-073026/dpc-148-KTR-72502948.png,tanzania-073026,dpc-148-KTR-72502948.png,3.351905855568714,3.358333086083064,3.3523297833375287,3.352438041836294,3.356620904097174,3.3633470801671628,3.369025828796231,3.404709350385146,3.3943403756321273,3.395428816014597,3.430482116500011
tanzania-073026/dpc-149-KTR-72502948.png,tanzania-073026,dpc-149-KTR-72502948.png,3.232888059197327,3.2341423686375004,3.228406587071218,3.2321857323758487,3.232115516932008,3.223724517835394,3.238089038608692,3.2502570113799587,3.2304345692228202,3.2131551709980357,3.2918777606238403
tanzania-073026/dpc-150-KTR-72502948.png,tanzania-073026,dpc-150-KTR-72502948.png,3.3529964076389858,3.356481613467792,3.3544346725357403,3.3583170341841546,3.3665463399815136,3.349962558516895,3.3745811776181642,3.401929213908911,3.370001095482179,3.3892865616555494,3.3664406644791045
tanzania-073026/dpc-151-KTR-72502948.png,tanzania-073026,dpc-151-KTR-72502948.png,3.3704845403869697,3.369221496365163,3.3641159726807026,3.369701603121136,3.3593856999832443,3.3848818055139267,3.3777762648627245,3.362460245003665,3.409183489200456,3.3603229955353315,3.4330043196579183
tanzania-073026/dpc-152-KTR-72502948.png,tanzania-073026,dpc-152-KTR-72502948.png,3.3159664419729014,3.319748454437776,3.315301894752065,3.322678199302639,3.3260952647638673,3.321066452427028,3.3090030681260805,3.30858837367453,3.2856615527954576,3.3160208701320406,3.342832198991946
tanzania-073026/dpc-153-KTR-72502948.png,tanzania-073026,dpc-153-KTR-72502948.png,3.2832306584414432,3.2860542961088703,3.282056682101927,3.29363348506726,3.2794342948627113,3.276402903666827,3.2971776648283004,3.308999039463177,3.282033963623939,3.2963600566511966,3.2883834886280656
tanzania-073026/dpc-154-KTR-72502948.png,tanzania-073026,dpc-154-KTR-72502948.png,3.0748132100061456,3.073888729975155,3.079049015984353,3.0789537399013374,3.0998599894760637,3.096863164365657,3.1065839822113013,3.1116679878548106,3.1189610136039914,3.1843239926990554,3.085049373840241
tanzania-073026/dpc-155-KTR-72502948.png,tanzania-073026,dpc-155-KTR-72502948.png,3.2014201597607768,3.2043821961775123,3.2024194063477522,3.2048494041341535,3.2019663470339923,3.1844537037287064,3.199344888495668,3.2057843709709304,3.1958064014584635,3.199612166132486,3.1703371038006436
tanzania-073026/dpc-156-KTR-72502948.png,tanzania-073026,dpc-156-KTR-72502948.png,3.214753113659007,3.212861855347217,3.2179503831812024,3.2212831277326286,3.2143150277841963,3.2162826918730216,3.200983229306939,3.20509179414676,3.156745858861219,3.2654879635676055,3.157599233088268
tanzania-073026/dpc-157-KTR-72502948.png,tanzania-073026,dpc-157-KTR-72502948.png,3.072877920990608,3.0751382739655844,3.0678853418492853,3.076017684676911,3.0629952647260943,3.058319856713569,3.073274311543602,3.0622450472226888,3.068521618616538,3.074310668216329,3.1184000228315574
tanzania-073026/dpc-158-KTR-72502948.png,tanzania-073026,dpc-158-KTR-72502948.png,2.9529214918666598,2.960260888704751,2.9536907556090912,2.951259478125774,2.971253055004781,2.9764808477094045,2.973214466319362,3.0055662707855406,2.9927119248794556,2.996028414188829,3.111911586347443
tanzania-073026/dpc-159-KTR-72502948.png,tanzania-073026,dpc-159-KTR-72502948.png,3.0337239577308384,3.0364253839612556,3.0295527818504904,3.0372107112784485,3.0295039312117353,3.031498380939347,3.046283246922301,3.055189212674535,3.054387122400218,3.1199561607832638,3.1578308557870747
tanzania-073026/dpc-160-KTR-72502948.png,tanzania-073026,dpc-160-KTR-72502948.png,3.0232722674916537,3.0289096507970035,3.022543179836588,3.031298154988855,3.03118428840894,3.04406374141975,3.0619222127710595,3.024723127010578,3.075901449707233,3.0891713319898346,2.97066107753627
tanzania-073026/dpc-161-KTR-72502948.png,tanzania-073026,dpc-161-KTR-72502948.png,3.104599835849812,3.1006665484987503,3.1095695708265993,3.1073857637306714,3.122270022163897,3.1056967207291697,3.160044913447183,3.1072146505006732,3.174245312612106,3.071260463333351,3.0955704034861005
tanzania-073026/dpc-162-KTR-72502948.png,tanzania-073026,dpc-162-KTR-72502948.png,2.8944923906247935,2.8980764711556803,2.8966620256549636,2.897704941928463,2.898694283215698,2.8991961276390166,2.8984041699678875,2.8898033617888723,2.9048586583030085,2.90677676708004,3.008043178838964
tanzania-073026/dpc-163-KTR-72502948.png,tanzania-073026,dpc-163-KTR-72502948.png,3.6577399862384605,3.656910147049248,3.657861420418601,3.6552867702245475,3.650784894091231,3.656665200343933,3.6556451512814037,3.6717606601125774,3.6444370992617,3.7292745266939784,3.705808961888307
tanzania-073026/dpc-164-KTR-72502948.png,tanzania-073026,dpc-164-KTR-72502948.png,3.670379648582707,3.6697433277819074,3.668436653757447,3.661139531298665,3.661869181881844,3.6668970594045147,3.6541334905580847,3.689261946791297,3.6555684723407005,3.671252073547451,3.6380901646182915
tanzania-073026/dpc-165-KTR-72502948.png,tanzania-073026,dpc-165-KTR-72502948.png,3.5974224570366093,3.598824140210348,3.5924160739451882,3.593131349107407,3.5878528047602805,3.57870090194547,3.588120804518291,3.603580841503457,3.5523854136950157,3.5478052064056165,3.58561861012422
tanzania-073026/dpc-166-KTR-72502948.png,tanzania-073026,dpc-166-KTR-72502948.png,3.4619577838726,3.4631710811732592,3.4613533168428514,3.4633401112095203,3.4638805105051063,3.470783416821499,3.479028819934502,3.475666952297571,3.431368009197685,3.4209162246826543,3.4451879445865856
tanzania-073026/dpc-167-KTR-72502948.png,tanzania-073026,dpc-167-KTR-72502948.png,3.409234577721536,3.409387396432127,3.4050762584700704,3.414554833123504,3.403519873636713,3.420578366969866,3.420815706327877,3.408210133481836,3.3878274095583185,3.469692764362806,3.279955962466134
tanzania-073026/dpc-168-KTR-72502948.png,tanzania-073026,dpc-168-KTR-72502948.png,3.5886312905224043,3.588718814626436,3.589707794238871,3.588573223717851,3.5919718433623036,3.589382271858117,3.598952326563196,3.5901632387955926,3.5833011438312634,3.58108037908069,3.5358249570433755
tanzania-073026/dpc-169-KTR-72502948.png,tanzania-073026,dpc-169-KTR-72502948.png,3.611676352976797,3.6132559591726694,3.6038586819426657,3.6066830431193595,3.5991904466407703,3.6184811719055903,3.599327172685963,3.6298931409403874,3.5745889152899757,3.625477338145279,3.533038610689172
tanzania-073026/dpc-170-KTR-72502948.png,tanzania-073026,dpc-170-KTR-72502948.png,3.528250780926392,3.527822856495609,3.528985256054261,3.5310197050169485,3.5262471079138638,3.5424146028939933,3.5359947196412644,3.528347111340565,3.5238354320419223,3.4659474869638722,3.522905699422419
tanzania-073026/dpc-171-KTR-72502948.png,tanzania-073026,dpc-171-KTR-72502948.png,3.5070969407719756,3.5063598062117225,3.4994759927180072,3.5068273481803525,3.5042518997169934,3.505413146425021,3.5287726892678757,3.5138193049811934,3.495474700138533,3.4790717431894693,3.4757086486405817
tanzania-073026/dpc-172-KTR-72502948.png,tanzania-073026,dpc-172-KTR-72502948.png,3.3727271547639717,3.374225648548137,3.3646315561205626,3.3723549232068337,3.364157738030244,3.3649303266018245,3.35166568604505,3.3671086147389406,3.3258979833570232,3.3390220153408574,3.349454351348334
tanzania-073026/dpc-173-KTR-72502948.png,tanzania-073026,dpc-173-KTR-72502948.png,3.4078103117986536,3.4045941626637313,3.4017729979366993,3.4113907318813546,3.4059550674020653,3.405765875152997,3.3909217560461613,3.4291480963984053,3.4491667071564116,3.333322477687266,3.4527463181495457
tanzania-073026/dpc-174-KTR-72502948.png,tanzania-073026,dpc-174-KTR-72502948.png,3.408114843366999,3.4084835158352176,3.405290580452152,3.4067530308440777,3.402641852883983,3.4236963152454383,3.4006838571880587,3.384159808750091,3.452668479459223,3.3694087235602925,3.3740755085491867
tanzania-073026/dpc-175-KTR-72502948.png,tanzania-073026,dpc-175-KTR-72502948.png,3.2235093722814594,3.2268249160238636,3.2270312638899545,3.2349829486329673,3.2122286148145722,3.242536850272253,3.21767688544099,3.2499545528502787,3.2188475333928137,3.266318867892256,3.1891569519850678
tanzania-073026/dpc-176-KTR-72502948.png,tanzania-073026,dpc-176-KTR-72502948.png,3.3147647514095944,3.3172978902178567,3.31282634260901,3.3199229829206374,3.322607456247609,3.307704409617651,3.3586423013366007,3.3262505211399667,3.3266356740699567,3.312745445394593,3.211577007256453
tanzania-073026/dpc-177-KTR-72502948.png,tanzania-073026,dpc-177-KTR-72502948.png,3.301311869190375,3.3065230824440066,3.2988205385266065,3.306279265117468,3.3129436784408717,3.3043748081849347,3.3104520042023378,3.302762701518685,3.3203122834047964,3.3406242190101856,3.250567360840684
tanzania-073026/dpc-178-KTR-72502948.png,tanzania-073026,dpc-178-KTR-72502948.png,3.417007015022695,3.416219005206179,3.4140605212152284,3.411427794632245,3.4093512112197604,3.417549349138028,3.400857353105936,3.442905425914178,3.3737660475002236,3.5473749224444466,3.4133732942865853
tanzania-073026/dpc-179-KTR-72502948.png,tanzania-073026,dpc-179-KTR-72502948.png,3.4390391170106667,3.440492781246182,3.4418390315316856,3.44010204620155,3.442144119414455,3.4330949529707415,3.4466204712124813,3.4486362069357916,3.4542010601644417,3.3849847154895425,3.4010736430321327
tanzania-073026/dpc-180-KTR-72502948.png,tanzania-073026,dpc-180-KTR-72502948.png,3.375835130253126,3.377118864911959,3.3718276336314164,3.37821086530872,3.3647858965679696,3.37762673126264,3.3611114056423568,3.3838885360846045,3.372478097696242,3.366966817740759,3.3739409978133845
tanzania-073026/dpc-181-KTR-72502948.png,tanzania-073026,dpc-181-KTR-72502948.png,3.8571667985071123,3.8566605922928185,3.856723243738346,3.852808481190735,3.857820459674688,3.8514219308390545,3.858511847688527,3.834408462634544,3.872079427079427,3.761937702091016,3.951860355444336
tanzania-073026/dpc-182-KTR-72502948.png,tanzania-073026,dpc-182-KTR-72502948.png,3.760877060811935,3.7614126591219788,3.7574279233915657,3.760236471376218,3.7655641860649,3.7693757587491534,3.767124945039926,3.740909589728791,3.792331794145896,3.7540758888134866,3.7854944706489966
tanzania-073026/dpc-183-KTR-72502948.png,tanzania-073026,dpc-183-KTR-72502948.png,3.729744671311705,3.7322056112433346,3.7326981077646635,3.733490421977428,3.743589137522345,3.7392877975499386,3.748014211829173,3.744528163426558,3.7488701382689653,3.7949486036925464,3.749040294258326
tanzania-073026/dpc-184-KTR-72502948.png,tanzania-073026,dpc-184-KTR-72502948.png,3.6512088577925197,3.653669824717767,3.6495146480794407,3.652648156637095,3.653339415670045,3.6572251029927108,3.6608026220394017,3.667399787911683,3.639080857801887,3.673477897019068,3.5933420055135237
tanzania-073026/dpc-185-KTR-72502948.png,tanzania-073026,dpc-185-KTR-72502948.png,3.6153397275679025,3.615028812702713,3.618594081292914,3.6209704784752974,3.6224713767682784,3.617654019812316,3.6199078170924093,3.6485632240844836,3.6247924619404834,3.722600517344734,3.6398523535757876
tanzania-073026/dpc-186-KTR-72502948.png,tanzania-073026,dpc-186-KTR-72502948.png,3.673324803770513,3.6727824668619986,3.6762050002358535,3.6726074864223452,3.672788203419035,3.668069612183579,3.649734755432594,3.6889849705336886,3.641940598885997,3.694914283649008,3.6292024596771686
tanzania-073026/dpc-187-KTR-72502948.png,tanzania-073026,dpc-187-KTR-72502948.png,3.656194129713958,3.6548353427155846,3.654618582470267,3.6545611032360803,3.6570628206560087,3.681437874938587,3.6569269758035903,3.6564689464308286,3.6728745101368676,3.6608980710275953,3.607118946500423
tanzania-073026/dpc-188-KTR-72502948.png,tanzania-073026,dpc-188-KTR-72502948.png,3.713889783033117,3.711996026096619,3.7124431242528018,3.7133308798380846,3.7126170979607123,3.705067474184604,3.7075880803113543,3.7318361512007194,3.680002674358266,3.7870553751510005,3.7543116506238916
tanzania-073026/dpc-189-KTR-72502948.png,tanzania-073026,dpc-189-KTR-72502948.png,3.6785468252507463,3.6805638654579327,3.6743434819656,3.680446906620236,3.6885627461223613,3.6906447746335633,3.7011974023535803,3.6605025809002427,3.7616314614147686,3.676713237325016,3.6663151048735356
tanzania-073026/dpc-190-KTR-72502948.png,tanzania-073026,dpc-190-KTR-72502948.png,3.5758595120350627,3.579738984386113,3.5817817750455525,3.581820632323317,3.5837863252731075,3.5791765502973227,3.588363832561626,3.596546759018975,3.576007245758567,3.6566894535960066,3.6574575174338877
tanzania-073026/dpc-191-KTR-72502948.png,tanzania-073026,dpc-191-KTR-72502948.png,3.605261881684254,3.606342960401438,3.604881138840603,3.6066115171145046,3.61253563369485,3.5948040964918104,3.60995636581143,3.5734726810620487,3.607999909370603,3.5723750145367075,3.6571847035757035
tanzania-073026/dpc-192-KTR-72502948.png,tanzania-073026,dpc-192-KTR-72502948.png,3.6150627282339522,3.6152978715686,3.6067225282821735,3.6191034517666525,3.611073890919093,3.610814141569403,3.629129885672581,3.568699185581644,3.591678997966723,3.4807152574682134,3.5766911676370965
tanzania-073026/dpc-193-KTR-72502948.png,tanzania-073026,dpc-193-KTR-72502948.png,3.370072781355607,3.3687523989728403,3.365443786341653,3.365079968056393,3.3680122800839607,3.3712129931679646,3.3630259734486767,3.384210924776149,3.337519700198248,3.3960489412428405,3.3379300226262996
tanzania-073026/dpc-194-KTR-72502948.png,tanzania-073026,dpc-194-KTR-72502948.png,3.2429379009627994,3.248689461455707,3.2426223548506465,3.252114974363469,3.244571869747795,3.2423488284931716,3.2298823178645955,3.250334849842738,3.2449371671498293,3.150519395073681,3.1770283168863287
tanzania-073026/dpc-195-KTR-72502948.png,tanzania-073026,dpc-195-KTR-72502948.png,3.4325329519154164,3.436612733728734,3.435455703976692,3.4403272127564453,3.4361320431233398,3.4327627775037475,3.3947541965597567,3.4062274803499735,3.4692259159889467,3.3856893452941526,3.4789591138627562
tanzania-073026/dpc-196-KTR-72502948.png,tanzania-073026,dpc-196-KTR-72502948.png,3.509406850288995,3.5124933737386836,3.512820572785348,3.511855546289155,3.5159360480971262,3.487917042480915,3.529587011310004,3.489667337107051,3.527199994677154,3.434171073062452,3.6298980265817873
tanzania-073026/dpc-197-KTR-72502948.png,tanzania-073026,dpc-197-KTR-72502948.png,3.3727337714237353,3.3751531685982963,3.374661945421983,3.3800992665802885,3.375289003466321,3.3897622313096205,3.364807831450588,3.387258713405777,3.436283371840689,3.368376137180447,3.467118373625543
tanzania-073026/dpc-198-KTR-72502948.png,tanzania-073026,dpc-198-KTR-72502948.png,3.434095914939464,3.4374930556673498,3.436347122136951,3.44134147424331,3.450179833047243,3.4407166787074157,3.4360688219108235,3.467683427650388,3.4747358214206097,3.4109465305603024,3.4557697133576095
tanzania-073026/dpc-199-KTR-72502948.png,tanzania-073026,dpc-199-KTR-72502948.png,4.083913942793153,4.0816765346267125,4.083838735072315,4.070885831974504,4.08400918811788,4.073220333622666,4.083146002309876,4.070797206331099,4.076783508397979,4.096637647250256,4.073248822088618
tanzania-073026/dpc-200-KTR-72502948.png,tanzania-073026,dpc-200-KTR-72502948.png,4.10003632014157,4.100679402459109,4.104203860697804,4.099895853237923,4.108867391705456,4.105924341183115,4.095427955437733,4.099483864691107,4.140142815110962,4.1176510156336175,4.079136247595108
tanzania-073026/dpc-201-KTR-72502948.png,tanzania-073026,dpc-201-KTR-72502948.png,4.053392129942504,4.056759031051836,4.058030592492952,4.051668248310012,4.062080794423268,4.045774816023466,4.058877300005749,4.06469430578435,4.073703745285291,4.084049449617982,4.103210366336069
tanzania-073026/dpc-202-KTR-72502948.png,tanzania-073026,dpc-202-KTR-72502948.png,4.058060495152586,4.057421293297077,4.062086908491985,4.0583751839193996,4.05737964545767,4.053462906186457,4.066794000590269,4.0723039751264585,4.07016608442634,4.051165772534211,4.012911413605856
tanzania-073026/dpc-203-KTR-72502948.png,tanzania-073026,dpc-203-KTR-72502948.png,4.033081792753832,4.03462365679683,4.032550702508623,4.039784149099466,4.033558618666269,4.039608552397442,4.029657075619286,4.041687633596011,4.022600946190994,4.043605897470134,3.9647396302611493
tanzania-073026/dpc-204-KTR-72502948.png,tanzania-073026,dpc-204-KTR-72502948.png,3.9716648213977606,3.9711540672225674,3.9689243160033474,3.9734090789650045,3.970755088484748,3.9633215983645282,3.9700046681765553,3.9394254318809443,3.9168734801153393,3.930426148444025,3.8655073239872326
tanzania-073026/dpc-205-KTR-72502948.png,tanzania-073026,dpc-205-KTR-72502948.png,4.02785353032059,4.023728533888032,4.029732309524498,4.0269115065858925,4.027909029209792,4.023508228657389,4.027279046978839,4.024041592678006,4.010548865281275,3.9852530742519368,4.027925116212159
tanzania-073026/dpc-206-KTR-72502948.png,tanzania-073026,dpc-206-KTR-72502948.png,4.0295134356475675,4.027166304642105,4.03005179167741,4.027689529419798,4.016427622116392,4.0292923337935544,4.026191927830829,4.03241409783262,4.040828125098332,4.020954539765473,4.042593810338116
tanzania-073026/dpc-207-KTR-72502948.png,tanzania-073026,dpc-207-KTR-72502948.png,3.990387201680943,3.9901989571234107,3.992212614161674,3.9898963078481997,3.99349240258452,3.9872990046849175,3.986634127006505,3.997629719337524,4.000284933945481,4.007927370149316,4.005456747078462
tanzania-073026/dpc-208-KTR-72502948.png,tanzania-073026,dpc-208-KTR-72502948.png,3.9006226133900985,3.9001226639142814,3.8958832965174666,3.897666299587372,3.9058322242799157,3.908010637664963,3.924953742476229,3.906733068973048,3.9190478054636784,3.8997104835435206,3.9231716056351553
tanzania-073026/dpc-209-KTR-72502948.png,tanzania-073026,dpc-209-KTR-72502948.png,3.909117599978808,3.9111395157418127,3.907912134398641,3.9159093521159223,3.903934632548983,3.913528734794095,3.913761013828523,3.8939634031755626,3.9246747361507692,3.9021686570960337,3.9037313637463025
tanzania-073026/dpc-210-KTR-72502948.png,tanzania-073026,dpc-210-KTR-72502948.png,3.9204181006680416,3.918922824831293,3.9250636396700895,3.922829553414023,3.9305478359990706,3.9286402522438095,3.923318555702089,3.9540518890113914,3.9458327888170115,3.877016250733272,3.9589531585427036
tanzania-073026/dpc-211-KTR-72502948.png,tanzania-073026,dpc-211-KTR-72502948.png,3.906529218426102,3.909335581406354,3.90949066994546,3.911962099842377,3.9198217282861743,3.913234139118003,3.935534945096765,3.9144358672373976,3.9345758545186094,3.9283209803270833,3.9032597138169822
tanzania-073026/dpc-212-KTR-72502948.png,tanzania-073026,dpc-212-KTR-72502948.png,3.821585022988765,3.8226246985276404,3.8178179167861366,3.8267862455670545,3.8279559316987237,3.8281434866244424,3.828347419182614,3.8522464903479494,3.8422700298341823,3.8047263282844037,3.8553320016974855
tanzania-073026/dpc-213-KTR-72502948.png,tanzania-073026,dpc-213-KTR-72502948.png,3.9109930249316056,3.909947079046547,3.90508852303235,3.9145060143769044,3.89997172918652,3.916839723196062,3.908037868310019,3.948273735035579,3.8950274245051206,3.9402009917320537,3.8994351248275367
tanzania-073026/dpc-214-KTR-72502948.png,tanzania-073026,dpc-214-KTR-72502948.png,3.9362417032830628,3.937371009820272,3.9408122685407156,3.935457691555402,3.9498605521904167,3.93237737799288,3.9368206005543387,3.9221397858918015,3.914679434280816,3.8819375207046267,3.8462214833448582
tanzania-073026/dpc-215-KTR-72502948.png,tanzania-073026,dpc-215-KTR-72502948.png,3.969729069279668,3.9712813981480983,3.9703374980292825,3.9676359550161466,3.9795096336798714,3.9652629301171918,3.9722941344800025,3.973864823166645,3.9920920676762828,3.9735493261870745,3.99021779243773
tanzania-073026/dpc-216-KTR-72502948.png,tanzania-073026,dpc-216-KTR-72502948.png,3.949330310213307,3.9480180690250832,3.94903716962069,3.950024858878599,3.9514506647739394,3.942411110130653,3.9509211857570143,3.937875512360822,3.9400225395651693,3.9487766663900064,3.9117756499646092
tanzania-073026/dpc-217-KTR-72502948.png,tanzania-073026,dpc-217-KTR-72502948.png,3.9581900475648206,3.958191664318621,3.9545072261826624,3.9600550651028303,3.961122774121479,3.9767701448651147,3.959613810098557,3.9879809705284988,3.971376200127291,4.031647848022451,3.9521226894908383
tanzania-073026/dpc-218-KTR-72502948.png,tanzania-073026,dpc-218-KTR-72502948.png,3.898278438424488,3.8952598045080524,3.904078695689605,3.897542914893358,3.9078149257390447,3.9013155487781015,3.915702425270057,3.9106387584002418,3.9283671614653652,3.9081287436688052,3.907415707525391
tanzania-073026/dpc-219-KTR-72502948.png,tanzania-073026,dpc-219-KTR-72502948.png,3.8310524273239426,3.8318548906672465,3.829991847590165,3.8339871178825113,3.833754919334468,3.8354093520882127,3.832590209463992,3.831375294336126,3.7946702871036626,3.8213391779329537,3.7645668974745075
tanzania-073026/dpc-220-KTR-72502948.png,tanzania-073026,dpc-220-KTR-72502948.png,3.8289107554148827,3.8319757400490944,3.8205057469529167,3.8320261696526585,3.8181808100545966,3.8169788519408927,3.814542628602546,3.8065692345066333,3.8305187720470033,3.8001126471203124,3.7349555193770034
tanzania-073026/dpc-221-KTR-72502948.png,tanzania-073026,dpc-221-KTR-72502948.png,3.8492373909579127,3.850482117172286,3.852027796966228,3.853111840312084,3.8436143130310114,3.854538233092406,3.8585149076796084,3.8549146296834502,3.8544700279200343,3.858346900263065,3.8955594226444332
tanzania-073026/dpc-222-KTR-72502948.png,tanzania-073026,dpc-222-KTR-72502948.png,3.8678239885947363,3.869309692543849,3.8726488343023826,3.870470372899998,3.8649974413356487,3.8828628956343842,3.864825286344371,3.903700253945539,3.902089235561352,3.891411911811519,3.916524002274576
tanzania-073026/dpc-223-KTR-72502948.png,tanzania-073026,dpc-223-KTR-72502948.png,3.86269454986837,3.85827337472119,3.863979068733797,3.8565770646567445,3.8621087743933975,3.862508474366205,3.8583673989582605,3.8776886851740104,3.8716545453559084,3.9182348079352027,3.897768856269624
tanzania-073026/dpc-224-KTR-72502948.png,tanzania-073026,dpc-224-KTR-72502948.png,3.8907997776352987,3.893578092828936,3.8968588386314584,3.8961354136661113,3.9092556234471743,3.9046442851324463,3.904186938950501,3.8981911885843545,3.88003901349069,3.8853913861647396,3.874351684404226
tanzania-073026/dpc-225-KTR-72502948.png,tanzania-073026,dpc-225-KTR-72502948.png,3.869043445208453,3.8679294356018743,3.86828504639366,3.8705683653903646,3.86570154299538,3.870446994390878,3.8645124045249357,3.886381720774878,3.871591424323619,3.8094929674130196,3.915310426131002
tanzania-073026/dpc-226-KTR-72502948.png,tanzania-073026,dpc-226-KTR-72502948.png,3.7710934298133214,3.774330350103567,3.7712995470598836,3.7695177920940144,3.7645981227209866,3.756256312084341,3.7520216457420412,3.7580777515370505,3.7126690917304197,3.75193825268827,3.74254342455198
tanzania-073026/dpc-227-KTR-72502948.png,tanzania-073026,dpc-227-KTR-72502948.png,3.8627334816028984,3.8626966616609653,3.8671355739719173,3.8702298291733834,3.8685336247993125,3.882633959376219,3.879998240004806,3.878462379216472,3.8992697869593216,3.8828523915315216,3.903117939962418
tanzania-073026/dpc-228-KTR-72502948.png,tanzania-073026,dpc-228-KTR-72502948.png,3.8431071982804883,3.8425687484010025,3.8424611883842092,3.8401906822136063,3.8423325378487743,3.843609458045382,3.842221328112385,3.8549309033749872,3.8529321269050523,3.7990505764463625,3.8009715355447673
tanzania-073026/dpc-229-KTR-72502948.png,tanzania-073026,dpc-229-KTR-72502948.png,3.918759960178236,3.916183090497162,3.915920834281337,3.9166261517411236,3.9227575121858376,3.924410144289122,3.9098246329971413,3.9162700577336587,3.9538829352704297,3.901613447754976,3.9642038263539154
tanzania-073026/dpc-230-KTR-72502948.png,tanzania-073026,dpc-230-KTR-72502948.png,3.8865336342515007,3.8848290256815647,3.885834253745421,3.8828507480977303,3.8818156320819885,3.8842401010372756,3.899457046697438,3.8857760017735767,3.9553869202140097,3.887343011599412,3.896596595856219
tanzania-073026/dpc-231-KTR-72502948.png,tanzania-073026,dpc-231-KTR-72502948.png,3.9149360384125123,3.9174949714551714,3.9195901099185386,3.9227442426896886,3.9223182440644546,3.923641669776136,3.940563158983879,3.902678012493504,3.926206487010149,3.886460563799491,3.9840485122113827
tanzania-073026/dpc-232-KTR-72502948.png,tanzania-073026,dpc-232-KTR-72502948.png,3.934959234375642,3.9336208697285566,3.9349350291892957,3.934374199720128,3.93836825817565,3.9393554299275366,3.9411714207466533,3.9595364319047235,3.96453411827917,3.9499784263105426,3.943686684498937
tanzania-073026/dpc-233-KTR-72502948.png,tanzania-073026,dpc-233-KTR-72502948.png,3.9831425332882153,3.9832942059525687,3.986003007022607,3.9855788315260696,3.9913197410890073,3.9877767148944883,3.9731844041802415,3.9696201956275528,3.974871445971539,3.961551378431583,3.8817841883759594
tanzania-073026/dpc-234-KTR-72502948.png,tanzania-073026,dpc-234-KTR-72502948.png,3.797654352774405,3.798006111433484,3.805199153111915,3.7991050535197637,3.814023152530631,3.8013015265835115,3.800560439101698,3.8247999002265827,3.836431043393187,3.8490285750619373,3.763774364221975
tanzania-073026/dpc-235-KTR-72502948.png,tanzania-073026,dpc-235-KTR-72502948.png,3.843260018021432,3.8430589377788698,3.8449602252138884,3.8381401096479535,3.839600505498743,3.844774058389259,3.8405207495753686,3.8616943307503377,3.8441280000313824,3.830046096562829,3.842693302034993
tanzania-073026/dpc-236-KTR-72502948.png,tanzania-073026,dpc-236-KTR-72502948.png,3.8538684291530263,3.852588436441094,3.8493189659474023,3.839835878606195,3.847613322706206,3.842068463263599,3.8491503869962362,3.8284346165358745,3.8026744307236164,3.8444483486832692,3.8357458868090157
tanzania-073026/dpc-237-KTR-72502948.png,tanzania-073026,dpc-237-KTR-72502948.png,3.8508241307669557,3.850730593130131,3.850952656094501,3.8504030434867365,3.8478394292162843,3.8619739870217025,3.850621940265156,3.860137125304658,3.8438938032298937,3.820581619526547,3.8437606228430203
tanzania-073026/dpc-238-KTR-72502948.png,tanzania-073026,dpc-238-KTR-72502948.png,3.8378018937486025,3.8370174771521555,3.837370590133351,3.8349907227006543,3.8404278239855225,3.833548417637312,3.846070619718653,3.865464094661193,3.9030563079078804,3.850650611764605,3.898247923729743
tanzania-073026/dpc-239-KTR-72502948.png,tanzania-073026,dpc-239-KTR-72502948.png,3.804786420532671,3.8063751654404916,3.801977921333109,3.8167289581693535,3.8048188166568258,3.8303781288401506,3.8372658783210247,3.8250820245165973,3.8621832491062373,3.781051203630205,3.820890795491594
tanzania-073026/dpc-240-KTR-72502948.png,tanzania-073026,dpc-240-KTR-72502948.png,3.8632745892290226,3.86462361381009,3.861273587670174,3.87070815821765,3.8672933849442916,3.8808972766386187,3.8811323233514843,3.8624090628527243,3.892545815902362,3.8439980753883267,3.8645977437628556
tanzania-073026/dpc-241-KTR-72502948.png,tanzania-073026,dpc-241-KTR-72502948.png,3.842942814620658,3.8429777224001858,3.841804169925589,3.844915733949276,3.852429502801847,3.838433199504984,3.8570298428513876,3.8343180977080156,3.861383138414605,3.871977377058312,3.8927034294811103
tanzania-073026/dpc-242-KTR-72502948.png,tanzania-073026,dpc-242-KTR-72502948.png,3.8685468026594463,3.8711716218800207,3.8698123125967636,3.8684271739708262,3.8773903722681062,3.870959993393594,3.867024339949978,3.8802432257863013,3.877080035687614,3.8253344794283275,3.845170463239647
tanzania-073026/dpc-243-KTR-72502948.png,tanzania-073026,dpc-243-KTR-72502948.png,3.8728198067670703,3.8702861982465997,3.870595913547297,3.875457884902785,3.873458117807652,3.8766018638095003,3.8754218356918213,3.8593771509058814,3.9269435900026917,3.8564000686196436,3.934463927921393
tanzania-073026/dpc-244-KTR-72502948.png,tanzania-073026,dpc-244-KTR-72502948.png,3.7413764498062045,3.7395137702960177,3.7365794037011373,3.7377622159366846,3.7323571086945377,3.747238051848676,3.723356499669519,3.751296723560287,3.740082192874383,3.6483065996797825,3.840674495559394
tanzania-073026/dpc-245-KTR-72502948.png,tanzania-073026,dpc-245-KTR-72502948.png,3.8247241545203337,3.8227422155501323,3.8224995338001095,3.8214727594528974,3.8147544082583185,3.814416388685991,3.8076259864936284,3.831161319544598,3.8158308416261306,3.78861090027746,3.9113004099717674
tanzania-073026/dpc-246-KTR-72502948.png,tanzania-073026,dpc-246-KTR-72502948.png,3.917604195345423,3.917936674961157,3.920201322993771,3.9255762137121772,3.9205970533797254,3.92532457650595,3.9268209778070324,3.9621996526952685,3.9231142313570406,3.997820596092891,3.95658839925301
tanzania-073026/dpc-247-KTR-72502948.png,tanzania-073026,dpc-247-KTR-72502948.png,3.9124222779044597,3.9133590822870934,3.9087725139389518,3.9185377230306315,3.904186263436136,3.907972746709294,3.908032592721442,3.9380372444694816,3.8808582815401578,3.9315965635485477,3.9355968196681745
tanzania-073026/dpc-248-KTR-72502948.png,tanzania-073026,dpc-248-KTR-72502948.png,3.944023873349015,3.943701392891198,3.944477637280465,3.945072435662393,3.941592277215613,3.964097038078892,3.948688199860115,3.9674073811453825,3.960604076621508,3.9999633891136863,3.9878930319202883
tanzania-073026/dpc-249-KTR-72502948.png,tanzania-073026,dpc-249-KTR-72502948.png,3.9620124312325613,3.960966645934907,3.957761905942803,3.9631601377583237,3.9546650835571966,3.976565505419271,3.952836115227119,4.000325443328799,3.9976922928721654,4.000658700259104,4.047951751887549
tanzania-073026/dpc-250-KTR-72502948.png,tanzania-073026,dpc-250-KTR-72502948.png,4.024352601610864,4.023035388707242,4.030040687071281,4.029333299177673,4.027002060523439,4.034260598498935,4.027617942226022,4.030114616775677,4.020993879152274,4.003153581134704,4.086539447561379
tanzania-073026/dpc-251-KTR-72502948.png,tanzania-073026,dpc-251-KTR-72502948.png,4.011282270402565,4.009972146071578,4.012973623365774,4.002035345129537,4.007248584703037,3.9965127043141795,3.9924613984571353,3.963584503419671,3.993751945263126,3.8831942668121795,3.879623762331678
tanzania-073026/dpc-252-KTR-72502948.png,tanzania-073026,dpc-252-KTR-72502948.png,4.012819259584899,4.010601832172426,4.01432903117471,4.017044991575313,4.010150664657352,4.010624763427439,4.004875911156096,4.002274378205218,4.019419586613824,4.050022031239343,3.9718865440927535
tanzania-073026/dpc-253-KTR-72502948.png,tanzania-073026,dpc-253-KTR-72502948.png,3.79731614933432,3.798130110566677,3.790611243125585,3.793819549574244,3.7928871561888338,3.8011020996250977,3.8071069565630973,3.7859071433498785,3.8165448189775004,3.7644286451612015,3.87643190785751
tanzania-073026/dpc-254-KTR-72502948.png,tanzania-073026,dpc-254-KTR-72502948.png,3.807590932001726,3.8063901153890995,3.813266032528862,3.81121760488235,3.820273504720757,3.8081172694434895,3.839790181113645,3.8120151785340983,3.8195049312121188,3.8101047328788407,3.873848881591786
tanzania-073026/dpc-255-KTR-72502948.png,tanzania-073026,dpc-255-KTR-72502948.png,3.831359000056124,3.8328477194195045,3.835755599880332,3.831932217873467,3.8371800884765856,3.8286681437647236,3.8492103098209283,3.834211976810534,3.841380283076172,3.8340657668539837,3.9224360281759667
tanzania-073026/dpc-256-KTR-72502948.png,tanzania-073026,dpc-256-KTR-72502948.png,3.7805269604276788,3.7760591254387563,3.7822248084223253,3.7752013423802144,3.7719293650752856,3.766007026035926,3.7707355675034875,3.776074347019253,3.7667660618697334,3.752564683271805,3.73628856457985
tanzania-073026/dpc-257-KTR-72502948.png,tanzania-073026,dpc-257-KTR-72502948.png,3.76190121190628,3.7617303107844595,3.7613276990529974,3.7531964734007603,3.7710908864747865,3.7616703446534974,3.7732096852399195,3.782720606247303,3.7427599846079223,3.7699536375061213,3.7383607707689483
tanzania-073026/dpc-258-KTR-72502948.png,tanzania-073026,dpc-258-KTR-72502948.png,3.672820073237111,3.6717470857924877,3.674731234336037,3.6720885906128364,3.6801976775808054,3.682396020957049,3.658889469112873,3.669527807530483,3.700934534124271,3.666733863559046,3.6732996808278227
tanzania-073026/dpc-259-KTR-72502948.png,tanzania-073026,dpc-259-KTR-72502948.png,3.714598859981708,3.714144835979906,3.720781534703085,3.711403894133854,3.7263594096379014,3.7307509400138423,3.697734259800732,3.7331156482951817,3.739511120349685,3.632022678854443,3.729438945158991
tanzania-073026/dpc-260-KTR-72502948.png,tanzania-073026,dpc-260-KTR-72502948.png,3.793205076242936,3.79126878311401,3.788190174884032,3.7841967114542947,3.7877383122573276,3.7926508489240898,3.7742046168233077,3.787742349615199,3.792108605938877,3.76620573297267,3.786517819679915
tanzania-073026/dpc-261-KTR-72502948.png,tanzania-073026,dpc-261-KTR-72502948.png,3.8357814681318363,3.83715208478764,3.834219225733734,3.8347397611443714,3.827113051103291,3.8365051289263494,3.8222074986668026,3.8537116565380893,3.8594414039087472,3.852534691054207,3.804623171374115
tanzania-073026/dpc-262-KTR-72502948.png,tanzania-073026,dpc-262-KTR-72502948.png,3.729205114325523,3.732351294138208,3.7368006498677206,3.7367328070105525,3.745253494045885,3.743385391922528,3.7594709159560638,3.7581100184152962,3.80497140713268,3.779548355632819,3.835775018464008
tanzania-073026/dpc-263-KTR-72502948.png,tanzania-073026,dpc-263-KTR-72502948.png,3.8563797010005105,3.8561613754549624,3.854909627757295,3.85269272242257,3.8508840831559676,3.8537959070730907,3.8351721749625,3.8453338673822652,3.855272722296031,3.830589988645662,3.8797353355003303
tanzania-073026/dpc-264-KTR-72502948.png,tanzania-073026,dpc-264-KTR-72502948.png,3.8987263277942086,3.8986895149323355,3.89359653036619,3.9004436454391307,3.8912542839068864,3.9089560609235847,3.8921431327686156,3.9208429461994343,3.9049684082082026,3.9427677545108493,3.9402269889543855
tanzania-073026/dpc-265-KTR-72502948.png,tanzania-073026,dpc-265-KTR-72502948.png,3.954703254885343,3.954534174705386,3.9510797750965905,3.953488580515582,3.9553079748008138,3.950724798347647,3.9509094895397388,3.9595773066110116,3.945915000032328,3.9772594762219766,3.9991829733842676
tanzania-073026/dpc-266-KTR-72502948.png,tanzania-073026,dpc-266-KTR-72502948.png,3.936748482043265,3.9337480122705246,3.9371782925986487,3.9302386241490836,3.924879816328275,3.9192127799348926,3.9334455784080635,3.931554874228179,3.899111304909378,3.9371033867785936,3.903258818510288
tanzania-073026/dpc-267-KTR-72502948.png,tanzania-073026,dpc-267-KTR-72502948.png,3.9853716198270877,3.9864294458027505,3.985647800303459,3.977569319334349,3.977346558430678,3.9691875064785043,3.9624392770949157,3.975037273933072,3.9686081317957727,3.979772096733862,3.9493646638985593
tanzania-073026/dpc-268-KTR-72502948.png,tanzania-073026,dpc-268-KTR-72502948.png,3.9898779066798014,3.990770727471522,3.9899394737425764,3.9963330408139064,3.9882001641776417,3.988395758677699,3.9998151523536163,3.978748946499233,4.001300123250072,4.022235696291357,3.9208907512789746
tanzania-073026/dpc-269-KTR-72502948.png,tanzania-073026,dpc-269-KTR-72502948.png,4.014671045128541,4.013802563070245,4.014622599068778,4.013555484642706,4.016982667425851,4.0079700817953885,4.009540606050463,4.036506885246485,3.9872759408417537,3.9992881569049277,4.0769079708116855
tanzania-073026/dpc-270-KTR-72502948.png,tanzania-073026,dpc-270-KTR-72502948.png,3.9843879807019964,3.9856757897680697,3.9822665858310304,3.985474644666635,3.977116871212745,3.996721233491022,3.990377621712592,4.001511036882254,3.9858699161669717,3.986751513817544,3.9336555326050107
tanzania-073026/dpc-271-KTR-72502948.png,tanzania-073026,dpc-271-KTR-72502948.png,3.8248398815152305,3.8255492869060554,3.8253185775896057,3.8245576974429225,3.814914366910779,3.8338657481145852,3.8028156266690054,3.8302441334668593,3.7908467470368334,3.854523719063113,3.796864654852175
tanzania-073026/dpc-272-KTR-72502948.png,tanzania-073026,dpc-272-KTR-72502948.png,3.827999372097423,3.828834747037705,3.822447904281339,3.8320177066116834,3.827587112001157,3.835525909543162,3.828785222879326,3.819851639735038,3.808963874977342,3.8164671385157183,3.8213689806695776
tanzania-073026/dpc-273-KTR-72502948.png,tanzania-073026,dpc-273-KTR-72502948.png,3.827549310316357,3.828638377260533,3.828071753690702,3.8326803578664856,3.819337726304486,3.841657587233809,3.8133995261658615,3.8444460064054704,3.8361203827587538,3.845039903891648,3.8442371418698356
tanzania-073026/dpc-274-KTR-72502948.png,tanzania-073026,dpc-274-KTR-72502948.png,3.802765836460057,3.8034584346315286,3.8020286653858233,3.803407271538939,3.8122707837414254,3.8041522749396317,3.8236366459773974,3.8012387330886455,3.805599675928562,3.7699883263476863,3.716693848493981
tanzania-073026/dpc-275-KTR-72502948.png,tanzania-073026,dpc-275-KTR-72502948.png,3.7828783733909717,3.784029036589435,3.7790133635196415,3.784150769843518,3.791631643860301,3.7891489709791464,3.803071689488026,3.8050056574365394,3.7899589933147464,3.8505043170147224,3.82411800761512
tanzania-073026/dpc-276-KTR-72502948.png,tanzania-073026,dpc-276-KTR-72502948.png,3.8248225477777273,3.8214872016746737,3.819893006493634,3.8240443743539076,3.822544054819805,3.832380663359869,3.8331350537371183,3.8365373351379515,3.825895567634425,3.8290640578944477,3.7430427575702208
tanzania-073026/dpc-277-KTR-72502948.png,tanzania-073026,dpc-277-KTR-72502948.png,3.8272143826484495,3.8259341796276907,3.828396644955345,3.827602823705365,3.8324981206584448,3.8305177088120845,3.8458815694622155,3.810817576707244,3.8456658441996527,3.853495667704093,3.8872444803835693
tanzania-073026/dpc-278-KTR-72502948.png,tanzania-073026,dpc-278-KTR-72502948.png,3.8611564908975797,3.859628479174821,3.8658935368237115,3.868189119269262,3.8571324626763364,3.8651710577588347,3.849392552166921,3.8542562494976216,3.8746127713849328,3.8693111203061856,3.8436105440074764
tanzania-073026/dpc-279-KTR-72502948.png,tanzania-073026,dpc-279-KTR-72502948.png,3.8443125578433306,3.8413607002535763,3.843539482598047,3.8453965874178344,3.841214451971642,3.8466953341411876,3.838578492675055,3.8488510297812515,3.8514238272304895,3.8536149527454757,3.946563151105353
tanzania-073026/dpc-280-KTR-72502948.png,tanzania-073026,dpc-280-KTR-72502948.png,3.7743451271582336,3.7715347438507063,3.779357276034795,3.7753637596090175,3.773722496453116,3.78788724958384,3.7619951829201446,3.7649068418582488,3.806298768662159,3.73588743866294,3.847381864503907
tanzania-073026/dpc-281-KTR-72502948.png,tanzania-073026,dpc-281-KTR-72502948.png,3.8515299687294076,3.85027952622299,3.8540824574507004,3.84886898114982,3.8498861678146836,3.843697450695329,3.845260323145863,3.8451906306357237,3.80164577179145,3.843535267656766,3.8175662023690506
tanzania-073026/dpc-282-KTR-72502948.png,tanzania-073026,dpc-282-KTR-72502948.png,3.9109133819610458,3.9128580589790865,3.915232364543629,3.9217904386171405,3.9267268940994935,3.9369096805722865,3.9397884033826536,3.9498126929517827,3.9666091863316213,3.9120171656479137,4.003777070002322
tanzania-073026/dpc-283-KTR-72502948.png,tanzania-073026,dpc-283-KTR-72502948.png,3.9431657106429427,3.9409513009110904,3.9434480194924832,3.9485559441153364,3.9432328221839534,3.954842470158081,3.950897487238419,3.943718612287337,3.919366214002694,3.9743034026843427,3.962575626270351
tanzania-073026/dpc-284-KTR-72502948.png,tanzania-073026,dpc-284-KTR-72502948.png,3.9284066856813795,3.9264939773050584,3.927994318095487,3.924787607224772,3.9171973321433393,3.937230363089066,3.911151056181085,3.9387718920243278,3.951810866650608,3.9161589711274325,3.935971084659675
tanzania-073026/dpc-285-KTR-72502948.png,tanzania-073026,dpc-285-KTR-72502948.png,3.994593889781566,3.996767742853033,3.9991153037547287,3.9958632909829572,4.005446398174773,4.003834346084897,4.005888269996273,4.000001614010584,3.981389907475709,3.9813331860042824,3.9862627789845737
tanzania-073026/dpc-286-KTR-72502948.png,tanzania-073026,dpc-286-KTR-72502948.png,3.971299486237672,3.9684230876475004,3.973121895377459,3.9617947010954064,3.965768519061747,3.948680228152088,3.9630493379989606,3.943863068399788,3.934391745367109,3.9354557417574303,3.9218013028727166
tanzania-073026/dpc-287-KTR-72502948.png,tanzania-073026,dpc-287-KTR-72502948.png,4.018050797138852,4.020105969278735,4.024819638196731,4.020396579629534,4.03112887372434,4.029878523292044,4.025703291476171,4.046538503557989,4.002032152443018,4.01851314602059,4.01676207107928
tanzania-073026/dpc-288-KTR-72502948.png,tanzania-073026,dpc-288-KTR-72502948.png,4.016234628806775,4.016295144801194,4.0149442697598365,4.007954445666017,4.020241237999807,4.014484798483712,4.020104251114349,4.01056084492847,4.032599676411402,4.0119609671450105,4.029353231001218
tanzania-073026/dpc-289-KTR-72502948.png,tanzania-073026,dpc-289-KTR-72502948.png,3.8291969280872262,3.831440416547555,3.831449040742835,3.8354793286521693,3.845936125289578,3.8313809154181984,3.8571158436365858,3.8321153969857384,3.807122828881308,3.8575421062351545,3.8419132035332377
tanzania-073026/dpc-290-KTR-72502948.png,tanzania-073026,dpc-290-KTR-72502948.png,3.8403848730641195,3.839421921520719,3.8372308854040185,3.8417394190748535,3.8366251882942386,3.841413988648055,3.809101238043044,3.8167495715619983,3.7887282730326106,3.7965958875992025,3.74624373481477
tanzania-073026/dpc-291-KTR-72502948.png,tanzania-073026,dpc-291-KTR-72502948.png,3.83163032233055,3.831039251463973,3.8286394539766784,3.831288026975497,3.829645767278374,3.841093924096132,3.8412645020908114,3.854089051775879,3.8599503325770863,3.8066794186576223,3.8247027755630545
tanzania-073026/dpc-292-KTR-72502948.png,tanzania-073026,dpc-292-KTR-72502948.png,3.8370381610083735,3.8379136511952883,3.838392874682446,3.8292109829938417,3.827498755434452,3.828030058680885,3.8288892512360797,3.8109016577116224,3.8326487067365957,3.819877920852335,3.8159777425192027
tanzania-073026/dpc-293-KTR-72502948.png,tanzania-073026,dpc-293-KTR-72502948.png,3.8149782246797255,3.816912258645601,3.814998780064888,3.8118809518284733,3.8188386230205182,3.7976470729313787,3.799355778808531,3.792848367231998,3.8020804811529643,3.8105693820312765,3.8562084618651618
tanzania-073026/dpc-294-KTR-72502948.png,tanzania-073026,dpc-294-KTR-72502948.png,3.8249761647132026,3.8236839717067497,3.8247873832552206,3.8208210342151627,3.8325457465093304,3.825991510365113,3.831077303419181,3.834037656949395,3.873793053875411,3.8643927371111397,3.7285703603679003
tanzania-073026/dpc-295-KTR-72502948.png,tanzania-073026,dpc-295-KTR-72502948.png,3.8221192101580197,3.8212966505636623,3.822485001526485,3.8193179056771864,3.8208598027953107,3.808210046522679,3.8215702998344443,3.8325769898331066,3.847694883586187,3.7945775507005144,3.952707974307502
tanzania-073026/dpc-296-KTR-72502948.png,tanzania-073026,dpc-296-KTR-72502948.png,3.864282650488849,3.8629001581086184,3.866980504636724,3.8612874877014542,3.8662112162364934,3.8603719847270113,3.8540142432995586,3.85359247693849,3.863788129562347,3.8824554535019447,3.841960626183235
tanzania-073026/dpc-297-KTR-72502948.png,tanzania-073026,dpc-297-KTR-72502948.png,3.8507066414493663,3.853401874760925,3.848737961195835,3.854228724944468,3.8619715459226276,3.8708724281868374,3.8641612346989507,3.903786143122541,3.8520858818940145,3.8990333177241934,3.8912629859383676
tanzania-073026/dpc-298-KTR-72502948.png,tanzania-073026,dpc-298-KTR-72502948.png,3.7589493521812214,3.7625730931257575,3.759431257106244,3.7610592593532557,3.7556100213695425,3.7526014151693476,3.7575316487341235,3.750056593216205,3.788800005517067,3.7912277586770506,3.771546380881973
tanzania-073026/dpc-299-KTR-72502948.png,tanzania-073026,dpc-299-KTR-72502948.png,3.8521906323545316,3.8524514928029547,3.8516137901546035,3.855320595789354,3.859382769938145,3.8504717788859377,3.862774221001881,3.8317390567856684,3.8849471238086863,3.7900273922231142,3.8290422057047113
tanzania-073026/dpc-300-KTR-72502948.png,tanzania-073026,dpc-300-KTR-72502948.png,3.9033204720989105,3.901445758381514,3.9050033830395727,3.902396187915466,3.8988308876973807,3.8996575052108646,3.909280895752306,3.911283639538817,3.8470985003709597,3.8811279203051994,3.8167812691516874
tanzania-073026/dpc-301-KTR-72502948.png,tanzania-073026,dpc-301-KTR-72502948.png,3.9420638553322807,3.9417121090480323,3.9423687560566227,3.9482934468152973,3.93179266457523,3.944840189880221,3.9394512254041167,3.955182510315539,3.9420044094958113,3.974605938020252,3.895309161272809
tanzania-073026/dpc-302-KTR-72502948.png,tanzania-073026,dpc-302-KTR-72502948.png,3.9300743253035195,3.9290873113840705,3.9296426553632884,3.928896953409486,3.9297069724058455,3.946905484042106,3.9268634507532774,3.9299349707245517,3.9568737480313017,3.9227406552640574,3.9578660950457056
tanzania-073026/dpc-303-KTR-72502948.png,tanzania-073026,dpc-303-KTR-72502948.png,3.9768854220775642,3.9762272702981045,3.9741875373828686,3.9757148604139196,3.955843578161808,3.9878282330916672,3.968030144168882,4.008081894301265,3.973495341892514,3.9745037035332187,4.066122711624241
tanzania-073026/dpc-304-KTR-72502948.png,tanzania-073026,dpc-304-KTR-72502948.png,3.970985629582538,3.971869137728073,3.9712336530436625,3.9722047951443455,3.963182107081149,3.973510720034371,3.966612926865893,3.985097059704194,3.9903236607860713,3.9927692020552623,4.064368458122832
tanzania-073026/dpc-305-KTR-72502948.png,tanzania-073026,dpc-305-KTR-72502948.png,3.9269861647688753,3.927606418214707,3.9239552629152374,3.9336061098619046,3.927641685643995,3.9409277958086975,3.9291866364126045,3.953863811441745,3.9455844715892616,3.927947857670096,3.909544129816478
tanzania-073026/dpc-306-KTR-72502948.png,tanzania-073026,dpc-306-KTR-72502948.png,3.99557562077972,3.9971887240278727,3.996626527665322,4.000391394845441,3.9969231050041865,3.99753208201376,4.005011832016955,4.0176793458724775,3.9735153496735354,4.012000985419737,3.9363948946207232
tanzania-073026/dpc-307-KTR-72502948.png,tanzania-073026,dpc-307-KTR-72502948.png,3.8833853852089444,3.884808005061667,3.8892652614491108,3.884015106889562,3.8949985471808333,3.867736575953427,3.9063902237103223,3.870528118922829,3.9330870639886446,3.856825045910232,3.9206976388245316
tanzania-073026/dpc-308-KTR-72502948.png,tanzania-073026,dpc-308-KTR-72502948.png,3.8887100569924486,3.891120834420558,3.889341474162433,3.89332650378983,3.8940069835685036,3.902444770058013,3.9075558058124074,3.889184398769232,3.9398702039055133,3.9464360269936685,3.8821830888020745
tanzania-073026/dpc-309-KTR-72502948.png,tanzania-073026,dpc-309-KTR-72502948.png,3.89863235269734,3.9008429054156566,3.8993281737723677,3.9093578298516323,3.8930327068959514,3.907723205504044,3.90281049795554,3.9166013622382443,3.889518166558198,3.951830348137559,3.8584921851899745
tanzania-073026/dpc-310-KTR-72502948.png,tanzania-073026,dpc-310-KTR-72502948.png,3.829135631677353,3.8315550375649954,3.8294685262009485,3.8267818673352783,3.8360457567206017,3.8193951177996963,3.8285681581964948,3.809834980354162,3.806838333556419,3.800783418048684,3.83813068655569
tanzania-073026/dpc-311-KTR-72502948.png,tanzania-073026,dpc-311-KTR-72502948.png,3.827842009788765,3.828047949541502,3.8276772303701256,3.8275849950783085,3.8232509677028714,3.834454758836922,3.814471487685574,3.8726775746370405,3.891168305827653,3.852594976461909,3.90155086386364
tanzania-073026/dpc-312-KTR-72502948.png,tanzania-073026,dpc-312-KTR-72502948.png,3.8464963991557557,3.8490019930438137,3.852436831769073,3.8477149441374725,3.853365937621107,3.86502232676401,3.857159696631205,3.8604065930682876,3.859989421251256,3.8438540060961675,3.9065673938127117
tanzania-073026/dpc-313-KTR-72502948.png,tanzania-073026,dpc-313-KTR-72502948.png,3.8853300531923534,3.890832371011503,3.886567388673626,3.89372191271656,3.8964329341798845,3.881754650222975,3.9148184876060697,3.8907746293291807,3.8542145308385334,3.9222608011399718,3.778709634598947
tanzania-073026/dpc-314-KTR-72502948.png,tanzania-073026,dpc-314-KTR-72502948.png,3.8619822677399016,3.8621928793180293,3.8668249454356562,3.8590658716191557,3.866844849672737,3.866748256240485,3.879135484885205,3.8772970858527414,3.880811985409946,3.889266909797948,3.856931470617329
tanzania-073026/dpc-315-KTR-72502948.png,tanzania-073026,dpc-315-KTR-72502948.png,3.8481351400819914,3.8486814306809727,3.8463278909384253,3.8483068214873173,3.848522076374625,3.8477469102090565,3.832869930973646,3.8312710935953547,3.791270447396084,3.8205790923725327,3.783344051202605
tanzania-073026/dpc-316-KTR-72502948.png,tanzania-073026,dpc-316-KTR-72502948.png,3.7868717226113153,3.7864271998181445,3.7843431730119494,3.7874336069086665,3.7831686119157073,3.787239208686123,3.7579429917524516,3.8008228142287765,3.727880347470683,3.7684297112137557,3.783494698980318
tanzania-073026/dpc-317-KTR-72502948.png,tanzania-073026,dpc-317-KTR-72502948.png,3.8538079370892957,3.859305899778265,3.8523562849789545,3.8604043049667633,3.863930556635702,3.8658187168250855,3.8641862744822477,3.860797521138292,3.874097734480563,3.868300476551846,3.869432552299617
tanzania-073026/dpc-318-KTR-72502948.png,tanzania-073026,dpc-318-KTR-72502948.png,3.9274391523326964,3.928847747145227,3.9280238089045763,3.9276578491801026,3.9313952575269018,3.931092811669708,3.93597353541742,3.9139339048009423,3.9403322192537638,3.8674714809093502,3.8589081006930597
tanzania-073026/dpc-319-KTR-72502948.png,tanzania-073026,dpc-319-KTR-72502948.png,3.8955616306721477,3.899841869374412,3.896729182741535,3.89756441202305,3.892440308815836,3.8939342058178728,3.9164695412803106,3.941307833132195,3.9133132877161327,3.8798481020494338,3.9349800225940856
tanzania-073026/dpc-320-KTR-72502948.png,tanzania-073026,dpc-320-KTR-72502948.png,3.9398697338735666,3.934812753817234,3.9386828185390215,3.940316093067503,3.9305665104239336,3.9390784440930386,3.959329513054573,3.9488822159562065,3.9165684810191097,3.904703266953495,3.885465865982765
tanzania-073026/dpc-321-KTR-72502948.png,tanzania-073026,dpc-321-KTR-72502948.png,3.9310045872233896,3.9309257364231467,3.9308897187766703,3.935353103212221,3.9326785194126903,3.9252864343854497,3.920470001834036,3.9196611382159663,3.8988433351702,3.9353038506003037,3.887984099887518
tanzania-073026/dpc-322-KTR-72502948.png,tanzania-073026,dpc-322-KTR-72502948.png,3.9740875598477556,3.974238809316273,3.9732553836544797,3.9753596872549806,3.9632002117252716,3.980440900201489,3.9528848963858323,3.9985671776735345,3.9818471061823377,3.9399044898988977,4.055504972615948
tanzania-073026/dpc-323-KTR-72502948.png,tanzania-073026,dpc-323-KTR-72502948.png,4.002091026824827,4.000848223644589,4.00179418791947,4.000071864644646,4.0103595954017806,4.014407109469131,4.018927703560372,3.9987835984578473,4.028689177602546,3.978051364843426,4.081730676578648
tanzania-073026/dpc-324-KTR-72502948.png,tanzania-073026,dpc-324-KTR-72502948.png,3.9450573533057933,3.9459242307084095,3.9435413676262394,3.952342723259076,3.9457002278379383,3.9445552668159114,3.95748487922398,3.9431170721749353,3.9173895518064232,3.9926495264308355,3.936542475175717
tanzania-080526/dpc-001-KTR-72502946.png,tanzania-080526,dpc-001-KTR-72502946.png,3.9622818329446368,3.9641076062036733,3.9612240800682317,3.970950273573266,3.9607289057951305,3.9631053624815675,3.974891938005607,3.9820243121978245,3.9625360574084314,3.988595478112786,4.010619582834476
tanzania-080526/dpc-002-KTR-72502946.png,tanzania-080526,dpc-002-KTR-72502946.png,3.9612063450058743,3.963771906195201,3.9657894194572294,3.9672578769817384,3.9689048281935193,3.970774825784867,3.983255041041789,3.960756480583342,3.9844081186227736,3.957560763399099,3.945413809340677
tanzania-080526/dpc-003-KTR-72502946.png,tanzania-080526,dpc-003-KTR-72502946.png,3.9480804502441904,3.9487064063784225,3.950977404942317,3.9473254144098293,3.9552937170076174,3.946284416603374,3.9431787210483806,3.9418920166200966,3.880367725584212,3.966234329959947,3.889257930795002
tanzania-080526/dpc-004-KTR-72502946.png,tanzania-080526,dpc-004-KTR-72502946.png,3.9421199619692153,3.94165225354259,3.940734341223608,3.951359225703563,3.9398815131503273,3.956534301945152,3.9443510469413745,3.969525078687284,3.94451665307242,3.970865529696908,3.8224113081599245
tanzania-080526/dpc-005-KTR-72502946.png,tanzania-080526,dpc-005-KTR-72502946.png,3.934727932428702,3.936177159422004,3.939640147208598,3.9341794766809364,3.9408422983567766,3.934196416408046,3.943667830989999,3.9274681048041535,3.9098958825622563,3.9338166628867386,4.016660951076566
tanzania-080526/dpc-006-KTR-72502946.png,tanzania-080526,dpc-006-KTR-72502946.png,3.9613316601947286,3.963600722882778,3.9597145170884622,3.963413299644837,3.962585796569439,3.959259721006787,3.9349139190004534,3.9615174757736655,3.927666540316221,3.9646197362081605,3.85410255117167
tanzania-080526/dpc-007-KTR-72502946.png,tanzania-080526,dpc-007-KTR-72502946.png,3.94101683635679,3.94463203857179,3.94352782557764,3.9494857227706825,3.955463410849038,3.967765273155415,3.9567142119839147,3.9682342363088914,3.9743650430070634,3.964998637932074,3.9950481252137795
tanzania-080526/dpc-008-KTR-72502946.png,tanzania-080526,dpc-008-KTR-72502946.png,3.974548141756977,3.9758239025930044,3.9705497327619854,3.973464480170887,3.9571638058828724,3.975363193891039,3.9601333077326624,3.976534914100307,3.9882652797163063,3.978627963456338,3.9785688127396277
tanzania-080526/dpc-009-KTR-72502946.png,tanzania-080526,dpc-009-KTR-72502946.png,3.995832662764171,3.99749753859271,3.99949791380343,3.9921089386894257,4.0051533477371315,3.9948865873306474,3.9947977153230774,3.9715047327190685,4.009652242641355,3.9226043009075444,3.931168263014357
tanzania-080526/dpc-010-KTR-72502946.png,tanzania-080526,dpc-010-KTR-72502946.png,3.9665142834511116,3.968653719563491,3.970640113854171,3.971874382739,3.9633806711457384,3.995834056167138,3.969381581011559,4.012068730000264,4.056940022492197,4.011345579613518,4.066445832943026
tanzania-080526/dpc-011-KTR-72502946.png,tanzania-080526,dpc-011-KTR-72502946.png,3.9600476291334124,3.9603768275888034,3.962672861969873,3.9646483911781285,3.9551556790509705,3.975035828767139,3.960979719530002,3.9821573310236893,4.004397035866927,3.9648792228285297,4.014457149132679
tanzania-080526/dpc-012-KTR-72502946.png,tanzania-080526,dpc-012-KTR-72502946.png,3.9960946333275777,3.99469488179655,3.9957491955417224,4.006110716261945,3.9849462158606914,3.994368753008354,3.9933924738591724,3.9745607200195643,3.995567323101069,3.9316227395968846,4.009701568003214
tanzania-080526/dpc-013-KTR-72502946.png,tanzania-080526,dpc-013-KTR-72502946.png,3.9720964008102277,3.9692528136147605,3.971463147981871,3.9800263612967157,3.97357156767431,3.9784774777264285,3.9886832786650137,4.005580068294067,4.00640321068623,4.008199870502169,4.088265493043577
tanzania-080526/dpc-014-KTR-72502946.png,tanzania-080526,dpc-014-KTR-72502946.png,3.953118515131503,3.9515625825922815,3.9505060062124335,3.9536346362577883,3.9613150061282822,3.9498485669532526,3.962255308045673,3.9636832786517235,3.9618815550257813,3.9398604270221638,3.975826046259475
tanzania-080526/dpc-015-KTR-72502946.png,tanzania-080526,dpc-015-KTR-72502946.png,3.9723689839813865,3.970512359621055,3.974912649710535,3.976298023472852,3.977101289962321,3.9846080743827974,3.99841290767991,3.9915227525704404,4.050075856276937,3.9781788761000856,4.124365144655584
tanzania-080526/dpc-016-KTR-72502946.png,tanzania-080526,dpc-016-KTR-72502946.png,3.9809543310429953,3.9821916101554384,3.9779603179359198,3.98066909935223,3.9772771051005087,3.9846797347869187,3.9824061319981974,3.9620162462784436,4.033901280874538,3.98040011187045,4.005716925330107
tanzania-080526/dpc-017-KTR-72502946.png,tanzania-080526,dpc-017-KTR-72502946.png,3.99277285579503,3.9907081967767963,3.994101856661044,3.993000651687087,3.9953000874803397,4.0012190316411855,4.013048304400058,3.9893649064970447,4.001969513945213,4.0128234539084335,3.966913099073006
tanzania-080526/dpc-018-KTR-72502946.png,tanzania-080526,dpc-018-KTR-72502946.png,3.9313944707809143,3.930969489044665,3.929093364644534,3.933208511547819,3.924775072698883,3.935392507455587,3.928423023738461,3.9228071361076164,3.912770125049806,3.913843193403537,3.9204868004810276
tanzania-080526/dpc-019-KTR-72502946.png,tanzania-080526,dpc-019-KTR-72502946.png,4.010705030429335,4.011981689732033,4.012996227942082,4.014255457612758,4.014860803108607,4.0268454414867225,4.043903502379259,4.02184491698296,4.06405615718832,4.071782538327903,4.057719876147622
tanzania-080526/dpc-020-KTR-72502946.png,tanzania-080526,dpc-020-KTR-72502946.png,4.000791373863802,4.003860925300816,4.003156517462744,4.0011239395357,4.0097108206232885,4.006066846936457,4.006173753480367,4.017832936949374,4.007950880389405,4.030849360938885,3.9873195757624496
tanzania-080526/dpc-021-KTR-72502946.png,tanzania-080526,dpc-021-KTR-72502946.png,3.983506628136971,3.9857903955444844,3.982049541906674,3.9897893670173796,3.976916180363488,3.9977531898750502,3.9966071222438657,3.9947365791521827,4.0173244109449024,4.001440616626568,4.048354145773832
tanzania-080526/dpc-022-KTR-72502946.png,tanzania-080526,dpc-022-KTR-72502946.png,3.962754028992599,3.9647914400977253,3.9597311933935084,3.9744962417303173,3.9563207598040435,3.97203483947142,3.968161321705229,3.969696639194342,3.994100651608151,3.9588800103820008,3.941652476454314
tanzania-080526/dpc-023-KTR-72502946.png,tanzania-080526,dpc-023-KTR-72502946.png,3.9702628501861428,3.9681906281359884,3.9701039301352976,3.966611960179197,3.9674150087935414,3.9684367440260795,3.9199344590196876,3.9736430809387935,3.948329965576294,3.9591688795546416,3.9454326222798315
tanzania-080526/dpc-024-KTR-72502946.png,tanzania-080526,dpc-024-KTR-72502946.png,4.0299600804391025,4.0288079782281825,4.03154087275172,4.033219275357631,4.026587707724245,4.029020972784108,4.025851560808731,4.035353792227473,4.02936619292579,4.051893656762941,3.945253066847336
tanzania-080526/dpc-025-KTR-72502946.png,tanzania-080526,dpc-025-KTR-72502946.png,4.024042963009648,4.0249640828455195,4.0235061700775105,4.01508153073042,4.02723652189237,4.0145454055909875,4.016140434251607,4.011493010246254,4.055579450729638,4.012465887976924,4.045358681637886
tanzania-080526/dpc-026-KTR-72502946.png,tanzania-080526,dpc-026-KTR-72502946.png,3.9985570400314527,3.9991204954592403,3.9986626184283374,4.004104158694281,4.005387784164736,4.012476879691279,4.02387724669493,4.004132148583219,4.027444754364512,4.061819147556333,4.059225797373048
tanzania-080526/dpc-027-KTR-72502946.png,tanzania-080526,dpc-027-KTR-72502946.png,4.0465350981553065,4.047601479610858,4.049233234941962,4.0465890097375885,4.046509264592525,4.044084947945879,4.033909851778784,4.071184688728529,4.052310871118545,4.073225228948878,4.039315440434037
tanzania-080526/dpc-028-KTR-72502946.png,tanzania-080526,dpc-028-KTR-72502946.png,4.021215696354819,4.021948524985839,4.018238709854193,4.028030297946671,4.011405758435657,4.023203626266031,4.009270320595304,3.9963741080411976,3.9455170706131755,3.9558944953203397,3.90949947143313
tanzania-080526/dpc-029-KTR-72502946.png,tanzania-080526,dpc-029-KTR-72502946.png,3.9864461890419207,3.9875609626075685,3.987487540939068,3.988158196715662,3.997047407256985,3.9987840767759195,3.993845538457253,3.983261742637173,3.9930688174601405,3.9297133843506185,3.967641247184367
tanzania-080526/dpc-030-KTR-72502946.png,tanzania-080526,dpc-030-KTR-72502946.png,4.003144445071467,4.001730394648499,4.007418411114916,3.999041786809431,3.999723809160942,4.013143404564175,3.9762244725736577,4.014988626701681,4.010407407217433,3.993206464041124,3.963973034534063
tanzania-080526/dpc-031-KTR-72502946.png,tanzania-080526,dpc-031-KTR-72502946.png,4.016286646099086,4.017346988097798,4.011827037642587,4.018706157221135,4.0243340325240196,4.022441604357841,4.029174166524602,4.0359151640883155,4.034545893001379,4.033607369324704,4.029522207918574
tanzania-080526/dpc-032-KTR-72502946.png,tanzania-080526,dpc-032-KTR-72502946.png,4.025060580428849,4.0266489841865205,4.026780595306776,4.025339716863097,4.038182773413894,4.019843058871466,4.031097605786632,4.021124334228523,4.043040016923502,4.02781529290206,4.024267233889262
tanzania-080526/dpc-033-KTR-72502946.png,tanzania-080526,dpc-033-KTR-72502946.png,4.006731089697696,4.006787575539406,4.008528795960444,4.005878322847019,4.00996870597424,3.9928175415893463,4.00103471331452,3.9963200843539575,3.9812121952601403,3.996474302755267,4.02471647182435
tanzania-080526/dpc-034-KTR-72502946.png,tanzania-080526,dpc-034-KTR-72502946.png,4.015610991377764,4.015051252983856,4.014063122148287,4.017900640344427,4.012282053435695,4.024541536798307,4.004582181123617,4.034940677558816,4.052560947140404,3.9973032281156984,4.013981095819614
tanzania-080526/dpc-035-KTR-72502946.png,tanzania-080526,dpc-035-KTR-72502946.png,4.0168100504365505,4.017188307220199,4.015039226932479,4.013741142420958,4.024208396595178,4.018034979719274,4.036626686313404,4.050404998679697,4.038071323050487,4.030308192932906,4.061516605849522
tanzania-080526/dpc-036-KTR-72502946.png,tanzania-080526,dpc-036-KTR-72502946.png,3.9666601912331925,3.9661331883094353,3.9690576169293177,3.9653470163509366,3.956183115869587,3.9763299667496983,3.9679162169220348,3.9606370549265044,3.976681711168062,3.9464059997829706,3.949228389534328
tanzania-080526/dpc-037-KTR-72502946.png,tanzania-080526,dpc-037-KTR-72502946.png,3.9780003521077063,3.981417174085894,3.9806197673105386,3.9761988883082555,3.9856967107659695,3.972514083002399,3.986644137740936,3.987997745083927,4.008837176612969,4.003837981505566,4.0739976891547345
tanzania-080526/dpc-038-KTR-72502946.png,tanzania-080526,dpc-038-KTR-72502946.png,3.958310256591626,3.9589042977178965,3.9595389169708968,3.954115366630954,3.962113606855702,3.952216707452623,3.9479123476369606,3.9668982126948973,3.93654172410564,3.945277780328202,3.932260965325086
tanzania-080526/dpc-039-KTR-72502946.png,tanzania-080526,dpc-039-KTR-72502946.png,3.929845021592665,3.9338474885998886,3.93196463124762,3.937753628590355,3.9315309513869408,3.935267409187963,3.924584436079419,3.9438754845666586,3.902306076115416,3.950398861944323,3.9089333248639058
tanzania-080526/dpc-040-KTR-72502946.png,tanzania-080526,dpc-040-KTR-72502946.png,3.9316119846317994,3.9337075053176775,3.9290496731067055,3.931523176928913,3.93049298995646,3.931102747050601,3.935770736457308,3.973236591066791,3.939312381985619,4.002413156598906,3.9775164425577727
tanzania-080526/dpc-041-KTR-72502946.png,tanzania-080526,dpc-041-KTR-72502946.png,3.9340365474164956,3.9340262004041335,3.9326429641186254,3.932277816933551,3.933368820804061,3.940320124548311,3.9473793355136073,3.929224196259052,3.978709854339266,3.9623297285209897,3.9634264970800883
tanzania-080526/dpc-042-KTR-72502946.png,tanzania-080526,dpc-042-KTR-72502946.png,3.9848909811006,3.9833074175670107,3.9843111965424787,3.9765952149758457,3.9928153800743753,3.9805997848610084,3.9889439694622735,3.9925315169678726,3.979015895869747,3.987457356337811,3.977313586407968
tanzania-080526/dpc-043-KTR-72502946.png,tanzania-080526,dpc-043-KTR-72502946.png,3.9568343091581824,3.9568451902437314,3.9537943919369805,3.962384756417366,3.958442114772721,3.9687618400889266,3.968396753949612,3.9645827320625773,4.000074262744686,3.9022474893666566,3.9502047724804843
tanzania-080526/dpc-044-KTR-72502946.png,tanzania-080526,dpc-044-KTR-72502946.png,3.989090822078679,3.9887954193300743,3.9890648351079365,3.9902828479465273,3.9996142111999253,3.9856422406108236,4.005443120296958,3.9558402612485155,3.979442827460437,3.953673506732499,3.9318905199623932
tanzania-080526/dpc-045-KTR-72502946.png,tanzania-080526,dpc-045-KTR-72502946.png,4.056427303744962,4.055884441339026,4.054020049988058,4.0503916629707835,4.045502738633129,4.06267536139867,4.039233173822399,4.029634357147069,4.072853704219639,3.9970890031116677,4.014970541271903
tanzania-080526/dpc-046-KTR-72502946.png,tanzania-080526,dpc-046-KTR-72502946.png,4.018048934411774,4.017947358290494,4.025620741424896,4.015867588132632,4.040496103669086,4.015718475505417,4.051678842856388,4.033780459353655,4.044209092108624,4.041487512473214,4.032711289922526
tanzania-080526/dpc-047-KTR-72502946.png,tanzania-080526,dpc-047-KTR-72502946.png,4.012527120220725,4.014082673298442,4.009986669461505,4.016768694662067,4.009600827294939,4.014177964849813,3.9960029371114527,4.011729331371769,3.9899297135854295,4.026741629282342,3.9210903763681273
tanzania-080526/dpc-048-KTR-72502946.png,tanzania-080526,dpc-048-KTR-72502946.png,4.016349229093143,4.016478511890547,4.015182585768137,4.014072243854128,4.016441391575745,4.013476991106169,4.027786681968924,3.9882525295357043,4.014172874349695,4.015731502445245,3.9240646984130434
tanzania-080526/dpc-049-KTR-72502946.png,tanzania-080526,dpc-049-KTR-72502946.png,4.051291240174069,4.055675327513415,4.051327756011752,4.059016435695734,4.057050435638163,4.054898940112974,4.0750831607230396,4.054520577606567,4.051541408059808,4.073003540553318,4.0523035529052445
tanzania-080526/dpc-050-KTR-72502946.png,tanzania-080526,dpc-050-KTR-72502946.png,4.008953006410232,4.009852080404023,4.005978236097469,4.009469663111967,4.003484251889112,4.022762015877117,4.003141879058295,4.0281395925567125,4.01416482632648,4.031596724232285,4.022140194445395
tanzania-080526/dpc-051-KTR-72502946.png,tanzania-080526,dpc-051-KTR-72502946.png,3.998439194377092,3.9957851045909667,3.9957063226644136,4.005667853831885,3.9932811056700057,4.015438188053607,3.996568880259826,3.985075096328732,4.002367998311062,4.033704276747741,3.9522373319923862
tanzania-080526/dpc-052-KTR-72502946.png,tanzania-080526,dpc-052-KTR-72502946.png,4.052775791216589,4.053031538927417,4.05723877610556,4.051987845258759,4.059321234764435,4.049828801176617,4.081426848984221,4.033664773356014,4.069666161029002,4.0739600934819595,4.091187355038185
tanzania-080526/dpc-053-KTR-72502946.png,tanzania-080526,dpc-053-KTR-72502946.png,4.025976553112746,4.025891054253461,4.030528500998689,4.023642150750128,4.023076481074904,4.030730314446345,4.031374619987037,3.996056814892606,4.021827706125679,3.9809110700294847,4.0988251839530525
tanzania-080526/dpc-054-KTR-72502946.png,tanzania-080526,dpc-054-KTR-72502946.png,4.014691373701538,4.016313906129678,4.0151417042699284,4.025824729613634,4.016587061150355,4.026481034555936,4.012081900686785,4.043978214373672,4.001829906910842,3.9786312382713422,3.9233041861885334
tanzania-080526/dpc-055-KTR-72502946.png,tanzania-080526,dpc-055-KTR-72502946.png,3.972773874417826,3.972758456559264,3.971991747535462,3.963020578359135,3.972154554920719,3.958426872116881,3.9713290596042135,3.984276668153691,3.963178648162026,3.9119847830353662,3.9569126172378106
tanzania-080526/dpc-056-KTR-72502946.png,tanzania-080526,dpc-056-KTR-72502946.png,3.961413693953249,3.9637333947225053,3.955659938517792,3.963361709788556,3.952444127713729,3.9686605666032246,3.9661528222928704,3.976983477000863,3.975254120321189,3.9788801806339333,3.84805333020484
tanzania-080526/dpc-057-KTR-72502946.png,tanzania-080526,dpc-057-KTR-72502946.png,3.959570150408924,3.960348802615001,3.9645209903770717,3.962946337265479,3.9610202676890234,3.978296095506338,3.97126480867348,4.007481783407805,4.0186486741551475,3.984970937867579,4.026146507279644
tanzania-080526/dpc-058-KTR-72502946.png,tanzania-080526,dpc-058-KTR-72502946.png,3.9419087341166184,3.945308367412747,3.937373518193085,3.9403483739903864,3.9418457983158968,3.945427003946535,3.924037574269067,3.9471760139540173,3.9595857771221508,3.9579581170175784,3.917981217372213
tanzania-080526/dpc-059-KTR-72502946.png,tanzania-080526,dpc-059-KTR-72502946.png,4.0298963691309995,4.03053289333308,4.029162634937144,4.029271619285654,4.032768048965142,4.0206259882088355,4.031436141157098,4.009075922297516,4.0538442109964175,4.032538696751322,4.001338821646248
tanzania-080526/dpc-060-KTR-72502946.png,tanzania-080526,dpc-060-KTR-72502946.png,4.121878101205485,4.123137634045288,4.126644774959631,4.121272799852639,4.11895292735919,4.119137474898722,4.111234656443703,4.125546750996164,4.107612996853244,4.160617289697215,4.088173109265962
tanzania-080526/dpc-061-KTR-72502946.png,tanzania-080526,dpc-061-KTR-72502946.png,4.129651878243842,4.131333841513489,4.127207088219452,4.126678024142384,4.130297503864482,4.130509892009936,4.137526381366498,4.142980529553063,4.0929442491397605,4.193768258786755,4.041536605712501
tanzania-080526/dpc-062-KTR-72502946.png,tanzania-080526,dpc-062-KTR-72502946.png,4.133901945492305,4.135684160126029,4.137357872943435,4.140242977940604,4.137870860828308,4.140742080910827,4.1358687938804115,4.14252601969019,4.116310471088755,4.134802167498966,4.111752982295547
tanzania-080526/dpc-063-KTR-72502946.png,tanzania-080526,dpc-063-KTR-72502946.png,4.151567603376504,4.151926877712337,4.158434866879048,4.14612593227467,4.153725212096633,4.153787494991266,4.1531387433471725,4.157642400763712,4.193891506563043,4.170554013981622,4.195839684417097
tanzania-080526/dpc-064-KTR-72502946.png,tanzania-080526,dpc-064-KTR-72502946.png,4.115049163475988,4.114959496169448,4.1144392476226574,4.1196890647006885,4.113535850459887,4.1259977312054295,4.1265853506487735,4.118221865512398,4.095724691670275,4.1290861690189224,4.191451126081262
tanzania-080526/dpc-065-KTR-72502946.png,tanzania-080526,dpc-065-KTR-72502946.png,3.9801042957251784,3.982309145438636,3.9829840633798197,3.9777472547325794,3.9786755893002055,3.9773629162185067,3.9987392026250212,3.9973209383183637,3.9705512721392626,3.9724261745466087,3.9484525758806575
tanzania-080526/dpc-066-KTR-72502946.png,tanzania-080526,dpc-066-KTR-72502946.png,3.9477953746959065,3.9479427887608995,3.950882098084101,3.9464245911457643,3.9522173814809243,3.941587389920537,3.971447729787477,3.9205906002065354,3.964851614985379,3.8808506705505046,3.905286008612067
tanzania-080526/dpc-067-KTR-72502946.png,tanzania-080526,dpc-067-KTR-72502946.png,3.929060241007681,3.9296326644313173,3.933327354365882,3.9281145184126736,3.945875374115829,3.922341578141462,3.945465486893969,3.919936739915028,3.9392983751771835,3.926482700782154,3.9334058972701778
tanzania-080526/dpc-068-KTR-72502946.png,tanzania-080526,dpc-068-KTR-72502946.png,3.892902275712566,3.8950402636889834,3.8864303279467456,3.9013049965918585,3.8881113126759352,3.901652680353214,3.8901879329563167,3.8876469909759526,3.8840366017953274,3.8955040188212697,3.860847299699679
tanzania-080526/dpc-069-KTR-72502946.png,tanzania-080526,dpc-069-KTR-72502946.png,3.8727629395506944,3.8747252051714365,3.8752498030946994,3.868782054943177,3.8858510222657596,3.8632085635117184,3.882894723322857,3.843335005461642,3.8749248564740966,3.856564615835047,3.8582639520001947
tanzania-080526/dpc-070-KTR-72502946.png,tanzania-080526,dpc-070-KTR-72502946.png,3.8881725168820602,3.885114995611604,3.8926929999730553,3.8857073298324796,3.892668645785009,3.9076032048143863,3.8753372046472774,3.926107558194355,3.878011924810471,3.883183739570845,3.9998840818473003
tanzania-080526/dpc-071-KTR-72502946.png,tanzania-080526,dpc-071-KTR-72502946.png,3.916783316460344,3.918320793137437,3.9164660250326344,3.9168549875705123,3.9257795172240835,3.913508189326332,3.922909752282633,3.907786354765336,3.9320961623387465,3.8814740117000754,3.8787399458754646
tanzania-080526/dpc-072-KTR-72502946.png,tanzania-080526,dpc-072-KTR-72502946.png,3.8814052933041676,3.879679878316565,3.886250186395384,3.883643067361888,3.8889573591813575,3.885795329496911,3.910980237616301,3.873786554419215,3.9242869832745986,3.903206081313187,3.9153806790755614
tanzania-080526/dpc-073-KTR-72502946.png,tanzania-080526,dpc-073-KTR-72502946.png,3.9872549863194875,3.989526058965932,3.9898797364773237,3.988293399957235,3.9941863159378186,3.999372612673848,3.972964890288379,4.011193468010251,3.995728164531257,4.072537208544533,4.00736481634607
tanzania-080526/dpc-074-KTR-72502946.png,tanzania-080526,dpc-074-KTR-72502946.png,3.9761285192177276,3.9763911462492207,3.984577907145741,3.9813457628839424,3.9877999981804306,3.9885896865287127,4.002641776652163,4.005696436681183,3.9913540616642176,4.025120042234935,3.9858536942123997
tanzania-080526/dpc-075-KTR-72502946.png,tanzania-080526,dpc-075-KTR-72502946.png,3.9381039798339113,3.937217806982755,3.9393859964283973,3.9340170433238506,3.9382012812687557,3.9335730253458108,3.9339041650995012,3.906017361434145,3.9401928672477546,3.9576828164903386,3.8807239494100885
tanzania-080526/dpc-076-KTR-72502946.png,tanzania-080526,dpc-076-KTR-72502946.png,3.9392722915710268,3.9416984776608546,3.937372603234672,3.9433244591209133,3.932240506262306,3.9467323005884936,3.9440969704626565,3.942555182463448,3.968727371366724,3.9899301229158395,3.9770874806946126
tanzania-080526/dpc-077-KTR-72502946.png,tanzania-080526,dpc-077-KTR-72502946.png,3.913129913228088,3.914129749698136,3.915086817985957,3.9135307267098276,3.91453318011368,3.902864422821449,3.9235724473600118,3.886572948208938,3.904351366585672,3.8411435857684184,3.8097793352954628
tanzania-080526/dpc-078-KTR-72502946.png,tanzania-080526,dpc-078-KTR-72502946.png,4.046897811288106,4.048867456596236,4.050785413576749,4.0436339829129135,4.061155567206421,4.056636777136285,4.047386572660343,4.060911862176253,4.028213623827931,4.072205607742113,3.994316400862574
tanzania-080526/dpc-079-KTR-72502946.png,tanzania-080526,dpc-079-KTR-72502946.png,4.102556680051766,4.105549403110001,4.1038751462680265,4.105036654545431,4.110098441398311,4.108341317234651,4.11043037160629,4.097694261080192,4.09594241623601,4.134188261357339,4.035997128412423
tanzania-080526/dpc-080-KTR-72502946.png,tanzania-080526,dpc-080-KTR-72502946.png,4.129569009126101,4.131556881840273,4.129733012871413,4.127010829253964,4.135123690417003,4.133359199518912,4.128102182085324,4.12508415695965,4.1196642707309445,4.147465939345707,4.043535862150474
tanzania-080526/dpc-081-KTR-72502946.png,tanzania-080526,dpc-081-KTR-72502946.png,4.189869277892557,4.1897306727625425,4.193284605502398,4.190260288023132,4.187894586566801,4.1816703303612295,4.195126893485842,4.165457941511773,4.204039652469723,4.116064376392126,4.12409333462396
tanzania-080526/dpc-082-KTR-72502946.png,tanzania-080526,dpc-082-KTR-72502946.png,4.176926685294064,4.175466773939862,4.180523854783791,4.172739847122505,4.170545471501686,4.18136418110899,4.162391250179948,4.163497851089658,4.160029297706054,4.11218845135908,4.107536859964352
tanzania-080526/dpc-083-KTR-72502946.png,tanzania-080526,dpc-083-KTR-72502946.png,4.0153188616999325,4.017819615989218,4.017229977615564,4.016487565581007,4.013815111684845,4.017304133107906,4.022931653900436,4.014640186218372,4.02278550321006,4.031892581386547,3.9687918331493464
tanzania-080526/dpc-084-KTR-72502946.png,tanzania-080526,dpc-084-KTR-72502946.png,3.9080209752035664,3.9108800984270125,3.911135671934951,3.905030302206539,3.9074730474500914,3.90785107696773,3.913316221975224,3.9166715321087646,3.8934996879541894,3.903151208831374,3.9330898891200583
tanzania-080526/dpc-085-KTR-72502946.png,tanzania-080526,dpc-085-KTR-72502946.png,3.8714465786447363,3.8699113097941993,3.874815665190179,3.861605687668603,3.8767147446806907,3.8696861914085607,3.8665737169510965,3.857497258448117,3.9089748420680257,3.884154356587414,3.8391720912483316
tanzania-080526/dpc-086-KTR-72502946.png,tanzania-080526,dpc-086-KTR-72502946.png,3.8156415739722727,3.8136421827332314,3.820027999864642,3.814422486733428,3.829335619634703,3.805353631591366,3.831494297073646,3.794117206148439,3.8109306597417,3.7571839966234593,3.7100242400641283
tanzania-080526/dpc-087-KTR-72502946.png,tanzania-080526,dpc-087-KTR-72502946.png,3.7911134939151174,3.7945351682035575,3.791299545205544,3.790696143509797,3.7873511978516343,3.7888131887791174,3.78221633233008,3.7898188005271165,3.759746974662834,3.79507499551083,3.645442062657427
tanzania-080526/dpc-088-KTR-72502946.png,tanzania-080526,dpc-088-KTR-72502946.png,3.8348719362223194,3.8363794046955384,3.8373494513641084,3.827290994589293,3.8423739544410447,3.8270520665471346,3.8424487175815223,3.834226166621883,3.804966321428453,3.805621608752557,3.8101299701068303
tanzania-080526/dpc-089-KTR-72502946.png,tanzania-080526,dpc-089-KTR-72502946.png,3.793905612422546,3.79373134599008,3.7935587851700143,3.7914032458951823,3.7986784464544954,3.788443477101154,3.801855822358663,3.7609903800048627,3.8317383475709343,3.7797489136098177,3.802691534176656
tanzania-080526/dpc-090-KTR-72502946.png,tanzania-080526,dpc-090-KTR-72502946.png,3.734853557143941,3.7377629813738675,3.7313456904817675,3.7344307681617828,3.7293405309745737,3.751132890751929,3.7444572158059737,3.761460337486702,3.7711277967380905,3.8049609890735008,3.763029063603905
tanzania-080526/dpc-091-KTR-72502946.png,tanzania-080526,dpc-091-KTR-72502946.png,3.9769382563547966,3.974153113814583,3.9777249667431236,3.970259153200341,3.9713908446052146,3.9753794874244246,3.959273427094162,3.974202188800011,3.99409566307703,3.985696802303741,4.001202197223185
tanzania-080526/dpc-092-KTR-72502946.png,tanzania-080526,dpc-092-KTR-72502946.png,3.942528632350035,3.946517892428134,3.9411142240330723,3.9449596797544757,3.9410208452449633,3.933904755420884,3.9388357631901574,3.941317709314072,3.887436752597437,3.980681291602436,3.9369355851431784
tanzania-080526/dpc-093-KTR-72502946.png,tanzania-080526,dpc-093-KTR-72502946.png,3.9575905644357663,3.9574972806915536,3.9578937799739524,3.9609908516561534,3.9697969517597436,3.945864261764949,3.977499015754976,3.953293223222598,3.9469003436543666,3.9802694281899864,3.9860923348390607
tanzania-080526/dpc-094-KTR-72502946.png,tanzania-080526,dpc-094-KTR-72502946.png,3.9605805971424717,3.9622531271448658,3.960936077245028,3.965333585356282,3.9629447348150233,3.9663223266762984,3.9718986155000504,3.9674925510915013,4.022372773084497,3.976632971794327,3.960916497560783
tanzania-080526/dpc-095-KTR-72502946.png,tanzania-080526,dpc-095-KTR-72502946.png,3.9725213043152015,3.9748004829733494,3.9781417287603653,3.9740889550457243,3.99158207476918,3.9661406538642865,4.008055448267576,3.9702078672546444,3.9848951813436737,3.962637983531359,3.9861294038680506
tanzania-080526/dpc-096-KTR-72502946.png,tanzania-080526,dpc-096-KTR-72502946.png,4.0636638076414275,4.065435405003583,4.067958492249228,4.060399880817728,4.077507138191278,4.058588126991845,4.067106029059321,4.090316203855655,4.061560341491189,4.085555196417225,4.154272448365624
tanzania-080526/dpc-097-KTR-72502946.png,tanzania-080526,dpc-097-KTR-72502946.png,4.073694577139748,4.0728424166742485,4.072041542209829,4.066648006235597,4.078071863159132,4.062360162933464,4.070722789772333,4.076160599909208,4.038031263305671,4.040482824554626,4.02049329652099
tanzania-080526/dpc-098-KTR-72502946.png,tanzania-080526,dpc-098-KTR-72502946.png,4.1365306547424865,4.133535055922151,4.136914825455454,4.13820829556719,4.141786707545391,4.146631883194468,4.150811977475875,4.132323929736403,4.179432698996184,4.139671320314752,4.176001165605751
tanzania-080526/dpc-099-KTR-72502946.png,tanzania-080526,dpc-099-KTR-72502946.png,4.212546585099738,4.215981796135771,4.211301072108383,4.2203468165889095,4.215345106241258,4.210338189424752,4.2214749405211105,4.215580796771196,4.214092253840972,4.217735929730231,4.230706742719809
tanzania-080526/dpc-100-KTR-72502946.png,tanzania-080526,dpc-100-KTR-72502946.png,4.266616236264274,4.2668660424836995,4.265465793796481,4.264430349789263,4.257850005288171,4.258197359732604,4.269975872239849,4.25919940395417,4.2325390348627945,4.279432181060871,4.208132202317432
tanzania-080526/dpc-101-KTR-72502946.png,tanzania-080526,dpc-101-KTR-72502946.png,4.183014764798372,4.184993151239642,4.184127400927751,4.18826926120822,4.185933843014735,4.183958270077649,4.182864255423972,4.171404060434248,4.1652427628893225,4.143677040909651,4.114178260727471
tanzania-080526/dpc-102-KTR-72502946.png,tanzania-080526,dpc-102-KTR-72502946.png,4.065745988103284,4.066373151673915,4.065002113530462,4.0708719065952215,4.073212549481545,4.069602093290095,4.096084157996556,4.067087200247558,4.083295854655164,4.013955312324184,4.046175297983008
tanzania-080526/dpc-103-KTR-72502946.png,tanzania-080526,dpc-103-KTR-72502946.png,3.971978340627327,3.9711482274833867,3.9708662372460886,3.977887488740891,3.9756714496659336,3.996559092109332,3.9840064145919314,3.9974166210936763,3.97900091563141,3.951549909023381,3.949952632192965
tanzania-080526/dpc-104-KTR-72502946.png,tanzania-080526,dpc-104-KTR-72502946.png,3.927390615142739,3.925969206970977,3.931481186661669,3.9296789527364315,3.9393975600994335,3.94884201434867,3.9318768325022546,3.933798200668453,3.9286111774579253,3.942859251748284,3.843728838468416
tanzania-080526/dpc-105-KTR-72502946.png,tanzania-080526,dpc-105-KTR-72502946.png,3.8991875289207605,3.898591014068681,3.9025445210891125,3.893384918832156,3.9123366313885244,3.9100658230661023,3.9241656944113474,3.9175778549414337,3.9124843160178373,3.8626574403724883,4.00627115638389
tanzania-080526/dpc-106-KTR-72502946.png,tanzania-080526,dpc-106-KTR-72502946.png,3.9175004954222477,3.920734508608505,3.9208827259031738,3.9170852486625742,3.917806385557793,3.915779671287851,3.90722602491823,3.943369842678094,3.931008041927999,3.9126698944711245,3.943177712071326
tanzania-080526/dpc-107-KTR-72502946.png,tanzania-080526,dpc-107-KTR-72502946.png,3.937556464888134,3.9390306207444086,3.9369364186716655,3.941650505838963,3.920543157241768,3.939810681365673,3.9336011205605055,3.949526636455802,3.932366457232495,3.9566388647273714,3.801912671347136
tanzania-080526/dpc-108-KTR-72502946.png,tanzania-080526,dpc-108-KTR-72502946.png,3.896841754777017,3.8934556590392813,3.9014891586458305,3.893725228954694,3.9084301787736115,3.8980885667903893,3.9196694782012673,3.886473737830287,3.9182246493080175,3.8575125265740335,3.8465683388177547
tanzania-080526/dpc-109-KTR-72502946.png,tanzania-080526,dpc-109-KTR-72502946.png,3.9312043039467404,3.932253286508339,3.9306097933272097,3.936683682441399,3.939099795791734,3.9335616632603108,3.9421931864149333,3.9701636221501477,3.924957726609886,3.9009221691621674,3.9456057962639184
tanzania-080526/dpc-110-KTR-72502946.png,tanzania-080526,dpc-110-KTR-72502946.png,3.945758410728958,3.9441921498445205,3.9523543039968274,3.936592235556193,3.9565373263825037,3.9452138840565545,3.9468156461948456,3.9233419875986524,3.9431792848750837,3.85892086091674,3.9145784729423414
tanzania-080526/dpc-111-KTR-72502946.png,tanzania-080526,dpc-111-KTR-72502946.png,3.9174814002390246,3.9148278376704857,3.920273610015039,3.9210442238949565,3.924600139141768,3.9169882674100283,3.926000152600444,3.946762862859891,3.9468844335258515,3.941709440062488,3.889004901347132
tanzania-080526/dpc-112-KTR-72502946.png,tanzania-080526,dpc-112-KTR-72502946.png,3.9175402593020108,3.9164176547321166,3.913382801248452,3.9241877978829,3.9185842797082717,3.928060274578103,3.92466250643301,3.9418990654467807,3.921390727896246,3.9468627954620747,3.938441143977665
tanzania-080526/dpc-113-KTR-72502946.png,tanzania-080526,dpc-113-KTR-72502946.png,3.9455883572888926,3.941578700108382,3.9434813291669863,3.946590974856791,3.9530552320593864,3.9494607879161663,3.9487639243555313,3.9699660938512533,3.997182789140808,3.9829235675091113,3.9046285778194694
tanzania-080526/dpc-114-KTR-72502946.png,tanzania-080526,dpc-114-KTR-72502946.png,4.065731292744664,4.064273372044018,4.069980296664775,4.065033509891872,4.067297401661845,4.067844383299941,4.068505914306525,4.086987957862203,4.076666845645642,4.082831296501279,4.101342756513721
tanzania-080526/dpc-115-KTR-72502946.png,tanzania-080526,dpc-115-KTR-72502946.png,4.094085889556169,4.091242065810638,4.094193817820259,4.095746075925556,4.095614180075171,4.098714802471161,4.093395550312204,4.127316136824604,4.111599102201461,4.138737376342565,4.128443638920702
tanzania-080526/dpc-116-KTR-72502946.png,tanzania-080526,dpc-116-KTR-72502946.png,4.099821643638954,4.1028118384440635,4.104245668238253,4.101575199167789,4.104990596646488,4.103992123636989,4.107597898424754,4.082757644771527,4.092840524807153,4.061435134206408,4.056199007215565
tanzania-080526/dpc-117-KTR-72502946.png,tanzania-080526,dpc-117-KTR-72502946.png,4.177464075275946,4.177560713137294,4.178616944953194,4.182760196379067,4.17876674537294,4.189810103688143,4.182137594656269,4.165747445769025,4.19178998324052,4.180131149412166,4.167700435480319
tanzania-080526/dpc-118-KTR-72502946.png,tanzania-080526,dpc-118-KTR-72502946.png,4.240222467606686,4.238121477341304,4.239592349739882,4.23764192482218,4.234929403685792,4.236372761969899,4.220554843250304,4.258217330018407,4.223343646272793,4.276408725031828,4.221437564120206
tanzania-080526/dpc-119-KTR-72502946.png,tanzania-080526,dpc-119-KTR-72502946.png,4.221076397382609,4.2227682470112775,4.22125209416008,4.221703974820873,4.215581598847708,4.215057006985878,4.211286969023884,4.22128061524571,4.2070139743170305,4.243502981032791,4.129590689331111
tanzania-080526/dpc-120-KTR-72502946.png,tanzania-080526,dpc-120-KTR-72502946.png,4.125562342971943,4.124316018570902,4.128666630517931,4.129928183508883,4.120009436386215,4.1354545405169825,4.1318720350750695,4.146748874626375,4.1056200780208805,4.128848291155688,4.044085703632674
tanzania-080526/dpc-121-KTR-72502946.png,tanzania-080526,dpc-121-KTR-72502946.png,3.9941572383845267,3.9967304942349373,3.9976662388220783,3.9976383554503427,3.9988775972283372,4.008308451763501,3.996318705336953,4.056470061659935,4.004124539627694,4.113001312641112,3.9876390182461083
tanzania-080526/dpc-122-KTR-72502946.png,tanzania-080526,dpc-122-KTR-72502946.png,3.9375499145279473,3.9393250241536806,3.9379935190408206,3.9381693959535506,3.950750479655884,3.9262351930183392,3.9612616035840404,3.9366335097177805,3.931522466031275,3.904386216369625,3.939911982396156
tanzania-080526/dpc-123-KTR-72502946.png,tanzania-080526,dpc-123-KTR-72502946.png,3.859643506528601,3.854465218742871,3.8595440778578216,3.853312893651779,3.8529139635089953,3.8471010403606956,3.8297814892153905,3.8549194780869924,3.844128766816396,3.8332095367041545,3.7754235168333903
tanzania-080526/dpc-124-KTR-72502946.png,tanzania-080526,dpc-124-KTR-72502946.png,3.8889064891258744,3.88919058098747,3.886450002023282,3.8894790832229535,3.8827629086861215,3.8917638300792095,3.8857884132841845,3.9077017417810405,3.8809442672549017,3.8973889115808675,3.9319143064332938
tanzania-080526/dpc-125-KTR-72502946.png,tanzania-080526,dpc-125-KTR-72502946.png,3.874372709355074,3.875253401357459,3.880617821815419,3.872429861044503,3.871932709985739,3.873232829366003,3.875780776827739,3.872848982045848,3.8988074448948464,3.83769463590886,3.8360306414606433
tanzania-080526/dpc-126-KTR-72502946.png,tanzania-080526,dpc-126-KTR-72502946.png,3.858257373528804,3.8551690880124956,3.8568142782449786,3.8543666777673335,3.856106159820931,3.8565201356852565,3.8584684626889394,3.843493169814759,3.868995752479566,3.820209942354075,3.86152007616227
tanzania-080526/dpc-127-KTR-72502946.png,tanzania-080526,dpc-127-KTR-72502946.png,3.9152821788830967,3.9189167028357934,3.91588884113027,3.9253469193291446,3.91514053108524,3.9216034983076478,3.9075364834351367,3.918453383255849,3.8682845640181345,3.909312325462044,3.8316039080134323
tanzania-080526/dpc-128-KTR-72502946.png,tanzania-080526,dpc-128-KTR-72502946.png,3.919996381414453,3.920895256920392,3.9153662461016117,3.9242442072942425,3.913043605093905,3.932237112498036,3.9021156428661157,3.922117496111236,3.9113165008717288,3.955584675249613,3.8781568983671333
tanzania-080526/dpc-129-KTR-72502946.png,tanzania-080526,dpc-129-KTR-72502946.png,3.872380486542033,3.87560631397285,3.869846084856562,3.88751553550508,3.8720757169623155,3.8698439679497882,3.8953327407649474,3.8773103330891,3.8494060836108264,3.905865498067235,3.8695997783752865
tanzania-080526/dpc-130-KTR-72502946.png,tanzania-080526,dpc-130-KTR-72502946.png,3.8603328223957254,3.8598521423186605,3.852709933786159,3.860399701915323,3.8526012361088844,3.8608899350428936,3.854016324071454,3.880908112252417,3.8214509927276334,3.8695086531275007,3.824653695921659
tanzania-080526/dpc-131-KTR-72502946.png,tanzania-080526,dpc-131-KTR-72502946.png,3.891951923423491,3.88900079294888,3.8906915434357963,3.8889215395179138,3.8886910565165724,3.898928009657184,3.8946405737976835,3.88051653720427,3.9314795942403236,3.867826713538605,3.872455465077077
tanzania-080526/dpc-132-KTR-72502946.png,tanzania-080526,dpc-132-KTR-72502946.png,4.007287405948815,4.011360009165025,4.011275977181015,4.013509605679509,4.0149861504473305,4.019240570895162,4.030271608782826,4.017781155414907,4.02881440158127,4.005845994273797,4.040268503892876
tanzania-080526/dpc-133-KTR-72502946.png,tanzania-080526,dpc-133-KTR-72502946.png,4.112919182949575,4.114085869823901,4.1110233116647015,4.113978790796993,4.112500159571718,4.102311520578418,4.127145010130672,4.1046837815350035,4.141787795439217,4.118642941217045,4.140305475986499
tanzania-080526/dpc-134-KTR-72502946.png,tanzania-080526,dpc-134-KTR-72502946.png,4.154946057542331,4.153908360465753,4.158430209727328,4.147320100143272,4.1594997442162525,4.143967384055364,4.154514908276394,4.135458350552234,4.123050167087129,4.112087141269999,4.053084090201461
tanzania-080526/dpc-135-KTR-72502946.png,tanzania-080526,dpc-135-KTR-72502946.png,4.214208294640337,4.214820661098839,4.216467944199551,4.214990614484444,4.2135285430193266,4.218936158078085,4.214789688727052,4.2218137533265825,4.19841876315699,4.191369759234993,4.133126467022981
tanzania-080526/dpc-136-KTR-72502946.png,tanzania-080526,dpc-136-KTR-72502946.png,4.257615057626026,4.258023836053704,4.259028463627804,4.258161633710165,4.260933580364803,4.2671885614017215,4.252188543129154,4.264864077518329,4.297629467801198,4.2432689502599334,4.296071833712834
tanzania-080526/dpc-137-KTR-72502946.png,tanzania-080526,dpc-137-KTR-72502946.png,4.219666982658387,4.21819875641393,4.221366057652849,4.223222390543413,4.224724657057958,4.223868785793387,4.224699107548679,4.230424391561703,4.195992585092971,4.242725399612243,4.234694365984205
tanzania-080526/dpc-138-KTR-72502946.png,tanzania-080526,dpc-138-KTR-72502946.png,4.136312688239589,4.134604700307898,4.1353807389275055,4.1349763756002655,4.117064516460859,4.125960127066441,4.121232064466742,4.122458197800267,4.0989251840616525,4.123049824135702,4.059916560119306
tanzania-080526/dpc-139-KTR-72502946.png,tanzania-080526,dpc-139-KTR-72502946.png,4.023833248824775,4.024606563842899,4.0286761037939955,4.030074221917157,4.023021205580035,4.023434557638435,4.033316729130307,4.03553721855706,4.032372956439485,3.9957427713190485,4.114707597151863
tanzania-080526/dpc-140-KTR-72502946.png,tanzania-080526,dpc-140-KTR-72502946.png,3.9419445880780524,3.940459977675059,3.9371120377183795,3.939666579387846,3.936496674746661,3.933146195382122,3.9438805205936305,3.9245779667031586,3.906121031568059,3.887547575950071,3.861651640998054
tanzania-080526/dpc-141-KTR-72502946.png,tanzania-080526,dpc-141-KTR-72502946.png,3.9029640339071574,3.9028886649677013,3.903889359916928,3.905666398156037,3.9015048819038345,3.9166392693424954,3.8838264265652644,3.9104501101533957,3.9105664762370553,3.903098170052735,3.956224784598621
tanzania-080526/dpc-142-KTR-72502946.png,tanzania-080526,dpc-142-KTR-72502946.png,3.895176453248948,3.8931759419913923,3.891817349149886,3.898728707024394,3.8979739867962175,3.9075256989070617,3.9140942222810318,3.888655862479163,3.8979865069738557,3.934992484721059,3.9404421804074587
tanzania-080526/dpc-143-KTR-72502946.png,tanzania-080526,dpc-143-KTR-72502946.png,3.865329624226341,3.8642727661859717,3.8629641401486396,3.8702080056975796,3.8696686211289357,3.8597206055386404,3.880278378172015,3.8743419503371053,3.859975670559994,3.9118416815469836,3.8172506305845215
tanzania-080526/dpc-144-KTR-72502946.png,tanzania-080526,dpc-144-KTR-72502946.png,3.843278721931883,3.841994358174464,3.845217626924819,3.8413491264098494,3.8420500807448716,3.847137120231491,3.8337175346685877,3.846341424800085,3.8642019886966823,3.89179237521881,3.764234426500117
tanzania-080526/dpc-145-KTR-72502946.png,tanzania-080526,dpc-145-KTR-72502946.png,3.9489300065437334,3.949885235069954,3.943592553568482,3.9496585726104123,3.93755316170351,3.9513971513883774,3.948395028959994,3.9548993911685106,4.008780747246103,3.891468821587698,4.018398812633162
tanzania-080526/dpc-146-KTR-72502946.png,tanzania-080526,dpc-146-KTR-72502946.png,3.951847301336622,3.949711253340761,3.9543662203623753,3.9471208048374504,3.9549264587724133,3.946334825679042,3.9404185221697734,3.940997317375507,3.9140105990905356,3.961746828356109,3.9354947145077475
tanzania-080526/dpc-147-KTR-72502946.png,tanzania-080526,dpc-147-KTR-72502946.png,3.9290453180107545,3.9235683803820054,3.9322750318615167,3.928277529779017,3.9337207218453267,3.9312294556561227,3.908046757394808,3.9171582051864835,3.9229264322416806,3.9612363648979567,3.9426198109971846
tanzania-080526/dpc-148-KTR-72502946.png,tanzania-080526,dpc-148-KTR-72502946.png,3.915396864491015,3.915268910061265,3.915253259670351,3.9088759502970367,3.930204215835519,3.9154073070337367,3.913715991043976,3.9356373435860337,3.9169312827633096,3.9435614474620015,3.941671915134573
tanzania-080526/dpc-149-KTR-72502946.png,tanzania-080526,dpc-149-KTR-72502946.png,3.9534016138761885,3.954840510418705,3.957166934573825,3.9560388499797443,3.961845660042971,3.9546378680338603,3.9672090279612666,3.9589603927445958,3.953779062878426,3.8963117689252265,3.919605065040234
tanzania-080526/dpc-150-KTR-72502946.png,tanzania-080526,dpc-150-KTR-72502946.png,4.043741324897041,4.044363085189294,4.046293267794936,4.0401894542980585,4.049804005871349,4.0633928501392855,4.060670411174039,4.068885949660017,4.127503108040138,3.9764322081817407,4.145928952058189
tanzania-080526/dpc-151-KTR-72502946.png,tanzania-080526,dpc-151-KTR-72502946.png,4.05675645875862,4.0592430055348805,4.063985447780585,4.0546753244947045,4.059230749242603,4.061132937460122,4.0392394724717295,4.071293790743334,4.039837712572702,4.086465401428049,4.031300422437301
tanzania-080526/dpc-152-KTR-72502946.png,tanzania-080526,dpc-152-KTR-72502946.png,4.107872496712382,4.105839927883951,4.112132047396077,4.107782644408113,4.113970833904118,4.102585627739291,4.117394283174048,4.124540566064295,4.119458502734974,4.155506749028219,4.069956658133453
tanzania-080526/dpc-153-KTR-72502946.png,tanzania-080526,dpc-153-KTR-72502946.png,4.195625847648307,4.196569525873791,4.195565127748302,4.198514979210272,4.191024851835466,4.203658688487861,4.198669610479278,4.195819699668302,4.193657190668947,4.164544374413698,4.186207435372712
tanzania-080526/dpc-154-KTR-72502946.png,tanzania-080526,dpc-154-KTR-72502946.png,4.222784323756349,4.223871566359006,4.221406205790113,4.227255561704836,4.233252202597592,4.225469330133054,4.217068266715434,4.207573377809858,4.182403773298276,4.133208053374762,4.110076340283869
tanzania-080526/dpc-155-KTR-72502946.png,tanzania-080526,dpc-155-KTR-72502946.png,4.23279825000841,4.231961069066866,4.232711202553738,4.23302731067247,4.235090630521468,4.232495238998649,4.236521867369408,4.245492706325328,4.251401955781597,4.272735649964821,4.319357633197183
tanzania-080526/dpc-156-KTR-72502946.png,tanzania-080526,dpc-156-KTR-72502946.png,4.203376491633726,4.200662909646761,4.2027092089580185,4.19972621883419,4.199823402694431,4.189300329514375,4.196029576320596,4.197010552644926,4.182674908345214,4.161703316109403,4.153809908565887
tanzania-080526/dpc-157-KTR-72502946.png,tanzania-080526,dpc-157-KTR-72502946.png,4.143781355463183,4.142801454169144,4.1470234716520755,4.149209106256929,4.141060856932878,4.147828455245173,4.1519812141755725,4.167020473230636,4.166608810383281,4.145184970197517,4.184247940264903
tanzania-080526/dpc-158-KTR-72502946.png,tanzania-080526,dpc-158-KTR-72502946.png,4.0720921752843005,4.074073287734204,4.068350591526352,4.073198069571897,4.061929689055045,4.0638321077225426,4.064795163072844,4.061345248381035,4.024573832195165,4.104926863340555,4.0213961556596995
tanzania-080526/dpc-159-KTR-72502946.png,tanzania-080526,dpc-159-KTR-72502946.png,3.989087458569208,3.9928932656000327,3.987113312088008,3.9892523395472415,3.9956344384748386,3.9887588227052344,4.000330636293312,3.9684858772437295,4.009987390221615,3.9103462668886464,3.8887429692152136
tanzania-080526/dpc-160-KTR-72502946.png,tanzania-080526,dpc-160-KTR-72502946.png,4.003853397223762,4.0006777507107225,4.007509072126175,4.00321213758458,4.001830555151065,4.0109200984682545,3.9921330687509657,4.01484501226076,3.998537598044041,4.042278253467227,3.890089185460964
tanzania-080526/dpc-161-KTR-72502946.png,tanzania-080526,dpc-161-KTR-72502946.png,3.9882750934392526,3.9899815330344537,3.987860167228709,3.9892630715360005,3.9787930355763907,3.9791499094395393,3.974558963553322,3.952094572100324,3.943750260002558,3.9018577305330346,3.916540643569066
tanzania-080526/dpc-162-KTR-72502946.png,tanzania-080526,dpc-162-KTR-72502946.png,3.950822958454276,3.953582852514464,3.956001036787777,3.9589975255493326,3.9500122627107377,3.9687712608385834,3.963013450182047,3.957033966563404,4.002523577883218,3.9978962183336915,4.018259182065214
tanzania-080526/dpc-163-KTR-72502946.png,tanzania-080526,dpc-163-KTR-72502946.png,3.8810548871778208,3.8783578610293956,3.883181835736645,3.8831429216177233,3.87599191258169,3.8762454433928255,3.892927867971087,3.8915322151617255,3.900293296867816,3.9392289145973134,3.8529367555674057
tanzania-080526/dpc-164-KTR-72502946.png,tanzania-080526,dpc-164-KTR-72502946.png,3.8763209315313274,3.877104106469594,3.877832841044718,3.87879235498941,3.88741556513397,3.8832357719942103,3.8933502092950993,3.885252950272347,3.8885918176505827,3.915147210206388,3.8110010937898697
tanzania-080526/dpc-165-KTR-72502946.png,tanzania-080526,dpc-165-KTR-72502946.png,3.8702499290612047,3.8699745838374753,3.8704550921255483,3.8708897682034467,3.875006586206637,3.86790093262409,3.866823144465693,3.843481453163802,3.907224987415182,3.8916366864700085,3.9023709858608067
tanzania-080526/dpc-166-KTR-72502946.png,tanzania-080526,dpc-166-KTR-72502946.png,3.856156812453708,3.8601154349143356,3.8617342607913065,3.8610238609924163,3.8749175878484143,3.8477456326168076,3.8951606779983496,3.8493884742163518,3.895402187147762,3.8240375495693613,3.874364654735002
tanzania-080526/dpc-167-KTR-72502946.png,tanzania-080526,dpc-167-KTR-72502946.png,3.8488499943841976,3.850322278229897,3.8442199985020427,3.8532881607206138,3.849354945539385,3.8621168613620664,3.831231032971844,3.8848795818598996,3.852689844880145,3.8655169279710266,3.8690422043370734
tanzania-080526/dpc-168-KTR-72502946.png,tanzania-080526,dpc-168-KTR-72502946.png,3.907280043882616,3.90810142022561,3.9048790121369956,3.906998398963384,3.8961771849383418,3.897412780764301,3.909319788743611,3.890418241439542,3.912913242706919,3.9520990547461996,3.8672297996550986
tanzania-080526/dpc-169-KTR-72502946.png,tanzania-080526,dpc-169-KTR-72502946.png,3.926215083161852,3.926207263945784,3.926767011664687,3.922783342603795,3.928981762885151,3.928923881875894,3.9106832545733465,3.9258735158359954,3.9241308969042796,3.9623429147100007,3.760681929313056
tanzania-080526/dpc-170-KTR-72502946.png,tanzania-080526,dpc-170-KTR-72502946.png,3.9793817035212893,3.9781799087278316,3.976116538803399,3.97939792002079,3.9808887274336278,3.9771826928259193,3.978111158829943,3.978361959171121,3.968674784107705,4.0552869880232185,3.993101832943666
tanzania-080526/dpc-171-KTR-72502946.png,tanzania-080526,dpc-171-KTR-72502946.png,4.0590082873708795,4.0593665506330465,4.058728364377602,4.059133057795298,4.053453563179749,4.055861212747292,4.063768576011307,4.035667065358227,4.0276828291742595,4.023168316825906,3.947863927874021
tanzania-080526/dpc-172-KTR-72502946.png,tanzania-080526,dpc-172-KTR-72502946.png,4.10809474110242,4.106812333886719,4.111403909859598,4.104991593919324,4.115014761579436,4.108099795231679,4.108103415503024,4.093739115970218,4.083922638760016,4.130924129448032,4.088685951683961
tanzania-080526/dpc-173-KTR-72502946.png,tanzania-080526,dpc-173-KTR-72502946.png,4.197208793730581,4.197829462840851,4.194897821560333,4.198421849103633,4.198154573185979,4.202759468272524,4.2063543748892,4.206111420423634,4.19749278416049,4.240476557820832,4.158147690294432
tanzania-080526/dpc-174-KTR-72502946.png,tanzania-080526,dpc-174-KTR-72502946.png,4.217788126709156,4.214292752323766,4.219344120704513,4.21723245906762,4.21451758040828,4.219595373022185,4.210554435498937,4.209430145727266,4.237104208813994,4.189101674869709,4.199858386671425
tanzania-080526/dpc-175-KTR-72502946.png,tanzania-080526,dpc-175-KTR-72502946.png,4.211938840383613,4.212802695813346,4.211505465877203,4.214676709792726,4.209874848537061,4.208871373057251,4.2139161910310525,4.207416128742207,4.229285539387406,4.210030640946821,4.22317407933925
tanzania-080526/dpc-176-KTR-72502946.png,tanzania-080526,dpc-176-KTR-72502946.png,4.180492272332019,4.179078995812971,4.182760914709442,4.177066247568622,4.180647040472157,4.186713657684,4.175942662107001,4.170443966792659,4.16628997529239,4.163953030426504,4.118247361960202
tanzania-080526/dpc-177-KTR-72502946.png,tanzania-080526,dpc-177-KTR-72502946.png,4.138381995921466,4.138744588378469,4.140603100179656,4.138788043539153,4.1476892273883745,4.138916853167399,4.164960997818454,4.144363402993061,4.1640324978410135,4.159384040196416,4.16282300951858
tanzania-080526/dpc-178-KTR-72502946.png,tanzania-080526,dpc-178-KTR-72502946.png,4.1152398693810435,4.111441801767379,4.110180689286271,4.112905354572473,4.108876838672789,4.108469068463334,4.08758723498366,4.106575495041827,4.098614803983276,4.0662370684389275,4.111025634674334
tanzania-080526/dpc-179-KTR-72502946.png,tanzania-080526,dpc-179-KTR-72502946.png,4.082818998401228,4.084759329252386,4.08643696767617,4.08085655014803,4.080623957022345,4.094282822687052,4.090196263666573,4.0904326749679125,4.101605074124817,4.072939082477669,4.125562729697219
tanzania-080526/dpc-180-KTR-72502946.png,tanzania-080526,dpc-180-KTR-72502946.png,4.0672324280484515,4.070644768760016,4.0612599945713255,4.066762146247057,4.073626711723298,4.066785112052322,4.053820602684181,4.07016449544744,4.060914305446406,4.036052336140607,4.10105847152093
tanzania-080526/dpc-181-KTR-72502946.png,tanzania-080526,dpc-181-KTR-72502946.png,3.928900305885659,3.9275953739931655,3.935297000114918,3.9239394689745066,3.938610109652226,3.939409799637332,3.9221681387494662,3.944560535379276,3.9207817217831797,3.914246637078163,3.855087939476501
tanzania-080526/dpc-182-KTR-72502946.png,tanzania-080526,dpc-182-KTR-72502946.png,3.903210339356275,3.904694202252224,3.902230999231209,3.900099533658157,3.898632297516839,3.9100631635457224,3.89356554463978,3.886160380170541,3.8909429184549555,3.868485237321281,3.8972872773524547
tanzania-080526/dpc-183-KTR-72502946.png,tanzania-080526,dpc-183-KTR-72502946.png,3.9271357103921365,3.9244012461693742,3.9275006620965662,3.9238770828542533,3.924428522536761,3.9310993150203144,3.917282108963402,3.9469251570014343,3.9594595612318626,3.989474959003522,4.025039927029662
tanzania-080526/dpc-184-KTR-72502946.png,tanzania-080526,dpc-184-KTR-72502946.png,3.8922735118290257,3.8930508039344405,3.899397242383605,3.8979653947748187,3.902843640540291,3.915067631568471,3.9150730525794857,3.9213683690240755,3.9299031709349563,3.9559509706855094,3.9707319187814076
tanzania-080526/dpc-185-KTR-72502946.png,tanzania-080526,dpc-185-KTR-72502946.png,3.917260751340164,3.9183061145769775,3.9158918231896465,3.917644224875924,3.923674974029313,3.9268468988497274,3.913551880117087,3.879336760288984,3.9191710245347466,3.8592740106191736,3.8349741076726414
tanzania-080526/dpc-186-KTR-72502946.png,tanzania-080526,dpc-186-KTR-72502946.png,3.9202795019334533,3.922558763440903,3.920341426273217,3.920033770282452,3.925565404307535,3.924617838895556,3.9154677473386754,3.904105644044439,3.924224650164574,3.927677521617844,3.8999640440965173
tanzania-080526/dpc-187-KTR-72502946.png,tanzania-080526,dpc-187-KTR-72502946.png,3.9178209445965866,3.9179098862973074,3.920686869995668,3.916054267822159,3.9149297938183185,3.92514860120252,3.907096941873972,3.948628864709339,3.950394460413745,3.9138972605385147,3.9582982036901764
tanzania-080526/dpc-188-KTR-72502946.png,tanzania-080526,dpc-188-KTR-72502946.png,3.9035443020667637,3.9026521778624828,3.8993900610208376,3.909725603040992,3.9006265272032765,3.9222240533635633,3.869098013572777,3.9166823012283123,3.893941625100494,3.906127641063497,3.9374782956960925
tanzania-080526/dpc-189-KTR-72502946.png,tanzania-080526,dpc-189-KTR-72502946.png,3.968098432881295,3.9700834105578258,3.969593250928118,3.969596362549504,3.9738635504245563,3.9680567214318985,3.978059891147713,3.987895495145638,3.9533417861627873,4.005836270801942,3.9784396172799235
tanzania-080526/dpc-190-KTR-72502946.png,tanzania-080526,dpc-190-KTR-72502946.png,4.056464733313934,4.055773131823314,4.058813589046141,4.060446659331717,4.055985978279624,4.055114592218102,4.052265497131065,4.039069044346267,4.031815872155276,4.059428055381437,4.065231011647526
tanzania-080526/dpc-191-KTR-72502946.png,tanzania-080526,dpc-191-KTR-72502946.png,4.200839511963048,4.199688909118191,4.208234677208712,4.197951943174064,4.207901933101693,4.202283549492388,4.223155734594447,4.195728750436532,4.2211693176920475,4.192794041753147,4.204708985714738
tanzania-080526/dpc-192-KTR-72502946.png,tanzania-080526,dpc-192-KTR-72502946.png,4.21635974464094,4.212633208608984,4.2163673679898634,4.218606684228959,4.2077778572209334,4.227734325419254,4.211373431124922,4.2463255804962525,4.2064642961415775,4.292391761398789,4.267242374445717
tanzania-080526/dpc-193-KTR-72502946.png,tanzania-080526,dpc-193-KTR-72502946.png,4.178123510147121,4.175133954902977,4.178433158292084,4.179986064252914,4.182406443391208,4.1813024729376265,4.184597112031872,4.192373128314419,4.204276756754219,4.184931259448112,4.122310223715835
tanzania-080526/dpc-194-KTR-72502946.png,tanzania-080526,dpc-194-KTR-72502946.png,4.152329167808382,4.148551939251063,4.149651855190439,4.149611702512928,4.142734728943297,4.15233413993935,4.148803247734157,4.14991373352907,4.165581348223215,4.1374303857978845,4.123040081623046
tanzania-080526/dpc-195-KTR-72502946.png,tanzania-080526,dpc-195-KTR-72502946.png,4.107979968458,4.110192781956003,4.10631865488683,4.113707380259946,4.106080585008138,4.119921677054793,4.102435399610207,4.108294318314779,4.14230179202177,4.103092757759766,4.136144940617985
tanzania-080526/dpc-196-KTR-72502946.png,tanzania-080526,dpc-196-KTR-72502946.png,4.078137460778965,4.076283290085033,4.07874783017587,4.074142383438251,4.080890919928947,4.080612127120034,4.089763841676029,4.064092604236912,4.094562997134877,4.1238968507966565,4.068190244725178
tanzania-080526/dpc-197-KTR-72502946.png,tanzania-080526,dpc-197-KTR-72502946.png,4.003233051798858,4.0052720182558845,4.0031222091410825,4.008850399114406,4.005921715103382,3.9967951197526315,4.002871355736003,3.974360878922749,4.015727597843595,3.9311994021280117,3.968029254384773
tanzania-080526/dpc-198-KTR-72502946.png,tanzania-080526,dpc-198-KTR-72502946.png,3.9878971816851174,3.9849698324811422,3.981047033737104,3.9809314167542644,3.990648081465623,3.994716628559533,4.000504920395694,3.97907262534594,4.025808780029854,4.045648548491315,3.949850493967952
tanzania-080526/dpc-199-KTR-72502946.png,tanzania-080526,dpc-199-KTR-72502946.png,3.963464263922096,3.9664810822887415,3.9701862736268896,3.9721440921125053,3.971988579147583,3.9798799979637964,3.973366966140355,3.9844153798953204,4.013725332326,4.003796322654173,4.03024195283471
tanzania-080526/dpc-200-KTR-72502946.png,tanzania-080526,dpc-200-KTR-72502946.png,3.9317275865693864,3.9319466368807503,3.934939279455217,3.9245522077127264,3.936529025635968,3.931800393369728,3.9162653154052416,3.907593842886805,3.946945726521264,3.818228366479383,3.947204347408304
tanzania-080526/dpc-201-KTR-72502946.png,tanzania-080526,dpc-201-KTR-72502946.png,3.8764605450346767,3.876651907303458,3.87569749228416,3.8750949792988667,3.876577307591995,3.8869372639140423,3.871182087220611,3.8927783560292357,3.8759733764870443,3.8700422303620434,3.8734481656040254
tanzania-080526/dpc-202-KTR-72502946.png,tanzania-080526,dpc-202-KTR-72502946.png,3.8638510934184387,3.8654105743625555,3.862385274820655,3.8703039288309045,3.856195693641678,3.856339678768805,3.8692672806796677,3.8443939830739535,3.84076398461926,3.835663428246316,3.9268121145595902
tanzania-080526/dpc-203-KTR-72502946.png,tanzania-080526,dpc-203-KTR-72502946.png,3.8604269203459767,3.864247698748983,3.8580268472381327,3.8624291587423225,3.8559013627377854,3.853011412058719,3.8435441495213825,3.863398746481571,3.8182422541428225,3.9313076032229066,3.915371302405015
tanzania-080526/dpc-204-KTR-72502946.png,tanzania-080526,dpc-204-KTR-72502946.png,3.914891988931789,3.914196063269898,3.9134821907305337,3.9156937401428555,3.914865108191058,3.9271476381457946,3.921392936938082,3.9362373840649303,3.9223789548235075,3.9254250807271402,3.9872702893770904
tanzania-080526/dpc-205-KTR-72502946.png,tanzania-080526,dpc-205-KTR-72502946.png,3.8819212767985904,3.8812694249463497,3.883556845917963,3.8825026879884987,3.8902036434860907,3.8902777762625647,3.912547485899329,3.897467720368562,3.8806084543084416,3.8460018782152052,3.8808126821735653
tanzania-080526/dpc-206-KTR-72502946.png,tanzania-080526,dpc-206-KTR-72502946.png,3.8870282188702383,3.8879803975291605,3.882731541247388,3.8839360356458617,3.8722893849358586,3.884654616166105,3.880761999881544,3.8688593916923963,3.892436189094629,3.8865348596359874,3.852144586348638
tanzania-080526/dpc-207-KTR-72502946.png,tanzania-080526,dpc-207-KTR-72502946.png,3.9998777537557957,3.999763381655843,4.003297628210608,4.000935567271841,4.007505869164856,3.9969700391538288,4.010015777848453,3.958942245455295,3.9882234802925574,3.932594752999367,3.953797210848127
tanzania-080526/dpc-208-KTR-72502946.png,tanzania-080526,dpc-208-KTR-72502946.png,4.1554819904417055,4.156276559216284,4.155028136415876,4.1600683720361005,4.159027107528588,4.159775273530207,4.164040043182014,4.1559552273328375,4.12886049899458,4.174723724872809,4.100249683454434
tanzania-080526/dpc-209-KTR-72502946.png,tanzania-080526,dpc-209-KTR-72502946.png,4.17025440882893,4.172460343458298,4.17048020532377,4.170732588747561,4.1665336395832036,4.168820473168837,4.17107833359827,4.176653711800542,4.170340562343113,4.1327357195602445,4.179358125684214
tanzania-080526/dpc-210-KTR-72502946.png,tanzania-080526,dpc-210-KTR-72502946.png,4.171232993951849,4.168336255020185,4.171716408279361,4.163660024949015,4.155888556879972,4.160312317755,4.151484675672202,4.171356902041421,4.179784212711362,4.164622679496407,4.172714278535386
tanzania-080526/dpc-211-KTR-72502946.png,tanzania-080526,dpc-211-KTR-72502946.png,4.173210534235487,4.173596628597201,4.171644080400309,4.171682510085069,4.166960449183476,4.181779582865945,4.153153821551814,4.174886436981052,4.143095370916106,4.1936477098764176,4.117668600305414
tanzania-080526/dpc-212-KTR-72502946.png,tanzania-080526,dpc-212-KTR-72502946.png,4.152157667208885,4.149600229801216,4.150263019491303,4.150495030560102,4.136382045912484,4.152595354142206,4.121063732888327,4.155679773928849,4.111676556725863,4.113790273535359,4.177521970765632
tanzania-080526/dpc-213-KTR-72502946.png,tanzania-080526,dpc-213-KTR-72502946.png,4.133018569817793,4.133686778595696,4.1351214587910885,4.131192406002856,4.150670399368031,4.13606124672004,4.157841391021114,4.133562778233575,4.145298022316017,4.095762177216333,4.143486758705481
tanzania-080526/dpc-214-KTR-72502946.png,tanzania-080526,dpc-214-KTR-72502946.png,4.142331585429541,4.143220061745068,4.14283177328729,4.146198160713146,4.142530916191726,4.139708901962166,4.153997356907819,4.1493114204189325,4.131706279301179,4.176193936163443,4.156199221338294
tanzania-080526/dpc-215-KTR-72502946.png,tanzania-080526,dpc-215-KTR-72502946.png,4.144016634613396,4.144756228441354,4.14660557923152,4.149595722897674,4.135016056845475,4.146599901873745,4.140754728032906,4.126097818020347,4.1541194754655155,4.115997831409843,4.0699695466970525
tanzania-080526/dpc-216-KTR-72502946.png,tanzania-080526,dpc-216-KTR-72502946.png,4.141521440910416,4.139613545758761,4.14869008738925,4.140310293400315,4.150521064365264,4.130499370754883,4.149791194297345,4.136253470907235,4.161083013708177,4.184030788468429,4.0971017404307855
tanzania-080526/dpc-217-KTR-72502946.png,tanzania-080526,dpc-217-KTR-72502946.png,3.9275953263898775,3.9249523813949083,3.923761200093618,3.930862914159115,3.9219940028955937,3.9315350954876593,3.9261467380353747,3.9344261475042392,3.907883524246597,3.9052354580685025,3.9522272471131403
tanzania-080526/dpc-218-KTR-72502946.png,tanzania-080526,dpc-218-KTR-72502946.png,3.9015767798685888,3.9038093855905736,3.8971094014311407,3.9031629175543197,3.9058554537437606,3.8883041902934736,3.9079328111599474,3.9107245742213053,3.935214736600673,3.8672241350216305,3.9301834258014052
tanzania-080526/dpc-219-KTR-72502946.png,tanzania-080526,dpc-219-KTR-72502946.png,3.8603734806731094,3.857768671742213,3.860245122637095,3.8578796746837294,3.853266621184166,3.8641388530801692,3.83275241328338,3.8473979867094794,3.8045028393603904,3.8516658366370073,3.7458252381858226
tanzania-080526/dpc-220-KTR-72502946.png,tanzania-080526,dpc-220-KTR-72502946.png,3.861541156553893,3.8597875735008276,3.855808446057104,3.868621112089757,3.847366522747973,3.882921928283723,3.851206634421674,3.904017955048513,3.8768624094769324,3.9365995557545315,3.8915508032641606
tanzania-080526/dpc-221-KTR-72502946.png,tanzania-080526,dpc-221-KTR-72502946.png,3.8677727222690352,3.8695211821454567,3.867761310670904,3.8614136904748984,3.8690217639283384,3.852475252680741,3.8598280579831883,3.8450390774105405,3.8769543465049354,3.820092151702287,3.832907558168464
tanzania-080526/dpc-222-KTR-72502946.png,tanzania-080526,dpc-222-KTR-72502946.png,3.905836279694846,3.904826910382962,3.913431910565465,3.9077937571789474,3.9155037443282414,3.9134883657404225,3.9219510462630938,3.92628452451762,3.967309532853738,3.9120685560993977,3.9523248325761133
tanzania-080526/dpc-223-KTR-72502946.png,tanzania-080526,dpc-223-KTR-72502946.png,3.890516991177398,3.889157153199745,3.8981417748840315,3.891022947621028,3.8932823379430417,3.8751779114398097,3.9014439202290023,3.882928238242715,3.889907499761952,3.8705134295203294,3.95284599223064
tanzania-080526/dpc-224-KTR-72502946.png,tanzania-080526,dpc-224-KTR-72502946.png,3.9322103041526866,3.9303217323116666,3.9326612744365583,3.9341783419080967,3.925916356050322,3.932643254590345,3.9421351218162575,3.9308780212854293,3.9382630647523804,3.9200343548414573,3.991938418156876
tanzania-080526/dpc-225-KTR-72502946.png,tanzania-080526,dpc-225-KTR-72502946.png,3.9216104630484088,3.9188402072241555,3.9223913764978455,3.915877351025536,3.9140161068903265,3.919543120357165,3.890522435437176,3.906682137495694,3.8569841224071384,3.908715030262753,3.7815510529475587
tanzania-080526/dpc-226-KTR-72502946.png,tanzania-080526,dpc-226-KTR-72502946.png,3.950702428593575,3.9513650775047386,3.9519389756831065,3.951504546544336,3.95763456469845,3.9524290380550484,3.980406953138142,3.977154056642209,3.969211674712968,3.956334690287199,3.9345341409542263
tanzania-080526/dpc-227-KTR-72502946.png,tanzania-080526,dpc-227-KTR-72502946.png,4.016882386670015,4.015079584066146,4.016494128416052,4.009950395815565,4.029667404351393,3.996644866003173,4.0427710923297155,3.996696525398768,4.03237824632194,4.061922657182654,4.03032610255054
tanzania-080526/dpc-228-KTR-72502946.png,tanzania-080526,dpc-228-KTR-72502946.png,4.029395029977955,4.030419946598139,4.033926653848415,4.031871172505877,4.035712791216748,4.025543639679803,4.027589076447867,4.032840153796226,4.037466557378541,4.051542018222429,4.086070919540742
tanzania-080526/dpc-229-KTR-72502946.png,tanzania-080526,dpc-229-KTR-72502946.png,4.059893931897236,4.059880427849649,4.061545297319198,4.060688791118069,4.062906467870953,4.065505406509704,4.078039639935257,4.050655012614703,4.124976081828216,4.0653160236725485,4.111856214669697
tanzania-080526/dpc-230-KTR-72502946.png,tanzania-080526,dpc-230-KTR-72502946.png,4.072489161110945,4.075146119211139,4.0719809588399265,4.08105522937074,4.073766674752067,4.086211012461959,4.0808810010829335,4.092511632460302,4.0627529863272525,4.096706513898806,4.002570560512405
tanzania-080526/dpc-231-KTR-72502946.png,tanzania-080526,dpc-231-KTR-72502946.png,4.054107770829679,4.054154884339594,4.053684926300772,4.054598458200213,4.049093209592439,4.06418264082093,4.046180454482626,4.053232665805238,4.07880627411998,4.04964739762352,4.094497869481589
tanzania-080526/dpc-232-KTR-72502946.png,tanzania-080526,dpc-232-KTR-72502946.png,4.0684603653362,4.0696976657514154,4.068586536865537,4.0719147182872,4.068485470118645,4.081157611921157,4.062523927993702,4.09815584378788,4.055372968167553,4.052807846078208,4.085999398408487
tanzania-080526/dpc-233-KTR-72502946.png,tanzania-080526,dpc-233-KTR-72502946.png,4.0670134741670205,4.065567105893555,4.064670235010975,4.0687695021921675,4.063091562032176,4.067270664049351,4.063649206337015,4.081523777689292,4.084824586979721,4.075713616267061,4.022143366491318
tanzania-080526/dpc-234-KTR-72502946.png,tanzania-080526,dpc-234-KTR-72502946.png,4.0378293025247265,4.0353316519347,4.044579549172799,4.038730494200947,4.045100197970235,4.044217538688654,4.032966998014287,4.043991650935317,4.044577556588665,4.033974996545824,4.053919833233669
tanzania-080526/dpc-235-KTR-72502946.png,tanzania-080526,dpc-235-KTR-72502946.png,3.905079144722817,3.9051190396331554,3.9066380374344325,3.9113707883777478,3.8972001321243166,3.9066016735898197,3.928488617980146,3.8847330642837306,3.92082801181606,3.8748315116349055,3.949150371817217
tanzania-080526/dpc-236-KTR-72502946.png,tanzania-080526,dpc-236-KTR-72502946.png,3.8978483746314314,3.8951664439379594,3.9010053890087786,3.894130342847303,3.9034464109910347,3.9051503647215386,3.9146725155094466,3.8979578212883728,3.9099877838967365,3.969682071703426,3.918121649850901
tanzania-080526/dpc-237-KTR-72502946.png,tanzania-080526,dpc-237-KTR-72502946.png,3.8638387283350433,3.8600127494695857,3.8673234856526064,3.851485194978729,3.855834052666438,3.8510462426830014,3.854145195988334,3.858653782716974,3.852399620173398,3.861499022591643,3.857325233324674
tanzania-080526/dpc-238-KTR-72502946.png,tanzania-080526,dpc-238-KTR-72502946.png,3.857685494480307,3.8599999378494796,3.85899346785581,3.8555909680980984,3.8654120980655895,3.8590574079031605,3.872427275035339,3.845234593413477,3.855259207670645,3.8314218638754647,3.8087304075817645
tanzania-080526/dpc-239-KTR-72502946.png,tanzania-080526,dpc-239-KTR-72502946.png,3.873271078654702,3.874041551331672,3.8731777171851705,3.8810132897843683,3.875311465856379,3.874852258592717,3.9033992717223067,3.85259426934426,3.87911401022118,3.8536730008025817,3.8416619280883806
tanzania-080526/dpc-240-KTR-72502946.png,tanzania-080526,dpc-240-KTR-72502946.png,3.9430865019722465,3.9467471013406015,3.943029034455137,3.9435367672716533,3.949600833625598,3.9573441638401543,3.9475428383445337,3.9563796587709623,3.9215164442154733,3.898114764513262,3.9117036274324493
tanzania-080526/dpc-241-KTR-72502946.png,tanzania-080526,dpc-241-KTR-72502946.png,3.931524710692552,3.9274992708650576,3.936073816021863,3.917685409887567,3.927998269127886,3.91547109614293,3.9440482858512795,3.9099239685018503,3.9557509098527666,3.922666020609859,3.9069298292423955
tanzania-080526/dpc-242-KTR-72502946.png,tanzania-080526,dpc-242-KTR-72502946.png,3.9742129984490076,3.97508353993023,3.9781234804225423,3.9785034529109025,3.975144622923416,3.977225047008086,3.9804826296811395,3.970095464531475,3.9714392548742476,3.983490708529894,3.939291845977454
tanzania-080526/dpc-243-KTR-72502946.png,tanzania-080526,dpc-243-KTR-72502946.png,4.021617135705564,4.021302153201265,4.022447943263682,4.014790889799551,4.024810398655903,4.018709876444122,4.038773617028884,4.010998165368516,4.04927552199703,4.032845514228254,4.082718585336628
tanzania-080526/dpc-244-KTR-72502946.png,tanzania-080526,dpc-244-KTR-72502946.png,4.0208700276041265,4.022560698551526,4.023683979426758,4.024784052830911,4.029122101629131,4.0257027781919,4.035615501113485,4.005481150209914,4.085568359382511,4.03080763682362,4.069032452802378
tanzania-080526/dpc-245-KTR-72502946.png,tanzania-080526,dpc-245-KTR-72502946.png,3.9901284565802557,3.9872552107239683,3.9932105814944636,3.9856933858608614,3.989989251365791,3.973562022542419,3.989139315063886,3.9827525222337288,3.96015170262793,4.028409089043325,3.911150401682889
tanzania-080526/dpc-246-KTR-72502946.png,tanzania-080526,dpc-246-KTR-72502946.png,4.006347814921823,4.003542959016936,4.0045829973365965,4.009164749296027,4.006062280355668,4.012506291926164,3.9940317093456796,4.028669146888492,3.988559972953966,4.014664874316621,4.030496402879604
tanzania-080526/dpc-247-KTR-72502946.png,tanzania-080526,dpc-247-KTR-72502946.png,4.018948854258559,4.017613190748833,4.023576978868215,4.015285252366925,4.032610524985539,4.028530208176845,4.019964164976434,4.02776722731623,4.022787267108983,3.938532841454182,3.9861055197650455
tanzania-080526/dpc-248-KTR-72502946.png,tanzania-080526,dpc-248-KTR-72502946.png,3.99041533906897,3.986246763411945,3.9914556236253236,3.98058214588718,3.992730187440587,3.9759395006126192,3.978718624222878,3.939129164069085,3.956333845631804,3.942835378238832,3.943216002250518
tanzania-080526/dpc-249-KTR-72502946.png,tanzania-080526,dpc-249-KTR-72502946.png,3.9432154475999464,3.94613809809932,3.945620842838588,3.949925026093539,3.953980782577777,3.9551155541506264,3.9745707537723667,3.972922090574279,3.969943802023489,3.9690206219284687,3.9667362499051673
tanzania-080526/dpc-250-KTR-72502946.png,tanzania-080526,dpc-250-KTR-72502946.png,3.990010258731313,3.987226845710767,3.98814394354784,3.9930007961332796,3.983011754109081,4.001861525290459,3.9977310298232225,3.995837570084514,3.979243063787127,3.974887814823133,3.894750495969042
tanzania-080526/dpc-251-KTR-72502946.png,tanzania-080526,dpc-251-KTR-72502946.png,3.971099395892634,3.9702318929737292,3.972988451841156,3.976121916492286,3.9698427591357475,3.9821479868423646,3.9876337322730553,3.9879940833058862,4.001778832798191,3.9408988396854605,4.074562914260778
tanzania-080526/dpc-252-KTR-72502946.png,tanzania-080526,dpc-252-KTR-72502946.png,3.9403826545319647,3.940321924144415,3.940804479976966,3.9439032024273075,3.9495752582576964,3.942390650593696,3.936087884538642,3.956672000918605,3.8757713924684287,3.9472600654669128,3.8524496551726046
tanzania-080526/dpc-253-KTR-72502946.png,tanzania-080526,dpc-253-KTR-72502946.png,3.8248653943234983,3.8250553659634576,3.8279519319619717,3.822874085769478,3.84293336122996,3.8207758891953496,3.8497092224005307,3.8384145706522173,3.859151566773865,3.9005982303407363,3.8578897834321437
tanzania-080526/dpc-254-KTR-72502946.png,tanzania-080526,dpc-254-KTR-72502946.png,3.8784570406399568,3.8790147695340647,3.876340692289774,3.877060704016892,3.8700839205155395,3.8839718647756656,3.8740201942360226,3.9166751567108515,3.8903644108470012,3.9197450694594984,3.940885797468076
tanzania-080526/dpc-255-KTR-72502946.png,tanzania-080526,dpc-255-KTR-72502946.png,3.8351525097721675,3.8354219306941006,3.839462112538555,3.8385064136203844,3.8436318152986804,3.838761548342016,3.8398340758880023,3.8296373259845606,3.8764957486263416,3.8529947615265954,3.907640448019619
tanzania-080526/dpc-256-KTR-72502946.png,tanzania-080526,dpc-256-KTR-72502946.png,3.827829557680662,3.8275579673922295,3.829813514725428,3.8254902097283883,3.8351128337073406,3.8306237649668153,3.84393658968516,3.802048543938394,3.8167758466447683,3.79530427425341,3.761505590347586
tanzania-080526/dpc-257-KTR-72502946.png,tanzania-080526,dpc-257-KTR-72502946.png,3.841283384960247,3.8421902123521603,3.844347552761889,3.845424628596848,3.847273892333324,3.852668034032729,3.840467777996177,3.8808835780466002,3.852029363157445,3.8389739121384037,3.8395578532527015
tanzania-080526/dpc-258-KTR-72502946.png,tanzania-080526,dpc-258-KTR-72502946.png,3.930402297032596,3.932118643584042,3.932287800963283,3.932741657606409,3.934143778026036,3.932289656034661,3.913561556787423,3.939053316131433,3.9272198513333434,3.969015240154244,3.918838548069779
tanzania-080526/dpc-259-KTR-72502946.png,tanzania-080526,dpc-259-KTR-72502946.png,3.9217115072429016,3.923537957851698,3.9195869263795764,3.923873240871411,3.9151972758485556,3.9318208197969517,3.9159266416825287,3.9408267939599932,3.903136067465436,3.9199486688869274,3.8802841619637336
tanzania-080526/dpc-260-KTR-72502946.png,tanzania-080526,dpc-260-KTR-72502946.png,3.948250882038108,3.946396884014648,3.946906885426813,3.9483406034855717,3.9539811354481027,3.9492417267756816,3.9495730119483428,3.967831757835554,3.9565103640895614,3.960494679445529,3.9942486324410202
tanzania-080526/dpc-261-KTR-72502946.png,tanzania-080526,dpc-261-KTR-72502946.png,4.026657513285714,4.026258862636501,4.030798169877995,4.0288454583321425,4.030416636195233,4.020260978666281,4.0325494479436355,4.03269101283959,3.9837836802115927,4.008517289540784,4.012569780000583
tanzania-080526/dpc-262-KTR-72502946.png,tanzania-080526,dpc-262-KTR-72502946.png,4.034567179403355,4.032823436119763,4.037935173213769,4.0304256490952355,4.040318991074224,4.027245065145602,4.052337954803644,4.030814335446204,4.051684967976504,4.058453793599126,4.091704503562864
tanzania-080526/dpc-263-KTR-72502946.png,tanzania-080526,dpc-263-KTR-72502946.png,4.026422067800613,4.023846174005921,4.027249772347972,4.0226104735474415,4.028205747253941,4.02182398926054,4.031460058200644,3.9999336815682676,4.014572245165931,4.053342021102189,3.894157377555891
tanzania-080526/dpc-264-KTR-72502946.png,tanzania-080526,dpc-264-KTR-72502946.png,3.9919918702186137,3.9937082821398593,3.9949934422777815,3.999154479556576,3.9930405924692005,3.994126322149265,4.008602744862033,3.972339261303741,3.9585657671626167,4.025506962306208,3.93019870073687
tanzania-080526/dpc-265-KTR-72502946.png,tanzania-080526,dpc-265-KTR-72502946.png,3.9760397615718333,3.973549856105988,3.981505444524083,3.9829003894518102,3.965280371242653,3.9858412666893623,3.9723473358892347,3.9950115505596684,4.002472472752968,3.9712907523151797,4.047564561791153
tanzania-080526/dpc-266-KTR-72502946.png,tanzania-080526,dpc-266-KTR-72502946.png,3.9383700802723327,3.9382354125756156,3.937613252588855,3.940052210758128,3.9339900794656777,3.926258121863127,3.935172583427697,3.920585428943878,3.9574200695978523,3.8610251979237096,3.991025471846325
tanzania-080526/dpc-267-KTR-72502946.png,tanzania-080526,dpc-267-KTR-72502946.png,3.937871077104523,3.9398004878929838,3.9337504434424764,3.940807318555889,3.940983146323356,3.9364095357636617,3.9440845765191304,3.936148413912474,3.9465935867663093,3.934545707585869,3.902678265459306
tanzania-080526/dpc-268-KTR-72502946.png,tanzania-080526,dpc-268-KTR-72502946.png,3.974869045373218,3.9751026287597906,3.972542522435826,3.9748801136073686,3.982471745255551,3.9816611628555547,4.002710156207933,4.00031455455519,4.003214120829371,3.999212151485948,3.9459843240372563
tanzania-080526/dpc-269-KTR-72502946.png,tanzania-080526,dpc-269-KTR-72502946.png,3.967981437529495,3.9657885313590087,3.9632706122905095,3.9643452068384315,3.968940055854375,3.962209628420951,3.960334914273732,3.984719385709339,3.9566567797892693,4.0038121565533675,3.9767345381837247
tanzania-080526/dpc-270-KTR-72502946.png,tanzania-080526,dpc-270-KTR-72502946.png,3.90450966248512,3.9082070415869996,3.905379763259446,3.9095275904571842,3.9108267458030417,3.905086536539457,3.92098244188655,3.894036892457906,3.8920703707086806,3.8754150428154523,3.9083513421569682
tanzania-080526/dpc-271-KTR-72502946.png,tanzania-080526,dpc-271-KTR-72502946.png,3.673822144134066,3.675034086336002,3.6757475195766203,3.6813692225104657,3.6794614015145197,3.680441404511563,3.710764721066168,3.6818251481500317,3.7437810233066138,3.708026778694538,3.7881186563712195
tanzania-080526/dpc-272-KTR-72502946.png,tanzania-080526,dpc-272-KTR-72502946.png,3.7600646798124924,3.761097192623021,3.762513306691657,3.762528999072063,3.7553047338349717,3.769462456010834,3.7540132062706286,3.7824267020598996,3.7398330973919407,3.787114107111724,3.6836213157232525
tanzania-080526/dpc-273-KTR-72502946.png,tanzania-080526,dpc-273-KTR-72502946.png,3.777787065667818,3.779012841350182,3.775981790011347,3.7784916077011697,3.785062375996409,3.7821795376848355,3.823735679528408,3.796949152528507,3.8676044471339446,3.7727590143911067,3.8845894195814346
tanzania-080526/dpc-274-KTR-72502946.png,tanzania-080526,dpc-274-KTR-72502946.png,3.776373466438214,3.7738110212466274,3.775717477497187,3.77341377455941,3.7714722356472725,3.785518960757166,3.7732806582184026,3.781737218027949,3.791475368866025,3.8302308780116716,3.6934794037966228
tanzania-080526/dpc-275-KTR-72502946.png,tanzania-080526,dpc-275-KTR-72502946.png,3.8132036962671125,3.8114047772776454,3.8065365892007472,3.811550833687396,3.8148671682461295,3.812191589793904,3.8281437848738307,3.838813699273318,3.8397050574324005,3.823584088627534,3.9261433980439997
tanzania-080526/dpc-276-KTR-72502946.png,tanzania-080526,dpc-276-KTR-72502946.png,3.876263344089986,3.877398286135308,3.8741011306768183,3.8792953970101403,3.87353572501897,3.8792929531806237,3.8708926972194386,3.886123620003586,3.8900967324123243,3.93653847307206,3.901057848805505
tanzania-080526/dpc-277-KTR-72502946.png,tanzania-080526,dpc-277-KTR-72502946.png,3.872571946796276,3.871144022946514,3.8723044642810596,3.860441775182031,3.873982005235516,3.866253121575351,3.8589921843223784,3.8719229911407207,3.874420384131408,3.9247511087924583,3.923728940463477
tanzania-080526/dpc-278-KTR-72502946.png,tanzania-080526,dpc-278-KTR-72502946.png,3.931144396904524,3.9319103226631387,3.931177067854805,3.9333968118160554,3.9362884038719455,3.9317089129626472,3.9486512920829355,3.9313719054561065,3.9261447000298513,3.951446712109261,3.9091166052584514
tanzania-080526/dpc-279-KTR-72502946.png,tanzania-080526,dpc-279-KTR-72502946.png,4.002558235226809,4.0018043067927564,4.00151575022881,3.9987177590154572,3.996463445799923,4.001135294289055,4.014972857509598,3.9805036799056714,4.0143734475614625,3.945426896152881,3.991370948972504
tanzania-080526/dpc-280-KTR-72502946.png,tanzania-080526,dpc-280-KTR-72502946.png,3.9786427324716387,3.9800427608597104,3.9844106913033928,3.984109261340956,3.9925041953102904,3.9861120903810243,3.990691413701681,4.00538140692825,3.9904841261906694,4.015747761017137,4.000948836285922
tanzania-080526/dpc-281-KTR-72502946.png,tanzania-080526,dpc-281-KTR-72502946.png,3.992730235907777,3.9896557061773237,3.9898840201046255,3.9883376620379045,3.9954367328960485,3.9725334749210934,3.9870721032662724,3.9664754337583634,3.9825509219428854,3.9296599763907354,4.0700383339153
tanzania-080526/dpc-282-KTR-72502946.png,tanzania-080526,dpc-282-KTR-72502946.png,3.956241681436196,3.954968860529414,3.9553680616087017,3.9643070412193446,3.959062512180296,3.9681074778230077,3.9841717177634064,3.954232072272047,3.981305955881142,3.9086203859319872,3.999288392404418
tanzania-080526/dpc-283-KTR-72502946.png,tanzania-080526,dpc-283-KTR-72502946.png,3.9112850793889637,3.911092389425879,3.9102794874609854,3.9096079325632593,3.914901849174628,3.912637556030934,3.8962383892176415,3.907496734593574,3.939311974762605,3.8776055910096696,3.9942452521943417
tanzania-080526/dpc-284-KTR-72502946.png,tanzania-080526,dpc-284-KTR-72502946.png,3.898672393621486,3.900328496377567,3.9002871058553557,3.8950628163476924,3.897095289054881,3.8899489811571937,3.8882519717101336,3.8825803420660367,3.861952991457983,3.8036535808485996,3.8431928357356915
tanzania-080526/dpc-285-KTR-72502946.png,tanzania-080526,dpc-285-KTR-72502946.png,3.863997181986303,3.864397248749453,3.8675084357915885,3.855487716620998,3.865204459555821,3.8618822601355345,3.86124063820523,3.878567080142793,3.8883685025993673,3.8907878846929513,3.878284244429196
tanzania-080526/dpc-286-KTR-72502946.png,tanzania-080526,dpc-286-KTR-72502946.png,3.901791117075719,3.8974209358873746,3.90419738425296,3.8998811578891988,3.8975018424333374,3.916895688470418,3.895323345423298,3.921668830835144,3.892142982788429,3.9505737657168387,3.8688944285749343
tanzania-080526/dpc-287-KTR-72502946.png,tanzania-080526,dpc-287-KTR-72502946.png,3.8709925126698437,3.869334152678868,3.8657903755287553,3.8705753448612716,3.8658081985960013,3.8671404693428286,3.8737882717502705,3.8879421832801473,3.8948593505046865,3.858967428578294,3.93417236650945
tanzania-080526/dpc-288-KTR-72502946.png,tanzania-080526,dpc-288-KTR-72502946.png,3.8763631192999317,3.878974380960936,3.8759645228546176,3.88102878847305,3.871212613083027,3.8945705310443293,3.8664049591115566,3.9121776605730294,3.8774141407893405,3.859314898253913,3.897260860860512
tanzania-080526/dpc-289-KTR-72502946.png,tanzania-080526,dpc-289-KTR-72502946.png,3.4798231688539234,3.483823577264469,3.4772521204279676,3.4850329511778724,3.481494548057575,3.4852949201489984,3.4942187776820104,3.4988575067732555,3.4879158536820656,3.478670774883931,3.5134981676747876
tanzania-080526/dpc-290-KTR-72502946.png,tanzania-080526,dpc-290-KTR-72502946.png,3.6434636487649072,3.6444827562246696,3.6496144017473284,3.6436819974183665,3.6386725638560233,3.634860727532272,3.6393691044952137,3.6557555618185007,3.6047125104892466,3.707565702937847,3.6074128179412384
tanzania-080526/dpc-291-KTR-72502946.png,tanzania-080526,dpc-291-KTR-72502946.png,3.675086772024771,3.67501011873543,3.6783498410031235,3.6792986640167253,3.68047448080348,3.6929329236646575,3.686129994254712,3.6904846346536564,3.7207228131802372,3.6707973282867075,3.764164051982351
tanzania-080526/dpc-292-KTR-72502946.png,tanzania-080526,dpc-292-KTR-72502946.png,3.662920824578728,3.6628475859892182,3.6601330331128397,3.6687290567876536,3.6605903981925114,3.6732858848613277,3.6770093527105674,3.689019338334697,3.6649235870753616,3.737724674754184,3.6603834137824625
tanzania-080526/dpc-293-KTR-72502946.png,tanzania-080526,dpc-293-KTR-72502946.png,3.747457602189001,3.747658812527841,3.7450024109853013,3.7561156599484495,3.7601024135474423,3.758300478445543,3.747038359611303,3.7638516935423727,3.7174056359913514,3.7783662457571796,3.694276190687959
tanzania-080526/dpc-294-KTR-72502946.png,tanzania-080526,dpc-294-KTR-72502946.png,3.8327573569171167,3.834246228464325,3.8282530501909986,3.8346553439214275,3.8409113228021647,3.8379903474670534,3.8473893851855063,3.876726584085123,3.8336585230940257,3.821527865696858,3.966868739684774
tanzania-080526/dpc-295-KTR-72502946.png,tanzania-080526,dpc-295-KTR-72502946.png,3.852445481537275,3.852300651590741,3.8487557886227357,3.8545658366161923,3.8468444892873204,3.8581241229692522,3.8423047846201164,3.879078464011951,3.8510281168748435,3.8888318489476292,3.857947115301169
tanzania-080526/dpc-296-KTR-72502946.png,tanzania-080526,dpc-296-KTR-72502946.png,3.896934063035743,3.8935507290667726,3.902613050933364,3.8911435286542613,3.893742156898754,3.896956096366115,3.8867275088862225,3.8712674381045495,3.864461045443197,3.8761700043570158,3.835712867898173
tanzania-080526/dpc-297-KTR-72502946.png,tanzania-080526,dpc-297-KTR-72502946.png,3.9664311010376845,3.963377665030441,3.972513526740279,3.966161047497544,3.967099618285832,3.9880180294075727,3.9849431193072804,3.9990937759333463,4.045553083215489,4.0266817966342625,4.086726244114935
tanzania-080526/dpc-298-KTR-72502946.png,tanzania-080526,dpc-298-KTR-72502946.png,3.949725871401917,3.9480929451590914,3.9489259714103158,3.9422444843107076,3.940391980844212,3.9484110414506945,3.923864998825565,3.9688531620746144,3.9056726393566095,4.019322520480577,3.9201251981777845
tanzania-080526/dpc-299-KTR-72502946.png,tanzania-080526,dpc-299-KTR-72502946.png,3.9504823779455256,3.949411779759216,3.9547421668268616,3.9519508504675827,3.952442979254676,3.9542302676962677,3.960881151554304,3.9677739860708074,4.008092215625706,3.9784645133765757,4.06317688687183
tanzania-080526/dpc-300-KTR-72502946.png,tanzania-080526,dpc-300-KTR-72502946.png,3.9413797422998025,3.938251089499412,3.941962919897823,3.9349591371506825,3.9351339371979805,3.942253918169638,3.94865039234426,3.93377256620518,3.9653211028465174,3.960894099610372,3.9385352977770154
tanzania-080526/dpc-301-KTR-72502946.png,tanzania-080526,dpc-301-KTR-72502946.png,3.887103530551362,3.890073739891956,3.8884358511712445,3.893134723647428,3.8838700791904714,3.904246920180115,3.8783524357210952,3.9170673065836983,3.9011072003704457,3.9325988619021155,3.9539041353792888
tanzania-080526/dpc-302-KTR-72502946.png,tanzania-080526,dpc-302-KTR-72502946.png,3.8680105719426914,3.8686897111648757,3.870134399490483,3.868795076060839,3.877046787963768,3.875861869096399,3.88029079493905,3.846038677237395,3.9054806177760244,3.8730059282259255,3.879498191293678
tanzania-080526/dpc-303-KTR-72502946.png,tanzania-080526,dpc-303-KTR-72502946.png,3.8791762453284613,3.878581243276529,3.8758064204368248,3.8863449265858865,3.877133703717109,3.880295589662444,3.8939217749912634,3.924480276475933,3.9006805322157816,3.920806990070245,3.8975894106579902
tanzania-080526/dpc-304-KTR-72502946.png,tanzania-080526,dpc-304-KTR-72502946.png,3.853736296415129,3.8535303905475153,3.8505653566855793,3.8510068675999136,3.8441893218850822,3.8629333780746107,3.829180535901264,3.903755486355249,3.8508508272569895,3.909153393827003,4.00157814181783
tanzania-080526/dpc-305-KTR-72502946.png,tanzania-080526,dpc-305-KTR-72502946.png,3.8007037774375396,3.79960300645656,3.801498332102284,3.7937653845136388,3.794534640735833,3.788889977552341,3.807177854938519,3.793074013575243,3.7810354577046814,3.781287811146534,3.8340890492032904
tanzania-080526/dpc-306-KTR-72502946.png,tanzania-080526,dpc-306-KTR-72502946.png,3.840350756509427,3.8390039724908522,3.84301023048552,3.8324375337360443,3.856198094214622,3.834638326713174,3.8455641958272953,3.8358695473435187,3.8412611803493557,3.8162963221988617,3.764596770186896
tanzania-080526/dpc-307-KTR-72502946.png,tanzania-080526,dpc-307-KTR-72502946.png,3.1366581489994196,3.145470704730227,3.132688963463948,3.1415713522255393,3.1410348106931307,3.1417253471527866,3.10520877205885,3.1706119833928232,3.115646639432347,3.1808009603270033,3.166695855085976
tanzania-080526/dpc-308-KTR-72502946.png,tanzania-080526,dpc-308-KTR-72502946.png,3.5229773939992253,3.523487816141839,3.5206761151439343,3.5267807699831972,3.528660311826348,3.531031279183952,3.5377475344123983,3.550752976091214,3.5544046588822713,3.5249849700102702,3.5541769136665367
tanzania-080526/dpc-309-KTR-72502946.png,tanzania-080526,dpc-309-KTR-72502946.png,3.468875866264649,3.470033465384817,3.465941130778491,3.4751504048932134,3.474018890434152,3.4865360670508116,3.481864292548976,3.503671149044173,3.5012832210563336,3.5164244902526747,3.496049569636412
tanzania-080526/dpc-310-KTR-72502946.png,tanzania-080526,dpc-310-KTR-72502946.png,3.517972019686221,3.518928994287487,3.515434875870511,3.5144159024156996,3.5283145093881974,3.539189476227714,3.5139516987575847,3.550065411304095,3.5097779557657898,3.590936536571637,3.5767086117088676
tanzania-080526/dpc-311-KTR-72502946.png,tanzania-080526,dpc-311-KTR-72502946.png,3.6336246252196007,3.6300299558691744,3.628687685483347,3.6309290146026667,3.636242282629775,3.6262880428257533,3.6298597119957052,3.630780182046699,3.624247745426673,3.636750337182989,3.6154146638568387
tanzania-080526/dpc-312-KTR-72502946.png,tanzania-080526,dpc-312-KTR-72502946.png,3.7386883013656167,3.7399175371890654,3.737186582721124,3.739338732275129,3.732611617713305,3.739984684360685,3.741361407544616,3.7415054044776954,3.756140643750324,3.7634906026333335,3.727720346934593
tanzania-080526/dpc-313-KTR-72502946.png,tanzania-080526,dpc-313-KTR-72502946.png,3.7568515875592348,3.757987482010563,3.767274899840712,3.753350669526522,3.777580050102341,3.7531516811818935,3.7927412105432516,3.7380107471059416,3.8007749654899436,3.7104374102848814,3.8076174847825537
tanzania-080526/dpc-314-KTR-72502946.png,tanzania-080526,dpc-314-KTR-72502946.png,3.7807582117513268,3.780833383455232,3.780535883352017,3.777656261841326,3.7749245856689604,3.774276883703268,3.7893676663412057,3.7825212487291586,3.73884882129934,3.8156081458182416,3.7040649146588063
tanzania-080526/dpc-315-KTR-72502946.png,tanzania-080526,dpc-315-KTR-72502946.png,3.8657030088429956,3.8648608584584805,3.8666525001002245,3.872322666811801,3.8782798905077254,3.858242203514731,3.8719153349237456,3.8660858463390317,3.8679545889425184,3.8531533019965125,3.914890055289332
tanzania-080526/dpc-316-KTR-72502946.png,tanzania-080526,dpc-316-KTR-72502946.png,3.864137871338575,3.8666061671391136,3.8646470834764464,3.868520523379856,3.867299238174773,3.8529263764242776,3.874473354656443,3.8585471269872085,3.8687587646822115,3.920820999164506,3.954847860097265
tanzania-080526/dpc-317-KTR-72502946.png,tanzania-080526,dpc-317-KTR-72502946.png,3.9040618780661114,3.904040152912442,3.907935760405838,3.9049339497497506,3.906208101860697,3.9046929336880605,3.916632034025677,3.889564864241601,3.9433622382821145,3.9024089376611952,3.9954441746383558
tanzania-080526/dpc-318-KTR-72502946.png,tanzania-080526,dpc-318-KTR-72502946.png,3.8803300252583366,3.877444182683262,3.8765504083684412,3.871065909474134,3.8766802725735783,3.8768274792640525,3.881041980735657,3.8591244973119707,3.892380116638149,3.839124353198601,3.858229757756008
tanzania-080526/dpc-319-KTR-72502946.png,tanzania-080526,dpc-319-KTR-72502946.png,3.8340381749673815,3.833511607640956,3.8363947782470538,3.8376565136763205,3.8458085612769652,3.820052725571208,3.8387138255063755,3.8228993445008075,3.8623258812916017,3.7975157065513363,3.8940332093865875
tanzania-080526/dpc-320-KTR-72502946.png,tanzania-080526,dpc-320-KTR-72502946.png,3.846025918198677,3.8435139604555877,3.8532316808900355,3.84027536948426,3.853693598615642,3.8425002843742475,3.8513724262504665,3.845379510510532,3.8107340729181667,3.8830384716662847,3.8866096140408457
tanzania-080526/dpc-321-KTR-72502946.png,tanzania-080526,dpc-321-KTR-72502946.png,3.83773539999769,3.835335239887318,3.840705568509637,3.841293029756199,3.841787961354144,3.851042169628023,3.867802410013228,3.852883667143921,3.8671679897650098,3.8832351102559532,3.8235422607935106
tanzania-080526/dpc-322-KTR-72502946.png,tanzania-080526,dpc-322-KTR-72502946.png,3.792056865366681,3.7917993211553482,3.7977111634531187,3.802496593387884,3.7860756157829587,3.794386371054337,3.8072176653145986,3.7950247504432353,3.8533109592675157,3.7781521837771694,3.8875934122603626
tanzania-080526/dpc-323-KTR-72502946.png,tanzania-080526,dpc-323-KTR-72502946.png,3.8159231423514477,3.816900850842458,3.8184641953962193,3.8195710005652033,3.8205298073842724,3.8306188267218646,3.810642075417519,3.827997233554836,3.832307776816634,3.8078086673783824,3.798500656812754
tanzania-080526/dpc-324-KTR-72502946.png,tanzania-080526,dpc-324-KTR-72502946.png,3.792066811969849,3.792602132372085,3.7997807522723743,3.793968554487088,3.7972667539433465,3.7933274925247384,3.800400476842274,3.775138053746839,3.7792827153020117,3.8235997039510154,3.7106346277622557
